tDays,Energy,Count,EnergyPerCountFiltered,Temp,X,Y,Z,BIN_0,BIN_1,BIN_2,BIN_3,BIN_4,BIN_5,BIN_6,BIN_7,BIN_8,BIN_9,BIN_10,BIN_11,BIN_12,BIN_13,BIN_14,BIN_15,BIN_16,BIN_17,BIN_18,BIN_19,BIN_20,BIN_21,BIN_22,BIN_23,BIN_24,BIN_25,BIN_26,BIN_27,BIN_28,BIN_29
34.3904861111,473978.0,35683.0,13.2830199255,723.0,64440.0,55.0,16.0,698.0,1768.0,1621.0,4356.0,10209.0,12081.0,4530.0,370.0,38.0,12.0,0.0,0.0,0.0,0.0,0.0,0.0,0.0,0.0,0.0,0.0,0.0,0.0,0.0,0.0,0.0,0.0,0.0,0.0,0.0,0.0
34.3946527778,473108.0,35683.0,13.2586385674,723.0,64444.0,55.0,15.0,654.0,1768.0,1590.0,4236.0,10366.0,12182.0,4496.0,333.0,52.0,6.0,0.0,0.0,0.0,0.0,0.0,0.0,0.0,0.0,0.0,0.0,0.0,0.0,0.0,0.0,0.0,0.0,0.0,0.0,0.0,0.0
34.3988194444,468954.0,35680.0,13.1433295964,723.0,64440.0,51.0,19.0,673.0,1770.0,1756.0,4366.0,10284.0,11956.0,4497.0,319.0,53.0,6.0,0.0,0.0,0.0,0.0,0.0,0.0,0.0,0.0,0.0,0.0,0.0,0.0,0.0,0.0,0.0,0.0,0.0,0.0,0.0,0.0
34.4029861111,469421.0,35677.0,13.1575244555,721.0,64436.0,55.0,15.0,705.0,1767.0,1669.0,4337.0,10349.0,12029.0,4456.0,301.0,51.0,13.0,0.0,0.0,0.0,0.0,0.0,0.0,0.0,0.0,0.0,0.0,0.0,0.0,0.0,0.0,0.0,0.0,0.0,0.0,0.0,0.0
34.4071527778,463015.0,35675.0,12.9786965662,721.0,64444.0,51.0,19.0,691.0,1741.0,1697.0,4478.0,10444.0,11972.0,4286.0,311.0,49.0,6.0,0.0,0.0,0.0,0.0,0.0,0.0,0.0,0.0,0.0,0.0,0.0,0.0,0.0,0.0,0.0,0.0,0.0,0.0,0.0,0.0
34.4113194444,463962.0,35669.0,13.0074294205,721.0,64439.0,49.0,25.0,704.0,1848.0,1671.0,4401.0,10478.0,11890.0,4274.0,348.0,47.0,8.0,0.0,0.0,0.0,0.0,0.0,0.0,0.0,0.0,0.0,0.0,0.0,0.0,0.0,0.0,0.0,0.0,0.0,0.0,0.0,0.0
34.4154861111,464540.0,35673.0,13.0221736327,720.0,64441.0,51.0,17.0,686.0,1858.0,1781.0,4562.0,10237.0,11736.0,4406.0,346.0,59.0,2.0,0.0,0.0,0.0,0.0,0.0,0.0,0.0,0.0,0.0,0.0,0.0,0.0,0.0,0.0,0.0,0.0,0.0,0.0,0.0,0.0
34.4196527778,465575.0,35676.0,13.0500896962,723.0,64440.0,51.0,24.0,715.0,1793.0,1669.0,4487.0,10470.0,11793.0,4322.0,374.0,45.0,8.0,0.0,0.0,0.0,0.0,0.0,0.0,0.0,0.0,0.0,0.0,0.0,0.0,0.0,0.0,0.0,0.0,0.0,0.0,0.0,0.0
34.4238194444,458548.0,35683.0,12.8506011266,717.0,64440.0,51.0,20.0,723.0,1890.0,1641.0,4598.0,10547.0,11651.0,4249.0,331.0,51.0,2.0,0.0,0.0,0.0,0.0,0.0,0.0,0.0,0.0,0.0,0.0,0.0,0.0,0.0,0.0,0.0,0.0,0.0,0.0,0.0,0.0
34.4279861111,456737.0,35695.0,12.7955455946,721.0,64447.0,55.0,14.0,735.0,1853.0,1770.0,4512.0,10540.0,11759.0,4166.0,308.0,43.0,9.0,0.0,0.0,0.0,0.0,0.0,0.0,0.0,0.0,0.0,0.0,0.0,0.0,0.0,0.0,0.0,0.0,0.0,0.0,0.0,0.0
34.4321527778,450299.0,35687.0,12.6180121613,718.0,64440.0,56.0,16.0,761.0,1883.0,1794.0,4559.0,10618.0,11603.0,4141.0,297.0,27.0,4.0,0.0,0.0,0.0,0.0,0.0,0.0,0.0,0.0,0.0,0.0,0.0,0.0,0.0,0.0,0.0,0.0,0.0,0.0,0.0,0.0
34.4363194444,444454.0,35687.0,12.4542270295,721.0,64436.0,60.0,19.0,735.0,1936.0,1861.0,4567.0,10650.0,11600.0,4049.0,271.0,14.0,4.0,0.0,0.0,0.0,0.0,0.0,0.0,0.0,0.0,0.0,0.0,0.0,0.0,0.0,0.0,0.0,0.0,0.0,0.0,0.0,0.0
34.4404861111,451794.0,35678.0,12.6630977073,720.0,64441.0,49.0,19.0,725.0,1884.0,1747.0,4542.0,10693.0,11629.0,4113.0,313.0,25.0,7.0,0.0,0.0,0.0,0.0,0.0,0.0,0.0,0.0,0.0,0.0,0.0,0.0,0.0,0.0,0.0,0.0,0.0,0.0,0.0,0.0
34.4446527778,452604.0,35683.0,12.6840232043,720.0,64443.0,55.0,16.0,749.0,1856.0,1896.0,4625.0,10573.0,11496.0,4102.0,334.0,47.0,5.0,0.0,0.0,0.0,0.0,0.0,0.0,0.0,0.0,0.0,0.0,0.0,0.0,0.0,0.0,0.0,0.0,0.0,0.0,0.0,0.0
34.4488194444,452779.0,35679.0,12.6903500659,717.0,64439.0,56.0,15.0,728.0,1905.0,1793.0,4766.0,10470.0,11549.0,4076.0,337.0,50.0,5.0,0.0,0.0,0.0,0.0,0.0,0.0,0.0,0.0,0.0,0.0,0.0,0.0,0.0,0.0,0.0,0.0,0.0,0.0,0.0,0.0
34.4529861111,445374.0,35672.0,12.4852545414,717.0,64440.0,51.0,19.0,732.0,1960.0,1889.0,4831.0,10635.0,11304.0,3950.0,315.0,51.0,5.0,0.0,0.0,0.0,0.0,0.0,0.0,0.0,0.0,0.0,0.0,0.0,0.0,0.0,0.0,0.0,0.0,0.0,0.0,0.0,0.0
34.4571527778,444687.0,35675.0,12.4649474422,717.0,64440.0,51.0,22.0,728.0,1947.0,1868.0,4701.0,10765.0,11346.0,3969.0,309.0,39.0,3.0,0.0,0.0,0.0,0.0,0.0,0.0,0.0,0.0,0.0,0.0,0.0,0.0,0.0,0.0,0.0,0.0,0.0,0.0,0.0,0.0
34.4613194444,449276.0,35666.0,12.5967588179,717.0,64436.0,54.0,19.0,713.0,1950.0,1989.0,4681.0,10542.0,11304.0,4108.0,331.0,43.0,5.0,0.0,0.0,0.0,0.0,0.0,0.0,0.0,0.0,0.0,0.0,0.0,0.0,0.0,0.0,0.0,0.0,0.0,0.0,0.0,0.0
34.4654861111,444537.0,35672.0,12.4617907603,717.0,64441.0,55.0,19.0,732.0,1909.0,1850.0,4892.0,10750.0,11225.0,3929.0,342.0,38.0,5.0,0.0,0.0,0.0,0.0,0.0,0.0,0.0,0.0,0.0,0.0,0.0,0.0,0.0,0.0,0.0,0.0,0.0,0.0,0.0,0.0
34.4696527778,441955.0,35669.0,12.390451092,717.0,64435.0,60.0,17.0,748.0,1979.0,1916.0,4868.0,10642.0,11343.0,3809.0,300.0,58.0,6.0,0.0,0.0,0.0,0.0,0.0,0.0,0.0,0.0,0.0,0.0,0.0,0.0,0.0,0.0,0.0,0.0,0.0,0.0,0.0,0.0
34.4738194444,438371.0,35669.0,12.2899716841,720.0,64439.0,52.0,17.0,767.0,2029.0,1867.0,4844.0,10778.0,11222.0,3812.0,310.0,36.0,4.0,0.0,0.0,0.0,0.0,0.0,0.0,0.0,0.0,0.0,0.0,0.0,0.0,0.0,0.0,0.0,0.0,0.0,0.0,0.0,0.0
34.4779861111,439706.0,35662.0,12.3298188548,717.0,64444.0,51.0,15.0,762.0,1986.0,2066.0,4865.0,10650.0,11174.0,3788.0,318.0,41.0,11.0,1.0,0.0,0.0,0.0,0.0,0.0,0.0,0.0,0.0,0.0,0.0,0.0,0.0,0.0,0.0,0.0,0.0,0.0,0.0,0.0
34.4821527778,435936.0,35672.0,12.2206772819,717.0,64440.0,54.0,22.0,761.0,1992.0,1948.0,5104.0,10754.0,10985.0,3766.0,307.0,50.0,5.0,0.0,0.0,0.0,0.0,0.0,0.0,0.0,0.0,0.0,0.0,0.0,0.0,0.0,0.0,0.0,0.0,0.0,0.0,0.0,0.0
34.4863194444,437424.0,35677.0,12.2606721417,717.0,64439.0,55.0,22.0,717.0,1994.0,2031.0,4932.0,10621.0,11327.0,3715.0,285.0,45.0,10.0,0.0,0.0,0.0,0.0,0.0,0.0,0.0,0.0,0.0,0.0,0.0,0.0,0.0,0.0,0.0,0.0,0.0,0.0,0.0,0.0
34.4904861111,433912.0,35656.0,12.169396455,720.0,64441.0,51.0,16.0,706.0,1980.0,2034.0,5070.0,10734.0,11183.0,3590.0,298.0,53.0,8.0,0.0,0.0,0.0,0.0,0.0,0.0,0.0,0.0,0.0,0.0,0.0,0.0,0.0,0.0,0.0,0.0,0.0,0.0,0.0,0.0
34.4946527778,432054.0,35671.0,12.1121919767,717.0,64441.0,51.0,19.0,739.0,2090.0,2026.0,5024.0,10647.0,11230.0,3589.0,262.0,55.0,9.0,0.0,0.0,0.0,0.0,0.0,0.0,0.0,0.0,0.0,0.0,0.0,0.0,0.0,0.0,0.0,0.0,0.0,0.0,0.0,0.0
34.4988194444,435762.0,35663.0,12.218882315,717.0,64440.0,54.0,17.0,729.0,1932.0,2053.0,4925.0,10845.0,11120.0,3728.0,275.0,46.0,10.0,0.0,0.0,0.0,0.0,0.0,0.0,0.0,0.0,0.0,0.0,0.0,0.0,0.0,0.0,0.0,0.0,0.0,0.0,0.0,0.0
34.5029861111,428450.0,35667.0,12.012504556,720.0,64435.0,54.0,16.0,719.0,1944.0,1981.0,5048.0,11068.0,11115.0,3463.0,283.0,37.0,9.0,0.0,0.0,0.0,0.0,0.0,0.0,0.0,0.0,0.0,0.0,0.0,0.0,0.0,0.0,0.0,0.0,0.0,0.0,0.0,0.0
34.5071527778,429699.0,35672.0,12.0458342678,717.0,64439.0,54.0,15.0,704.0,1969.0,2101.0,5112.0,10863.0,10993.0,3604.0,280.0,37.0,9.0,0.0,0.0,0.0,0.0,0.0,0.0,0.0,0.0,0.0,0.0,0.0,0.0,0.0,0.0,0.0,0.0,0.0,0.0,0.0,0.0
34.5113194444,427692.0,35671.0,11.9899077682,717.0,64440.0,52.0,16.0,711.0,1900.0,2058.0,5105.0,11005.0,11104.0,3478.0,261.0,39.0,10.0,0.0,0.0,0.0,0.0,0.0,0.0,0.0,0.0,0.0,0.0,0.0,0.0,0.0,0.0,0.0,0.0,0.0,0.0,0.0,0.0
34.5154861111,427003.0,35661.0,11.9739491321,716.0,64433.0,62.0,15.0,743.0,1965.0,2055.0,5232.0,11066.0,10805.0,3427.0,302.0,57.0,9.0,0.0,0.0,0.0,0.0,0.0,0.0,0.0,0.0,0.0,0.0,0.0,0.0,0.0,0.0,0.0,0.0,0.0,0.0,0.0,0.0
34.5196527778,428689.0,35684.0,12.0134794306,717.0,64440.0,51.0,19.0,739.0,2041.0,2126.0,5263.0,10718.0,10907.0,3527.0,303.0,51.0,9.0,0.0,0.0,0.0,0.0,0.0,0.0,0.0,0.0,0.0,0.0,0.0,0.0,0.0,0.0,0.0,0.0,0.0,0.0,0.0,0.0
34.5238194444,426473.0,35675.0,11.9543938332,717.0,64440.0,55.0,16.0,741.0,2047.0,2089.0,5138.0,10954.0,10940.0,3418.0,282.0,57.0,9.0,0.0,0.0,0.0,0.0,0.0,0.0,0.0,0.0,0.0,0.0,0.0,0.0,0.0,0.0,0.0,0.0,0.0,0.0,0.0,0.0
34.5279861111,422945.0,35671.0,11.8568304785,720.0,64440.0,55.0,15.0,759.0,2059.0,2185.0,5267.0,10739.0,10932.0,3379.0,298.0,48.0,5.0,0.0,0.0,0.0,0.0,0.0,0.0,0.0,0.0,0.0,0.0,0.0,0.0,0.0,0.0,0.0,0.0,0.0,0.0,0.0,0.0
34.5321527778,428538.0,35662.0,12.0166563849,720.0,64440.0,52.0,15.0,727.0,2060.0,2081.0,5171.0,10816.0,10958.0,3514.0,275.0,44.0,16.0,0.0,0.0,0.0,0.0,0.0,0.0,0.0,0.0,0.0,0.0,0.0,0.0,0.0,0.0,0.0,0.0,0.0,0.0,0.0,0.0
34.5363194444,421597.0,35669.0,11.8197033839,720.0,64440.0,51.0,19.0,765.0,2029.0,2114.0,5261.0,10829.0,11003.0,3363.0,249.0,49.0,7.0,0.0,0.0,0.0,0.0,0.0,0.0,0.0,0.0,0.0,0.0,0.0,0.0,0.0,0.0,0.0,0.0,0.0,0.0,0.0,0.0
34.5404861111,421413.0,35676.0,11.812226707,718.0,64443.0,54.0,15.0,742.0,1895.0,2257.0,5251.0,10870.0,11042.0,3306.0,262.0,41.0,10.0,0.0,0.0,0.0,0.0,0.0,0.0,0.0,0.0,0.0,0.0,0.0,0.0,0.0,0.0,0.0,0.0,0.0,0.0,0.0,0.0
34.5446527778,418096.0,35680.0,11.7179372197,721.0,64447.0,51.0,15.0,711.0,1998.0,2241.0,5454.0,10861.0,10810.0,3289.0,260.0,49.0,7.0,0.0,0.0,0.0,0.0,0.0,0.0,0.0,0.0,0.0,0.0,0.0,0.0,0.0,0.0,0.0,0.0,0.0,0.0,0.0,0.0
34.5488194444,412933.0,35662.0,11.5790757669,717.0,64440.0,52.0,17.0,776.0,2189.0,2272.0,5382.0,10838.0,10691.0,3202.0,260.0,43.0,9.0,0.0,0.0,0.0,0.0,0.0,0.0,0.0,0.0,0.0,0.0,0.0,0.0,0.0,0.0,0.0,0.0,0.0,0.0,0.0,0.0
34.5529861111,410979.0,35673.0,11.5207299638,723.0,64440.0,55.0,14.0,796.0,2053.0,2283.0,5448.0,10871.0,10741.0,3173.0,277.0,27.0,4.0,0.0,0.0,0.0,0.0,0.0,0.0,0.0,0.0,0.0,0.0,0.0,0.0,0.0,0.0,0.0,0.0,0.0,0.0,0.0,0.0
34.5571527778,409920.0,35675.0,11.4903994394,717.0,64436.0,49.0,19.0,775.0,2038.0,2265.0,5484.0,11021.0,10740.0,3034.0,268.0,44.0,6.0,0.0,0.0,0.0,0.0,0.0,0.0,0.0,0.0,0.0,0.0,0.0,0.0,0.0,0.0,0.0,0.0,0.0,0.0,0.0,0.0
34.5613194444,409449.0,35676.0,11.4768752102,720.0,64441.0,51.0,19.0,770.0,2067.0,2297.0,5529.0,10850.0,10761.0,3109.0,241.0,51.0,1.0,0.0,0.0,0.0,0.0,0.0,0.0,0.0,0.0,0.0,0.0,0.0,0.0,0.0,0.0,0.0,0.0,0.0,0.0,0.0,0.0
34.5654861111,409020.0,35686.0,11.461637617,721.0,64440.0,54.0,19.0,746.0,2140.0,2282.0,5437.0,10829.0,10859.0,3100.0,262.0,29.0,2.0,0.0,0.0,0.0,0.0,0.0,0.0,0.0,0.0,0.0,0.0,0.0,0.0,0.0,0.0,0.0,0.0,0.0,0.0,0.0,0.0
34.5696527778,410345.0,35687.0,11.4984448118,721.0,64440.0,56.0,16.0,714.0,2099.0,2385.0,5461.0,10802.0,10835.0,3084.0,256.0,49.0,2.0,0.0,0.0,0.0,0.0,0.0,0.0,0.0,0.0,0.0,0.0,0.0,0.0,0.0,0.0,0.0,0.0,0.0,0.0,0.0,0.0
34.5738194444,408266.0,35683.0,11.4414707284,721.0,64440.0,55.0,16.0,728.0,2012.0,2521.0,5633.0,10627.0,10806.0,3064.0,237.0,51.0,4.0,0.0,0.0,0.0,0.0,0.0,0.0,0.0,0.0,0.0,0.0,0.0,0.0,0.0,0.0,0.0,0.0,0.0,0.0,0.0,0.0
34.5779861111,408665.0,35686.0,11.4516897383,723.0,64441.0,54.0,19.0,756.0,2025.0,2378.0,5605.0,10905.0,10678.0,3051.0,229.0,47.0,12.0,0.0,0.0,0.0,0.0,0.0,0.0,0.0,0.0,0.0,0.0,0.0,0.0,0.0,0.0,0.0,0.0,0.0,0.0,0.0,0.0
34.5821527778,405224.0,35685.0,11.3555835785,723.0,64439.0,55.0,12.0,789.0,2112.0,2292.0,5480.0,11100.0,10564.0,3062.0,253.0,30.0,3.0,0.0,0.0,0.0,0.0,0.0,0.0,0.0,0.0,0.0,0.0,0.0,0.0,0.0,0.0,0.0,0.0,0.0,0.0,0.0,0.0
34.5863194444,409263.0,35690.0,11.4671616699,721.0,64443.0,54.0,12.0,756.0,2027.0,2292.0,5611.0,11008.0,10627.0,3040.0,282.0,41.0,6.0,0.0,0.0,0.0,0.0,0.0,0.0,0.0,0.0,0.0,0.0,0.0,0.0,0.0,0.0,0.0,0.0,0.0,0.0,0.0,0.0
34.5904861111,407724.0,35688.0,11.4246805649,723.0,64441.0,54.0,15.0,780.0,2194.0,2357.0,5526.0,10821.0,10669.0,3021.0,265.0,49.0,6.0,0.0,0.0,0.0,0.0,0.0,0.0,0.0,0.0,0.0,0.0,0.0,0.0,0.0,0.0,0.0,0.0,0.0,0.0,0.0,0.0
34.5946527778,402711.0,35692.0,11.2829485599,723.0,64444.0,55.0,15.0,769.0,2183.0,2408.0,5812.0,10818.0,10476.0,2891.0,287.0,38.0,10.0,0.0,0.0,0.0,0.0,0.0,0.0,0.0,0.0,0.0,0.0,0.0,0.0,0.0,0.0,0.0,0.0,0.0,0.0,0.0,0.0
34.5988194444,404499.0,35700.0,11.3305042017,723.0,64439.0,52.0,19.0,872.0,2169.0,2377.0,5760.0,10715.0,10513.0,2969.0,270.0,45.0,10.0,0.0,0.0,0.0,0.0,0.0,0.0,0.0,0.0,0.0,0.0,0.0,0.0,0.0,0.0,0.0,0.0,0.0,0.0,0.0,0.0
34.6029861111,399424.0,35702.0,11.1877205759,726.0,64440.0,54.0,23.0,842.0,2190.0,2493.0,5684.0,10959.0,10359.0,2862.0,261.0,43.0,9.0,0.0,0.0,0.0,0.0,0.0,0.0,0.0,0.0,0.0,0.0,0.0,0.0,0.0,0.0,0.0,0.0,0.0,0.0,0.0,0.0
34.6071527778,396175.0,35702.0,11.0967172707,723.0,64440.0,54.0,24.0,816.0,2259.0,2414.0,5792.0,10946.0,10369.0,2810.0,248.0,44.0,4.0,0.0,0.0,0.0,0.0,0.0,0.0,0.0,0.0,0.0,0.0,0.0,0.0,0.0,0.0,0.0,0.0,0.0,0.0,0.0,0.0
34.6113194444,400832.0,35705.0,11.2262148159,724.0,64436.0,55.0,19.0,860.0,2246.0,2501.0,5590.0,10929.0,10419.0,2821.0,279.0,50.0,10.0,0.0,0.0,0.0,0.0,0.0,0.0,0.0,0.0,0.0,0.0,0.0,0.0,0.0,0.0,0.0,0.0,0.0,0.0,0.0,0.0
34.6154861111,400469.0,35715.0,11.2129077418,727.0,64438.0,56.0,15.0,821.0,2161.0,2444.0,5835.0,10864.0,10416.0,2841.0,276.0,52.0,5.0,0.0,0.0,0.0,0.0,0.0,0.0,0.0,0.0,0.0,0.0,0.0,0.0,0.0,0.0,0.0,0.0,0.0,0.0,0.0,0.0
34.6196527778,394474.0,35711.0,11.0462882585,727.0,64441.0,51.0,19.0,845.0,2194.0,2568.0,5792.0,10935.0,10327.0,2751.0,249.0,43.0,7.0,0.0,0.0,0.0,0.0,0.0,0.0,0.0,0.0,0.0,0.0,0.0,0.0,0.0,0.0,0.0,0.0,0.0,0.0,0.0,0.0
34.6238194444,396299.0,35705.0,11.099257807,727.0,64447.0,51.0,16.0,883.0,2183.0,2600.0,5795.0,10741.0,10442.0,2733.0,273.0,49.0,6.0,0.0,0.0,0.0,0.0,0.0,0.0,0.0,0.0,0.0,0.0,0.0,0.0,0.0,0.0,0.0,0.0,0.0,0.0,0.0,0.0
34.6279861111,396631.0,35710.0,11.1070008401,732.0,64441.0,52.0,17.0,826.0,2207.0,2604.0,5926.0,10659.0,10423.0,2752.0,253.0,48.0,12.0,0.0,0.0,0.0,0.0,0.0,0.0,0.0,0.0,0.0,0.0,0.0,0.0,0.0,0.0,0.0,0.0,0.0,0.0,0.0,0.0
34.6321527778,392486.0,35715.0,10.9893882122,729.0,64443.0,52.0,22.0,803.0,2260.0,2689.0,6056.0,10540.0,10327.0,2745.0,239.0,50.0,6.0,0.0,0.0,0.0,0.0,0.0,0.0,0.0,0.0,0.0,0.0,0.0,0.0,0.0,0.0,0.0,0.0,0.0,0.0,0.0,0.0
34.6363194444,384215.0,35713.0,10.7584073027,727.0,64439.0,51.0,15.0,808.0,2209.0,2853.0,6079.0,10734.0,10182.0,2587.0,215.0,40.0,6.0,0.0,0.0,0.0,0.0,0.0,0.0,0.0,0.0,0.0,0.0,0.0,0.0,0.0,0.0,0.0,0.0,0.0,0.0,0.0,0.0
34.6404861111,384723.0,35713.0,10.7726318147,729.0,64440.0,55.0,12.0,793.0,2201.0,2927.0,6169.0,10525.0,10265.0,2552.0,236.0,37.0,8.0,0.0,0.0,0.0,0.0,0.0,0.0,0.0,0.0,0.0,0.0,0.0,0.0,0.0,0.0,0.0,0.0,0.0,0.0,0.0,0.0
34.6446527778,392429.0,35707.0,10.9902540118,732.0,64440.0,54.0,22.0,716.0,2219.0,2899.0,6061.0,10457.0,10364.0,2665.0,275.0,41.0,10.0,0.0,0.0,0.0,0.0,0.0,0.0,0.0,0.0,0.0,0.0,0.0,0.0,0.0,0.0,0.0,0.0,0.0,0.0,0.0,0.0
34.6488194444,382616.0,35714.0,10.7133337067,732.0,64447.0,51.0,15.0,805.0,2258.0,2913.0,6191.0,10519.0,10189.0,2570.0,222.0,46.0,1.0,0.0,0.0,0.0,0.0,0.0,0.0,0.0,0.0,0.0,0.0,0.0,0.0,0.0,0.0,0.0,0.0,0.0,0.0,0.0,0.0
34.6529861111,381583.0,35725.0,10.6811196641,733.0,64440.0,54.0,17.0,770.0,2345.0,2953.0,6173.0,10494.0,10265.0,2453.0,217.0,47.0,8.0,0.0,0.0,0.0,0.0,0.0,0.0,0.0,0.0,0.0,0.0,0.0,0.0,0.0,0.0,0.0,0.0,0.0,0.0,0.0,0.0
34.6571527778,380655.0,35730.0,10.6536523929,733.0,64441.0,51.0,19.0,810.0,2313.0,2949.0,6257.0,10497.0,10141.0,2474.0,252.0,28.0,9.0,0.0,0.0,0.0,0.0,0.0,0.0,0.0,0.0,0.0,0.0,0.0,0.0,0.0,0.0,0.0,0.0,0.0,0.0,0.0,0.0
34.6613194444,380189.0,35735.0,10.6391213096,733.0,64444.0,52.0,19.0,756.0,2333.0,2960.0,6248.0,10474.0,10273.0,2419.0,228.0,35.0,9.0,0.0,0.0,0.0,0.0,0.0,0.0,0.0,0.0,0.0,0.0,0.0,0.0,0.0,0.0,0.0,0.0,0.0,0.0,0.0,0.0
34.6654861111,381157.0,35726.0,10.6688966019,736.0,64444.0,55.0,15.0,776.0,2309.0,3064.0,6178.0,10419.0,10255.0,2449.0,221.0,47.0,8.0,0.0,0.0,0.0,0.0,0.0,0.0,0.0,0.0,0.0,0.0,0.0,0.0,0.0,0.0,0.0,0.0,0.0,0.0,0.0,0.0
34.6696527778,383031.0,35738.0,10.7177514131,735.0,64441.0,55.0,19.0,750.0,2335.0,3124.0,6300.0,10252.0,10214.0,2466.0,237.0,44.0,16.0,0.0,0.0,0.0,0.0,0.0,0.0,0.0,0.0,0.0,0.0,0.0,0.0,0.0,0.0,0.0,0.0,0.0,0.0,0.0,0.0
34.6738194444,378610.0,35739.0,10.5937491256,738.0,64443.0,56.0,17.0,768.0,2386.0,3142.0,6507.0,10229.0,9980.0,2408.0,262.0,47.0,10.0,0.0,0.0,0.0,0.0,0.0,0.0,0.0,0.0,0.0,0.0,0.0,0.0,0.0,0.0,0.0,0.0,0.0,0.0,0.0,0.0
34.6779861111,379174.0,35740.0,10.609233352,736.0,64439.0,52.0,19.0,776.0,2414.0,3290.0,6369.0,9982.0,10199.0,2409.0,244.0,46.0,10.0,1.0,0.0,0.0,0.0,0.0,0.0,0.0,0.0,0.0,0.0,0.0,0.0,0.0,0.0,0.0,0.0,0.0,0.0,0.0,0.0
34.6821527778,375730.0,35730.0,10.5158130423,739.0,64444.0,55.0,15.0,754.0,2342.0,3342.0,6594.0,9983.0,9987.0,2440.0,229.0,56.0,3.0,0.0,0.0,0.0,0.0,0.0,0.0,0.0,0.0,0.0,0.0,0.0,0.0,0.0,0.0,0.0,0.0,0.0,0.0,0.0,0.0
34.6863194444,368117.0,35732.0,10.3021661256,733.0,64440.0,54.0,17.0,768.0,2395.0,3505.0,6526.0,10014.0,9973.0,2310.0,201.0,32.0,8.0,0.0,0.0,0.0,0.0,0.0,0.0,0.0,0.0,0.0,0.0,0.0,0.0,0.0,0.0,0.0,0.0,0.0,0.0,0.0,0.0
34.6904861111,366113.0,35731.0,10.2463686994,741.0,64444.0,51.0,15.0,837.0,2497.0,3506.0,6659.0,9878.0,9798.0,2285.0,227.0,37.0,7.0,0.0,0.0,0.0,0.0,0.0,0.0,0.0,0.0,0.0,0.0,0.0,0.0,0.0,0.0,0.0,0.0,0.0,0.0,0.0,0.0
34.6946527778,363555.0,35734.0,10.173923994,741.0,64439.0,56.0,14.0,781.0,2409.0,3655.0,6807.0,9890.0,9728.0,2190.0,224.0,42.0,8.0,0.0,0.0,0.0,0.0,0.0,0.0,0.0,0.0,0.0,0.0,0.0,0.0,0.0,0.0,0.0,0.0,0.0,0.0,0.0,0.0
34.6988194444,363234.0,35733.0,10.1652254219,741.0,64447.0,48.0,15.0,800.0,2522.0,3624.0,6694.0,9888.0,9704.0,2231.0,225.0,39.0,6.0,0.0,0.0,0.0,0.0,0.0,0.0,0.0,0.0,0.0,0.0,0.0,0.0,0.0,0.0,0.0,0.0,0.0,0.0,0.0,0.0
34.7029861111,359962.0,35723.0,10.0764773395,742.0,64440.0,51.0,22.0,828.0,2556.0,3603.0,6782.0,9776.0,9828.0,2086.0,206.0,56.0,2.0,0.0,0.0,0.0,0.0,0.0,0.0,0.0,0.0,0.0,0.0,0.0,0.0,0.0,0.0,0.0,0.0,0.0,0.0,0.0,0.0
34.7071527778,362025.0,35735.0,10.130824122,744.0,64438.0,56.0,14.0,805.0,2603.0,3857.0,6867.0,9608.0,9509.0,2150.0,281.0,44.0,11.0,0.0,0.0,0.0,0.0,0.0,0.0,0.0,0.0,0.0,0.0,0.0,0.0,0.0,0.0,0.0,0.0,0.0,0.0,0.0,0.0
34.7113194444,355683.0,35736.0,9.9530725319,744.0,64440.0,56.0,16.0,788.0,2655.0,3996.0,6931.0,9490.0,9485.0,2113.0,226.0,45.0,7.0,0.0,0.0,0.0,0.0,0.0,0.0,0.0,0.0,0.0,0.0,0.0,0.0,0.0,0.0,0.0,0.0,0.0,0.0,0.0,0.0
34.7248263889,347970.0,35748.0,9.73397113125,747.0,64441.0,54.0,17.0,801.0,2762.0,4282.0,7111.0,9267.0,9249.0,2014.0,208.0,43.0,11.0,0.0,0.0,0.0,0.0,0.0,0.0,0.0,0.0,0.0,0.0,0.0,0.0,0.0,0.0,0.0,0.0,0.0,0.0,0.0,0.0
34.7289930556,344265.0,35750.0,9.62979020979,747.0,64440.0,55.0,15.0,832.0,2793.0,4324.0,7254.0,9082.0,9275.0,1930.0,216.0,32.0,12.0,0.0,0.0,0.0,0.0,0.0,0.0,0.0,0.0,0.0,0.0,0.0,0.0,0.0,0.0,0.0,0.0,0.0,0.0,0.0,0.0
34.7331597222,339326.0,35747.0,9.49243293143,745.0,64440.0,54.0,19.0,816.0,2726.0,4578.0,7225.0,9074.0,9224.0,1861.0,202.0,36.0,5.0,0.0,0.0,0.0,0.0,0.0,0.0,0.0,0.0,0.0,0.0,0.0,0.0,0.0,0.0,0.0,0.0,0.0,0.0,0.0,0.0
34.7373263889,333587.0,35753.0,9.33032193103,747.0,64440.0,56.0,15.0,797.0,2917.0,4367.0,7614.0,8959.0,9038.0,1870.0,158.0,25.0,8.0,0.0,0.0,0.0,0.0,0.0,0.0,0.0,0.0,0.0,0.0,0.0,0.0,0.0,0.0,0.0,0.0,0.0,0.0,0.0,0.0
34.7414930556,328665.0,35765.0,9.18957080945,748.0,64440.0,55.0,14.0,831.0,2909.0,4636.0,7667.0,8883.0,8852.0,1765.0,192.0,26.0,4.0,0.0,0.0,0.0,0.0,0.0,0.0,0.0,0.0,0.0,0.0,0.0,0.0,0.0,0.0,0.0,0.0,0.0,0.0,0.0,0.0
34.7456597222,333724.0,35791.0,9.32424352491,749.0,64440.0,55.0,16.0,831.0,2866.0,4689.0,7510.0,8900.0,8877.0,1890.0,193.0,28.0,7.0,0.0,0.0,0.0,0.0,0.0,0.0,0.0,0.0,0.0,0.0,0.0,0.0,0.0,0.0,0.0,0.0,0.0,0.0,0.0,0.0
34.7498263889,332676.0,35752.0,9.30510181249,751.0,64441.0,55.0,12.0,815.0,2926.0,4649.0,7301.0,8976.0,9065.0,1791.0,195.0,32.0,2.0,0.0,0.0,0.0,0.0,0.0,0.0,0.0,0.0,0.0,0.0,0.0,0.0,0.0,0.0,0.0,0.0,0.0,0.0,0.0,0.0
34.7539930556,334359.0,35771.0,9.34720863269,751.0,64440.0,54.0,24.0,873.0,2855.0,4682.0,7423.0,8846.0,9045.0,1813.0,192.0,32.0,10.0,0.0,0.0,0.0,0.0,0.0,0.0,0.0,0.0,0.0,0.0,0.0,0.0,0.0,0.0,0.0,0.0,0.0,0.0,0.0,0.0
34.7581597222,326980.0,35755.0,9.14501468326,749.0,64433.0,63.0,15.0,853.0,2902.0,4853.0,7739.0,8641.0,8821.0,1714.0,186.0,42.0,4.0,0.0,0.0,0.0,0.0,0.0,0.0,0.0,0.0,0.0,0.0,0.0,0.0,0.0,0.0,0.0,0.0,0.0,0.0,0.0,0.0
34.7623263889,328399.0,35768.0,9.1813632297,751.0,64439.0,56.0,19.0,857.0,2933.0,4933.0,7452.0,8692.0,8942.0,1743.0,166.0,47.0,3.0,0.0,0.0,0.0,0.0,0.0,0.0,0.0,0.0,0.0,0.0,0.0,0.0,0.0,0.0,0.0,0.0,0.0,0.0,0.0,0.0
34.7664930556,327063.0,35779.0,9.14120014534,752.0,64444.0,56.0,15.0,809.0,3089.0,4953.0,7521.0,8578.0,8924.0,1692.0,158.0,45.0,10.0,0.0,0.0,0.0,0.0,0.0,0.0,0.0,0.0,0.0,0.0,0.0,0.0,0.0,0.0,0.0,0.0,0.0,0.0,0.0,0.0
34.7706597222,321893.0,35783.0,8.99569628036,754.0,64443.0,56.0,15.0,876.0,3089.0,4920.0,7575.0,8661.0,8792.0,1675.0,164.0,26.0,5.0,0.0,0.0,0.0,0.0,0.0,0.0,0.0,0.0,0.0,0.0,0.0,0.0,0.0,0.0,0.0,0.0,0.0,0.0,0.0,0.0
34.7748263889,323575.0,35783.0,9.04270184166,754.0,64451.0,51.0,14.0,864.0,3077.0,5045.0,7766.0,8410.0,8706.0,1698.0,168.0,38.0,11.0,0.0,0.0,0.0,0.0,0.0,0.0,0.0,0.0,0.0,0.0,0.0,0.0,0.0,0.0,0.0,0.0,0.0,0.0,0.0,0.0
34.7789930556,315330.0,35784.0,8.81203890007,754.0,64442.0,55.0,15.0,971.0,3220.0,5163.0,7752.0,8239.0,8658.0,1555.0,197.0,27.0,2.0,0.0,0.0,0.0,0.0,0.0,0.0,0.0,0.0,0.0,0.0,0.0,0.0,0.0,0.0,0.0,0.0,0.0,0.0,0.0,0.0
34.7831597222,314774.0,35777.0,8.7982223216,755.0,64440.0,54.0,15.0,878.0,3214.0,5206.0,7915.0,8218.0,8502.0,1640.0,174.0,28.0,2.0,0.0,0.0,0.0,0.0,0.0,0.0,0.0,0.0,0.0,0.0,0.0,0.0,0.0,0.0,0.0,0.0,0.0,0.0,0.0,0.0
34.7873263889,311215.0,35784.0,8.69704337134,757.0,64443.0,55.0,23.0,917.0,3193.0,5371.0,7930.0,8175.0,8550.0,1432.0,174.0,34.0,8.0,0.0,0.0,0.0,0.0,0.0,0.0,0.0,0.0,0.0,0.0,0.0,0.0,0.0,0.0,0.0,0.0,0.0,0.0,0.0,0.0
34.7914930556,308894.0,35774.0,8.63459495723,758.0,64440.0,55.0,16.0,946.0,3286.0,5316.0,8028.0,8222.0,8312.0,1451.0,164.0,42.0,7.0,0.0,0.0,0.0,0.0,0.0,0.0,0.0,0.0,0.0,0.0,0.0,0.0,0.0,0.0,0.0,0.0,0.0,0.0,0.0,0.0
34.7956597222,302953.0,35782.0,8.46663126712,758.0,64440.0,52.0,23.0,1016.0,3425.0,5582.0,8131.0,7820.0,8108.0,1490.0,174.0,35.0,1.0,0.0,0.0,0.0,0.0,0.0,0.0,0.0,0.0,0.0,0.0,0.0,0.0,0.0,0.0,0.0,0.0,0.0,0.0,0.0,0.0
34.7998263889,300586.0,35794.0,8.39766441303,754.0,64443.0,51.0,15.0,1010.0,3506.0,5686.0,8235.0,7730.0,8051.0,1357.0,164.0,46.0,9.0,0.0,0.0,0.0,0.0,0.0,0.0,0.0,0.0,0.0,0.0,0.0,0.0,0.0,0.0,0.0,0.0,0.0,0.0,0.0,0.0
34.8039930556,300555.0,35795.0,8.39656376589,757.0,64440.0,57.0,12.0,968.0,3473.0,5785.0,8198.0,7788.0,7975.0,1401.0,153.0,44.0,10.0,0.0,0.0,0.0,0.0,0.0,0.0,0.0,0.0,0.0,0.0,0.0,0.0,0.0,0.0,0.0,0.0,0.0,0.0,0.0,0.0
34.8081597222,292961.0,35791.0,8.18532591992,758.0,64440.0,54.0,16.0,1007.0,3573.0,5922.0,8328.0,7547.0,7905.0,1325.0,142.0,38.0,4.0,0.0,0.0,0.0,0.0,0.0,0.0,0.0,0.0,0.0,0.0,0.0,0.0,0.0,0.0,0.0,0.0,0.0,0.0,0.0,0.0
34.8123263889,291990.0,35796.0,8.15705665437,758.0,64441.0,54.0,16.0,1029.0,3784.0,6043.0,8392.0,7165.0,7883.0,1293.0,161.0,34.0,12.0,0.0,0.0,0.0,0.0,0.0,0.0,0.0,0.0,0.0,0.0,0.0,0.0,0.0,0.0,0.0,0.0,0.0,0.0,0.0,0.0
34.8164930556,285706.0,35793.0,7.98217528567,758.0,64444.0,54.0,15.0,1065.0,3772.0,6279.0,8470.0,7149.0,7604.0,1252.0,159.0,36.0,7.0,0.0,0.0,0.0,0.0,0.0,0.0,0.0,0.0,0.0,0.0,0.0,0.0,0.0,0.0,0.0,0.0,0.0,0.0,0.0,0.0
34.8206597222,284083.0,35793.0,7.93683122398,760.0,64438.0,56.0,14.0,1068.0,3829.0,6213.0,8505.0,7150.0,7620.0,1219.0,147.0,35.0,7.0,0.0,0.0,0.0,0.0,0.0,0.0,0.0,0.0,0.0,0.0,0.0,0.0,0.0,0.0,0.0,0.0,0.0,0.0,0.0,0.0
34.8248263889,285131.0,35797.0,7.96522054921,760.0,64440.0,56.0,15.0,1053.0,3829.0,6143.0,8578.0,7164.0,7691.0,1158.0,126.0,38.0,17.0,0.0,0.0,0.0,0.0,0.0,0.0,0.0,0.0,0.0,0.0,0.0,0.0,0.0,0.0,0.0,0.0,0.0,0.0,0.0,0.0
34.8289930556,280280.0,35801.0,7.82883159688,761.0,64440.0,55.0,15.0,1058.0,3834.0,6545.0,8505.0,6969.0,7515.0,1201.0,133.0,32.0,9.0,0.0,0.0,0.0,0.0,0.0,0.0,0.0,0.0,0.0,0.0,0.0,0.0,0.0,0.0,0.0,0.0,0.0,0.0,0.0,0.0
34.8331597222,275581.0,35795.0,7.69886855706,760.0,64443.0,54.0,19.0,1141.0,3953.0,6492.0,8711.0,6843.0,7390.0,1098.0,119.0,33.0,15.0,0.0,0.0,0.0,0.0,0.0,0.0,0.0,0.0,0.0,0.0,0.0,0.0,0.0,0.0,0.0,0.0,0.0,0.0,0.0,0.0
34.8373263889,267362.0,35801.0,7.46800368705,763.0,64441.0,59.0,14.0,1120.0,4042.0,6824.0,8790.0,6668.0,7129.0,1064.0,130.0,31.0,3.0,0.0,0.0,0.0,0.0,0.0,0.0,0.0,0.0,0.0,0.0,0.0,0.0,0.0,0.0,0.0,0.0,0.0,0.0,0.0,0.0
34.8414930556,266326.0,35805.0,7.4382348834,763.0,64442.0,56.0,14.0,1148.0,4148.0,6711.0,8901.0,6600.0,7094.0,1054.0,115.0,23.0,11.0,0.0,0.0,0.0,0.0,0.0,0.0,0.0,0.0,0.0,0.0,0.0,0.0,0.0,0.0,0.0,0.0,0.0,0.0,0.0,0.0
34.8456597222,264462.0,35815.0,7.3841128019,764.0,64440.0,54.0,19.0,1179.0,4256.0,6751.0,8882.0,6617.0,6914.0,1052.0,126.0,30.0,8.0,0.0,0.0,0.0,0.0,0.0,0.0,0.0,0.0,0.0,0.0,0.0,0.0,0.0,0.0,0.0,0.0,0.0,0.0,0.0,0.0
34.8498263889,261028.0,35803.0,7.29067396587,764.0,64440.0,56.0,14.0,1228.0,4290.0,6897.0,8826.0,6531.0,6866.0,1007.0,118.0,35.0,5.0,0.0,0.0,0.0,0.0,0.0,0.0,0.0,0.0,0.0,0.0,0.0,0.0,0.0,0.0,0.0,0.0,0.0,0.0,0.0,0.0
34.8539930556,257093.0,35808.0,7.17976429848,764.0,64440.0,63.0,14.0,1297.0,4493.0,6934.0,8845.0,6327.0,6800.0,943.0,131.0,34.0,4.0,0.0,0.0,0.0,0.0,0.0,0.0,0.0,0.0,0.0,0.0,0.0,0.0,0.0,0.0,0.0,0.0,0.0,0.0,0.0,0.0
34.8581597222,253890.0,35807.0,7.09051302818,764.0,64443.0,55.0,15.0,1359.0,4480.0,7057.0,9010.0,6153.0,6673.0,900.0,136.0,33.0,6.0,0.0,0.0,0.0,0.0,0.0,0.0,0.0,0.0,0.0,0.0,0.0,0.0,0.0,0.0,0.0,0.0,0.0,0.0,0.0,0.0
34.8623263889,253778.0,35818.0,7.08520855436,764.0,64441.0,56.0,12.0,1286.0,4512.0,7059.0,8997.0,6355.0,6556.0,873.0,140.0,29.0,11.0,0.0,0.0,0.0,0.0,0.0,0.0,0.0,0.0,0.0,0.0,0.0,0.0,0.0,0.0,0.0,0.0,0.0,0.0,0.0,0.0
34.8664930556,247645.0,35808.0,6.91591264522,767.0,64440.0,56.0,16.0,1352.0,4695.0,7241.0,8931.0,6109.0,6436.0,898.0,108.0,35.0,3.0,0.0,0.0,0.0,0.0,0.0,0.0,0.0,0.0,0.0,0.0,0.0,0.0,0.0,0.0,0.0,0.0,0.0,0.0,0.0,0.0
34.8706597222,251722.0,35822.0,7.02702250014,764.0,64441.0,55.0,14.0,1299.0,4636.0,7203.0,9038.0,6086.0,6450.0,929.0,145.0,28.0,8.0,0.0,0.0,0.0,0.0,0.0,0.0,0.0,0.0,0.0,0.0,0.0,0.0,0.0,0.0,0.0,0.0,0.0,0.0,0.0,0.0
34.8748263889,244470.0,35839.0,6.82133988114,767.0,64440.0,59.0,8.0,1388.0,4710.0,7316.0,9132.0,5983.0,6302.0,859.0,116.0,27.0,6.0,0.0,0.0,0.0,0.0,0.0,0.0,0.0,0.0,0.0,0.0,0.0,0.0,0.0,0.0,0.0,0.0,0.0,0.0,0.0,0.0
34.8789930556,247782.0,35816.0,6.91819298637,764.0,64440.0,52.0,15.0,1363.0,4620.0,7191.0,9137.0,6035.0,6465.0,848.0,119.0,31.0,7.0,0.0,0.0,0.0,0.0,0.0,0.0,0.0,0.0,0.0,0.0,0.0,0.0,0.0,0.0,0.0,0.0,0.0,0.0,0.0,0.0
34.8831597222,244191.0,35826.0,6.81602746609,766.0,64444.0,49.0,15.0,1355.0,4749.0,7381.0,9112.0,5905.0,6326.0,847.0,122.0,20.0,9.0,0.0,0.0,0.0,0.0,0.0,0.0,0.0,0.0,0.0,0.0,0.0,0.0,0.0,0.0,0.0,0.0,0.0,0.0,0.0,0.0
34.8873263889,242900.0,35820.0,6.78112786153,767.0,64447.0,55.0,12.0,1415.0,4846.0,7563.0,9108.0,5564.0,6350.0,800.0,135.0,30.0,9.0,0.0,0.0,0.0,0.0,0.0,0.0,0.0,0.0,0.0,0.0,0.0,0.0,0.0,0.0,0.0,0.0,0.0,0.0,0.0,0.0
34.8914930556,244887.0,35830.0,6.83469159922,767.0,64442.0,54.0,19.0,1422.0,4713.0,7405.0,9063.0,5925.0,6275.0,859.0,128.0,36.0,4.0,0.0,0.0,0.0,0.0,0.0,0.0,0.0,0.0,0.0,0.0,0.0,0.0,0.0,0.0,0.0,0.0,0.0,0.0,0.0,0.0
34.8956597222,244240.0,35832.0,6.81625362804,767.0,64444.0,54.0,15.0,1429.0,4870.0,7267.0,9041.0,5942.0,6271.0,849.0,129.0,26.0,8.0,0.0,0.0,0.0,0.0,0.0,0.0,0.0,0.0,0.0,0.0,0.0,0.0,0.0,0.0,0.0,0.0,0.0,0.0,0.0,0.0
34.8998263889,255469.0,35832.0,7.12963273052,769.0,64446.0,54.0,12.0,1280.0,4653.0,7242.0,9023.0,6010.0,6482.0,930.0,154.0,47.0,11.0,0.0,0.0,0.0,0.0,0.0,0.0,0.0,0.0,0.0,0.0,0.0,0.0,0.0,0.0,0.0,0.0,0.0,0.0,0.0,0.0
34.9039930556,245506.0,35840.0,6.85005580357,769.0,64440.0,55.0,15.0,1335.0,4770.0,7526.0,9011.0,5773.0,6400.0,863.0,120.0,39.0,3.0,0.0,0.0,0.0,0.0,0.0,0.0,0.0,0.0,0.0,0.0,0.0,0.0,0.0,0.0,0.0,0.0,0.0,0.0,0.0,0.0
34.9081597222,253300.0,35830.0,7.06949483673,767.0,64444.0,52.0,15.0,1327.0,4602.0,7211.0,9083.0,6117.0,6347.0,945.0,143.0,47.0,8.0,0.0,0.0,0.0,0.0,0.0,0.0,0.0,0.0,0.0,0.0,0.0,0.0,0.0,0.0,0.0,0.0,0.0,0.0,0.0,0.0
34.9123263889,245837.0,35841.0,6.85909991351,769.0,64440.0,55.0,15.0,1312.0,4603.0,7493.0,9158.0,5926.0,6358.0,825.0,132.0,24.0,10.0,0.0,0.0,0.0,0.0,0.0,0.0,0.0,0.0,0.0,0.0,0.0,0.0,0.0,0.0,0.0,0.0,0.0,0.0,0.0,0.0
34.9164930556,246218.0,35834.0,6.8710721661,769.0,64441.0,56.0,15.0,1324.0,4724.0,7487.0,8922.0,5970.0,6398.0,854.0,121.0,24.0,10.0,0.0,0.0,0.0,0.0,0.0,0.0,0.0,0.0,0.0,0.0,0.0,0.0,0.0,0.0,0.0,0.0,0.0,0.0,0.0,0.0
34.9206597222,239241.0,35823.0,6.67841889289,769.0,64442.0,51.0,19.0,1411.0,4855.0,7507.0,9055.0,5874.0,6162.0,814.0,118.0,23.0,4.0,0.0,0.0,0.0,0.0,0.0,0.0,0.0,0.0,0.0,0.0,0.0,0.0,0.0,0.0,0.0,0.0,0.0,0.0,0.0,0.0
34.9248263889,242743.0,35847.0,6.77164058359,769.0,64440.0,55.0,15.0,1429.0,4877.0,7477.0,9014.0,5797.0,6276.0,808.0,128.0,35.0,6.0,0.0,0.0,0.0,0.0,0.0,0.0,0.0,0.0,0.0,0.0,0.0,0.0,0.0,0.0,0.0,0.0,0.0,0.0,0.0,0.0
34.9289930556,241181.0,35828.0,6.73163447583,769.0,64440.0,55.0,16.0,1497.0,4931.0,7511.0,8939.0,5690.0,6263.0,844.0,117.0,31.0,5.0,0.0,0.0,0.0,0.0,0.0,0.0,0.0,0.0,0.0,0.0,0.0,0.0,0.0,0.0,0.0,0.0,0.0,0.0,0.0,0.0
34.9331597222,242116.0,35838.0,6.75584575032,769.0,64441.0,55.0,15.0,1472.0,4954.0,7369.0,9092.0,5877.0,6120.0,789.0,114.0,35.0,16.0,0.0,0.0,0.0,0.0,0.0,0.0,0.0,0.0,0.0,0.0,0.0,0.0,0.0,0.0,0.0,0.0,0.0,0.0,0.0,0.0
34.9373263889,234805.0,35838.0,6.55184441096,769.0,64443.0,49.0,19.0,1454.0,5029.0,7644.0,9088.0,5699.0,5992.0,768.0,145.0,16.0,3.0,0.0,0.0,0.0,0.0,0.0,0.0,0.0,0.0,0.0,0.0,0.0,0.0,0.0,0.0,0.0,0.0,0.0,0.0,0.0,0.0
34.9414930556,237033.0,35832.0,6.61512056263,770.0,64443.0,56.0,15.0,1443.0,5009.0,7582.0,9171.0,5712.0,5947.0,807.0,123.0,32.0,6.0,0.0,0.0,0.0,0.0,0.0,0.0,0.0,0.0,0.0,0.0,0.0,0.0,0.0,0.0,0.0,0.0,0.0,0.0,0.0,0.0
34.9456597222,241235.0,35834.0,6.73201428811,769.0,64443.0,49.0,18.0,1447.0,4891.0,7426.0,9251.0,5731.0,6097.0,828.0,122.0,29.0,12.0,0.0,0.0,0.0,0.0,0.0,0.0,0.0,0.0,0.0,0.0,0.0,0.0,0.0,0.0,0.0,0.0,0.0,0.0,0.0,0.0
34.9498263889,239619.0,35832.0,6.68729068989,779.0,64441.0,51.0,17.0,1488.0,4775.0,7640.0,9097.0,5805.0,6026.0,830.0,141.0,23.0,7.0,0.0,0.0,0.0,0.0,0.0,0.0,0.0,0.0,0.0,0.0,0.0,0.0,0.0,0.0,0.0,0.0,0.0,0.0,0.0,0.0
34.9539930556,239535.0,35827.0,6.68587936472,769.0,64440.0,60.0,12.0,1453.0,4957.0,7497.0,9076.0,5718.0,6212.0,750.0,121.0,36.0,7.0,0.0,0.0,0.0,0.0,0.0,0.0,0.0,0.0,0.0,0.0,0.0,0.0,0.0,0.0,0.0,0.0,0.0,0.0,0.0,0.0
34.9581597222,241503.0,35840.0,6.73836495536,769.0,64440.0,55.0,17.0,1466.0,4871.0,7372.0,9052.0,6002.0,6126.0,765.0,147.0,33.0,6.0,0.0,0.0,0.0,0.0,0.0,0.0,0.0,0.0,0.0,0.0,0.0,0.0,0.0,0.0,0.0,0.0,0.0,0.0,0.0,0.0
34.9623263889,241852.0,35839.0,6.74829096794,769.0,64440.0,56.0,16.0,1442.0,4948.0,7580.0,9036.0,5688.0,6144.0,826.0,128.0,38.0,9.0,0.0,0.0,0.0,0.0,0.0,0.0,0.0,0.0,0.0,0.0,0.0,0.0,0.0,0.0,0.0,0.0,0.0,0.0,0.0,0.0
34.9664930556,237892.0,35833.0,6.63890826891,770.0,64440.0,56.0,16.0,1499.0,4976.0,7602.0,9030.0,5765.0,6009.0,799.0,111.0,32.0,10.0,0.0,0.0,0.0,0.0,0.0,0.0,0.0,0.0,0.0,0.0,0.0,0.0,0.0,0.0,0.0,0.0,0.0,0.0,0.0,0.0
34.9706597222,237169.0,35838.0,6.61780791339,766.0,64443.0,54.0,16.0,1546.0,5019.0,7405.0,9213.0,5705.0,6058.0,715.0,135.0,34.0,8.0,0.0,0.0,0.0,0.0,0.0,0.0,0.0,0.0,0.0,0.0,0.0,0.0,0.0,0.0,0.0,0.0,0.0,0.0,0.0,0.0
34.9748263889,238542.0,35846.0,6.65463371087,769.0,64440.0,51.0,19.0,1499.0,5024.0,7429.0,9089.0,5776.0,6060.0,811.0,120.0,33.0,5.0,0.0,0.0,0.0,0.0,0.0,0.0,0.0,0.0,0.0,0.0,0.0,0.0,0.0,0.0,0.0,0.0,0.0,0.0,0.0,0.0
34.9789930556,238393.0,35845.0,6.65066257498,767.0,64441.0,54.0,15.0,1523.0,4929.0,7498.0,9055.0,5789.0,6150.0,741.0,112.0,44.0,4.0,0.0,0.0,0.0,0.0,0.0,0.0,0.0,0.0,0.0,0.0,0.0,0.0,0.0,0.0,0.0,0.0,0.0,0.0,0.0,0.0
34.9831597222,240670.0,35844.0,6.71437339583,767.0,64441.0,51.0,16.0,1433.0,4966.0,7360.0,9210.0,5676.0,6297.0,735.0,116.0,47.0,4.0,0.0,0.0,0.0,0.0,0.0,0.0,0.0,0.0,0.0,0.0,0.0,0.0,0.0,0.0,0.0,0.0,0.0,0.0,0.0,0.0
34.9873263889,237655.0,35839.0,6.6311839058,769.0,64440.0,57.0,15.0,1528.0,5099.0,7518.0,9038.0,5573.0,6163.0,753.0,124.0,38.0,5.0,0.0,0.0,0.0,0.0,0.0,0.0,0.0,0.0,0.0,0.0,0.0,0.0,0.0,0.0,0.0,0.0,0.0,0.0,0.0,0.0
34.9914930556,237459.0,35825.0,6.6283042568,769.0,64440.0,56.0,15.0,1529.0,5019.0,7500.0,9094.0,5707.0,6017.0,781.0,145.0,28.0,5.0,0.0,0.0,0.0,0.0,0.0,0.0,0.0,0.0,0.0,0.0,0.0,0.0,0.0,0.0,0.0,0.0,0.0,0.0,0.0,0.0
34.9956597222,237882.0,35823.0,6.64048237166,767.0,64440.0,55.0,15.0,1514.0,4968.0,7769.0,9126.0,5501.0,5946.0,822.0,129.0,40.0,8.0,0.0,0.0,0.0,0.0,0.0,0.0,0.0,0.0,0.0,0.0,0.0,0.0,0.0,0.0,0.0,0.0,0.0,0.0,0.0,0.0
34.9998263889,240185.0,35827.0,6.70402210623,769.0,64440.0,55.0,15.0,1497.0,4967.0,7389.0,9066.0,5756.0,6209.0,776.0,128.0,33.0,6.0,0.0,0.0,0.0,0.0,0.0,0.0,0.0,0.0,0.0,0.0,0.0,0.0,0.0,0.0,0.0,0.0,0.0,0.0,0.0,0.0
35.0039930556,235068.0,35818.0,6.56284549668,769.0,64441.0,52.0,16.0,1564.0,5110.0,7643.0,9060.0,5592.0,5960.0,722.0,120.0,35.0,12.0,0.0,0.0,0.0,0.0,0.0,0.0,0.0,0.0,0.0,0.0,0.0,0.0,0.0,0.0,0.0,0.0,0.0,0.0,0.0,0.0
35.0081597222,234603.0,35848.0,6.54438183441,769.0,64444.0,56.0,15.0,1560.0,5137.0,7745.0,9060.0,5437.0,5958.0,794.0,121.0,27.0,9.0,0.0,0.0,0.0,0.0,0.0,0.0,0.0,0.0,0.0,0.0,0.0,0.0,0.0,0.0,0.0,0.0,0.0,0.0,0.0,0.0
35.0123263889,232334.0,35836.0,6.48325705994,770.0,64447.0,52.0,15.0,1551.0,5282.0,7626.0,9122.0,5422.0,5932.0,747.0,117.0,30.0,7.0,0.0,0.0,0.0,0.0,0.0,0.0,0.0,0.0,0.0,0.0,0.0,0.0,0.0,0.0,0.0,0.0,0.0,0.0,0.0,0.0
35.0164930556,234906.0,35836.0,6.555028463,769.0,64444.0,55.0,15.0,1573.0,5136.0,7505.0,9070.0,5622.0,5984.0,790.0,123.0,30.0,3.0,0.0,0.0,0.0,0.0,0.0,0.0,0.0,0.0,0.0,0.0,0.0,0.0,0.0,0.0,0.0,0.0,0.0,0.0,0.0,0.0
35.0206597222,225091.0,35826.0,6.28289510411,769.0,64447.0,52.0,16.0,1711.0,5375.0,7608.0,9093.0,5402.0,5811.0,726.0,74.0,21.0,5.0,0.0,0.0,0.0,0.0,0.0,0.0,0.0,0.0,0.0,0.0,0.0,0.0,0.0,0.0,0.0,0.0,0.0,0.0,0.0,0.0
35.0248263889,223689.0,35825.0,6.24393579902,769.0,64440.0,55.0,14.0,1591.0,5227.0,7673.0,9275.0,5432.0,5820.0,718.0,77.0,12.0,0.0,0.0,0.0,0.0,0.0,0.0,0.0,0.0,0.0,0.0,0.0,0.0,0.0,0.0,0.0,0.0,0.0,0.0,0.0,0.0,0.0
35.0289930556,226218.0,35825.0,6.31452896022,767.0,64440.0,55.0,16.0,1588.0,5390.0,7622.0,9140.0,5388.0,5916.0,665.0,86.0,25.0,5.0,0.0,0.0,0.0,0.0,0.0,0.0,0.0,0.0,0.0,0.0,0.0,0.0,0.0,0.0,0.0,0.0,0.0,0.0,0.0,0.0
35.0331597222,229262.0,35828.0,6.39896170593,769.0,64441.0,51.0,16.0,1691.0,5462.0,7772.0,9220.0,5112.0,5671.0,730.0,110.0,47.0,13.0,0.0,0.0,0.0,0.0,0.0,0.0,0.0,0.0,0.0,0.0,0.0,0.0,0.0,0.0,0.0,0.0,0.0,0.0,0.0,0.0
35.0373263889,221555.0,35825.0,6.18436845778,767.0,64441.0,54.0,15.0,1804.0,5779.0,7734.0,9115.0,5005.0,5542.0,688.0,121.0,32.0,5.0,0.0,0.0,0.0,0.0,0.0,0.0,0.0,0.0,0.0,0.0,0.0,0.0,0.0,0.0,0.0,0.0,0.0,0.0,0.0,0.0
35.0414930556,223194.0,35815.0,6.23185815999,767.0,64444.0,54.0,19.0,1767.0,5666.0,7854.0,9099.0,5018.0,5512.0,753.0,103.0,36.0,7.0,0.0,0.0,0.0,0.0,0.0,0.0,0.0,0.0,0.0,0.0,0.0,0.0,0.0,0.0,0.0,0.0,0.0,0.0,0.0,0.0
35.0456597222,219394.0,35817.0,6.12541530558,767.0,64444.0,54.0,15.0,1732.0,5580.0,7799.0,9186.0,5322.0,5461.0,595.0,103.0,32.0,7.0,0.0,0.0,0.0,0.0,0.0,0.0,0.0,0.0,0.0,0.0,0.0,0.0,0.0,0.0,0.0,0.0,0.0,0.0,0.0,0.0
35.0716550926,230176.0,35832.0,6.42375530252,767.0,64440.0,57.0,16.0,1683.0,5410.0,7593.0,8999.0,5502.0,5750.0,744.0,99.0,46.0,6.0,0.0,0.0,0.0,0.0,0.0,0.0,0.0,0.0,0.0,0.0,0.0,0.0,0.0,0.0,0.0,0.0,0.0,0.0,0.0,0.0
35.0758217593,224011.0,35837.0,6.25083014761,766.0,64443.0,57.0,14.0,1745.0,5695.0,7810.0,8828.0,5283.0,5630.0,693.0,117.0,30.0,6.0,0.0,0.0,0.0,0.0,0.0,0.0,0.0,0.0,0.0,0.0,0.0,0.0,0.0,0.0,0.0,0.0,0.0,0.0,0.0,0.0
35.0799884259,223063.0,35817.0,6.22785269565,767.0,64441.0,54.0,15.0,1867.0,5711.0,7728.0,9010.0,5004.0,5660.0,676.0,121.0,34.0,6.0,0.0,0.0,0.0,0.0,0.0,0.0,0.0,0.0,0.0,0.0,0.0,0.0,0.0,0.0,0.0,0.0,0.0,0.0,0.0,0.0
35.0841550926,219773.0,35811.0,6.13702493647,767.0,64441.0,48.0,15.0,1836.0,5903.0,7755.0,9096.0,4901.0,5493.0,664.0,125.0,32.0,6.0,0.0,0.0,0.0,0.0,0.0,0.0,0.0,0.0,0.0,0.0,0.0,0.0,0.0,0.0,0.0,0.0,0.0,0.0,0.0,0.0
35.0883217593,215701.0,35814.0,6.02281230804,764.0,64440.0,56.0,14.0,1946.0,5929.0,7936.0,9051.0,4854.0,5259.0,677.0,132.0,24.0,6.0,0.0,0.0,0.0,0.0,0.0,0.0,0.0,0.0,0.0,0.0,0.0,0.0,0.0,0.0,0.0,0.0,0.0,0.0,0.0,0.0
35.0924884259,217280.0,35802.0,6.06893469639,766.0,64444.0,51.0,17.0,1888.0,5920.0,7866.0,8977.0,4925.0,5450.0,623.0,112.0,35.0,6.0,0.0,0.0,0.0,0.0,0.0,0.0,0.0,0.0,0.0,0.0,0.0,0.0,0.0,0.0,0.0,0.0,0.0,0.0,0.0,0.0
35.0966550926,213143.0,35810.0,5.9520524993,763.0,64440.0,55.0,17.0,1979.0,6065.0,8007.0,8986.0,4824.0,5141.0,649.0,125.0,25.0,9.0,0.0,0.0,0.0,0.0,0.0,0.0,0.0,0.0,0.0,0.0,0.0,0.0,0.0,0.0,0.0,0.0,0.0,0.0,0.0,0.0
35.1008217593,218586.0,35807.0,6.10456056078,766.0,64454.0,59.0,14.0,1901.0,5946.0,7832.0,9092.0,4770.0,5405.0,704.0,118.0,32.0,7.0,0.0,0.0,0.0,0.0,0.0,0.0,0.0,0.0,0.0,0.0,0.0,0.0,0.0,0.0,0.0,0.0,0.0,0.0,0.0,0.0
35.1049884259,213106.0,35809.0,5.95118545617,764.0,64440.0,56.0,15.0,1929.0,6160.0,7985.0,8880.0,4784.0,5314.0,605.0,116.0,30.0,6.0,0.0,0.0,0.0,0.0,0.0,0.0,0.0,0.0,0.0,0.0,0.0,0.0,0.0,0.0,0.0,0.0,0.0,0.0,0.0,0.0
35.1091550926,217284.0,35805.0,6.0685379137,767.0,64444.0,56.0,16.0,2094.0,6112.0,7842.0,8828.0,4736.0,5337.0,675.0,137.0,37.0,7.0,0.0,0.0,0.0,0.0,0.0,0.0,0.0,0.0,0.0,0.0,0.0,0.0,0.0,0.0,0.0,0.0,0.0,0.0,0.0,0.0
35.1133217593,214436.0,35802.0,5.98949779342,764.0,64440.0,52.0,19.0,2037.0,6188.0,7988.0,8780.0,4788.0,5212.0,640.0,122.0,38.0,9.0,0.0,0.0,0.0,0.0,0.0,0.0,0.0,0.0,0.0,0.0,0.0,0.0,0.0,0.0,0.0,0.0,0.0,0.0,0.0,0.0
35.1174884259,212221.0,35799.0,5.92812648398,764.0,64440.0,56.0,20.0,2032.0,6129.0,7826.0,9130.0,4574.0,5321.0,656.0,95.0,32.0,4.0,0.0,0.0,0.0,0.0,0.0,0.0,0.0,0.0,0.0,0.0,0.0,0.0,0.0,0.0,0.0,0.0,0.0,0.0,0.0,0.0
35.1216550926,208715.0,35795.0,5.83084229641,763.0,64440.0,54.0,17.0,2076.0,6197.0,7915.0,9004.0,4654.0,5232.0,583.0,107.0,21.0,6.0,0.0,0.0,0.0,0.0,0.0,0.0,0.0,0.0,0.0,0.0,0.0,0.0,0.0,0.0,0.0,0.0,0.0,0.0,0.0,0.0
35.1258217593,215807.0,35805.0,6.0272866918,763.0,64444.0,55.0,12.0,2021.0,6099.0,7832.0,8843.0,4864.0,5345.0,646.0,112.0,36.0,7.0,0.0,0.0,0.0,0.0,0.0,0.0,0.0,0.0,0.0,0.0,0.0,0.0,0.0,0.0,0.0,0.0,0.0,0.0,0.0,0.0
35.1299884259,215300.0,35808.0,6.01262287757,760.0,64444.0,56.0,15.0,2105.0,5996.0,7952.0,8768.0,4789.0,5393.0,664.0,103.0,30.0,8.0,0.0,0.0,0.0,0.0,0.0,0.0,0.0,0.0,0.0,0.0,0.0,0.0,0.0,0.0,0.0,0.0,0.0,0.0,0.0,0.0
35.1341550926,210171.0,35807.0,5.86955064652,764.0,64443.0,56.0,15.0,1989.0,6283.0,7928.0,8790.0,4731.0,5347.0,605.0,114.0,18.0,2.0,0.0,0.0,0.0,0.0,0.0,0.0,0.0,0.0,0.0,0.0,0.0,0.0,0.0,0.0,0.0,0.0,0.0,0.0,0.0,0.0
35.1383217593,214469.0,35815.0,5.98824514868,760.0,64443.0,55.0,16.0,2013.0,6097.0,7802.0,8962.0,4777.0,5367.0,640.0,121.0,36.0,0.0,0.0,0.0,0.0,0.0,0.0,0.0,0.0,0.0,0.0,0.0,0.0,0.0,0.0,0.0,0.0,0.0,0.0,0.0,0.0,0.0
35.1424884259,212563.0,35812.0,5.93552440523,760.0,64443.0,52.0,19.0,2126.0,6295.0,8016.0,8685.0,4645.0,5272.0,610.0,118.0,36.0,9.0,0.0,0.0,0.0,0.0,0.0,0.0,0.0,0.0,0.0,0.0,0.0,0.0,0.0,0.0,0.0,0.0,0.0,0.0,0.0,0.0
35.1466550926,210124.0,35806.0,5.86840194381,760.0,64440.0,56.0,15.0,2190.0,6290.0,7919.0,8639.0,4802.0,5199.0,621.0,115.0,26.0,5.0,0.0,0.0,0.0,0.0,0.0,0.0,0.0,0.0,0.0,0.0,0.0,0.0,0.0,0.0,0.0,0.0,0.0,0.0,0.0,0.0
35.1508217593,214515.0,35814.0,5.98969676663,760.0,64451.0,54.0,15.0,2141.0,6233.0,7735.0,8837.0,4731.0,5282.0,703.0,117.0,30.0,5.0,0.0,0.0,0.0,0.0,0.0,0.0,0.0,0.0,0.0,0.0,0.0,0.0,0.0,0.0,0.0,0.0,0.0,0.0,0.0,0.0
35.1549884259,213175.0,35809.0,5.95311234606,758.0,64444.0,51.0,16.0,2072.0,6175.0,8084.0,8710.0,4629.0,5335.0,644.0,131.0,22.0,7.0,0.0,0.0,0.0,0.0,0.0,0.0,0.0,0.0,0.0,0.0,0.0,0.0,0.0,0.0,0.0,0.0,0.0,0.0,0.0,0.0
35.1591550926,210855.0,35813.0,5.88766648982,760.0,64444.0,56.0,16.0,2107.0,6449.0,7857.0,8505.0,4734.0,5390.0,641.0,109.0,18.0,3.0,0.0,0.0,0.0,0.0,0.0,0.0,0.0,0.0,0.0,0.0,0.0,0.0,0.0,0.0,0.0,0.0,0.0,0.0,0.0,0.0
35.1633217593,212784.0,35802.0,5.94335511983,758.0,64443.0,57.0,12.0,2098.0,6374.0,8011.0,8727.0,4639.0,5110.0,678.0,119.0,35.0,11.0,0.0,0.0,0.0,0.0,0.0,0.0,0.0,0.0,0.0,0.0,0.0,0.0,0.0,0.0,0.0,0.0,0.0,0.0,0.0,0.0
35.1674884259,212874.0,35808.0,5.94487265416,758.0,64440.0,55.0,16.0,2182.0,6436.0,7817.0,8597.0,4632.0,5322.0,661.0,130.0,25.0,6.0,0.0,0.0,0.0,0.0,0.0,0.0,0.0,0.0,0.0,0.0,0.0,0.0,0.0,0.0,0.0,0.0,0.0,0.0,0.0,0.0
35.1716550926,210052.0,35799.0,5.86753819939,758.0,64440.0,55.0,9.0,2233.0,6428.0,7984.0,8596.0,4593.0,5169.0,647.0,115.0,27.0,5.0,2.0,0.0,0.0,0.0,0.0,0.0,0.0,0.0,0.0,0.0,0.0,0.0,0.0,0.0,0.0,0.0,0.0,0.0,0.0,0.0
35.1758217593,211910.0,35779.0,5.92274798066,758.0,64444.0,56.0,15.0,2296.0,6506.0,7842.0,8428.0,4651.0,5209.0,684.0,120.0,40.0,3.0,0.0,0.0,0.0,0.0,0.0,0.0,0.0,0.0,0.0,0.0,0.0,0.0,0.0,0.0,0.0,0.0,0.0,0.0,0.0,0.0
35.1799884259,207667.0,35770.0,5.80561923399,758.0,64440.0,55.0,15.0,2268.0,6727.0,7918.0,8292.0,4686.0,5079.0,651.0,115.0,29.0,5.0,0.0,0.0,0.0,0.0,0.0,0.0,0.0,0.0,0.0,0.0,0.0,0.0,0.0,0.0,0.0,0.0,0.0,0.0,0.0,0.0
35.1841550926,210894.0,35779.0,5.8943514352,757.0,64444.0,52.0,19.0,2247.0,6646.0,7826.0,8373.0,4654.0,5241.0,645.0,101.0,38.0,8.0,0.0,0.0,0.0,0.0,0.0,0.0,0.0,0.0,0.0,0.0,0.0,0.0,0.0,0.0,0.0,0.0,0.0,0.0,0.0,0.0
35.1883217593,211223.0,35779.0,5.90354677325,758.0,64440.0,56.0,14.0,2288.0,6481.0,7825.0,8479.0,4607.0,5283.0,664.0,114.0,35.0,3.0,0.0,0.0,0.0,0.0,0.0,0.0,0.0,0.0,0.0,0.0,0.0,0.0,0.0,0.0,0.0,0.0,0.0,0.0,0.0,0.0
35.1924884259,215457.0,35782.0,6.02137946454,758.0,64440.0,56.0,15.0,2268.0,6621.0,7914.0,8238.0,4635.0,5256.0,651.0,146.0,38.0,15.0,0.0,0.0,0.0,0.0,0.0,0.0,0.0,0.0,0.0,0.0,0.0,0.0,0.0,0.0,0.0,0.0,0.0,0.0,0.0,0.0
35.1966550926,212151.0,35755.0,5.93346385121,758.0,64444.0,56.0,15.0,2248.0,6453.0,7763.0,8421.0,4753.0,5300.0,682.0,95.0,35.0,5.0,0.0,0.0,0.0,0.0,0.0,0.0,0.0,0.0,0.0,0.0,0.0,0.0,0.0,0.0,0.0,0.0,0.0,0.0,0.0,0.0
35.2008217593,209637.0,35779.0,5.859219095,757.0,64435.0,59.0,15.0,2300.0,6535.0,7877.0,8337.0,4566.0,5340.0,707.0,93.0,21.0,3.0,0.0,0.0,0.0,0.0,0.0,0.0,0.0,0.0,0.0,0.0,0.0,0.0,0.0,0.0,0.0,0.0,0.0,0.0,0.0,0.0
35.2049884259,213114.0,35770.0,5.95789767962,758.0,64444.0,56.0,14.0,2297.0,6422.0,7942.0,8180.0,4729.0,5376.0,686.0,100.0,30.0,8.0,0.0,0.0,0.0,0.0,0.0,0.0,0.0,0.0,0.0,0.0,0.0,0.0,0.0,0.0,0.0,0.0,0.0,0.0,0.0,0.0
35.2091550926,215901.0,35783.0,6.03361931644,755.0,64440.0,60.0,15.0,2218.0,6409.0,7742.0,8204.0,4793.0,5598.0,678.0,109.0,28.0,4.0,0.0,0.0,0.0,0.0,0.0,0.0,0.0,0.0,0.0,0.0,0.0,0.0,0.0,0.0,0.0,0.0,0.0,0.0,0.0,0.0
35.2133217593,210952.0,35772.0,5.89712624399,757.0,64440.0,56.0,17.0,2142.0,6596.0,7968.0,8207.0,4779.0,5225.0,719.0,110.0,23.0,3.0,0.0,0.0,0.0,0.0,0.0,0.0,0.0,0.0,0.0,0.0,0.0,0.0,0.0,0.0,0.0,0.0,0.0,0.0,0.0,0.0
35.2174884259,217319.0,35766.0,6.07613375832,755.0,64443.0,56.0,19.0,2206.0,6305.0,7757.0,8227.0,4866.0,5543.0,721.0,104.0,33.0,4.0,0.0,0.0,0.0,0.0,0.0,0.0,0.0,0.0,0.0,0.0,0.0,0.0,0.0,0.0,0.0,0.0,0.0,0.0,0.0,0.0
35.2216550926,216090.0,35766.0,6.04177151485,755.0,64440.0,56.0,17.0,2138.0,6312.0,7807.0,8259.0,4897.0,5442.0,788.0,99.0,22.0,2.0,0.0,0.0,0.0,0.0,0.0,0.0,0.0,0.0,0.0,0.0,0.0,0.0,0.0,0.0,0.0,0.0,0.0,0.0,0.0,0.0
35.2258217593,217570.0,35773.0,6.0819612557,755.0,64440.0,56.0,15.0,2133.0,6340.0,7939.0,8102.0,4862.0,5501.0,752.0,115.0,22.0,7.0,0.0,0.0,0.0,0.0,0.0,0.0,0.0,0.0,0.0,0.0,0.0,0.0,0.0,0.0,0.0,0.0,0.0,0.0,0.0,0.0
35.2299884259,220518.0,35768.0,6.16523149184,755.0,64444.0,56.0,12.0,2147.0,6210.0,7748.0,8147.0,5142.0,5484.0,735.0,114.0,31.0,10.0,0.0,0.0,0.0,0.0,0.0,0.0,0.0,0.0,0.0,0.0,0.0,0.0,0.0,0.0,0.0,0.0,0.0,0.0,0.0,0.0
35.2341550926,223557.0,35743.0,6.25456732787,752.0,64440.0,56.0,12.0,2115.0,6303.0,7737.0,8075.0,4827.0,5743.0,786.0,112.0,38.0,7.0,0.0,0.0,0.0,0.0,0.0,0.0,0.0,0.0,0.0,0.0,0.0,0.0,0.0,0.0,0.0,0.0,0.0,0.0,0.0,0.0
35.2383217593,218112.0,35754.0,6.10035240812,752.0,64444.0,55.0,15.0,2067.0,6378.0,7879.0,8132.0,4887.0,5532.0,736.0,106.0,31.0,6.0,0.0,0.0,0.0,0.0,0.0,0.0,0.0,0.0,0.0,0.0,0.0,0.0,0.0,0.0,0.0,0.0,0.0,0.0,0.0,0.0
35.2424884259,219432.0,35756.0,6.13692806802,755.0,64446.0,56.0,15.0,2127.0,6332.0,7678.0,7896.0,5104.0,5741.0,762.0,92.0,23.0,1.0,0.0,0.0,0.0,0.0,0.0,0.0,0.0,0.0,0.0,0.0,0.0,0.0,0.0,0.0,0.0,0.0,0.0,0.0,0.0,0.0
35.2466550926,226397.0,35756.0,6.3317205504,751.0,64445.0,55.0,12.0,2014.0,6149.0,7696.0,7992.0,5211.0,5718.0,815.0,129.0,22.0,10.0,0.0,0.0,0.0,0.0,0.0,0.0,0.0,0.0,0.0,0.0,0.0,0.0,0.0,0.0,0.0,0.0,0.0,0.0,0.0,0.0
35.2508217593,230223.0,35752.0,6.43944394719,751.0,64440.0,56.0,15.0,1999.0,6037.0,7531.0,8081.0,5224.0,5902.0,818.0,109.0,44.0,7.0,0.0,0.0,0.0,0.0,0.0,0.0,0.0,0.0,0.0,0.0,0.0,0.0,0.0,0.0,0.0,0.0,0.0,0.0,0.0,0.0
35.2549884259,234235.0,35753.0,6.55147819763,752.0,64440.0,56.0,19.0,1935.0,5895.0,7618.0,7934.0,5443.0,5890.0,868.0,113.0,47.0,10.0,0.0,0.0,0.0,0.0,0.0,0.0,0.0,0.0,0.0,0.0,0.0,0.0,0.0,0.0,0.0,0.0,0.0,0.0,0.0,0.0
35.2591550926,224237.0,35745.0,6.27324101273,751.0,64441.0,56.0,15.0,2018.0,6221.0,7828.0,7876.0,5149.0,5686.0,811.0,121.0,31.0,4.0,0.0,0.0,0.0,0.0,0.0,0.0,0.0,0.0,0.0,0.0,0.0,0.0,0.0,0.0,0.0,0.0,0.0,0.0,0.0,0.0
35.2633217593,230324.0,35751.0,6.44244916226,757.0,64443.0,52.0,15.0,2074.0,5970.0,7653.0,7708.0,5335.0,5997.0,869.0,116.0,24.0,5.0,0.0,0.0,0.0,0.0,0.0,0.0,0.0,0.0,0.0,0.0,0.0,0.0,0.0,0.0,0.0,0.0,0.0,0.0,0.0,0.0
35.2674884259,227375.0,35753.0,6.35960618689,751.0,64439.0,54.0,17.0,2066.0,6051.0,7688.0,7757.0,5389.0,5848.0,809.0,111.0,27.0,7.0,0.0,0.0,0.0,0.0,0.0,0.0,0.0,0.0,0.0,0.0,0.0,0.0,0.0,0.0,0.0,0.0,0.0,0.0,0.0,0.0
35.2716550926,236221.0,35755.0,6.60665641169,747.0,64440.0,55.0,15.0,1997.0,5867.0,7495.0,7795.0,5425.0,6127.0,890.0,113.0,37.0,9.0,0.0,0.0,0.0,0.0,0.0,0.0,0.0,0.0,0.0,0.0,0.0,0.0,0.0,0.0,0.0,0.0,0.0,0.0,0.0,0.0
35.2758217593,240532.0,35751.0,6.72797963693,751.0,64440.0,56.0,15.0,1932.0,5704.0,7472.0,7553.0,5641.0,6402.0,880.0,126.0,36.0,5.0,0.0,0.0,0.0,0.0,0.0,0.0,0.0,0.0,0.0,0.0,0.0,0.0,0.0,0.0,0.0,0.0,0.0,0.0,0.0,0.0
35.2799884259,244083.0,35750.0,6.8274965035,751.0,64440.0,56.0,16.0,1874.0,5647.0,7474.0,7408.0,5830.0,6383.0,969.0,124.0,34.0,7.0,0.0,0.0,0.0,0.0,0.0,0.0,0.0,0.0,0.0,0.0,0.0,0.0,0.0,0.0,0.0,0.0,0.0,0.0,0.0,0.0
35.2841550926,247825.0,35741.0,6.93391343275,749.0,64439.0,56.0,17.0,1850.0,5545.0,7468.0,7506.0,5775.0,6445.0,958.0,143.0,38.0,13.0,0.0,0.0,0.0,0.0,0.0,0.0,0.0,0.0,0.0,0.0,0.0,0.0,0.0,0.0,0.0,0.0,0.0,0.0,0.0,0.0
35.2883217593,243249.0,35733.0,6.80740491982,748.0,64440.0,56.0,15.0,1871.0,5549.0,7520.0,7453.0,5830.0,6354.0,978.0,151.0,26.0,1.0,0.0,0.0,0.0,0.0,0.0,0.0,0.0,0.0,0.0,0.0,0.0,0.0,0.0,0.0,0.0,0.0,0.0,0.0,0.0,0.0
35.2924884259,251239.0,35744.0,7.02884400179,747.0,64447.0,56.0,12.0,1715.0,5373.0,7247.0,7523.0,5918.0,6803.0,1009.0,118.0,35.0,3.0,0.0,0.0,0.0,0.0,0.0,0.0,0.0,0.0,0.0,0.0,0.0,0.0,0.0,0.0,0.0,0.0,0.0,0.0,0.0,0.0
35.2966550926,256444.0,35741.0,7.17506505134,747.0,64440.0,56.0,16.0,1727.0,5386.0,7201.0,7424.0,5970.0,6758.0,1104.0,120.0,39.0,12.0,0.0,0.0,0.0,0.0,0.0,0.0,0.0,0.0,0.0,0.0,0.0,0.0,0.0,0.0,0.0,0.0,0.0,0.0,0.0,0.0
35.3008217593,248802.0,35744.0,6.96066472695,748.0,64440.0,55.0,16.0,1754.0,5428.0,7343.0,7442.0,5963.0,6677.0,981.0,119.0,32.0,5.0,0.0,0.0,0.0,0.0,0.0,0.0,0.0,0.0,0.0,0.0,0.0,0.0,0.0,0.0,0.0,0.0,0.0,0.0,0.0,0.0
35.3049884259,260416.0,35743.0,7.28579022466,747.0,64440.0,57.0,19.0,1638.0,5080.0,7230.0,7175.0,6306.0,7084.0,1076.0,104.0,43.0,7.0,0.0,0.0,0.0,0.0,0.0,0.0,0.0,0.0,0.0,0.0,0.0,0.0,0.0,0.0,0.0,0.0,0.0,0.0,0.0,0.0
35.3091550926,258177.0,35743.0,7.22314858853,751.0,64441.0,56.0,16.0,1633.0,5003.0,7335.0,7338.0,6246.0,6925.0,1118.0,105.0,34.0,6.0,0.0,0.0,0.0,0.0,0.0,0.0,0.0,0.0,0.0,0.0,0.0,0.0,0.0,0.0,0.0,0.0,0.0,0.0,0.0,0.0
35.3133217593,261744.0,35745.0,7.32253462023,747.0,64444.0,55.0,15.0,1641.0,5162.0,6995.0,7288.0,6292.0,7022.0,1192.0,119.0,29.0,5.0,0.0,0.0,0.0,0.0,0.0,0.0,0.0,0.0,0.0,0.0,0.0,0.0,0.0,0.0,0.0,0.0,0.0,0.0,0.0,0.0
35.3174884259,260766.0,35748.0,7.29456193353,747.0,64439.0,57.0,24.0,1597.0,5098.0,7256.0,7139.0,6401.0,7009.0,1095.0,108.0,33.0,12.0,0.0,0.0,0.0,0.0,0.0,0.0,0.0,0.0,0.0,0.0,0.0,0.0,0.0,0.0,0.0,0.0,0.0,0.0,0.0,0.0
35.3216550926,264950.0,35752.0,7.41077422242,747.0,64441.0,56.0,15.0,1625.0,5010.0,6864.0,7247.0,6503.0,7225.0,1104.0,133.0,37.0,4.0,0.0,0.0,0.0,0.0,0.0,0.0,0.0,0.0,0.0,0.0,0.0,0.0,0.0,0.0,0.0,0.0,0.0,0.0,0.0,0.0
35.3258217593,270842.0,35750.0,7.576,747.0,64443.0,56.0,16.0,1476.0,4802.0,7174.0,7083.0,6638.0,7115.0,1293.0,125.0,33.0,11.0,0.0,0.0,0.0,0.0,0.0,0.0,0.0,0.0,0.0,0.0,0.0,0.0,0.0,0.0,0.0,0.0,0.0,0.0,0.0,0.0
35.3299884259,269627.0,35741.0,7.54391315296,747.0,64440.0,60.0,14.0,1478.0,4819.0,7002.0,7081.0,6716.0,7249.0,1243.0,117.0,29.0,7.0,0.0,0.0,0.0,0.0,0.0,0.0,0.0,0.0,0.0,0.0,0.0,0.0,0.0,0.0,0.0,0.0,0.0,0.0,0.0,0.0
35.3341550926,263442.0,35746.0,7.36983158955,747.0,64441.0,56.0,16.0,1483.0,4954.0,6938.0,7143.0,6645.0,7282.0,1197.0,84.0,19.0,1.0,0.0,0.0,0.0,0.0,0.0,0.0,0.0,0.0,0.0,0.0,0.0,0.0,0.0,0.0,0.0,0.0,0.0,0.0,0.0,0.0
35.3383217593,264029.0,35742.0,7.38707962621,747.0,64440.0,56.0,15.0,1478.0,4739.0,7057.0,6948.0,6961.0,7266.0,1192.0,90.0,10.0,1.0,0.0,0.0,0.0,0.0,0.0,0.0,0.0,0.0,0.0,0.0,0.0,0.0,0.0,0.0,0.0,0.0,0.0,0.0,0.0,0.0
35.3424884259,277087.0,35735.0,7.75393871554,745.0,64441.0,56.0,16.0,1421.0,4701.0,6799.0,6891.0,6949.0,7541.0,1278.0,116.0,26.0,13.0,0.0,0.0,0.0,0.0,0.0,0.0,0.0,0.0,0.0,0.0,0.0,0.0,0.0,0.0,0.0,0.0,0.0,0.0,0.0,0.0
35.3466550926,276359.0,35741.0,7.73226826334,747.0,64441.0,54.0,15.0,1425.0,4675.0,6736.0,7023.0,6951.0,7517.0,1245.0,127.0,35.0,7.0,0.0,0.0,0.0,0.0,0.0,0.0,0.0,0.0,0.0,0.0,0.0,0.0,0.0,0.0,0.0,0.0,0.0,0.0,0.0,0.0
35.3508217593,279639.0,35739.0,7.8244774616,744.0,64441.0,57.0,19.0,1392.0,4559.0,6766.0,6803.0,6984.0,7772.0,1307.0,124.0,30.0,2.0,0.0,0.0,0.0,0.0,0.0,0.0,0.0,0.0,0.0,0.0,0.0,0.0,0.0,0.0,0.0,0.0,0.0,0.0,0.0,0.0
35.3549884259,285916.0,35724.0,8.00347105587,744.0,64446.0,55.0,16.0,1324.0,4466.0,6535.0,6839.0,7220.0,7830.0,1338.0,125.0,38.0,9.0,0.0,0.0,0.0,0.0,0.0,0.0,0.0,0.0,0.0,0.0,0.0,0.0,0.0,0.0,0.0,0.0,0.0,0.0,0.0,0.0
35.3591550926,287134.0,35731.0,8.03599115614,745.0,64439.0,56.0,14.0,1407.0,4504.0,6579.0,6610.0,7279.0,7798.0,1374.0,135.0,32.0,13.0,0.0,0.0,0.0,0.0,0.0,0.0,0.0,0.0,0.0,0.0,0.0,0.0,0.0,0.0,0.0,0.0,0.0,0.0,0.0,0.0
35.3633217593,284214.0,35729.0,7.95471465756,741.0,64440.0,59.0,12.0,1313.0,4532.0,6451.0,6785.0,7289.0,7901.0,1304.0,114.0,34.0,6.0,0.0,0.0,0.0,0.0,0.0,0.0,0.0,0.0,0.0,0.0,0.0,0.0,0.0,0.0,0.0,0.0,0.0,0.0,0.0,0.0
35.3674884259,289441.0,35716.0,8.10395900997,739.0,64440.0,56.0,16.0,1325.0,4401.0,6392.0,6658.0,7315.0,8056.0,1425.0,111.0,23.0,10.0,0.0,0.0,0.0,0.0,0.0,0.0,0.0,0.0,0.0,0.0,0.0,0.0,0.0,0.0,0.0,0.0,0.0,0.0,0.0,0.0
35.3716550926,293128.0,35723.0,8.20558183803,744.0,64440.0,56.0,16.0,1295.0,4192.0,6254.0,6471.0,7812.0,8123.0,1427.0,106.0,42.0,1.0,0.0,0.0,0.0,0.0,0.0,0.0,0.0,0.0,0.0,0.0,0.0,0.0,0.0,0.0,0.0,0.0,0.0,0.0,0.0,0.0
35.3758217593,288558.0,35721.0,8.0781053162,744.0,64441.0,56.0,16.0,1273.0,4328.0,6493.0,6647.0,7600.0,7805.0,1421.0,111.0,36.0,7.0,0.0,0.0,0.0,0.0,0.0,0.0,0.0,0.0,0.0,0.0,0.0,0.0,0.0,0.0,0.0,0.0,0.0,0.0,0.0,0.0
35.3799884259,295749.0,35727.0,8.27802502309,741.0,64441.0,56.0,16.0,1313.0,4193.0,6158.0,6746.0,7608.0,8104.0,1435.0,111.0,50.0,9.0,0.0,0.0,0.0,0.0,0.0,0.0,0.0,0.0,0.0,0.0,0.0,0.0,0.0,0.0,0.0,0.0,0.0,0.0,0.0,0.0
35.3841550926,295597.0,35721.0,8.27516026987,741.0,64439.0,57.0,14.0,1230.0,4133.0,6274.0,6503.0,7877.0,8064.0,1494.0,106.0,31.0,9.0,0.0,0.0,0.0,0.0,0.0,0.0,0.0,0.0,0.0,0.0,0.0,0.0,0.0,0.0,0.0,0.0,0.0,0.0,0.0,0.0
35.3883217593,297485.0,35727.0,8.3266157248,741.0,64438.0,57.0,12.0,1245.0,4207.0,6039.0,6624.0,7872.0,8125.0,1453.0,112.0,37.0,13.0,0.0,0.0,0.0,0.0,0.0,0.0,0.0,0.0,0.0,0.0,0.0,0.0,0.0,0.0,0.0,0.0,0.0,0.0,0.0,0.0
35.3924884259,304764.0,35721.0,8.53178802385,741.0,64446.0,56.0,12.0,1182.0,3992.0,5982.0,6528.0,8083.0,8253.0,1522.0,122.0,40.0,17.0,0.0,0.0,0.0,0.0,0.0,0.0,0.0,0.0,0.0,0.0,0.0,0.0,0.0,0.0,0.0,0.0,0.0,0.0,0.0,0.0
35.4060416667,315590.0,35724.0,8.83411712014,741.0,64441.0,55.0,15.0,1101.0,3740.0,5645.0,6150.0,8557.0,8787.0,1557.0,137.0,35.0,15.0,0.0,0.0,0.0,0.0,0.0,0.0,0.0,0.0,0.0,0.0,0.0,0.0,0.0,0.0,0.0,0.0,0.0,0.0,0.0,0.0
35.4102083333,317922.0,35724.0,8.89939536446,744.0,64440.0,60.0,14.0,1092.0,3688.0,5601.0,6200.0,8485.0,8787.0,1692.0,130.0,41.0,8.0,0.0,0.0,0.0,0.0,0.0,0.0,0.0,0.0,0.0,0.0,0.0,0.0,0.0,0.0,0.0,0.0,0.0,0.0,0.0,0.0
35.414375,316184.0,35717.0,8.85247921158,741.0,64440.0,56.0,15.0,1097.0,3514.0,5583.0,6374.0,8641.0,8676.0,1649.0,139.0,38.0,6.0,0.0,0.0,0.0,0.0,0.0,0.0,0.0,0.0,0.0,0.0,0.0,0.0,0.0,0.0,0.0,0.0,0.0,0.0,0.0,0.0
35.4185416667,325754.0,35715.0,9.12092958141,736.0,64443.0,56.0,12.0,1052.0,3564.0,5265.0,6125.0,8589.0,9195.0,1761.0,110.0,46.0,8.0,0.0,0.0,0.0,0.0,0.0,0.0,0.0,0.0,0.0,0.0,0.0,0.0,0.0,0.0,0.0,0.0,0.0,0.0,0.0,0.0
35.4227083333,326415.0,35721.0,9.13790207441,736.0,64439.0,60.0,15.0,1066.0,3383.0,5350.0,6077.0,8823.0,9024.0,1819.0,138.0,35.0,6.0,0.0,0.0,0.0,0.0,0.0,0.0,0.0,0.0,0.0,0.0,0.0,0.0,0.0,0.0,0.0,0.0,0.0,0.0,0.0,0.0
35.426875,331841.0,35716.0,9.2911020271,736.0,64440.0,59.0,12.0,1091.0,3389.0,5170.0,5908.0,8826.0,9200.0,1958.0,137.0,33.0,4.0,0.0,0.0,0.0,0.0,0.0,0.0,0.0,0.0,0.0,0.0,0.0,0.0,0.0,0.0,0.0,0.0,0.0,0.0,0.0,0.0
35.4310416667,336112.0,35724.0,9.40857686709,739.0,64440.0,56.0,15.0,1019.0,3316.0,5012.0,5857.0,9010.0,9392.0,1950.0,126.0,33.0,9.0,0.0,0.0,0.0,0.0,0.0,0.0,0.0,0.0,0.0,0.0,0.0,0.0,0.0,0.0,0.0,0.0,0.0,0.0,0.0,0.0
35.4352083333,336871.0,35729.0,9.42850345658,738.0,64440.0,56.0,16.0,1016.0,3125.0,5079.0,5979.0,8983.0,9448.0,1929.0,125.0,36.0,9.0,0.0,0.0,0.0,0.0,0.0,0.0,0.0,0.0,0.0,0.0,0.0,0.0,0.0,0.0,0.0,0.0,0.0,0.0,0.0,0.0
35.439375,335664.0,35724.0,9.39603627813,736.0,64440.0,56.0,12.0,990.0,3362.0,4929.0,5965.0,9035.0,9334.0,1957.0,104.0,36.0,12.0,0.0,0.0,0.0,0.0,0.0,0.0,0.0,0.0,0.0,0.0,0.0,0.0,0.0,0.0,0.0,0.0,0.0,0.0,0.0,0.0
35.4435416667,337998.0,35728.0,9.46031124048,733.0,64440.0,57.0,15.0,1015.0,3140.0,4889.0,5904.0,9353.0,9343.0,1893.0,143.0,38.0,10.0,0.0,0.0,0.0,0.0,0.0,0.0,0.0,0.0,0.0,0.0,0.0,0.0,0.0,0.0,0.0,0.0,0.0,0.0,0.0,0.0
35.4477083333,343509.0,35720.0,9.61671332587,738.0,64443.0,56.0,15.0,967.0,3117.0,4748.0,5644.0,9462.0,9653.0,1947.0,132.0,42.0,8.0,0.0,0.0,0.0,0.0,0.0,0.0,0.0,0.0,0.0,0.0,0.0,0.0,0.0,0.0,0.0,0.0,0.0,0.0,0.0,0.0
35.451875,344170.0,35710.0,9.63791654999,736.0,64440.0,56.0,15.0,1005.0,3150.0,4620.0,5727.0,9425.0,9614.0,1983.0,143.0,31.0,12.0,0.0,0.0,0.0,0.0,0.0,0.0,0.0,0.0,0.0,0.0,0.0,0.0,0.0,0.0,0.0,0.0,0.0,0.0,0.0,0.0
35.4560416667,343388.0,35715.0,9.61467170657,733.0,64440.0,60.0,16.0,949.0,2988.0,4608.0,5888.0,9562.0,9534.0,2016.0,132.0,32.0,6.0,0.0,0.0,0.0,0.0,0.0,0.0,0.0,0.0,0.0,0.0,0.0,0.0,0.0,0.0,0.0,0.0,0.0,0.0,0.0,0.0
35.4602083333,347057.0,35711.0,9.71849010109,733.0,64441.0,56.0,15.0,987.0,3021.0,4492.0,5837.0,9557.0,9633.0,1975.0,152.0,50.0,7.0,0.0,0.0,0.0,0.0,0.0,0.0,0.0,0.0,0.0,0.0,0.0,0.0,0.0,0.0,0.0,0.0,0.0,0.0,0.0,0.0
35.464375,350101.0,35716.0,9.80235748684,733.0,64440.0,56.0,15.0,916.0,3025.0,4296.0,5789.0,9714.0,9759.0,2010.0,158.0,43.0,6.0,0.0,0.0,0.0,0.0,0.0,0.0,0.0,0.0,0.0,0.0,0.0,0.0,0.0,0.0,0.0,0.0,0.0,0.0,0.0,0.0
35.4685416667,350804.0,35720.0,9.8209406495,733.0,64440.0,60.0,15.0,900.0,2918.0,4413.0,5675.0,9695.0,9955.0,1985.0,126.0,44.0,9.0,0.0,0.0,0.0,0.0,0.0,0.0,0.0,0.0,0.0,0.0,0.0,0.0,0.0,0.0,0.0,0.0,0.0,0.0,0.0,0.0
35.4727083333,356605.0,35711.0,9.985858699,733.0,64442.0,56.0,15.0,892.0,2949.0,4202.0,5679.0,9765.0,9908.0,2110.0,151.0,44.0,10.0,1.0,0.0,0.0,0.0,0.0,0.0,0.0,0.0,0.0,0.0,0.0,0.0,0.0,0.0,0.0,0.0,0.0,0.0,0.0,0.0
35.476875,353270.0,35715.0,9.89136217276,735.0,64440.0,55.0,16.0,922.0,2990.0,4212.0,5512.0,9960.0,9932.0,1998.0,138.0,36.0,15.0,0.0,0.0,0.0,0.0,0.0,0.0,0.0,0.0,0.0,0.0,0.0,0.0,0.0,0.0,0.0,0.0,0.0,0.0,0.0,0.0
35.4810416667,365909.0,35712.0,10.2461077509,733.0,64443.0,57.0,15.0,895.0,2691.0,3919.0,5531.0,9999.0,10223.0,2233.0,175.0,37.0,9.0,0.0,0.0,0.0,0.0,0.0,0.0,0.0,0.0,0.0,0.0,0.0,0.0,0.0,0.0,0.0,0.0,0.0,0.0,0.0,0.0
35.4852083333,364140.0,35717.0,10.195145169,733.0,64440.0,59.0,15.0,930.0,2836.0,3922.0,5287.0,10129.0,10125.0,2280.0,169.0,35.0,4.0,0.0,0.0,0.0,0.0,0.0,0.0,0.0,0.0,0.0,0.0,0.0,0.0,0.0,0.0,0.0,0.0,0.0,0.0,0.0,0.0
35.489375,371565.0,35719.0,10.402446877,733.0,64440.0,56.0,19.0,886.0,2797.0,3812.0,5192.0,10163.0,10326.0,2313.0,168.0,53.0,9.0,0.0,0.0,0.0,0.0,0.0,0.0,0.0,0.0,0.0,0.0,0.0,0.0,0.0,0.0,0.0,0.0,0.0,0.0,0.0,0.0
35.4935416667,371130.0,35708.0,10.3934692506,733.0,64442.0,57.0,18.0,838.0,2662.0,3794.0,5332.0,10124.0,10386.0,2373.0,153.0,40.0,6.0,0.0,0.0,0.0,0.0,0.0,0.0,0.0,0.0,0.0,0.0,0.0,0.0,0.0,0.0,0.0,0.0,0.0,0.0,0.0,0.0
35.4977083333,364649.0,35714.0,10.210253682,732.0,64444.0,56.0,14.0,901.0,2749.0,3864.0,5297.0,10197.0,10279.0,2245.0,138.0,39.0,5.0,0.0,0.0,0.0,0.0,0.0,0.0,0.0,0.0,0.0,0.0,0.0,0.0,0.0,0.0,0.0,0.0,0.0,0.0,0.0,0.0
35.501875,362233.0,35716.0,10.1420371822,733.0,64440.0,57.0,12.0,927.0,2811.0,3857.0,5395.0,10330.0,9974.0,2211.0,162.0,45.0,4.0,0.0,0.0,0.0,0.0,0.0,0.0,0.0,0.0,0.0,0.0,0.0,0.0,0.0,0.0,0.0,0.0,0.0,0.0,0.0,0.0
35.5060416667,368063.0,35708.0,10.3075781338,735.0,64440.0,56.0,16.0,865.0,2797.0,3821.0,5240.0,10335.0,10176.0,2239.0,177.0,52.0,6.0,0.0,0.0,0.0,0.0,0.0,0.0,0.0,0.0,0.0,0.0,0.0,0.0,0.0,0.0,0.0,0.0,0.0,0.0,0.0,0.0
35.5102083333,365126.0,35694.0,10.2293382641,733.0,64441.0,60.0,14.0,863.0,2842.0,3766.0,5350.0,10351.0,10103.0,2202.0,154.0,59.0,4.0,0.0,0.0,0.0,0.0,0.0,0.0,0.0,0.0,0.0,0.0,0.0,0.0,0.0,0.0,0.0,0.0,0.0,0.0,0.0,0.0
35.514375,365591.0,35709.0,10.2380632334,733.0,64441.0,56.0,16.0,869.0,2715.0,3730.0,5422.0,10372.0,10152.0,2238.0,165.0,44.0,2.0,0.0,0.0,0.0,0.0,0.0,0.0,0.0,0.0,0.0,0.0,0.0,0.0,0.0,0.0,0.0,0.0,0.0,0.0,0.0,0.0
35.5185416667,367611.0,35706.0,10.2954965552,733.0,64439.0,57.0,15.0,962.0,2755.0,3760.0,5204.0,10383.0,10159.0,2265.0,164.0,46.0,8.0,0.0,0.0,0.0,0.0,0.0,0.0,0.0,0.0,0.0,0.0,0.0,0.0,0.0,0.0,0.0,0.0,0.0,0.0,0.0,0.0
35.5227083333,362046.0,35711.0,10.1382207163,733.0,64439.0,57.0,19.0,927.0,2884.0,3751.0,5403.0,10486.0,9817.0,2228.0,162.0,48.0,5.0,0.0,0.0,0.0,0.0,0.0,0.0,0.0,0.0,0.0,0.0,0.0,0.0,0.0,0.0,0.0,0.0,0.0,0.0,0.0,0.0
35.526875,364532.0,35713.0,10.2072634615,733.0,64441.0,54.0,19.0,934.0,2752.0,3754.0,5308.0,10658.0,9900.0,2191.0,155.0,49.0,12.0,0.0,0.0,0.0,0.0,0.0,0.0,0.0,0.0,0.0,0.0,0.0,0.0,0.0,0.0,0.0,0.0,0.0,0.0,0.0,0.0
35.5310416667,360948.0,35698.0,10.1111546865,733.0,64440.0,59.0,15.0,912.0,2958.0,3759.0,5334.0,10606.0,9712.0,2228.0,129.0,47.0,13.0,0.0,0.0,0.0,0.0,0.0,0.0,0.0,0.0,0.0,0.0,0.0,0.0,0.0,0.0,0.0,0.0,0.0,0.0,0.0,0.0
35.5352083333,360415.0,35709.0,10.0931137808,729.0,64443.0,57.0,15.0,981.0,2921.0,3721.0,5451.0,10453.0,9737.0,2246.0,151.0,39.0,9.0,0.0,0.0,0.0,0.0,0.0,0.0,0.0,0.0,0.0,0.0,0.0,0.0,0.0,0.0,0.0,0.0,0.0,0.0,0.0,0.0
35.539375,355609.0,35714.0,9.95713165705,733.0,64443.0,56.0,19.0,993.0,2949.0,3844.0,5425.0,10593.0,9594.0,2111.0,147.0,53.0,5.0,0.0,0.0,0.0,0.0,0.0,0.0,0.0,0.0,0.0,0.0,0.0,0.0,0.0,0.0,0.0,0.0,0.0,0.0,0.0,0.0
35.5435416667,355192.0,35711.0,9.94629105878,733.0,64442.0,56.0,23.0,1021.0,2912.0,3868.0,5492.0,10522.0,9496.0,2208.0,149.0,37.0,6.0,0.0,0.0,0.0,0.0,0.0,0.0,0.0,0.0,0.0,0.0,0.0,0.0,0.0,0.0,0.0,0.0,0.0,0.0,0.0,0.0
35.5477083333,357204.0,35691.0,10.0082373708,733.0,64441.0,54.0,19.0,1064.0,2974.0,3767.0,5420.0,10419.0,9716.0,2138.0,138.0,40.0,15.0,0.0,0.0,0.0,0.0,0.0,0.0,0.0,0.0,0.0,0.0,0.0,0.0,0.0,0.0,0.0,0.0,0.0,0.0,0.0,0.0
35.551875,357274.0,35708.0,10.0054329562,736.0,64440.0,56.0,12.0,1066.0,2958.0,3776.0,5293.0,10573.0,9653.0,2201.0,134.0,49.0,5.0,0.0,0.0,0.0,0.0,0.0,0.0,0.0,0.0,0.0,0.0,0.0,0.0,0.0,0.0,0.0,0.0,0.0,0.0,0.0,0.0
35.5560416667,356841.0,35710.0,9.99274712966,735.0,64444.0,56.0,19.0,1065.0,3061.0,3698.0,5298.0,10555.0,9641.0,2203.0,140.0,43.0,6.0,0.0,0.0,0.0,0.0,0.0,0.0,0.0,0.0,0.0,0.0,0.0,0.0,0.0,0.0,0.0,0.0,0.0,0.0,0.0,0.0
35.5602083333,355689.0,35710.0,9.96048725847,733.0,64438.0,57.0,17.0,1014.0,2927.0,3807.0,5395.0,10710.0,9502.0,2149.0,161.0,37.0,8.0,0.0,0.0,0.0,0.0,0.0,0.0,0.0,0.0,0.0,0.0,0.0,0.0,0.0,0.0,0.0,0.0,0.0,0.0,0.0,0.0
35.564375,356202.0,35708.0,9.97541167245,733.0,64440.0,57.0,16.0,1073.0,3114.0,3758.0,5347.0,10567.0,9446.0,2194.0,148.0,53.0,8.0,0.0,0.0,0.0,0.0,0.0,0.0,0.0,0.0,0.0,0.0,0.0,0.0,0.0,0.0,0.0,0.0,0.0,0.0,0.0,0.0
35.5685416667,357586.0,35714.0,10.0124880999,733.0,64441.0,59.0,8.0,1163.0,3014.0,3772.0,5343.0,10455.0,9550.0,2188.0,170.0,53.0,6.0,0.0,0.0,0.0,0.0,0.0,0.0,0.0,0.0,0.0,0.0,0.0,0.0,0.0,0.0,0.0,0.0,0.0,0.0,0.0,0.0
35.5727083333,352789.0,35706.0,9.88038424915,733.0,64439.0,56.0,12.0,1077.0,3127.0,3809.0,5465.0,10517.0,9311.0,2189.0,170.0,34.0,7.0,0.0,0.0,0.0,0.0,0.0,0.0,0.0,0.0,0.0,0.0,0.0,0.0,0.0,0.0,0.0,0.0,0.0,0.0,0.0,0.0
35.576875,349941.0,35723.0,9.7959577863,733.0,64441.0,56.0,15.0,1144.0,3253.0,3756.0,5578.0,10474.0,9233.0,2065.0,151.0,63.0,6.0,0.0,0.0,0.0,0.0,0.0,0.0,0.0,0.0,0.0,0.0,0.0,0.0,0.0,0.0,0.0,0.0,0.0,0.0,0.0,0.0
35.5810416667,348814.0,35713.0,9.76714361717,735.0,64441.0,56.0,12.0,1150.0,3146.0,3826.0,5666.0,10379.0,9178.0,2173.0,151.0,39.0,5.0,0.0,0.0,0.0,0.0,0.0,0.0,0.0,0.0,0.0,0.0,0.0,0.0,0.0,0.0,0.0,0.0,0.0,0.0,0.0,0.0
35.5852083333,347454.0,35709.0,9.73015206251,733.0,64439.0,57.0,15.0,1178.0,3286.0,3824.0,5552.0,10281.0,9286.0,2105.0,158.0,31.0,8.0,0.0,0.0,0.0,0.0,0.0,0.0,0.0,0.0,0.0,0.0,0.0,0.0,0.0,0.0,0.0,0.0,0.0,0.0,0.0,0.0
35.589375,348671.0,35712.0,9.76341285842,733.0,64441.0,60.0,16.0,1158.0,3215.0,3796.0,5668.0,10525.0,9077.0,2032.0,180.0,50.0,11.0,0.0,0.0,0.0,0.0,0.0,0.0,0.0,0.0,0.0,0.0,0.0,0.0,0.0,0.0,0.0,0.0,0.0,0.0,0.0,0.0
35.5935416667,345844.0,35719.0,9.68235392928,733.0,64440.0,56.0,19.0,1100.0,3242.0,3961.0,5616.0,10457.0,9037.0,2104.0,154.0,43.0,5.0,0.0,0.0,0.0,0.0,0.0,0.0,0.0,0.0,0.0,0.0,0.0,0.0,0.0,0.0,0.0,0.0,0.0,0.0,0.0,0.0
35.5977083333,349307.0,35720.0,9.77903135498,733.0,64440.0,57.0,14.0,1130.0,3323.0,3862.0,5425.0,10446.0,9188.0,2139.0,158.0,40.0,9.0,0.0,0.0,0.0,0.0,0.0,0.0,0.0,0.0,0.0,0.0,0.0,0.0,0.0,0.0,0.0,0.0,0.0,0.0,0.0,0.0
35.601875,348572.0,35721.0,9.75818146189,733.0,64444.0,60.0,14.0,1165.0,3180.0,3918.0,5585.0,10416.0,9181.0,2050.0,173.0,41.0,12.0,0.0,0.0,0.0,0.0,0.0,0.0,0.0,0.0,0.0,0.0,0.0,0.0,0.0,0.0,0.0,0.0,0.0,0.0,0.0,0.0
35.6060416667,348317.0,35724.0,9.75022393909,733.0,64446.0,56.0,15.0,1147.0,3319.0,3859.0,5526.0,10455.0,9039.0,2158.0,173.0,43.0,5.0,0.0,0.0,0.0,0.0,0.0,0.0,0.0,0.0,0.0,0.0,0.0,0.0,0.0,0.0,0.0,0.0,0.0,0.0,0.0,0.0
35.6102083333,347251.0,35714.0,9.72310578485,733.0,64439.0,57.0,15.0,1175.0,3347.0,3714.0,5579.0,10512.0,9037.0,2141.0,167.0,35.0,7.0,0.0,0.0,0.0,0.0,0.0,0.0,0.0,0.0,0.0,0.0,0.0,0.0,0.0,0.0,0.0,0.0,0.0,0.0,0.0,0.0
35.614375,351089.0,35722.0,9.82836907228,733.0,64440.0,56.0,16.0,1167.0,3307.0,3719.0,5524.0,10459.0,9181.0,2138.0,171.0,47.0,9.0,0.0,0.0,0.0,0.0,0.0,0.0,0.0,0.0,0.0,0.0,0.0,0.0,0.0,0.0,0.0,0.0,0.0,0.0,0.0,0.0
35.6185416667,348548.0,35730.0,9.75505177722,733.0,64441.0,60.0,19.0,1206.0,3270.0,3873.0,5601.0,10259.0,9202.0,2098.0,174.0,35.0,12.0,0.0,0.0,0.0,0.0,0.0,0.0,0.0,0.0,0.0,0.0,0.0,0.0,0.0,0.0,0.0,0.0,0.0,0.0,0.0,0.0
35.6227083333,346743.0,35728.0,9.70507725034,736.0,64440.0,57.0,16.0,1215.0,3481.0,3801.0,5733.0,10151.0,8928.0,2189.0,179.0,46.0,5.0,0.0,0.0,0.0,0.0,0.0,0.0,0.0,0.0,0.0,0.0,0.0,0.0,0.0,0.0,0.0,0.0,0.0,0.0,0.0,0.0
35.626875,344641.0,35726.0,9.6467838549,733.0,64440.0,56.0,15.0,1247.0,3433.0,3800.0,5750.0,10146.0,9024.0,2108.0,167.0,48.0,3.0,0.0,0.0,0.0,0.0,0.0,0.0,0.0,0.0,0.0,0.0,0.0,0.0,0.0,0.0,0.0,0.0,0.0,0.0,0.0,0.0
35.6310416667,338157.0,35724.0,9.46582129661,733.0,64440.0,57.0,12.0,1312.0,3549.0,3900.0,5658.0,10392.0,8687.0,2026.0,151.0,39.0,10.0,0.0,0.0,0.0,0.0,0.0,0.0,0.0,0.0,0.0,0.0,0.0,0.0,0.0,0.0,0.0,0.0,0.0,0.0,0.0,0.0
35.6352083333,337617.0,35720.0,9.45176371781,736.0,64447.0,56.0,12.0,1276.0,3497.0,3938.0,5863.0,10233.0,8670.0,2037.0,156.0,45.0,5.0,0.0,0.0,0.0,0.0,0.0,0.0,0.0,0.0,0.0,0.0,0.0,0.0,0.0,0.0,0.0,0.0,0.0,0.0,0.0,0.0
35.639375,337591.0,35723.0,9.45024214092,736.0,64440.0,56.0,16.0,1309.0,3619.0,3886.0,5886.0,10282.0,8559.0,1930.0,187.0,54.0,11.0,0.0,0.0,0.0,0.0,0.0,0.0,0.0,0.0,0.0,0.0,0.0,0.0,0.0,0.0,0.0,0.0,0.0,0.0,0.0,0.0
35.6435416667,331468.0,35730.0,9.27702211027,735.0,64440.0,59.0,12.0,1346.0,3596.0,3910.0,5869.0,10404.0,8418.0,1980.0,177.0,29.0,1.0,0.0,0.0,0.0,0.0,0.0,0.0,0.0,0.0,0.0,0.0,0.0,0.0,0.0,0.0,0.0,0.0,0.0,0.0,0.0,0.0
35.6477083333,336736.0,35717.0,9.42789148025,735.0,64441.0,56.0,16.0,1294.0,3548.0,3904.0,5873.0,10222.0,8627.0,2043.0,163.0,37.0,6.0,0.0,0.0,0.0,0.0,0.0,0.0,0.0,0.0,0.0,0.0,0.0,0.0,0.0,0.0,0.0,0.0,0.0,0.0,0.0,0.0
35.651875,335625.0,35725.0,9.39468159552,736.0,64441.0,57.0,12.0,1313.0,3569.0,3992.0,5850.0,10220.0,8560.0,2009.0,164.0,40.0,8.0,0.0,0.0,0.0,0.0,0.0,0.0,0.0,0.0,0.0,0.0,0.0,0.0,0.0,0.0,0.0,0.0,0.0,0.0,0.0,0.0
35.6560416667,333411.0,35721.0,9.33375325439,739.0,64447.0,56.0,9.0,1329.0,3663.0,4036.0,5991.0,10062.0,8474.0,1925.0,187.0,45.0,9.0,0.0,0.0,0.0,0.0,0.0,0.0,0.0,0.0,0.0,0.0,0.0,0.0,0.0,0.0,0.0,0.0,0.0,0.0,0.0,0.0
35.6602083333,330144.0,35718.0,9.24307072065,735.0,64440.0,60.0,12.0,1305.0,3828.0,4004.0,5955.0,10075.0,8400.0,1950.0,149.0,45.0,7.0,0.0,0.0,0.0,0.0,0.0,0.0,0.0,0.0,0.0,0.0,0.0,0.0,0.0,0.0,0.0,0.0,0.0,0.0,0.0,0.0
35.664375,331294.0,35721.0,9.27448839618,739.0,64439.0,60.0,15.0,1331.0,3686.0,3968.0,6060.0,10257.0,8154.0,2043.0,178.0,40.0,4.0,0.0,0.0,0.0,0.0,0.0,0.0,0.0,0.0,0.0,0.0,0.0,0.0,0.0,0.0,0.0,0.0,0.0,0.0,0.0,0.0
35.6685416667,324635.0,35718.0,9.08883476118,739.0,64447.0,60.0,11.0,1384.0,3865.0,4007.0,6119.0,10183.0,8090.0,1864.0,155.0,41.0,10.0,0.0,0.0,0.0,0.0,0.0,0.0,0.0,0.0,0.0,0.0,0.0,0.0,0.0,0.0,0.0,0.0,0.0,0.0,0.0,0.0
35.6727083333,330083.0,35716.0,9.24188038974,739.0,64440.0,63.0,7.0,1372.0,3819.0,3986.0,6021.0,10090.0,8179.0,2048.0,149.0,45.0,7.0,0.0,0.0,0.0,0.0,0.0,0.0,0.0,0.0,0.0,0.0,0.0,0.0,0.0,0.0,0.0,0.0,0.0,0.0,0.0,0.0
35.676875,323282.0,35718.0,9.05095470071,742.0,64443.0,56.0,15.0,1464.0,3892.0,4029.0,6257.0,10136.0,7858.0,1852.0,174.0,41.0,15.0,0.0,0.0,0.0,0.0,0.0,0.0,0.0,0.0,0.0,0.0,0.0,0.0,0.0,0.0,0.0,0.0,0.0,0.0,0.0,0.0
35.6810416667,323714.0,35724.0,9.06152726458,741.0,64443.0,56.0,15.0,1415.0,3846.0,4056.0,6235.0,10146.0,7893.0,1932.0,148.0,43.0,10.0,0.0,0.0,0.0,0.0,0.0,0.0,0.0,0.0,0.0,0.0,0.0,0.0,0.0,0.0,0.0,0.0,0.0,0.0,0.0,0.0
35.6852083333,313445.0,35722.0,8.77456469403,742.0,64440.0,56.0,16.0,1513.0,3831.0,4267.0,6390.0,9956.0,7744.0,1855.0,141.0,22.0,3.0,0.0,0.0,0.0,0.0,0.0,0.0,0.0,0.0,0.0,0.0,0.0,0.0,0.0,0.0,0.0,0.0,0.0,0.0,0.0,0.0
35.689375,312035.0,35724.0,8.73460418766,742.0,64441.0,60.0,15.0,1484.0,3947.0,4070.0,6439.0,10110.0,7718.0,1786.0,148.0,19.0,3.0,0.0,0.0,0.0,0.0,0.0,0.0,0.0,0.0,0.0,0.0,0.0,0.0,0.0,0.0,0.0,0.0,0.0,0.0,0.0,0.0
35.6935416667,317871.0,35726.0,8.89746962996,739.0,64440.0,60.0,14.0,1437.0,3867.0,4164.0,6407.0,10084.0,7739.0,1837.0,142.0,38.0,11.0,0.0,0.0,0.0,0.0,0.0,0.0,0.0,0.0,0.0,0.0,0.0,0.0,0.0,0.0,0.0,0.0,0.0,0.0,0.0,0.0
35.6977083333,314714.0,35719.0,8.81082897058,738.0,64440.0,60.0,8.0,1551.0,3930.0,4036.0,6576.0,10003.0,7642.0,1758.0,179.0,38.0,6.0,0.0,0.0,0.0,0.0,0.0,0.0,0.0,0.0,0.0,0.0,0.0,0.0,0.0,0.0,0.0,0.0,0.0,0.0,0.0,0.0
35.701875,318896.0,35730.0,8.92516092919,744.0,64443.0,58.0,12.0,1404.0,4020.0,4136.0,6291.0,10222.0,7545.0,1855.0,216.0,37.0,4.0,0.0,0.0,0.0,0.0,0.0,0.0,0.0,0.0,0.0,0.0,0.0,0.0,0.0,0.0,0.0,0.0,0.0,0.0,0.0,0.0
35.7060416667,310920.0,35731.0,8.7016876102,741.0,64438.0,60.0,12.0,1456.0,4178.0,4121.0,6443.0,10143.0,7476.0,1689.0,182.0,37.0,6.0,0.0,0.0,0.0,0.0,0.0,0.0,0.0,0.0,0.0,0.0,0.0,0.0,0.0,0.0,0.0,0.0,0.0,0.0,0.0,0.0
35.7102083333,318203.0,35726.0,8.90676258187,744.0,64440.0,59.0,15.0,1503.0,4171.0,4082.0,6425.0,9941.0,7572.0,1768.0,200.0,49.0,15.0,0.0,0.0,0.0,0.0,0.0,0.0,0.0,0.0,0.0,0.0,0.0,0.0,0.0,0.0,0.0,0.0,0.0,0.0,0.0,0.0
35.714375,314738.0,35737.0,8.80706270812,744.0,64442.0,57.0,15.0,1418.0,4056.0,4113.0,6624.0,10113.0,7333.0,1847.0,177.0,55.0,1.0,0.0,0.0,0.0,0.0,0.0,0.0,0.0,0.0,0.0,0.0,0.0,0.0,0.0,0.0,0.0,0.0,0.0,0.0,0.0,0.0
35.7185416667,313182.0,35727.0,8.76597531279,744.0,64440.0,57.0,15.0,1519.0,4062.0,4134.0,6551.0,9999.0,7524.0,1697.0,182.0,53.0,6.0,0.0,0.0,0.0,0.0,0.0,0.0,0.0,0.0,0.0,0.0,0.0,0.0,0.0,0.0,0.0,0.0,0.0,0.0,0.0,0.0
35.7227083333,312307.0,35743.0,8.73757099292,741.0,64441.0,60.0,14.0,1513.0,4065.0,4197.0,6540.0,10085.0,7353.0,1761.0,179.0,41.0,9.0,0.0,0.0,0.0,0.0,0.0,0.0,0.0,0.0,0.0,0.0,0.0,0.0,0.0,0.0,0.0,0.0,0.0,0.0,0.0,0.0
35.726875,314792.0,35738.0,8.80832727069,747.0,64439.0,56.0,15.0,1493.0,3954.0,4163.0,6730.0,10019.0,7405.0,1721.0,196.0,41.0,16.0,0.0,0.0,0.0,0.0,0.0,0.0,0.0,0.0,0.0,0.0,0.0,0.0,0.0,0.0,0.0,0.0,0.0,0.0,0.0,0.0
35.7394212963,308684.0,35746.0,8.63548369048,747.0,64440.0,56.0,12.0,1589.0,4050.0,4085.0,6882.0,10075.0,7113.0,1709.0,194.0,40.0,9.0,0.0,0.0,0.0,0.0,0.0,0.0,0.0,0.0,0.0,0.0,0.0,0.0,0.0,0.0,0.0,0.0,0.0,0.0,0.0,0.0
35.743587963,304809.0,35736.0,8.52946608462,747.0,64441.0,56.0,12.0,1573.0,4213.0,4120.0,6957.0,9938.0,7052.0,1660.0,172.0,41.0,9.0,1.0,0.0,0.0,0.0,0.0,0.0,0.0,0.0,0.0,0.0,0.0,0.0,0.0,0.0,0.0,0.0,0.0,0.0,0.0,0.0
35.7477546296,306525.0,35748.0,8.57460557234,748.0,64440.0,55.0,15.0,1592.0,4205.0,4076.0,6868.0,10113.0,6966.0,1679.0,192.0,49.0,8.0,0.0,0.0,0.0,0.0,0.0,0.0,0.0,0.0,0.0,0.0,0.0,0.0,0.0,0.0,0.0,0.0,0.0,0.0,0.0,0.0
35.7519212963,302093.0,35743.0,8.45180874577,747.0,64441.0,60.0,11.0,1536.0,4247.0,4151.0,7066.0,10006.0,6841.0,1671.0,176.0,43.0,6.0,0.0,0.0,0.0,0.0,0.0,0.0,0.0,0.0,0.0,0.0,0.0,0.0,0.0,0.0,0.0,0.0,0.0,0.0,0.0,0.0
35.756087963,302285.0,35747.0,8.45623408957,747.0,64440.0,59.0,9.0,1530.0,4227.0,4111.0,6957.0,10243.0,6796.0,1671.0,159.0,46.0,7.0,0.0,0.0,0.0,0.0,0.0,0.0,0.0,0.0,0.0,0.0,0.0,0.0,0.0,0.0,0.0,0.0,0.0,0.0,0.0,0.0
35.7602546296,304643.0,35741.0,8.52362832601,747.0,64444.0,56.0,16.0,1544.0,4133.0,4005.0,7159.0,10049.0,6925.0,1693.0,189.0,38.0,6.0,0.0,0.0,0.0,0.0,0.0,0.0,0.0,0.0,0.0,0.0,0.0,0.0,0.0,0.0,0.0,0.0,0.0,0.0,0.0,0.0
35.7644212963,303759.0,35751.0,8.49651757993,747.0,64440.0,57.0,16.0,1588.0,4117.0,3995.0,7113.0,10162.0,6851.0,1709.0,167.0,44.0,5.0,0.0,0.0,0.0,0.0,0.0,0.0,0.0,0.0,0.0,0.0,0.0,0.0,0.0,0.0,0.0,0.0,0.0,0.0,0.0,0.0
35.768587963,308066.0,35752.0,8.61674871336,751.0,64444.0,59.0,14.0,1548.0,4154.0,4046.0,7029.0,10197.0,6831.0,1691.0,187.0,54.0,15.0,0.0,0.0,0.0,0.0,0.0,0.0,0.0,0.0,0.0,0.0,0.0,0.0,0.0,0.0,0.0,0.0,0.0,0.0,0.0,0.0
35.7727546296,305743.0,35754.0,8.55129496,749.0,64443.0,60.0,14.0,1597.0,4077.0,3971.0,7029.0,10255.0,6941.0,1652.0,183.0,36.0,13.0,0.0,0.0,0.0,0.0,0.0,0.0,0.0,0.0,0.0,0.0,0.0,0.0,0.0,0.0,0.0,0.0,0.0,0.0,0.0,0.0
35.7769212963,296191.0,35767.0,8.28112505941,751.0,64440.0,62.0,12.0,1630.0,4269.0,4135.0,7081.0,10404.0,6436.0,1606.0,157.0,38.0,11.0,0.0,0.0,0.0,0.0,0.0,0.0,0.0,0.0,0.0,0.0,0.0,0.0,0.0,0.0,0.0,0.0,0.0,0.0,0.0,0.0
35.781087963,301996.0,35731.0,8.45193249559,751.0,64445.0,56.0,12.0,1567.0,4142.0,4109.0,7125.0,10208.0,6701.0,1640.0,183.0,49.0,7.0,0.0,0.0,0.0,0.0,0.0,0.0,0.0,0.0,0.0,0.0,0.0,0.0,0.0,0.0,0.0,0.0,0.0,0.0,0.0,0.0
35.7852546296,291997.0,35758.0,8.1659209128,752.0,64440.0,60.0,14.0,1687.0,4339.0,4071.0,7251.0,10286.0,6344.0,1593.0,150.0,26.0,11.0,0.0,0.0,0.0,0.0,0.0,0.0,0.0,0.0,0.0,0.0,0.0,0.0,0.0,0.0,0.0,0.0,0.0,0.0,0.0,0.0
35.7894212963,295693.0,35752.0,8.2706701723,751.0,64440.0,57.0,15.0,1606.0,4371.0,4021.0,7264.0,10256.0,6377.0,1628.0,186.0,38.0,5.0,0.0,0.0,0.0,0.0,0.0,0.0,0.0,0.0,0.0,0.0,0.0,0.0,0.0,0.0,0.0,0.0,0.0,0.0,0.0,0.0
35.793587963,291792.0,35741.0,8.16406927618,751.0,64435.0,63.0,9.0,1630.0,4334.0,3939.0,7403.0,10470.0,6236.0,1520.0,158.0,42.0,9.0,0.0,0.0,0.0,0.0,0.0,0.0,0.0,0.0,0.0,0.0,0.0,0.0,0.0,0.0,0.0,0.0,0.0,0.0,0.0,0.0
35.7977546296,287565.0,35761.0,8.04130197701,755.0,64444.0,56.0,12.0,1608.0,4417.0,4118.0,7382.0,10307.0,6253.0,1481.0,160.0,29.0,6.0,0.0,0.0,0.0,0.0,0.0,0.0,0.0,0.0,0.0,0.0,0.0,0.0,0.0,0.0,0.0,0.0,0.0,0.0,0.0,0.0
35.8019212963,289545.0,35753.0,8.09848124633,755.0,64440.0,59.0,9.0,1676.0,4345.0,4066.0,7433.0,10469.0,5996.0,1552.0,165.0,44.0,7.0,0.0,0.0,0.0,0.0,0.0,0.0,0.0,0.0,0.0,0.0,0.0,0.0,0.0,0.0,0.0,0.0,0.0,0.0,0.0,0.0
35.806087963,290088.0,35756.0,8.11298802998,758.0,64444.0,56.0,14.0,1638.0,4250.0,4027.0,7356.0,10519.0,6233.0,1555.0,136.0,37.0,5.0,0.0,0.0,0.0,0.0,0.0,0.0,0.0,0.0,0.0,0.0,0.0,0.0,0.0,0.0,0.0,0.0,0.0,0.0,0.0,0.0
35.8102546296,283355.0,35758.0,7.92424072935,751.0,64441.0,56.0,16.0,1691.0,4469.0,4037.0,7441.0,10371.0,6164.0,1414.0,132.0,33.0,6.0,0.0,0.0,0.0,0.0,0.0,0.0,0.0,0.0,0.0,0.0,0.0,0.0,0.0,0.0,0.0,0.0,0.0,0.0,0.0,0.0
35.8144212963,290956.0,35762.0,8.13589843968,757.0,64444.0,59.0,14.0,1615.0,4302.0,4015.0,7314.0,10647.0,6206.0,1480.0,126.0,40.0,17.0,0.0,0.0,0.0,0.0,0.0,0.0,0.0,0.0,0.0,0.0,0.0,0.0,0.0,0.0,0.0,0.0,0.0,0.0,0.0,0.0
35.818587963,286580.0,35764.0,8.01308578459,755.0,64441.0,56.0,15.0,1723.0,4370.0,3911.0,7513.0,10592.0,5995.0,1470.0,140.0,40.0,10.0,0.0,0.0,0.0,0.0,0.0,0.0,0.0,0.0,0.0,0.0,0.0,0.0,0.0,0.0,0.0,0.0,0.0,0.0,0.0,0.0
35.8227546296,287098.0,35777.0,8.02465270984,755.0,64444.0,60.0,12.0,1647.0,4326.0,4008.0,7435.0,10625.0,6105.0,1436.0,154.0,31.0,10.0,0.0,0.0,0.0,0.0,0.0,0.0,0.0,0.0,0.0,0.0,0.0,0.0,0.0,0.0,0.0,0.0,0.0,0.0,0.0,0.0
35.8269212963,286112.0,35770.0,7.99865809337,755.0,64441.0,60.0,14.0,1654.0,4266.0,3911.0,7464.0,10891.0,5937.0,1463.0,142.0,36.0,6.0,0.0,0.0,0.0,0.0,0.0,0.0,0.0,0.0,0.0,0.0,0.0,0.0,0.0,0.0,0.0,0.0,0.0,0.0,0.0,0.0
35.831087963,282656.0,35764.0,7.90336651381,757.0,64441.0,56.0,15.0,1650.0,4260.0,3866.0,7642.0,10788.0,6002.0,1401.0,122.0,26.0,7.0,0.0,0.0,0.0,0.0,0.0,0.0,0.0,0.0,0.0,0.0,0.0,0.0,0.0,0.0,0.0,0.0,0.0,0.0,0.0,0.0
35.8352546296,283516.0,35775.0,7.92497554158,758.0,64441.0,56.0,15.0,1758.0,4398.0,3917.0,7687.0,10617.0,5777.0,1426.0,140.0,43.0,12.0,0.0,0.0,0.0,0.0,0.0,0.0,0.0,0.0,0.0,0.0,0.0,0.0,0.0,0.0,0.0,0.0,0.0,0.0,0.0,0.0
35.8394212963,275949.0,35753.0,7.71820546528,755.0,64443.0,56.0,11.0,1726.0,4409.0,3896.0,7689.0,10974.0,5547.0,1364.0,110.0,31.0,7.0,0.0,0.0,0.0,0.0,0.0,0.0,0.0,0.0,0.0,0.0,0.0,0.0,0.0,0.0,0.0,0.0,0.0,0.0,0.0,0.0
35.843587963,277052.0,35752.0,7.74927276796,757.0,64444.0,59.0,11.0,1760.0,4410.0,3905.0,7780.0,10772.0,5533.0,1434.0,123.0,29.0,6.0,0.0,0.0,0.0,0.0,0.0,0.0,0.0,0.0,0.0,0.0,0.0,0.0,0.0,0.0,0.0,0.0,0.0,0.0,0.0,0.0
35.8477546296,280081.0,35774.0,7.82917761503,758.0,64440.0,56.0,16.0,1768.0,4309.0,3888.0,7707.0,10862.0,5626.0,1439.0,138.0,32.0,5.0,0.0,0.0,0.0,0.0,0.0,0.0,0.0,0.0,0.0,0.0,0.0,0.0,0.0,0.0,0.0,0.0,0.0,0.0,0.0,0.0
35.8519212963,275713.0,35783.0,7.70513931196,758.0,64443.0,60.0,16.0,1840.0,4379.0,3851.0,7818.0,10947.0,5413.0,1360.0,131.0,39.0,5.0,0.0,0.0,0.0,0.0,0.0,0.0,0.0,0.0,0.0,0.0,0.0,0.0,0.0,0.0,0.0,0.0,0.0,0.0,0.0,0.0
35.856087963,273957.0,35789.0,7.65478219565,757.0,64440.0,60.0,15.0,1864.0,4515.0,3857.0,7760.0,10910.0,5393.0,1299.0,149.0,37.0,5.0,0.0,0.0,0.0,0.0,0.0,0.0,0.0,0.0,0.0,0.0,0.0,0.0,0.0,0.0,0.0,0.0,0.0,0.0,0.0,0.0
35.8602546296,275877.0,35762.0,7.71424976232,758.0,64440.0,62.0,15.0,1835.0,4517.0,3808.0,7776.0,10926.0,5385.0,1318.0,148.0,40.0,9.0,0.0,0.0,0.0,0.0,0.0,0.0,0.0,0.0,0.0,0.0,0.0,0.0,0.0,0.0,0.0,0.0,0.0,0.0,0.0,0.0
35.8644212963,273002.0,35769.0,7.63236321955,758.0,64444.0,56.0,17.0,1809.0,4516.0,3909.0,7781.0,10929.0,5302.0,1360.0,123.0,34.0,6.0,0.0,0.0,0.0,0.0,0.0,0.0,0.0,0.0,0.0,0.0,0.0,0.0,0.0,0.0,0.0,0.0,0.0,0.0,0.0,0.0
35.868587963,279547.0,35776.0,7.81381372987,758.0,64439.0,62.0,15.0,1796.0,4441.0,3807.0,7629.0,11008.0,5539.0,1386.0,115.0,43.0,12.0,0.0,0.0,0.0,0.0,0.0,0.0,0.0,0.0,0.0,0.0,0.0,0.0,0.0,0.0,0.0,0.0,0.0,0.0,0.0,0.0
35.8727546296,275971.0,35785.0,7.71191840156,761.0,64443.0,59.0,14.0,1803.0,4249.0,3725.0,7996.0,11128.0,5322.0,1410.0,109.0,39.0,4.0,0.0,0.0,0.0,0.0,0.0,0.0,0.0,0.0,0.0,0.0,0.0,0.0,0.0,0.0,0.0,0.0,0.0,0.0,0.0,0.0
35.8769212963,273007.0,35782.0,7.62973003186,758.0,64440.0,57.0,15.0,1773.0,4343.0,3802.0,7981.0,11094.0,5274.0,1352.0,133.0,27.0,3.0,0.0,0.0,0.0,0.0,0.0,0.0,0.0,0.0,0.0,0.0,0.0,0.0,0.0,0.0,0.0,0.0,0.0,0.0,0.0,0.0
35.881087963,275192.0,35778.0,7.69165408911,761.0,64446.0,56.0,15.0,1833.0,4434.0,3759.0,7754.0,11090.0,5405.0,1344.0,119.0,30.0,10.0,0.0,0.0,0.0,0.0,0.0,0.0,0.0,0.0,0.0,0.0,0.0,0.0,0.0,0.0,0.0,0.0,0.0,0.0,0.0,0.0
35.8852546296,274231.0,35791.0,7.66201000251,761.0,64440.0,60.0,12.0,1791.0,4397.0,3637.0,8046.0,11165.0,5292.0,1292.0,121.0,43.0,7.0,0.0,0.0,0.0,0.0,0.0,0.0,0.0,0.0,0.0,0.0,0.0,0.0,0.0,0.0,0.0,0.0,0.0,0.0,0.0,0.0
35.8894212963,274658.0,35780.0,7.67629960872,763.0,64440.0,57.0,14.0,1855.0,4412.0,3633.0,7953.0,11044.0,5382.0,1322.0,137.0,40.0,2.0,0.0,0.0,0.0,0.0,0.0,0.0,0.0,0.0,0.0,0.0,0.0,0.0,0.0,0.0,0.0,0.0,0.0,0.0,0.0,0.0
35.893587963,278728.0,35785.0,7.78896185553,760.0,64443.0,56.0,14.0,1784.0,4292.0,3580.0,8035.0,11264.0,5248.0,1392.0,142.0,38.0,10.0,0.0,0.0,0.0,0.0,0.0,0.0,0.0,0.0,0.0,0.0,0.0,0.0,0.0,0.0,0.0,0.0,0.0,0.0,0.0,0.0
35.8977546296,273189.0,35794.0,7.63225680282,760.0,64439.0,60.0,14.0,1810.0,4325.0,3636.0,8042.0,11258.0,5230.0,1328.0,134.0,26.0,5.0,0.0,0.0,0.0,0.0,0.0,0.0,0.0,0.0,0.0,0.0,0.0,0.0,0.0,0.0,0.0,0.0,0.0,0.0,0.0,0.0
35.9019212963,274003.0,35781.0,7.65777926833,760.0,64443.0,57.0,16.0,1898.0,4217.0,3623.0,8009.0,11421.0,5066.0,1379.0,130.0,32.0,6.0,0.0,0.0,0.0,0.0,0.0,0.0,0.0,0.0,0.0,0.0,0.0,0.0,0.0,0.0,0.0,0.0,0.0,0.0,0.0,0.0
35.906087963,280184.0,35793.0,7.82789930992,761.0,64443.0,57.0,19.0,1827.0,4134.0,3501.0,8028.0,11399.0,5305.0,1436.0,119.0,31.0,13.0,0.0,0.0,0.0,0.0,0.0,0.0,0.0,0.0,0.0,0.0,0.0,0.0,0.0,0.0,0.0,0.0,0.0,0.0,0.0,0.0
35.9102546296,275794.0,35793.0,7.70524962982,761.0,64440.0,63.0,17.0,1874.0,4406.0,3582.0,8044.0,11142.0,5190.0,1371.0,138.0,36.0,10.0,0.0,0.0,0.0,0.0,0.0,0.0,0.0,0.0,0.0,0.0,0.0,0.0,0.0,0.0,0.0,0.0,0.0,0.0,0.0,0.0
35.9144212963,278529.0,35810.0,7.77796704831,764.0,64441.0,60.0,12.0,1857.0,4335.0,3431.0,7955.0,11441.0,5223.0,1366.0,155.0,41.0,6.0,0.0,0.0,0.0,0.0,0.0,0.0,0.0,0.0,0.0,0.0,0.0,0.0,0.0,0.0,0.0,0.0,0.0,0.0,0.0,0.0
35.918587963,276683.0,35788.0,7.73116687158,763.0,64445.0,57.0,12.0,1851.0,4289.0,3553.0,8076.0,11337.0,5189.0,1310.0,129.0,37.0,17.0,0.0,0.0,0.0,0.0,0.0,0.0,0.0,0.0,0.0,0.0,0.0,0.0,0.0,0.0,0.0,0.0,0.0,0.0,0.0,0.0
35.9227546296,279790.0,35806.0,7.81405351058,763.0,64444.0,62.0,7.0,1780.0,4252.0,3397.0,8010.0,11550.0,5261.0,1369.0,137.0,41.0,9.0,0.0,0.0,0.0,0.0,0.0,0.0,0.0,0.0,0.0,0.0,0.0,0.0,0.0,0.0,0.0,0.0,0.0,0.0,0.0,0.0
35.9269212963,279797.0,35805.0,7.81446725318,763.0,64444.0,56.0,14.0,1689.0,4287.0,3415.0,8000.0,11593.0,5284.0,1336.0,150.0,47.0,4.0,0.0,0.0,0.0,0.0,0.0,0.0,0.0,0.0,0.0,0.0,0.0,0.0,0.0,0.0,0.0,0.0,0.0,0.0,0.0,0.0
35.931087963,275063.0,35801.0,7.68310941035,763.0,64443.0,56.0,12.0,1817.0,4259.0,3426.0,8102.0,11551.0,5184.0,1290.0,131.0,31.0,10.0,0.0,0.0,0.0,0.0,0.0,0.0,0.0,0.0,0.0,0.0,0.0,0.0,0.0,0.0,0.0,0.0,0.0,0.0,0.0,0.0
35.9352546296,277663.0,35805.0,7.75486663874,764.0,64447.0,60.0,12.0,1805.0,4183.0,3378.0,8107.0,11621.0,5195.0,1333.0,145.0,27.0,11.0,0.0,0.0,0.0,0.0,0.0,0.0,0.0,0.0,0.0,0.0,0.0,0.0,0.0,0.0,0.0,0.0,0.0,0.0,0.0,0.0
35.9394212963,275146.0,35796.0,7.68650128506,761.0,64444.0,60.0,9.0,1867.0,4194.0,3374.0,8125.0,11531.0,5240.0,1292.0,139.0,26.0,8.0,0.0,0.0,0.0,0.0,0.0,0.0,0.0,0.0,0.0,0.0,0.0,0.0,0.0,0.0,0.0,0.0,0.0,0.0,0.0,0.0
35.943587963,282716.0,35802.0,7.89665381822,763.0,64440.0,59.0,15.0,1789.0,4048.0,3294.0,8090.0,11589.0,5384.0,1432.0,131.0,38.0,7.0,0.0,0.0,0.0,0.0,0.0,0.0,0.0,0.0,0.0,0.0,0.0,0.0,0.0,0.0,0.0,0.0,0.0,0.0,0.0,0.0
35.9477546296,283577.0,35805.0,7.92003910068,764.0,64441.0,56.0,15.0,1745.0,4037.0,3338.0,8220.0,11548.0,5283.0,1431.0,160.0,31.0,12.0,0.0,0.0,0.0,0.0,0.0,0.0,0.0,0.0,0.0,0.0,0.0,0.0,0.0,0.0,0.0,0.0,0.0,0.0,0.0,0.0
35.9519212963,279443.0,35805.0,7.80458036587,764.0,64444.0,57.0,7.0,1914.0,4211.0,3254.0,8237.0,11464.0,5216.0,1306.0,152.0,31.0,20.0,0.0,0.0,0.0,0.0,0.0,0.0,0.0,0.0,0.0,0.0,0.0,0.0,0.0,0.0,0.0,0.0,0.0,0.0,0.0,0.0
35.956087963,279217.0,35800.0,7.7993575419,766.0,64443.0,59.0,12.0,1712.0,4119.0,3317.0,8334.0,11543.0,5224.0,1380.0,123.0,40.0,8.0,0.0,0.0,0.0,0.0,0.0,0.0,0.0,0.0,0.0,0.0,0.0,0.0,0.0,0.0,0.0,0.0,0.0,0.0,0.0,0.0
35.9602546296,280730.0,35796.0,7.84249636831,764.0,64446.0,60.0,8.0,1780.0,3988.0,3199.0,8260.0,11871.0,5150.0,1353.0,156.0,26.0,13.0,0.0,0.0,0.0,0.0,0.0,0.0,0.0,0.0,0.0,0.0,0.0,0.0,0.0,0.0,0.0,0.0,0.0,0.0,0.0,0.0
35.9644212963,280929.0,35800.0,7.84717877095,764.0,64444.0,56.0,15.0,1809.0,4025.0,3212.0,8166.0,11783.0,5220.0,1398.0,149.0,31.0,7.0,0.0,0.0,0.0,0.0,0.0,0.0,0.0,0.0,0.0,0.0,0.0,0.0,0.0,0.0,0.0,0.0,0.0,0.0,0.0,0.0
35.968587963,278605.0,35807.0,7.78074119586,764.0,64440.0,62.0,15.0,1789.0,3987.0,3189.0,8528.0,11658.0,5110.0,1361.0,141.0,37.0,7.0,0.0,0.0,0.0,0.0,0.0,0.0,0.0,0.0,0.0,0.0,0.0,0.0,0.0,0.0,0.0,0.0,0.0,0.0,0.0,0.0
35.9727546296,284373.0,35807.0,7.94182701706,763.0,64441.0,56.0,12.0,1772.0,3905.0,3016.0,8185.0,12044.0,5278.0,1413.0,155.0,33.0,6.0,0.0,0.0,0.0,0.0,0.0,0.0,0.0,0.0,0.0,0.0,0.0,0.0,0.0,0.0,0.0,0.0,0.0,0.0,0.0,0.0
35.9769212963,285721.0,35795.0,7.98214834474,763.0,64444.0,57.0,12.0,1666.0,3821.0,3184.0,8299.0,11800.0,5406.0,1424.0,152.0,38.0,5.0,0.0,0.0,0.0,0.0,0.0,0.0,0.0,0.0,0.0,0.0,0.0,0.0,0.0,0.0,0.0,0.0,0.0,0.0,0.0,0.0
35.981087963,280566.0,35791.0,7.83900980693,764.0,64440.0,60.0,15.0,1803.0,3838.0,3000.0,8358.0,12142.0,5126.0,1343.0,139.0,35.0,7.0,0.0,0.0,0.0,0.0,0.0,0.0,0.0,0.0,0.0,0.0,0.0,0.0,0.0,0.0,0.0,0.0,0.0,0.0,0.0,0.0
35.9852546296,279878.0,35796.0,7.81869482624,764.0,64443.0,56.0,12.0,1796.0,4014.0,3018.0,8421.0,11890.0,5104.0,1369.0,141.0,35.0,8.0,0.0,0.0,0.0,0.0,0.0,0.0,0.0,0.0,0.0,0.0,0.0,0.0,0.0,0.0,0.0,0.0,0.0,0.0,0.0,0.0
35.9894212963,279951.0,35789.0,7.82226382408,763.0,64444.0,60.0,12.0,1754.0,3959.0,3012.0,8396.0,11988.0,5138.0,1359.0,141.0,39.0,3.0,0.0,0.0,0.0,0.0,0.0,0.0,0.0,0.0,0.0,0.0,0.0,0.0,0.0,0.0,0.0,0.0,0.0,0.0,0.0,0.0
35.993587963,280507.0,35794.0,7.83670447561,764.0,64440.0,56.0,23.0,1781.0,3961.0,2889.0,8430.0,12063.0,5128.0,1356.0,146.0,35.0,5.0,0.0,0.0,0.0,0.0,0.0,0.0,0.0,0.0,0.0,0.0,0.0,0.0,0.0,0.0,0.0,0.0,0.0,0.0,0.0,0.0
35.9977546296,279165.0,35798.0,7.79834068942,764.0,64440.0,57.0,14.0,1764.0,3897.0,2934.0,8542.0,12048.0,5082.0,1368.0,129.0,25.0,9.0,0.0,0.0,0.0,0.0,0.0,0.0,0.0,0.0,0.0,0.0,0.0,0.0,0.0,0.0,0.0,0.0,0.0,0.0,0.0,0.0
36.0019212963,282681.0,35803.0,7.89545568807,764.0,64441.0,59.0,12.0,1777.0,3807.0,2991.0,8431.0,11984.0,5266.0,1355.0,151.0,35.0,6.0,0.0,0.0,0.0,0.0,0.0,0.0,0.0,0.0,0.0,0.0,0.0,0.0,0.0,0.0,0.0,0.0,0.0,0.0,0.0,0.0
36.006087963,275545.0,35804.0,7.69592782929,764.0,64440.0,62.0,9.0,1858.0,3891.0,2967.0,8670.0,11970.0,4949.0,1311.0,165.0,18.0,5.0,0.0,0.0,0.0,0.0,0.0,0.0,0.0,0.0,0.0,0.0,0.0,0.0,0.0,0.0,0.0,0.0,0.0,0.0,0.0,0.0
36.0102546296,280966.0,35795.0,7.84930856265,767.0,64447.0,57.0,9.0,1788.0,3902.0,2948.0,8494.0,12097.0,5022.0,1367.0,131.0,30.0,16.0,0.0,0.0,0.0,0.0,0.0,0.0,0.0,0.0,0.0,0.0,0.0,0.0,0.0,0.0,0.0,0.0,0.0,0.0,0.0,0.0
36.0144212963,280781.0,35798.0,7.84348287614,764.0,64441.0,62.0,12.0,1789.0,3783.0,2855.0,8514.0,12294.0,5010.0,1369.0,145.0,34.0,5.0,0.0,0.0,0.0,0.0,0.0,0.0,0.0,0.0,0.0,0.0,0.0,0.0,0.0,0.0,0.0,0.0,0.0,0.0,0.0,0.0
36.018587963,283815.0,35796.0,7.92867918203,764.0,64440.0,59.0,15.0,1770.0,3811.0,2774.0,8450.0,12330.0,5134.0,1339.0,140.0,33.0,15.0,0.0,0.0,0.0,0.0,0.0,0.0,0.0,0.0,0.0,0.0,0.0,0.0,0.0,0.0,0.0,0.0,0.0,0.0,0.0,0.0
36.0227546296,279207.0,35792.0,7.80082141261,761.0,64444.0,56.0,12.0,1752.0,3715.0,2718.0,8692.0,12377.0,5083.0,1285.0,134.0,31.0,5.0,0.0,0.0,0.0,0.0,0.0,0.0,0.0,0.0,0.0,0.0,0.0,0.0,0.0,0.0,0.0,0.0,0.0,0.0,0.0,0.0
36.0269212963,274766.0,35795.0,7.67610001397,764.0,64442.0,57.0,8.0,1725.0,3656.0,2799.0,8708.0,12467.0,4960.0,1384.0,80.0,15.0,1.0,0.0,0.0,0.0,0.0,0.0,0.0,0.0,0.0,0.0,0.0,0.0,0.0,0.0,0.0,0.0,0.0,0.0,0.0,0.0,0.0
36.031087963,277561.0,35795.0,7.75418354519,764.0,64440.0,57.0,16.0,1705.0,3739.0,2691.0,8802.0,12396.0,4985.0,1343.0,103.0,25.0,6.0,0.0,0.0,0.0,0.0,0.0,0.0,0.0,0.0,0.0,0.0,0.0,0.0,0.0,0.0,0.0,0.0,0.0,0.0,0.0,0.0
36.0352546296,284776.0,35795.0,7.9557480095,763.0,64441.0,60.0,16.0,1677.0,3648.0,2732.0,8516.0,12508.0,5162.0,1380.0,133.0,31.0,7.0,1.0,0.0,0.0,0.0,0.0,0.0,0.0,0.0,0.0,0.0,0.0,0.0,0.0,0.0,0.0,0.0,0.0,0.0,0.0,0.0
36.0394212963,284488.0,35788.0,7.9492567341,764.0,64444.0,56.0,15.0,1627.0,3482.0,2535.0,8690.0,12835.0,5118.0,1341.0,122.0,30.0,8.0,0.0,0.0,0.0,0.0,0.0,0.0,0.0,0.0,0.0,0.0,0.0,0.0,0.0,0.0,0.0,0.0,0.0,0.0,0.0,0.0
36.043587963,288975.0,35794.0,8.07328043806,760.0,64444.0,56.0,15.0,1580.0,3527.0,2612.0,8552.0,12622.0,5305.0,1412.0,144.0,35.0,5.0,0.0,0.0,0.0,0.0,0.0,0.0,0.0,0.0,0.0,0.0,0.0,0.0,0.0,0.0,0.0,0.0,0.0,0.0,0.0,0.0
36.0477546296,285189.0,35789.0,7.96862164352,763.0,64443.0,56.0,15.0,1652.0,3579.0,2679.0,8577.0,12563.0,5162.0,1393.0,151.0,30.0,3.0,0.0,0.0,0.0,0.0,0.0,0.0,0.0,0.0,0.0,0.0,0.0,0.0,0.0,0.0,0.0,0.0,0.0,0.0,0.0,0.0
36.0519212963,282685.0,35797.0,7.89689080091,758.0,64440.0,63.0,12.0,1656.0,3557.0,2554.0,8693.0,12756.0,5087.0,1344.0,114.0,29.0,7.0,0.0,0.0,0.0,0.0,0.0,0.0,0.0,0.0,0.0,0.0,0.0,0.0,0.0,0.0,0.0,0.0,0.0,0.0,0.0,0.0
36.056087963,285107.0,35789.0,7.96633043673,761.0,64440.0,63.0,8.0,1640.0,3511.0,2604.0,8705.0,12704.0,5040.0,1403.0,145.0,34.0,3.0,0.0,0.0,0.0,0.0,0.0,0.0,0.0,0.0,0.0,0.0,0.0,0.0,0.0,0.0,0.0,0.0,0.0,0.0,0.0,0.0
36.0602546296,294257.0,35794.0,8.22084706934,767.0,64441.0,59.0,15.0,1662.0,3339.0,2507.0,8604.0,12740.0,5286.0,1447.0,152.0,44.0,13.0,0.0,0.0,0.0,0.0,0.0,0.0,0.0,0.0,0.0,0.0,0.0,0.0,0.0,0.0,0.0,0.0,0.0,0.0,0.0,0.0
36.0728009259,289733.0,35789.0,8.09558802984,763.0,64440.0,60.0,14.0,1554.0,3311.0,2447.0,8646.0,12958.0,5297.0,1415.0,127.0,28.0,6.0,0.0,0.0,0.0,0.0,0.0,0.0,0.0,0.0,0.0,0.0,0.0,0.0,0.0,0.0,0.0,0.0,0.0,0.0,0.0,0.0
36.0769675926,289326.0,35793.0,8.08331237952,763.0,64441.0,57.0,15.0,1556.0,3316.0,2555.0,8793.0,12866.0,5119.0,1405.0,133.0,42.0,8.0,0.0,0.0,0.0,0.0,0.0,0.0,0.0,0.0,0.0,0.0,0.0,0.0,0.0,0.0,0.0,0.0,0.0,0.0,0.0,0.0
36.0811342593,289542.0,35795.0,8.08889509708,760.0,64440.0,62.0,12.0,1583.0,3274.0,2530.0,8586.0,12962.0,5334.0,1347.0,134.0,42.0,3.0,0.0,0.0,0.0,0.0,0.0,0.0,0.0,0.0,0.0,0.0,0.0,0.0,0.0,0.0,0.0,0.0,0.0,0.0,0.0,0.0
36.0853009259,291242.0,35797.0,8.13593317876,763.0,64441.0,60.0,15.0,1451.0,3444.0,2639.0,8722.0,12706.0,5266.0,1379.0,135.0,40.0,15.0,0.0,0.0,0.0,0.0,0.0,0.0,0.0,0.0,0.0,0.0,0.0,0.0,0.0,0.0,0.0,0.0,0.0,0.0,0.0,0.0
36.0894675926,287478.0,35801.0,8.02988743331,760.0,64447.0,57.0,12.0,1550.0,3362.0,2542.0,8570.0,12950.0,5328.0,1351.0,108.0,35.0,5.0,0.0,0.0,0.0,0.0,0.0,0.0,0.0,0.0,0.0,0.0,0.0,0.0,0.0,0.0,0.0,0.0,0.0,0.0,0.0,0.0
36.0936342593,287260.0,35797.0,8.02469480683,758.0,64441.0,57.0,14.0,1566.0,3216.0,2524.0,8709.0,13064.0,5228.0,1308.0,151.0,27.0,4.0,0.0,0.0,0.0,0.0,0.0,0.0,0.0,0.0,0.0,0.0,0.0,0.0,0.0,0.0,0.0,0.0,0.0,0.0,0.0,0.0
36.0978009259,292300.0,35795.0,8.16594496438,760.0,64444.0,60.0,11.0,1501.0,3234.0,2405.0,8714.0,13075.0,5280.0,1399.0,149.0,29.0,9.0,0.0,0.0,0.0,0.0,0.0,0.0,0.0,0.0,0.0,0.0,0.0,0.0,0.0,0.0,0.0,0.0,0.0,0.0,0.0,0.0
36.1019675926,296607.0,35799.0,8.28534316601,766.0,64449.0,57.0,14.0,1456.0,3227.0,2420.0,8631.0,13072.0,5336.0,1448.0,165.0,32.0,12.0,0.0,0.0,0.0,0.0,0.0,0.0,0.0,0.0,0.0,0.0,0.0,0.0,0.0,0.0,0.0,0.0,0.0,0.0,0.0,0.0
36.1061342593,294705.0,35795.0,8.23313311915,758.0,64440.0,59.0,8.0,1442.0,3117.0,2492.0,8527.0,13174.0,5498.0,1374.0,121.0,42.0,8.0,0.0,0.0,0.0,0.0,0.0,0.0,0.0,0.0,0.0,0.0,0.0,0.0,0.0,0.0,0.0,0.0,0.0,0.0,0.0,0.0
36.1103009259,292937.0,35801.0,8.18236920756,760.0,64439.0,64.0,12.0,1450.0,3253.0,2494.0,8660.0,13035.0,5367.0,1352.0,146.0,31.0,13.0,0.0,0.0,0.0,0.0,0.0,0.0,0.0,0.0,0.0,0.0,0.0,0.0,0.0,0.0,0.0,0.0,0.0,0.0,0.0,0.0
36.1144675926,294036.0,35787.0,8.21627965462,758.0,64440.0,62.0,12.0,1323.0,3230.0,2441.0,8839.0,12983.0,5407.0,1371.0,155.0,26.0,12.0,0.0,0.0,0.0,0.0,0.0,0.0,0.0,0.0,0.0,0.0,0.0,0.0,0.0,0.0,0.0,0.0,0.0,0.0,0.0,0.0
36.1186342593,291165.0,35782.0,8.13719188419,758.0,64444.0,63.0,12.0,1414.0,3141.0,2464.0,8658.0,13202.0,5428.0,1316.0,113.0,40.0,6.0,0.0,0.0,0.0,0.0,0.0,0.0,0.0,0.0,0.0,0.0,0.0,0.0,0.0,0.0,0.0,0.0,0.0,0.0,0.0,0.0
36.1228009259,289770.0,35784.0,8.09775318578,758.0,64441.0,60.0,11.0,1469.0,3206.0,2578.0,8568.0,13226.0,5277.0,1272.0,143.0,35.0,10.0,0.0,0.0,0.0,0.0,0.0,0.0,0.0,0.0,0.0,0.0,0.0,0.0,0.0,0.0,0.0,0.0,0.0,0.0,0.0,0.0
36.1269675926,290344.0,35784.0,8.11379387436,758.0,64441.0,60.0,11.0,1498.0,3116.0,2514.0,8636.0,13289.0,5228.0,1317.0,149.0,27.0,10.0,0.0,0.0,0.0,0.0,0.0,0.0,0.0,0.0,0.0,0.0,0.0,0.0,0.0,0.0,0.0,0.0,0.0,0.0,0.0,0.0
36.1311342593,286813.0,35787.0,8.01444658675,758.0,64443.0,59.0,15.0,1523.0,3035.0,2691.0,8545.0,13415.0,5152.0,1248.0,145.0,25.0,8.0,0.0,0.0,0.0,0.0,0.0,0.0,0.0,0.0,0.0,0.0,0.0,0.0,0.0,0.0,0.0,0.0,0.0,0.0,0.0,0.0
36.1353009259,287118.0,35782.0,8.02409032474,758.0,64441.0,60.0,7.0,1406.0,3182.0,2634.0,8639.0,13376.0,5075.0,1293.0,143.0,26.0,8.0,0.0,0.0,0.0,0.0,0.0,0.0,0.0,0.0,0.0,0.0,0.0,0.0,0.0,0.0,0.0,0.0,0.0,0.0,0.0,0.0
36.1394675926,288578.0,35788.0,8.06354085168,760.0,64440.0,62.0,9.0,1386.0,3088.0,2547.0,8773.0,13397.0,5127.0,1283.0,143.0,42.0,2.0,0.0,0.0,0.0,0.0,0.0,0.0,0.0,0.0,0.0,0.0,0.0,0.0,0.0,0.0,0.0,0.0,0.0,0.0,0.0,0.0
36.1436342593,291108.0,35793.0,8.13309865057,758.0,64440.0,60.0,14.0,1375.0,3096.0,2556.0,8623.0,13397.0,5273.0,1297.0,132.0,34.0,10.0,0.0,0.0,0.0,0.0,0.0,0.0,0.0,0.0,0.0,0.0,0.0,0.0,0.0,0.0,0.0,0.0,0.0,0.0,0.0,0.0
36.1478009259,293290.0,35797.0,8.19314467693,758.0,64444.0,60.0,9.0,1355.0,2972.0,2631.0,8636.0,13552.0,5183.0,1261.0,152.0,39.0,16.0,0.0,0.0,0.0,0.0,0.0,0.0,0.0,0.0,0.0,0.0,0.0,0.0,0.0,0.0,0.0,0.0,0.0,0.0,0.0,0.0
36.1519675926,290230.0,35781.0,8.1112881138,758.0,64444.0,63.0,8.0,1291.0,3062.0,2676.0,8604.0,13525.0,5174.0,1263.0,140.0,37.0,9.0,0.0,0.0,0.0,0.0,0.0,0.0,0.0,0.0,0.0,0.0,0.0,0.0,0.0,0.0,0.0,0.0,0.0,0.0,0.0,0.0
36.1561342593,293173.0,35778.0,8.1942255017,764.0,64441.0,62.0,15.0,1322.0,2915.0,2599.0,8527.0,13643.0,5321.0,1279.0,122.0,38.0,12.0,0.0,0.0,0.0,0.0,0.0,0.0,0.0,0.0,0.0,0.0,0.0,0.0,0.0,0.0,0.0,0.0,0.0,0.0,0.0,0.0
36.1603009259,291122.0,35789.0,8.13439883763,760.0,64444.0,57.0,12.0,1298.0,3000.0,2635.0,8755.0,13409.0,5251.0,1261.0,129.0,40.0,11.0,0.0,0.0,0.0,0.0,0.0,0.0,0.0,0.0,0.0,0.0,0.0,0.0,0.0,0.0,0.0,0.0,0.0,0.0,0.0,0.0
36.1644675926,296914.0,35772.0,8.30017891088,758.0,64443.0,60.0,15.0,1263.0,2944.0,2561.0,8482.0,13479.0,5487.0,1391.0,113.0,45.0,7.0,0.0,0.0,0.0,0.0,0.0,0.0,0.0,0.0,0.0,0.0,0.0,0.0,0.0,0.0,0.0,0.0,0.0,0.0,0.0,0.0
36.1686342593,299164.0,35770.0,8.36354487,757.0,64440.0,62.0,9.0,1299.0,2780.0,2564.0,8350.0,13620.0,5576.0,1411.0,129.0,33.0,8.0,0.0,0.0,0.0,0.0,0.0,0.0,0.0,0.0,0.0,0.0,0.0,0.0,0.0,0.0,0.0,0.0,0.0,0.0,0.0,0.0
36.1728009259,294765.0,35774.0,8.23964331638,758.0,64444.0,57.0,15.0,1217.0,2969.0,2796.0,8359.0,13500.0,5408.0,1340.0,140.0,40.0,5.0,0.0,0.0,0.0,0.0,0.0,0.0,0.0,0.0,0.0,0.0,0.0,0.0,0.0,0.0,0.0,0.0,0.0,0.0,0.0,0.0
36.1769675926,295922.0,35772.0,8.27244772448,758.0,64443.0,60.0,11.0,1240.0,2924.0,2795.0,8404.0,13348.0,5546.0,1325.0,150.0,31.0,9.0,0.0,0.0,0.0,0.0,0.0,0.0,0.0,0.0,0.0,0.0,0.0,0.0,0.0,0.0,0.0,0.0,0.0,0.0,0.0,0.0
36.1811342593,292204.0,35759.0,8.17148130541,758.0,64441.0,60.0,12.0,1232.0,2916.0,2764.0,8388.0,13466.0,5505.0,1348.0,110.0,27.0,3.0,0.0,0.0,0.0,0.0,0.0,0.0,0.0,0.0,0.0,0.0,0.0,0.0,0.0,0.0,0.0,0.0,0.0,0.0,0.0,0.0
36.1853009259,291954.0,35779.0,8.1599262137,755.0,64441.0,60.0,12.0,1232.0,2990.0,2956.0,8363.0,13444.0,5366.0,1236.0,148.0,32.0,12.0,0.0,0.0,0.0,0.0,0.0,0.0,0.0,0.0,0.0,0.0,0.0,0.0,0.0,0.0,0.0,0.0,0.0,0.0,0.0,0.0
36.1894675926,286818.0,35784.0,8.01525821596,757.0,64440.0,59.0,14.0,1295.0,3024.0,2915.0,8441.0,13501.0,5264.0,1176.0,126.0,35.0,7.0,0.0,0.0,0.0,0.0,0.0,0.0,0.0,0.0,0.0,0.0,0.0,0.0,0.0,0.0,0.0,0.0,0.0,0.0,0.0,0.0
36.1936342593,292283.0,35771.0,8.17094853373,755.0,64446.0,60.0,8.0,1227.0,3041.0,2885.0,8222.0,13579.0,5352.0,1294.0,127.0,35.0,9.0,0.0,0.0,0.0,0.0,0.0,0.0,0.0,0.0,0.0,0.0,0.0,0.0,0.0,0.0,0.0,0.0,0.0,0.0,0.0,0.0
36.1978009259,294814.0,35776.0,8.24055232558,757.0,64440.0,63.0,12.0,1172.0,2842.0,3008.0,8415.0,13361.0,5494.0,1295.0,149.0,29.0,11.0,0.0,0.0,0.0,0.0,0.0,0.0,0.0,0.0,0.0,0.0,0.0,0.0,0.0,0.0,0.0,0.0,0.0,0.0,0.0,0.0
36.2019675926,297936.0,35782.0,8.32642110558,755.0,64441.0,60.0,12.0,1178.0,2864.0,2886.0,8149.0,13370.0,5809.0,1357.0,135.0,31.0,3.0,0.0,0.0,0.0,0.0,0.0,0.0,0.0,0.0,0.0,0.0,0.0,0.0,0.0,0.0,0.0,0.0,0.0,0.0,0.0,0.0
36.2061342593,301769.0,35791.0,8.43142130703,757.0,64441.0,57.0,14.0,1122.0,2925.0,2972.0,8307.0,13263.0,5586.0,1422.0,134.0,41.0,19.0,0.0,0.0,0.0,0.0,0.0,0.0,0.0,0.0,0.0,0.0,0.0,0.0,0.0,0.0,0.0,0.0,0.0,0.0,0.0,0.0
36.2103009259,294536.0,35788.0,8.23002123617,758.0,64440.0,63.0,9.0,1135.0,2984.0,2900.0,8370.0,13300.0,5637.0,1286.0,141.0,27.0,8.0,0.0,0.0,0.0,0.0,0.0,0.0,0.0,0.0,0.0,0.0,0.0,0.0,0.0,0.0,0.0,0.0,0.0,0.0,0.0,0.0
36.2144675926,295910.0,35773.0,8.27188102759,757.0,64440.0,62.0,15.0,1153.0,2882.0,3104.0,8295.0,13231.0,5645.0,1294.0,121.0,31.0,17.0,0.0,0.0,0.0,0.0,0.0,0.0,0.0,0.0,0.0,0.0,0.0,0.0,0.0,0.0,0.0,0.0,0.0,0.0,0.0,0.0
36.2186342593,294355.0,35786.0,8.22542334991,754.0,64440.0,60.0,15.0,1165.0,2957.0,3009.0,8211.0,13369.0,5597.0,1295.0,150.0,27.0,6.0,0.0,0.0,0.0,0.0,0.0,0.0,0.0,0.0,0.0,0.0,0.0,0.0,0.0,0.0,0.0,0.0,0.0,0.0,0.0,0.0
36.2228009259,294204.0,35794.0,8.21936637425,760.0,64443.0,57.0,12.0,1203.0,3066.0,3141.0,8220.0,13061.0,5570.0,1356.0,138.0,30.0,9.0,0.0,0.0,0.0,0.0,0.0,0.0,0.0,0.0,0.0,0.0,0.0,0.0,0.0,0.0,0.0,0.0,0.0,0.0,0.0,0.0
36.2269675926,290710.0,35792.0,8.12220607957,757.0,64440.0,60.0,15.0,1203.0,3104.0,3257.0,8343.0,12973.0,5454.0,1279.0,136.0,31.0,12.0,0.0,0.0,0.0,0.0,0.0,0.0,0.0,0.0,0.0,0.0,0.0,0.0,0.0,0.0,0.0,0.0,0.0,0.0,0.0,0.0
36.2311342593,287997.0,35786.0,8.04775610574,755.0,64443.0,60.0,14.0,1234.0,3089.0,3226.0,8386.0,13068.0,5331.0,1305.0,108.0,28.0,11.0,0.0,0.0,0.0,0.0,0.0,0.0,0.0,0.0,0.0,0.0,0.0,0.0,0.0,0.0,0.0,0.0,0.0,0.0,0.0,0.0
36.2353009259,292542.0,35782.0,8.17567492035,752.0,64444.0,60.0,15.0,1210.0,3166.0,3274.0,8177.0,13013.0,5498.0,1262.0,130.0,31.0,21.0,0.0,0.0,0.0,0.0,0.0,0.0,0.0,0.0,0.0,0.0,0.0,0.0,0.0,0.0,0.0,0.0,0.0,0.0,0.0,0.0
36.2394675926,285431.0,35785.0,7.97627497555,755.0,64440.0,63.0,12.0,1262.0,3165.0,3453.0,8240.0,12956.0,5324.0,1222.0,116.0,39.0,8.0,0.0,0.0,0.0,0.0,0.0,0.0,0.0,0.0,0.0,0.0,0.0,0.0,0.0,0.0,0.0,0.0,0.0,0.0,0.0,0.0
36.2436342593,288357.0,35779.0,8.05939238101,755.0,64440.0,59.0,12.0,1201.0,3203.0,3267.0,8295.0,13010.0,5359.0,1274.0,126.0,35.0,9.0,0.0,0.0,0.0,0.0,0.0,0.0,0.0,0.0,0.0,0.0,0.0,0.0,0.0,0.0,0.0,0.0,0.0,0.0,0.0,0.0
36.2478009259,288841.0,35761.0,8.07698330584,755.0,64441.0,63.0,11.0,1316.0,3241.0,3326.0,8267.0,12913.0,5215.0,1280.0,146.0,45.0,12.0,0.0,0.0,0.0,0.0,0.0,0.0,0.0,0.0,0.0,0.0,0.0,0.0,0.0,0.0,0.0,0.0,0.0,0.0,0.0,0.0
36.2519675926,282502.0,35780.0,7.89552822806,752.0,64440.0,60.0,15.0,1280.0,3240.0,3509.0,8405.0,12654.0,5247.0,1294.0,116.0,34.0,1.0,0.0,0.0,0.0,0.0,0.0,0.0,0.0,0.0,0.0,0.0,0.0,0.0,0.0,0.0,0.0,0.0,0.0,0.0,0.0,0.0
36.2561342593,280971.0,35780.0,7.85273896031,755.0,64445.0,60.0,9.0,1269.0,3475.0,3716.0,8182.0,12599.0,5144.0,1217.0,135.0,34.0,9.0,0.0,0.0,0.0,0.0,0.0,0.0,0.0,0.0,0.0,0.0,0.0,0.0,0.0,0.0,0.0,0.0,0.0,0.0,0.0,0.0
36.2603009259,287261.0,35771.0,8.0305554779,754.0,64440.0,57.0,15.0,1311.0,3339.0,3635.0,8169.0,12569.0,5316.0,1234.0,135.0,46.0,17.0,0.0,0.0,0.0,0.0,0.0,0.0,0.0,0.0,0.0,0.0,0.0,0.0,0.0,0.0,0.0,0.0,0.0,0.0,0.0,0.0
36.2644675926,280587.0,35764.0,7.84551504306,752.0,64439.0,60.0,14.0,1255.0,3325.0,3647.0,8286.0,12521.0,5341.0,1244.0,120.0,21.0,4.0,0.0,0.0,0.0,0.0,0.0,0.0,0.0,0.0,0.0,0.0,0.0,0.0,0.0,0.0,0.0,0.0,0.0,0.0,0.0,0.0
36.2686342593,283189.0,35755.0,7.92026290029,752.0,64439.0,63.0,16.0,1284.0,3369.0,3888.0,8259.0,12286.0,5183.0,1300.0,143.0,31.0,12.0,0.0,0.0,0.0,0.0,0.0,0.0,0.0,0.0,0.0,0.0,0.0,0.0,0.0,0.0,0.0,0.0,0.0,0.0,0.0,0.0
36.2728009259,285060.0,35775.0,7.96813417191,751.0,64442.0,60.0,14.0,1251.0,3450.0,3723.0,8155.0,12189.0,5504.0,1331.0,139.0,31.0,2.0,0.0,0.0,0.0,0.0,0.0,0.0,0.0,0.0,0.0,0.0,0.0,0.0,0.0,0.0,0.0,0.0,0.0,0.0,0.0,0.0
36.2769675926,280184.0,35757.0,7.83578040663,751.0,64440.0,63.0,11.0,1306.0,3436.0,3832.0,8297.0,12287.0,5204.0,1228.0,115.0,44.0,8.0,0.0,0.0,0.0,0.0,0.0,0.0,0.0,0.0,0.0,0.0,0.0,0.0,0.0,0.0,0.0,0.0,0.0,0.0,0.0,0.0
36.2811342593,284153.0,35766.0,7.94477995862,751.0,64440.0,63.0,12.0,1267.0,3495.0,3791.0,8209.0,12204.0,5373.0,1248.0,127.0,37.0,15.0,0.0,0.0,0.0,0.0,0.0,0.0,0.0,0.0,0.0,0.0,0.0,0.0,0.0,0.0,0.0,0.0,0.0,0.0,0.0,0.0
36.2853009259,279070.0,35758.0,7.80440740534,751.0,64440.0,60.0,15.0,1275.0,3568.0,3777.0,8447.0,11894.0,5384.0,1252.0,132.0,24.0,5.0,0.0,0.0,0.0,0.0,0.0,0.0,0.0,0.0,0.0,0.0,0.0,0.0,0.0,0.0,0.0,0.0,0.0,0.0,0.0,0.0
36.2894675926,280751.0,35765.0,7.84988116874,754.0,64440.0,63.0,12.0,1299.0,3537.0,3847.0,8122.0,11983.0,5555.0,1280.0,113.0,26.0,3.0,0.0,0.0,0.0,0.0,0.0,0.0,0.0,0.0,0.0,0.0,0.0,0.0,0.0,0.0,0.0,0.0,0.0,0.0,0.0,0.0
36.2936342593,284408.0,35744.0,7.95680393912,754.0,64443.0,60.0,8.0,1354.0,3568.0,3706.0,8385.0,11906.0,5384.0,1238.0,139.0,50.0,14.0,0.0,0.0,0.0,0.0,0.0,0.0,0.0,0.0,0.0,0.0,0.0,0.0,0.0,0.0,0.0,0.0,0.0,0.0,0.0,0.0
36.2978009259,276135.0,35747.0,7.72470417098,751.0,64441.0,60.0,12.0,1419.0,3729.0,3945.0,8293.0,11746.0,5250.0,1202.0,113.0,40.0,10.0,0.0,0.0,0.0,0.0,0.0,0.0,0.0,0.0,0.0,0.0,0.0,0.0,0.0,0.0,0.0,0.0,0.0,0.0,0.0,0.0
36.3019675926,280984.0,35745.0,7.86079171912,751.0,64440.0,62.0,14.0,1450.0,3658.0,3975.0,8440.0,11668.0,5150.0,1171.0,162.0,48.0,23.0,0.0,0.0,0.0,0.0,0.0,0.0,0.0,0.0,0.0,0.0,0.0,0.0,0.0,0.0,0.0,0.0,0.0,0.0,0.0,0.0
36.3061342593,274419.0,35763.0,7.67326566563,751.0,64441.0,62.0,9.0,1393.0,3787.0,4012.0,8400.0,11458.0,5322.0,1237.0,125.0,22.0,7.0,0.0,0.0,0.0,0.0,0.0,0.0,0.0,0.0,0.0,0.0,0.0,0.0,0.0,0.0,0.0,0.0,0.0,0.0,0.0,0.0
36.3103009259,278214.0,35758.0,7.7804687063,754.0,64441.0,60.0,12.0,1388.0,3748.0,4009.0,8360.0,11506.0,5320.0,1255.0,117.0,46.0,9.0,0.0,0.0,0.0,0.0,0.0,0.0,0.0,0.0,0.0,0.0,0.0,0.0,0.0,0.0,0.0,0.0,0.0,0.0,0.0,0.0
36.3144675926,274787.0,35756.0,7.6850598501,751.0,64440.0,59.0,12.0,1407.0,3765.0,4037.0,8453.0,11476.0,5213.0,1223.0,145.0,31.0,6.0,0.0,0.0,0.0,0.0,0.0,0.0,0.0,0.0,0.0,0.0,0.0,0.0,0.0,0.0,0.0,0.0,0.0,0.0,0.0,0.0
36.3186342593,273798.0,35759.0,7.65675773931,751.0,64443.0,57.0,14.0,1515.0,3916.0,4091.0,8335.0,11271.0,5217.0,1240.0,125.0,43.0,6.0,0.0,0.0,0.0,0.0,0.0,0.0,0.0,0.0,0.0,0.0,0.0,0.0,0.0,0.0,0.0,0.0,0.0,0.0,0.0,0.0
36.3228009259,272771.0,35767.0,7.62633153465,751.0,64444.0,60.0,14.0,1452.0,3835.0,3996.0,8624.0,11348.0,5121.0,1217.0,131.0,36.0,7.0,0.0,0.0,0.0,0.0,0.0,0.0,0.0,0.0,0.0,0.0,0.0,0.0,0.0,0.0,0.0,0.0,0.0,0.0,0.0,0.0
36.3269675926,275125.0,35750.0,7.6958041958,749.0,64440.0,62.0,11.0,1493.0,3845.0,3968.0,8556.0,11398.0,5049.0,1234.0,154.0,45.0,8.0,0.0,0.0,0.0,0.0,0.0,0.0,0.0,0.0,0.0,0.0,0.0,0.0,0.0,0.0,0.0,0.0,0.0,0.0,0.0,0.0
36.3311342593,276586.0,35749.0,7.73688774511,751.0,64440.0,63.0,12.0,1448.0,3832.0,3991.0,8611.0,11227.0,5218.0,1234.0,128.0,47.0,13.0,0.0,0.0,0.0,0.0,0.0,0.0,0.0,0.0,0.0,0.0,0.0,0.0,0.0,0.0,0.0,0.0,0.0,0.0,0.0,0.0
36.3353009259,269451.0,35780.0,7.53077138066,747.0,64443.0,62.0,14.0,1564.0,3953.0,3857.0,8660.0,11187.0,5221.0,1198.0,104.0,32.0,4.0,0.0,0.0,0.0,0.0,0.0,0.0,0.0,0.0,0.0,0.0,0.0,0.0,0.0,0.0,0.0,0.0,0.0,0.0,0.0,0.0
36.3394675926,270830.0,35754.0,7.57481680371,748.0,64440.0,63.0,12.0,1552.0,4006.0,4018.0,8557.0,11142.0,5088.0,1222.0,131.0,25.0,13.0,0.0,0.0,0.0,0.0,0.0,0.0,0.0,0.0,0.0,0.0,0.0,0.0,0.0,0.0,0.0,0.0,0.0,0.0,0.0,0.0
36.3436342593,271568.0,35766.0,7.59290946709,749.0,64440.0,62.0,12.0,1522.0,3950.0,4095.0,8709.0,10978.0,5098.0,1233.0,142.0,26.0,13.0,0.0,0.0,0.0,0.0,0.0,0.0,0.0,0.0,0.0,0.0,0.0,0.0,0.0,0.0,0.0,0.0,0.0,0.0,0.0,0.0
36.3478009259,268881.0,35761.0,7.51883336596,748.0,64440.0,63.0,12.0,1595.0,3999.0,3969.0,8816.0,10902.0,5094.0,1225.0,113.0,45.0,3.0,0.0,0.0,0.0,0.0,0.0,0.0,0.0,0.0,0.0,0.0,0.0,0.0,0.0,0.0,0.0,0.0,0.0,0.0,0.0,0.0
36.3519675926,274255.0,35759.0,7.66953773875,751.0,64439.0,62.0,9.0,1566.0,4029.0,3865.0,8642.0,10971.0,5256.0,1250.0,133.0,37.0,9.0,1.0,0.0,0.0,0.0,0.0,0.0,0.0,0.0,0.0,0.0,0.0,0.0,0.0,0.0,0.0,0.0,0.0,0.0,0.0,0.0
36.3561342593,262517.0,35762.0,7.34066886639,747.0,64441.0,62.0,12.0,1673.0,4137.0,4254.0,8730.0,10815.0,4791.0,1208.0,119.0,27.0,8.0,0.0,0.0,0.0,0.0,0.0,0.0,0.0,0.0,0.0,0.0,0.0,0.0,0.0,0.0,0.0,0.0,0.0,0.0,0.0,0.0
36.3603009259,256370.0,35751.0,7.17098822411,748.0,64436.0,71.0,14.0,1685.0,4224.0,4055.0,8983.0,10731.0,4819.0,1131.0,110.0,11.0,2.0,0.0,0.0,0.0,0.0,0.0,0.0,0.0,0.0,0.0,0.0,0.0,0.0,0.0,0.0,0.0,0.0,0.0,0.0,0.0,0.0
36.3644675926,252205.0,35760.0,7.05271252796,745.0,64440.0,63.0,12.0,1745.0,4359.0,4079.0,8858.0,10782.0,4773.0,1065.0,84.0,13.0,2.0,0.0,0.0,0.0,0.0,0.0,0.0,0.0,0.0,0.0,0.0,0.0,0.0,0.0,0.0,0.0,0.0,0.0,0.0,0.0,0.0
36.3686342593,260098.0,35761.0,7.27323061436,745.0,64440.0,62.0,14.0,1765.0,4252.0,4051.0,8904.0,10832.0,4622.0,1188.0,105.0,31.0,11.0,0.0,0.0,0.0,0.0,0.0,0.0,0.0,0.0,0.0,0.0,0.0,0.0,0.0,0.0,0.0,0.0,0.0,0.0,0.0,0.0
36.3728009259,260390.0,35751.0,7.28343263126,747.0,64443.0,60.0,12.0,1735.0,4280.0,3937.0,9069.0,10571.0,4834.0,1174.0,117.0,29.0,5.0,0.0,0.0,0.0,0.0,0.0,0.0,0.0,0.0,0.0,0.0,0.0,0.0,0.0,0.0,0.0,0.0,0.0,0.0,0.0,0.0
36.3769675926,263993.0,35753.0,7.38379996084,747.0,64441.0,62.0,9.0,1769.0,4253.0,4066.0,8876.0,10523.0,4917.0,1170.0,131.0,38.0,10.0,0.0,0.0,0.0,0.0,0.0,0.0,0.0,0.0,0.0,0.0,0.0,0.0,0.0,0.0,0.0,0.0,0.0,0.0,0.0,0.0
36.3811342593,262131.0,35756.0,7.33110526905,748.0,64440.0,64.0,12.0,1725.0,4335.0,4108.0,9067.0,10350.0,4791.0,1187.0,150.0,37.0,6.0,0.0,0.0,0.0,0.0,0.0,0.0,0.0,0.0,0.0,0.0,0.0,0.0,0.0,0.0,0.0,0.0,0.0,0.0,0.0,0.0
36.3853009259,259250.0,35759.0,7.24992309628,747.0,64440.0,63.0,15.0,1768.0,4304.0,4095.0,9201.0,10330.0,4759.0,1131.0,130.0,30.0,11.0,0.0,0.0,0.0,0.0,0.0,0.0,0.0,0.0,0.0,0.0,0.0,0.0,0.0,0.0,0.0,0.0,0.0,0.0,0.0,0.0
36.3894675926,258475.0,35743.0,7.23148588535,747.0,64440.0,63.0,12.0,1814.0,4285.0,4139.0,9122.0,10384.0,4661.0,1150.0,148.0,37.0,3.0,0.0,0.0,0.0,0.0,0.0,0.0,0.0,0.0,0.0,0.0,0.0,0.0,0.0,0.0,0.0,0.0,0.0,0.0,0.0,0.0
36.3936342593,263815.0,35741.0,7.38129878851,747.0,64440.0,62.0,14.0,1858.0,4363.0,3856.0,9195.0,10236.0,4873.0,1176.0,129.0,38.0,17.0,0.0,0.0,0.0,0.0,0.0,0.0,0.0,0.0,0.0,0.0,0.0,0.0,0.0,0.0,0.0,0.0,0.0,0.0,0.0,0.0
36.4061689815,261396.0,35738.0,7.31423135038,747.0,64440.0,63.0,8.0,1819.0,4326.0,3979.0,9234.0,10072.0,4925.0,1210.0,136.0,32.0,5.0,0.0,0.0,0.0,0.0,0.0,0.0,0.0,0.0,0.0,0.0,0.0,0.0,0.0,0.0,0.0,0.0,0.0,0.0,0.0,0.0
36.4103356481,260778.0,35739.0,7.29673465962,747.0,64441.0,60.0,16.0,1824.0,4374.0,3874.0,9280.0,10216.0,4835.0,1149.0,149.0,28.0,10.0,0.0,0.0,0.0,0.0,0.0,0.0,0.0,0.0,0.0,0.0,0.0,0.0,0.0,0.0,0.0,0.0,0.0,0.0,0.0,0.0
36.4145023148,264388.0,35737.0,7.39815877102,745.0,64440.0,63.0,14.0,1803.0,4396.0,3856.0,9118.0,10134.0,5029.0,1226.0,129.0,39.0,7.0,0.0,0.0,0.0,0.0,0.0,0.0,0.0,0.0,0.0,0.0,0.0,0.0,0.0,0.0,0.0,0.0,0.0,0.0,0.0,0.0
36.4186689815,265296.0,35727.0,7.42564447057,747.0,64441.0,59.0,11.0,1859.0,4410.0,3807.0,9126.0,10106.0,4949.0,1299.0,127.0,33.0,11.0,0.0,0.0,0.0,0.0,0.0,0.0,0.0,0.0,0.0,0.0,0.0,0.0,0.0,0.0,0.0,0.0,0.0,0.0,0.0,0.0
36.4228356481,263169.0,35744.0,7.36260631155,747.0,64440.0,64.0,12.0,1824.0,4381.0,3868.0,9081.0,10241.0,4982.0,1187.0,136.0,38.0,6.0,0.0,0.0,0.0,0.0,0.0,0.0,0.0,0.0,0.0,0.0,0.0,0.0,0.0,0.0,0.0,0.0,0.0,0.0,0.0,0.0
36.4270023148,266462.0,35751.0,7.45327403429,745.0,64440.0,62.0,12.0,1841.0,4428.0,3821.0,9192.0,9981.0,4999.0,1304.0,139.0,36.0,10.0,0.0,0.0,0.0,0.0,0.0,0.0,0.0,0.0,0.0,0.0,0.0,0.0,0.0,0.0,0.0,0.0,0.0,0.0,0.0,0.0
36.4311689815,266663.0,35743.0,7.46056570517,747.0,64440.0,63.0,8.0,1853.0,4187.0,3738.0,9336.0,10133.0,5075.0,1241.0,131.0,41.0,8.0,0.0,0.0,0.0,0.0,0.0,0.0,0.0,0.0,0.0,0.0,0.0,0.0,0.0,0.0,0.0,0.0,0.0,0.0,0.0,0.0
36.4353356481,270671.0,35750.0,7.57121678322,747.0,64440.0,67.0,12.0,1763.0,4327.0,3876.0,9144.0,9880.0,5290.0,1283.0,126.0,50.0,11.0,0.0,0.0,0.0,0.0,0.0,0.0,0.0,0.0,0.0,0.0,0.0,0.0,0.0,0.0,0.0,0.0,0.0,0.0,0.0,0.0
36.4395023148,269071.0,35743.0,7.52793553983,745.0,64440.0,60.0,15.0,1806.0,4227.0,3938.0,8940.0,10085.0,5303.0,1264.0,140.0,31.0,9.0,0.0,0.0,0.0,0.0,0.0,0.0,0.0,0.0,0.0,0.0,0.0,0.0,0.0,0.0,0.0,0.0,0.0,0.0,0.0,0.0
36.4436689815,268154.0,35747.0,7.50144068034,745.0,64444.0,62.0,14.0,1805.0,4266.0,3916.0,9284.0,9963.0,5077.0,1232.0,152.0,35.0,17.0,0.0,0.0,0.0,0.0,0.0,0.0,0.0,0.0,0.0,0.0,0.0,0.0,0.0,0.0,0.0,0.0,0.0,0.0,0.0,0.0
36.4478356481,269361.0,35739.0,7.53689247041,744.0,64440.0,63.0,11.0,1765.0,4159.0,3825.0,9176.0,10150.0,5212.0,1286.0,124.0,28.0,14.0,0.0,0.0,0.0,0.0,0.0,0.0,0.0,0.0,0.0,0.0,0.0,0.0,0.0,0.0,0.0,0.0,0.0,0.0,0.0,0.0
36.4520023148,267751.0,35736.0,7.49247257667,741.0,64440.0,63.0,12.0,1700.0,4267.0,3812.0,9229.0,10120.0,5180.0,1266.0,120.0,30.0,12.0,0.0,0.0,0.0,0.0,0.0,0.0,0.0,0.0,0.0,0.0,0.0,0.0,0.0,0.0,0.0,0.0,0.0,0.0,0.0,0.0
36.4561689815,266421.0,35741.0,7.45421224924,747.0,64443.0,67.0,8.0,1766.0,4169.0,3828.0,9367.0,10039.0,5125.0,1279.0,129.0,34.0,5.0,0.0,0.0,0.0,0.0,0.0,0.0,0.0,0.0,0.0,0.0,0.0,0.0,0.0,0.0,0.0,0.0,0.0,0.0,0.0,0.0
36.4603356481,269537.0,35757.0,7.53802052745,745.0,64440.0,63.0,12.0,1719.0,4169.0,3992.0,9134.0,10064.0,5183.0,1302.0,154.0,34.0,6.0,0.0,0.0,0.0,0.0,0.0,0.0,0.0,0.0,0.0,0.0,0.0,0.0,0.0,0.0,0.0,0.0,0.0,0.0,0.0,0.0
36.4645023148,269949.0,35736.0,7.55397918066,744.0,64440.0,63.0,15.0,1686.0,4109.0,3866.0,9143.0,10152.0,5310.0,1302.0,136.0,25.0,7.0,0.0,0.0,0.0,0.0,0.0,0.0,0.0,0.0,0.0,0.0,0.0,0.0,0.0,0.0,0.0,0.0,0.0,0.0,0.0,0.0
36.4686689815,273858.0,35749.0,7.66057791826,744.0,64441.0,64.0,7.0,1693.0,4118.0,3794.0,9140.0,10189.0,5225.0,1392.0,157.0,36.0,5.0,0.0,0.0,0.0,0.0,0.0,0.0,0.0,0.0,0.0,0.0,0.0,0.0,0.0,0.0,0.0,0.0,0.0,0.0,0.0,0.0
36.4728356481,278342.0,35744.0,7.78709713518,744.0,64443.0,62.0,11.0,1629.0,4116.0,3783.0,9139.0,10001.0,5471.0,1399.0,146.0,54.0,6.0,0.0,0.0,0.0,0.0,0.0,0.0,0.0,0.0,0.0,0.0,0.0,0.0,0.0,0.0,0.0,0.0,0.0,0.0,0.0,0.0
36.4770023148,280137.0,35740.0,7.8381925014,744.0,64442.0,60.0,15.0,1723.0,4075.0,3727.0,9056.0,10006.0,5569.0,1370.0,159.0,38.0,17.0,0.0,0.0,0.0,0.0,0.0,0.0,0.0,0.0,0.0,0.0,0.0,0.0,0.0,0.0,0.0,0.0,0.0,0.0,0.0,0.0
36.4811689815,280693.0,35731.0,7.85572751952,744.0,64440.0,63.0,12.0,1644.0,4023.0,3643.0,9102.0,10062.0,5648.0,1401.0,164.0,35.0,9.0,0.0,0.0,0.0,0.0,0.0,0.0,0.0,0.0,0.0,0.0,0.0,0.0,0.0,0.0,0.0,0.0,0.0,0.0,0.0,0.0
36.4853356481,284549.0,35750.0,7.95941258741,744.0,64440.0,63.0,8.0,1529.0,3857.0,3696.0,9075.0,10143.0,5861.0,1390.0,145.0,43.0,11.0,0.0,0.0,0.0,0.0,0.0,0.0,0.0,0.0,0.0,0.0,0.0,0.0,0.0,0.0,0.0,0.0,0.0,0.0,0.0,0.0
36.4895023148,284356.0,35734.0,7.95757541837,744.0,64440.0,63.0,11.0,1522.0,3830.0,3733.0,9177.0,10190.0,5619.0,1453.0,162.0,33.0,15.0,0.0,0.0,0.0,0.0,0.0,0.0,0.0,0.0,0.0,0.0,0.0,0.0,0.0,0.0,0.0,0.0,0.0,0.0,0.0,0.0
36.4936689815,284754.0,35748.0,7.9655924807,745.0,64441.0,65.0,14.0,1515.0,3856.0,3901.0,9008.0,10053.0,5744.0,1459.0,164.0,37.0,11.0,0.0,0.0,0.0,0.0,0.0,0.0,0.0,0.0,0.0,0.0,0.0,0.0,0.0,0.0,0.0,0.0,0.0,0.0,0.0,0.0
36.4978356481,283328.0,35745.0,7.9263673241,736.0,64443.0,60.0,15.0,1472.0,3906.0,3781.0,9101.0,10022.0,5857.0,1402.0,161.0,36.0,7.0,0.0,0.0,0.0,0.0,0.0,0.0,0.0,0.0,0.0,0.0,0.0,0.0,0.0,0.0,0.0,0.0,0.0,0.0,0.0,0.0
36.5020023148,285684.0,35737.0,7.9940677729,744.0,64440.0,62.0,12.0,1473.0,3782.0,3897.0,9015.0,10160.0,5756.0,1431.0,173.0,39.0,11.0,0.0,0.0,0.0,0.0,0.0,0.0,0.0,0.0,0.0,0.0,0.0,0.0,0.0,0.0,0.0,0.0,0.0,0.0,0.0,0.0
36.5061689815,282807.0,35739.0,7.91312012088,747.0,64440.0,60.0,12.0,1475.0,3835.0,3836.0,9221.0,9944.0,5809.0,1405.0,173.0,36.0,5.0,0.0,0.0,0.0,0.0,0.0,0.0,0.0,0.0,0.0,0.0,0.0,0.0,0.0,0.0,0.0,0.0,0.0,0.0,0.0,0.0
36.5103356481,288657.0,35734.0,8.07793697879,744.0,64441.0,62.0,14.0,1528.0,3795.0,3651.0,9090.0,9932.0,5983.0,1557.0,157.0,34.0,7.0,0.0,0.0,0.0,0.0,0.0,0.0,0.0,0.0,0.0,0.0,0.0,0.0,0.0,0.0,0.0,0.0,0.0,0.0,0.0,0.0
36.5145023148,285110.0,35734.0,7.97867577097,741.0,64440.0,63.0,12.0,1514.0,3866.0,3772.0,9089.0,10002.0,5875.0,1413.0,153.0,35.0,15.0,0.0,0.0,0.0,0.0,0.0,0.0,0.0,0.0,0.0,0.0,0.0,0.0,0.0,0.0,0.0,0.0,0.0,0.0,0.0,0.0
36.5186689815,285901.0,35735.0,8.00058765916,741.0,64441.0,63.0,15.0,1342.0,3777.0,3710.0,9212.0,10196.0,5850.0,1465.0,143.0,28.0,12.0,0.0,0.0,0.0,0.0,0.0,0.0,0.0,0.0,0.0,0.0,0.0,0.0,0.0,0.0,0.0,0.0,0.0,0.0,0.0,0.0
36.5228356481,288836.0,35725.0,8.08498250525,744.0,64440.0,63.0,12.0,1441.0,3722.0,3767.0,9089.0,10063.0,5911.0,1535.0,146.0,42.0,9.0,0.0,0.0,0.0,0.0,0.0,0.0,0.0,0.0,0.0,0.0,0.0,0.0,0.0,0.0,0.0,0.0,0.0,0.0,0.0,0.0
36.5270023148,285045.0,35725.0,7.9788663401,742.0,64440.0,63.0,12.0,1453.0,3885.0,3742.0,9231.0,9962.0,5750.0,1485.0,174.0,36.0,7.0,0.0,0.0,0.0,0.0,0.0,0.0,0.0,0.0,0.0,0.0,0.0,0.0,0.0,0.0,0.0,0.0,0.0,0.0,0.0,0.0
36.5311689815,286225.0,35736.0,8.0094302664,744.0,64440.0,63.0,12.0,1517.0,3785.0,3684.0,9340.0,9950.0,5746.0,1500.0,164.0,40.0,10.0,0.0,0.0,0.0,0.0,0.0,0.0,0.0,0.0,0.0,0.0,0.0,0.0,0.0,0.0,0.0,0.0,0.0,0.0,0.0,0.0
36.5353356481,285552.0,35730.0,7.9919395466,741.0,64440.0,63.0,14.0,1409.0,3828.0,3840.0,9117.0,10211.0,5617.0,1503.0,152.0,42.0,11.0,0.0,0.0,0.0,0.0,0.0,0.0,0.0,0.0,0.0,0.0,0.0,0.0,0.0,0.0,0.0,0.0,0.0,0.0,0.0,0.0
36.5395023148,290335.0,35733.0,8.12512243584,745.0,64444.0,60.0,12.0,1341.0,3773.0,3785.0,9246.0,10049.0,5751.0,1561.0,173.0,41.0,13.0,0.0,0.0,0.0,0.0,0.0,0.0,0.0,0.0,0.0,0.0,0.0,0.0,0.0,0.0,0.0,0.0,0.0,0.0,0.0,0.0
36.5436689815,286082.0,35723.0,8.00834196456,744.0,64447.0,60.0,12.0,1466.0,3692.0,3767.0,9212.0,10105.0,5735.0,1532.0,182.0,27.0,5.0,0.0,0.0,0.0,0.0,0.0,0.0,0.0,0.0,0.0,0.0,0.0,0.0,0.0,0.0,0.0,0.0,0.0,0.0,0.0,0.0
36.5478356481,290083.0,35723.0,8.1203426364,744.0,64443.0,64.0,9.0,1434.0,3711.0,3680.0,9263.0,9923.0,5909.0,1598.0,164.0,32.0,9.0,0.0,0.0,0.0,0.0,0.0,0.0,0.0,0.0,0.0,0.0,0.0,0.0,0.0,0.0,0.0,0.0,0.0,0.0,0.0,0.0
36.5520023148,290722.0,35730.0,8.13663588021,744.0,64439.0,70.0,12.0,1372.0,3588.0,3875.0,9214.0,10044.0,5922.0,1509.0,151.0,36.0,19.0,0.0,0.0,0.0,0.0,0.0,0.0,0.0,0.0,0.0,0.0,0.0,0.0,0.0,0.0,0.0,0.0,0.0,0.0,0.0,0.0
36.5561689815,294559.0,35745.0,8.240565114,745.0,64440.0,63.0,9.0,1299.0,3523.0,3856.0,9073.0,10129.0,6041.0,1595.0,188.0,33.0,8.0,0.0,0.0,0.0,0.0,0.0,0.0,0.0,0.0,0.0,0.0,0.0,0.0,0.0,0.0,0.0,0.0,0.0,0.0,0.0,0.0
36.5603356481,296884.0,35733.0,8.30839839924,745.0,64441.0,63.0,8.0,1257.0,3498.0,3865.0,8990.0,10056.0,6240.0,1615.0,165.0,38.0,9.0,0.0,0.0,0.0,0.0,0.0,0.0,0.0,0.0,0.0,0.0,0.0,0.0,0.0,0.0,0.0,0.0,0.0,0.0,0.0,0.0
36.5645023148,290186.0,35742.0,8.1189077276,745.0,64441.0,62.0,12.0,1299.0,3580.0,3859.0,9202.0,10176.0,5888.0,1535.0,161.0,29.0,13.0,0.0,0.0,0.0,0.0,0.0,0.0,0.0,0.0,0.0,0.0,0.0,0.0,0.0,0.0,0.0,0.0,0.0,0.0,0.0,0.0
36.5686689815,300866.0,35737.0,8.41889358368,745.0,64447.0,63.0,7.0,1227.0,3526.0,3788.0,8949.0,10204.0,6119.0,1670.0,200.0,44.0,10.0,0.0,0.0,0.0,0.0,0.0,0.0,0.0,0.0,0.0,0.0,0.0,0.0,0.0,0.0,0.0,0.0,0.0,0.0,0.0,0.0
36.5728356481,302473.0,35731.0,8.46528224791,745.0,64440.0,62.0,11.0,1263.0,3339.0,3609.0,8987.0,10260.0,6298.0,1777.0,154.0,38.0,6.0,0.0,0.0,0.0,0.0,0.0,0.0,0.0,0.0,0.0,0.0,0.0,0.0,0.0,0.0,0.0,0.0,0.0,0.0,0.0,0.0
36.5770023148,304196.0,35754.0,8.50802707389,745.0,64444.0,63.0,8.0,1134.0,3386.0,3685.0,8946.0,10185.0,6541.0,1667.0,156.0,44.0,10.0,0.0,0.0,0.0,0.0,0.0,0.0,0.0,0.0,0.0,0.0,0.0,0.0,0.0,0.0,0.0,0.0,0.0,0.0,0.0,0.0
36.5811689815,301979.0,35750.0,8.44696503497,745.0,64440.0,65.0,11.0,1109.0,3317.0,3705.0,9071.0,10397.0,6311.0,1617.0,166.0,48.0,9.0,0.0,0.0,0.0,0.0,0.0,0.0,0.0,0.0,0.0,0.0,0.0,0.0,0.0,0.0,0.0,0.0,0.0,0.0,0.0,0.0
36.5853356481,303841.0,35746.0,8.5,744.0,64441.0,62.0,14.0,1115.0,3359.0,3593.0,9052.0,10220.0,6514.0,1706.0,146.0,26.0,15.0,0.0,0.0,0.0,0.0,0.0,0.0,0.0,0.0,0.0,0.0,0.0,0.0,0.0,0.0,0.0,0.0,0.0,0.0,0.0,0.0
36.5895023148,303508.0,35753.0,8.48902190026,745.0,64440.0,63.0,15.0,1207.0,3260.0,3724.0,8862.0,10379.0,6395.0,1700.0,181.0,43.0,2.0,0.0,0.0,0.0,0.0,0.0,0.0,0.0,0.0,0.0,0.0,0.0,0.0,0.0,0.0,0.0,0.0,0.0,0.0,0.0,0.0
36.5936689815,306992.0,35741.0,8.58935116533,745.0,64439.0,63.0,15.0,1031.0,3224.0,3638.0,8907.0,10328.0,6682.0,1739.0,155.0,29.0,8.0,0.0,0.0,0.0,0.0,0.0,0.0,0.0,0.0,0.0,0.0,0.0,0.0,0.0,0.0,0.0,0.0,0.0,0.0,0.0,0.0
36.5978356481,310206.0,35742.0,8.67903307034,747.0,64444.0,64.0,15.0,1096.0,3146.0,3722.0,8640.0,10536.0,6644.0,1729.0,177.0,43.0,9.0,0.0,0.0,0.0,0.0,0.0,0.0,0.0,0.0,0.0,0.0,0.0,0.0,0.0,0.0,0.0,0.0,0.0,0.0,0.0,0.0
36.6020023148,308710.0,35743.0,8.63693590353,745.0,64441.0,64.0,12.0,1047.0,3200.0,3591.0,8958.0,10440.0,6538.0,1744.0,178.0,38.0,9.0,0.0,0.0,0.0,0.0,0.0,0.0,0.0,0.0,0.0,0.0,0.0,0.0,0.0,0.0,0.0,0.0,0.0,0.0,0.0,0.0
36.6061689815,306179.0,35749.0,8.56468712412,745.0,64447.0,63.0,7.0,1051.0,3263.0,3686.0,8942.0,10424.0,6448.0,1698.0,201.0,25.0,11.0,0.0,0.0,0.0,0.0,0.0,0.0,0.0,0.0,0.0,0.0,0.0,0.0,0.0,0.0,0.0,0.0,0.0,0.0,0.0,0.0
36.6103356481,312557.0,35738.0,8.74578879624,744.0,64440.0,63.0,12.0,1015.0,3151.0,3705.0,8693.0,10371.0,6792.0,1778.0,190.0,35.0,8.0,0.0,0.0,0.0,0.0,0.0,0.0,0.0,0.0,0.0,0.0,0.0,0.0,0.0,0.0,0.0,0.0,0.0,0.0,0.0,0.0
36.6145023148,309735.0,35746.0,8.6648855816,744.0,64441.0,63.0,11.0,1036.0,3033.0,3637.0,8937.0,10548.0,6602.0,1736.0,175.0,30.0,12.0,0.0,0.0,0.0,0.0,0.0,0.0,0.0,0.0,0.0,0.0,0.0,0.0,0.0,0.0,0.0,0.0,0.0,0.0,0.0,0.0
36.6186689815,310719.0,35746.0,8.69241313713,745.0,64442.0,63.0,14.0,1062.0,3145.0,3643.0,8758.0,10559.0,6593.0,1741.0,206.0,28.0,11.0,0.0,0.0,0.0,0.0,0.0,0.0,0.0,0.0,0.0,0.0,0.0,0.0,0.0,0.0,0.0,0.0,0.0,0.0,0.0,0.0
36.6228356481,315110.0,35747.0,8.815005455,747.0,64440.0,63.0,15.0,1055.0,3126.0,3640.0,8760.0,10456.0,6664.0,1791.0,199.0,39.0,17.0,0.0,0.0,0.0,0.0,0.0,0.0,0.0,0.0,0.0,0.0,0.0,0.0,0.0,0.0,0.0,0.0,0.0,0.0,0.0,0.0
36.6270023148,314361.0,35746.0,8.79429866279,745.0,64440.0,63.0,14.0,1027.0,3095.0,3659.0,8841.0,10383.0,6629.0,1899.0,158.0,43.0,12.0,0.0,0.0,0.0,0.0,0.0,0.0,0.0,0.0,0.0,0.0,0.0,0.0,0.0,0.0,0.0,0.0,0.0,0.0,0.0,0.0
36.6311689815,314808.0,35738.0,8.80877497342,747.0,64440.0,63.0,7.0,1034.0,3130.0,3501.0,8735.0,10497.0,6786.0,1830.0,179.0,36.0,10.0,0.0,0.0,0.0,0.0,0.0,0.0,0.0,0.0,0.0,0.0,0.0,0.0,0.0,0.0,0.0,0.0,0.0,0.0,0.0,0.0
36.6353356481,316230.0,35744.0,8.84707923008,747.0,64444.0,63.0,12.0,1049.0,3160.0,3567.0,8664.0,10456.0,6797.0,1817.0,182.0,33.0,19.0,0.0,0.0,0.0,0.0,0.0,0.0,0.0,0.0,0.0,0.0,0.0,0.0,0.0,0.0,0.0,0.0,0.0,0.0,0.0,0.0
36.6395023148,318199.0,35744.0,8.90216539839,745.0,64441.0,63.0,14.0,1018.0,3165.0,3471.0,8749.0,10423.0,6777.0,1890.0,205.0,32.0,14.0,0.0,0.0,0.0,0.0,0.0,0.0,0.0,0.0,0.0,0.0,0.0,0.0,0.0,0.0,0.0,0.0,0.0,0.0,0.0,0.0
36.6436689815,315289.0,35748.0,8.81976614076,745.0,64447.0,63.0,7.0,1081.0,3141.0,3502.0,8710.0,10380.0,6844.0,1888.0,155.0,36.0,11.0,0.0,0.0,0.0,0.0,0.0,0.0,0.0,0.0,0.0,0.0,0.0,0.0,0.0,0.0,0.0,0.0,0.0,0.0,0.0,0.0
36.6478356481,321367.0,35757.0,8.98752691781,747.0,64449.0,62.0,12.0,1034.0,3019.0,3414.0,8662.0,10711.0,6743.0,1929.0,191.0,35.0,19.0,0.0,0.0,0.0,0.0,0.0,0.0,0.0,0.0,0.0,0.0,0.0,0.0,0.0,0.0,0.0,0.0,0.0,0.0,0.0,0.0
36.6520023148,316855.0,35743.0,8.8648126906,747.0,64440.0,63.0,12.0,1014.0,3013.0,3509.0,8796.0,10607.0,6680.0,1887.0,193.0,32.0,12.0,0.0,0.0,0.0,0.0,0.0,0.0,0.0,0.0,0.0,0.0,0.0,0.0,0.0,0.0,0.0,0.0,0.0,0.0,0.0,0.0
36.6561689815,315964.0,35748.0,8.83864831599,747.0,64440.0,64.0,11.0,1054.0,3080.0,3372.0,8791.0,10606.0,6741.0,1886.0,172.0,38.0,8.0,0.0,0.0,0.0,0.0,0.0,0.0,0.0,0.0,0.0,0.0,0.0,0.0,0.0,0.0,0.0,0.0,0.0,0.0,0.0,0.0
36.6603356481,320728.0,35748.0,8.9719145127,747.0,64443.0,63.0,15.0,1014.0,3034.0,3373.0,8469.0,10840.0,6875.0,1921.0,171.0,40.0,11.0,0.0,0.0,0.0,0.0,0.0,0.0,0.0,0.0,0.0,0.0,0.0,0.0,0.0,0.0,0.0,0.0,0.0,0.0,0.0,0.0
36.6645023148,320853.0,35754.0,8.97390501762,747.0,64440.0,63.0,12.0,1024.0,3077.0,3372.0,8424.0,10695.0,7014.0,1914.0,196.0,31.0,7.0,0.0,0.0,0.0,0.0,0.0,0.0,0.0,0.0,0.0,0.0,0.0,0.0,0.0,0.0,0.0,0.0,0.0,0.0,0.0,0.0
36.6686689815,323890.0,35742.0,9.06188797493,747.0,64444.0,65.0,7.0,1052.0,3058.0,3200.0,8464.0,10768.0,6972.0,2004.0,179.0,33.0,12.0,0.0,0.0,0.0,0.0,0.0,0.0,0.0,0.0,0.0,0.0,0.0,0.0,0.0,0.0,0.0,0.0,0.0,0.0,0.0,0.0
36.6728356481,320379.0,35742.0,8.96365620279,747.0,64441.0,63.0,12.0,1062.0,3097.0,3295.0,8447.0,10791.0,6869.0,1955.0,185.0,33.0,8.0,0.0,0.0,0.0,0.0,0.0,0.0,0.0,0.0,0.0,0.0,0.0,0.0,0.0,0.0,0.0,0.0,0.0,0.0,0.0,0.0
36.6770023148,324670.0,35755.0,9.0804083345,748.0,64440.0,64.0,12.0,1001.0,2936.0,3229.0,8465.0,10947.0,6989.0,1947.0,194.0,37.0,10.0,0.0,0.0,0.0,0.0,0.0,0.0,0.0,0.0,0.0,0.0,0.0,0.0,0.0,0.0,0.0,0.0,0.0,0.0,0.0,0.0
36.6811689815,323511.0,35761.0,9.04647521042,747.0,64444.0,67.0,12.0,1057.0,2935.0,3214.0,8495.0,10819.0,6989.0,2044.0,168.0,36.0,4.0,0.0,0.0,0.0,0.0,0.0,0.0,0.0,0.0,0.0,0.0,0.0,0.0,0.0,0.0,0.0,0.0,0.0,0.0,0.0,0.0
36.6853356481,328735.0,35745.0,9.19667086306,747.0,64433.0,71.0,12.0,1042.0,3001.0,3065.0,8365.0,10920.0,7100.0,2000.0,199.0,40.0,13.0,0.0,0.0,0.0,0.0,0.0,0.0,0.0,0.0,0.0,0.0,0.0,0.0,0.0,0.0,0.0,0.0,0.0,0.0,0.0,0.0
36.6895023148,329002.0,35749.0,9.20311057652,747.0,64441.0,65.0,8.0,1110.0,3004.0,3109.0,8205.0,10770.0,7240.0,2089.0,183.0,28.0,11.0,0.0,0.0,0.0,0.0,0.0,0.0,0.0,0.0,0.0,0.0,0.0,0.0,0.0,0.0,0.0,0.0,0.0,0.0,0.0,0.0
36.6936689815,328866.0,35754.0,9.19801980198,747.0,64438.0,67.0,7.0,1019.0,2908.0,3059.0,8374.0,11039.0,7071.0,2041.0,196.0,39.0,8.0,0.0,0.0,0.0,0.0,0.0,0.0,0.0,0.0,0.0,0.0,0.0,0.0,0.0,0.0,0.0,0.0,0.0,0.0,0.0,0.0
36.6978356481,328655.0,35742.0,9.19520452129,749.0,64440.0,63.0,11.0,1005.0,2889.0,2931.0,8406.0,11127.0,7139.0,2017.0,187.0,31.0,10.0,0.0,0.0,0.0,0.0,0.0,0.0,0.0,0.0,0.0,0.0,0.0,0.0,0.0,0.0,0.0,0.0,0.0,0.0,0.0,0.0
36.7020023148,334158.0,35748.0,9.34759986573,747.0,64446.0,64.0,12.0,996.0,2916.0,2847.0,8089.0,11301.0,7284.0,2069.0,193.0,46.0,7.0,0.0,0.0,0.0,0.0,0.0,0.0,0.0,0.0,0.0,0.0,0.0,0.0,0.0,0.0,0.0,0.0,0.0,0.0,0.0,0.0
36.7061689815,332692.0,35751.0,9.3058096277,748.0,64443.0,62.0,14.0,1070.0,2908.0,2906.0,8205.0,11130.0,7190.0,2117.0,172.0,41.0,12.0,0.0,0.0,0.0,0.0,0.0,0.0,0.0,0.0,0.0,0.0,0.0,0.0,0.0,0.0,0.0,0.0,0.0,0.0,0.0,0.0
36.7103356481,328737.0,35752.0,9.19492615798,751.0,64446.0,62.0,14.0,998.0,2849.0,2946.0,8159.0,11094.0,7401.0,2138.0,150.0,17.0,0.0,0.0,0.0,0.0,0.0,0.0,0.0,0.0,0.0,0.0,0.0,0.0,0.0,0.0,0.0,0.0,0.0,0.0,0.0,0.0,0.0
36.7145023148,331480.0,35745.0,9.27346482025,749.0,64440.0,63.0,12.0,1007.0,2902.0,2863.0,7975.0,11159.0,7549.0,2122.0,139.0,26.0,3.0,0.0,0.0,0.0,0.0,0.0,0.0,0.0,0.0,0.0,0.0,0.0,0.0,0.0,0.0,0.0,0.0,0.0,0.0,0.0,0.0
36.7186689815,338607.0,35750.0,9.47152447552,747.0,64440.0,64.0,15.0,983.0,2821.0,2837.0,7968.0,11360.0,7320.0,2234.0,173.0,48.0,6.0,0.0,0.0,0.0,0.0,0.0,0.0,0.0,0.0,0.0,0.0,0.0,0.0,0.0,0.0,0.0,0.0,0.0,0.0,0.0,0.0
36.7228356481,338312.0,35755.0,9.46194937771,751.0,64443.0,62.0,15.0,980.0,2828.0,2830.0,7976.0,11174.0,7565.0,2184.0,179.0,30.0,9.0,0.0,0.0,0.0,0.0,0.0,0.0,0.0,0.0,0.0,0.0,0.0,0.0,0.0,0.0,0.0,0.0,0.0,0.0,0.0,0.0
36.7270023148,347299.0,35738.0,9.71791930158,751.0,64440.0,63.0,15.0,985.0,2815.0,2634.0,7852.0,11202.0,7681.0,2280.0,243.0,39.0,7.0,0.0,0.0,0.0,0.0,0.0,0.0,0.0,0.0,0.0,0.0,0.0,0.0,0.0,0.0,0.0,0.0,0.0,0.0,0.0,0.0
36.7395023148,344444.0,35742.0,9.63695372391,748.0,64441.0,63.0,15.0,1032.0,2708.0,2496.0,7964.0,11499.0,7548.0,2253.0,197.0,32.0,13.0,0.0,0.0,0.0,0.0,0.0,0.0,0.0,0.0,0.0,0.0,0.0,0.0,0.0,0.0,0.0,0.0,0.0,0.0,0.0,0.0
36.7436689815,345853.0,35753.0,9.67339803653,747.0,64441.0,63.0,9.0,1062.0,2675.0,2545.0,7902.0,11392.0,7659.0,2256.0,220.0,33.0,9.0,0.0,0.0,0.0,0.0,0.0,0.0,0.0,0.0,0.0,0.0,0.0,0.0,0.0,0.0,0.0,0.0,0.0,0.0,0.0,0.0
36.7478356481,346926.0,35745.0,9.70558120017,748.0,64440.0,64.0,12.0,998.0,2692.0,2465.0,7846.0,11600.0,7631.0,2269.0,199.0,30.0,15.0,0.0,0.0,0.0,0.0,0.0,0.0,0.0,0.0,0.0,0.0,0.0,0.0,0.0,0.0,0.0,0.0,0.0,0.0,0.0,0.0
36.7520023148,349320.0,35755.0,9.76982240246,747.0,64444.0,65.0,7.0,990.0,2666.0,2505.0,7851.0,11464.0,7664.0,2347.0,221.0,42.0,5.0,0.0,0.0,0.0,0.0,0.0,0.0,0.0,0.0,0.0,0.0,0.0,0.0,0.0,0.0,0.0,0.0,0.0,0.0,0.0,0.0
36.7561689815,348144.0,35754.0,9.7372042289,748.0,64441.0,67.0,12.0,1001.0,2674.0,2423.0,7830.0,11713.0,7615.0,2264.0,179.0,33.0,22.0,0.0,0.0,0.0,0.0,0.0,0.0,0.0,0.0,0.0,0.0,0.0,0.0,0.0,0.0,0.0,0.0,0.0,0.0,0.0,0.0
36.7603356481,344837.0,35750.0,9.64579020979,748.0,64440.0,65.0,12.0,1092.0,2743.0,2461.0,7899.0,11623.0,7485.0,2179.0,211.0,39.0,18.0,0.0,0.0,0.0,0.0,0.0,0.0,0.0,0.0,0.0,0.0,0.0,0.0,0.0,0.0,0.0,0.0,0.0,0.0,0.0,0.0
36.7645023148,345957.0,35765.0,9.67306025444,751.0,64443.0,64.0,7.0,1043.0,2591.0,2411.0,7688.0,11966.0,7602.0,2246.0,172.0,33.0,13.0,0.0,0.0,0.0,0.0,0.0,0.0,0.0,0.0,0.0,0.0,0.0,0.0,0.0,0.0,0.0,0.0,0.0,0.0,0.0,0.0
36.7686689815,344895.0,35760.0,9.6447147651,751.0,64451.0,62.0,12.0,1031.0,2679.0,2236.0,7938.0,11793.0,7598.0,2245.0,207.0,27.0,6.0,0.0,0.0,0.0,0.0,0.0,0.0,0.0,0.0,0.0,0.0,0.0,0.0,0.0,0.0,0.0,0.0,0.0,0.0,0.0,0.0
36.7728356481,346624.0,35763.0,9.69225176859,751.0,64444.0,64.0,12.0,1036.0,2634.0,2267.0,7960.0,11958.0,7349.0,2325.0,174.0,51.0,9.0,0.0,0.0,0.0,0.0,0.0,0.0,0.0,0.0,0.0,0.0,0.0,0.0,0.0,0.0,0.0,0.0,0.0,0.0,0.0,0.0
36.7770023148,347023.0,35751.0,9.70666554782,749.0,64440.0,63.0,13.0,1068.0,2643.0,2214.0,7794.0,11987.0,7471.0,2335.0,201.0,31.0,7.0,0.0,0.0,0.0,0.0,0.0,0.0,0.0,0.0,0.0,0.0,0.0,0.0,0.0,0.0,0.0,0.0,0.0,0.0,0.0,0.0
36.7811689815,354833.0,35764.0,9.92151325355,751.0,64451.0,63.0,14.0,1092.0,2589.0,2090.0,7730.0,11877.0,7725.0,2385.0,231.0,32.0,13.0,0.0,0.0,0.0,0.0,0.0,0.0,0.0,0.0,0.0,0.0,0.0,0.0,0.0,0.0,0.0,0.0,0.0,0.0,0.0,0.0
36.7853356481,352239.0,35776.0,9.84567866726,751.0,64444.0,63.0,14.0,1097.0,2585.0,2089.0,7745.0,11892.0,7768.0,2359.0,196.0,35.0,10.0,0.0,0.0,0.0,0.0,0.0,0.0,0.0,0.0,0.0,0.0,0.0,0.0,0.0,0.0,0.0,0.0,0.0,0.0,0.0,0.0
36.7895023148,350724.0,35746.0,9.81155933531,748.0,64446.0,62.0,14.0,1136.0,2730.0,2103.0,7869.0,11657.0,7585.0,2401.0,218.0,40.0,7.0,0.0,0.0,0.0,0.0,0.0,0.0,0.0,0.0,0.0,0.0,0.0,0.0,0.0,0.0,0.0,0.0,0.0,0.0,0.0,0.0
36.7936689815,357100.0,35752.0,9.98825240546,751.0,64435.0,68.0,12.0,1067.0,2636.0,2144.0,7440.0,12004.0,7726.0,2483.0,203.0,33.0,16.0,0.0,0.0,0.0,0.0,0.0,0.0,0.0,0.0,0.0,0.0,0.0,0.0,0.0,0.0,0.0,0.0,0.0,0.0,0.0,0.0
36.7978356481,357121.0,35749.0,9.98967803295,749.0,64446.0,63.0,8.0,1124.0,2611.0,1973.0,7753.0,11846.0,7721.0,2434.0,233.0,42.0,12.0,0.0,0.0,0.0,0.0,0.0,0.0,0.0,0.0,0.0,0.0,0.0,0.0,0.0,0.0,0.0,0.0,0.0,0.0,0.0,0.0
36.8020023148,358493.0,35749.0,10.0280567289,748.0,64439.0,65.0,7.0,1115.0,2551.0,1989.0,7773.0,11819.0,7739.0,2491.0,214.0,45.0,13.0,0.0,0.0,0.0,0.0,0.0,0.0,0.0,0.0,0.0,0.0,0.0,0.0,0.0,0.0,0.0,0.0,0.0,0.0,0.0,0.0
36.8061689815,349178.0,35746.0,9.76830974095,748.0,64446.0,64.0,7.0,1161.0,2590.0,1900.0,7733.0,12310.0,7426.0,2387.0,208.0,24.0,7.0,0.0,0.0,0.0,0.0,0.0,0.0,0.0,0.0,0.0,0.0,0.0,0.0,0.0,0.0,0.0,0.0,0.0,0.0,0.0,0.0
36.8103356481,349869.0,35755.0,9.78517689834,751.0,64443.0,63.0,16.0,1204.0,2593.0,1950.0,7826.0,12033.0,7450.0,2467.0,196.0,32.0,4.0,0.0,0.0,0.0,0.0,0.0,0.0,0.0,0.0,0.0,0.0,0.0,0.0,0.0,0.0,0.0,0.0,0.0,0.0,0.0,0.0
36.8145023148,349555.0,35752.0,9.77721526068,751.0,64446.0,63.0,14.0,1213.0,2627.0,1962.0,7601.0,12203.0,7514.0,2395.0,201.0,31.0,5.0,0.0,0.0,0.0,0.0,0.0,0.0,0.0,0.0,0.0,0.0,0.0,0.0,0.0,0.0,0.0,0.0,0.0,0.0,0.0,0.0
36.8186689815,353347.0,35757.0,9.88189725089,747.0,64440.0,65.0,8.0,1301.0,2643.0,1820.0,7838.0,11986.0,7481.0,2427.0,205.0,39.0,17.0,0.0,0.0,0.0,0.0,0.0,0.0,0.0,0.0,0.0,0.0,0.0,0.0,0.0,0.0,0.0,0.0,0.0,0.0,0.0,0.0
36.8228356481,354464.0,35750.0,9.91507692308,751.0,64440.0,64.0,15.0,1289.0,2548.0,1856.0,7801.0,12101.0,7450.0,2408.0,240.0,47.0,10.0,0.0,0.0,0.0,0.0,0.0,0.0,0.0,0.0,0.0,0.0,0.0,0.0,0.0,0.0,0.0,0.0,0.0,0.0,0.0,0.0
36.8270023148,350860.0,35748.0,9.81481481481,751.0,64441.0,65.0,9.0,1275.0,2608.0,1900.0,7871.0,12077.0,7336.0,2423.0,213.0,29.0,16.0,0.0,0.0,0.0,0.0,0.0,0.0,0.0,0.0,0.0,0.0,0.0,0.0,0.0,0.0,0.0,0.0,0.0,0.0,0.0,0.0
36.8311689815,347565.0,35755.0,9.72073835827,751.0,64444.0,63.0,12.0,1328.0,2673.0,1742.0,7942.0,12133.0,7332.0,2387.0,171.0,32.0,15.0,0.0,0.0,0.0,0.0,0.0,0.0,0.0,0.0,0.0,0.0,0.0,0.0,0.0,0.0,0.0,0.0,0.0,0.0,0.0,0.0
36.8353356481,353188.0,35760.0,9.87662192394,751.0,64440.0,64.0,11.0,1264.0,2592.0,1818.0,7776.0,12156.0,7425.0,2475.0,206.0,38.0,10.0,0.0,0.0,0.0,0.0,0.0,0.0,0.0,0.0,0.0,0.0,0.0,0.0,0.0,0.0,0.0,0.0,0.0,0.0,0.0,0.0
36.8395023148,355800.0,35736.0,9.9563465413,751.0,64443.0,64.0,14.0,1304.0,2618.0,1743.0,7748.0,12068.0,7481.0,2518.0,198.0,44.0,14.0,0.0,0.0,0.0,0.0,0.0,0.0,0.0,0.0,0.0,0.0,0.0,0.0,0.0,0.0,0.0,0.0,0.0,0.0,0.0,0.0
36.8436689815,357590.0,35752.0,10.0019579324,751.0,64440.0,64.0,15.0,1359.0,2590.0,1692.0,7726.0,12023.0,7505.0,2592.0,222.0,29.0,14.0,0.0,0.0,0.0,0.0,0.0,0.0,0.0,0.0,0.0,0.0,0.0,0.0,0.0,0.0,0.0,0.0,0.0,0.0,0.0,0.0
36.8478356481,355295.0,35746.0,9.9394337828,751.0,64440.0,67.0,14.0,1314.0,2657.0,1641.0,7779.0,12030.0,7547.0,2518.0,219.0,30.0,11.0,0.0,0.0,0.0,0.0,0.0,0.0,0.0,0.0,0.0,0.0,0.0,0.0,0.0,0.0,0.0,0.0,0.0,0.0,0.0,0.0
36.8520023148,352282.0,35748.0,9.85459326396,751.0,64444.0,63.0,12.0,1354.0,2648.0,1659.0,7897.0,12083.0,7351.0,2505.0,195.0,51.0,5.0,0.0,0.0,0.0,0.0,0.0,0.0,0.0,0.0,0.0,0.0,0.0,0.0,0.0,0.0,0.0,0.0,0.0,0.0,0.0,0.0
36.8561689815,350088.0,35758.0,9.79048045193,751.0,64440.0,64.0,12.0,1357.0,2830.0,1679.0,7781.0,12005.0,7322.0,2558.0,189.0,30.0,7.0,0.0,0.0,0.0,0.0,0.0,0.0,0.0,0.0,0.0,0.0,0.0,0.0,0.0,0.0,0.0,0.0,0.0,0.0,0.0,0.0
36.8603356481,354148.0,35755.0,9.90485246819,749.0,64443.0,63.0,15.0,1450.0,2690.0,1645.0,7808.0,12015.0,7349.0,2538.0,204.0,42.0,14.0,0.0,0.0,0.0,0.0,0.0,0.0,0.0,0.0,0.0,0.0,0.0,0.0,0.0,0.0,0.0,0.0,0.0,0.0,0.0,0.0
36.8645023148,352442.0,35749.0,9.85879325296,748.0,64440.0,67.0,11.0,1376.0,2712.0,1623.0,7847.0,12101.0,7353.0,2465.0,222.0,41.0,9.0,0.0,0.0,0.0,0.0,0.0,0.0,0.0,0.0,0.0,0.0,0.0,0.0,0.0,0.0,0.0,0.0,0.0,0.0,0.0,0.0
36.8686689815,355421.0,35751.0,9.94156806803,751.0,64440.0,65.0,9.0,1450.0,2671.0,1661.0,7711.0,12031.0,7388.0,2588.0,199.0,37.0,15.0,0.0,0.0,0.0,0.0,0.0,0.0,0.0,0.0,0.0,0.0,0.0,0.0,0.0,0.0,0.0,0.0,0.0,0.0,0.0,0.0
36.8728356481,354061.0,35773.0,9.89743661421,749.0,64444.0,63.0,12.0,1433.0,2625.0,1586.0,7960.0,11857.0,7522.0,2533.0,217.0,31.0,9.0,0.0,0.0,0.0,0.0,0.0,0.0,0.0,0.0,0.0,0.0,0.0,0.0,0.0,0.0,0.0,0.0,0.0,0.0,0.0,0.0
36.8770023148,355966.0,35763.0,9.95347146492,751.0,64440.0,65.0,11.0,1569.0,2720.0,1521.0,7873.0,11919.0,7314.0,2557.0,225.0,51.0,14.0,0.0,0.0,0.0,0.0,0.0,0.0,0.0,0.0,0.0,0.0,0.0,0.0,0.0,0.0,0.0,0.0,0.0,0.0,0.0,0.0
36.8811689815,350519.0,35786.0,9.79486391326,751.0,64440.0,64.0,15.0,1586.0,2869.0,1533.0,7792.0,11949.0,7264.0,2529.0,223.0,32.0,9.0,0.0,0.0,0.0,0.0,0.0,0.0,0.0,0.0,0.0,0.0,0.0,0.0,0.0,0.0,0.0,0.0,0.0,0.0,0.0,0.0
36.8853356481,349935.0,35785.0,9.77881794048,751.0,64444.0,65.0,12.0,1563.0,2703.0,1494.0,7871.0,12115.0,7198.0,2606.0,202.0,32.0,1.0,0.0,0.0,0.0,0.0,0.0,0.0,0.0,0.0,0.0,0.0,0.0,0.0,0.0,0.0,0.0,0.0,0.0,0.0,0.0,0.0
36.8895023148,357250.0,35772.0,9.98686123225,751.0,64444.0,64.0,15.0,1555.0,2852.0,1579.0,7738.0,11708.0,7398.0,2647.0,248.0,34.0,13.0,0.0,0.0,0.0,0.0,0.0,0.0,0.0,0.0,0.0,0.0,0.0,0.0,0.0,0.0,0.0,0.0,0.0,0.0,0.0,0.0
36.8936689815,352640.0,35741.0,9.86653982821,751.0,64440.0,64.0,8.0,1584.0,2808.0,1516.0,7910.0,11823.0,7298.0,2510.0,231.0,54.0,7.0,0.0,0.0,0.0,0.0,0.0,0.0,0.0,0.0,0.0,0.0,0.0,0.0,0.0,0.0,0.0,0.0,0.0,0.0,0.0,0.0
36.8978356481,348661.0,35768.0,9.74784723775,751.0,64435.0,65.0,14.0,1734.0,2859.0,1477.0,7920.0,11890.0,7067.0,2560.0,213.0,38.0,10.0,0.0,0.0,0.0,0.0,0.0,0.0,0.0,0.0,0.0,0.0,0.0,0.0,0.0,0.0,0.0,0.0,0.0,0.0,0.0,0.0
36.9020023148,349730.0,35770.0,9.77718758736,751.0,64444.0,63.0,12.0,1679.0,2798.0,1462.0,7960.0,11849.0,7118.0,2662.0,202.0,38.0,2.0,0.0,0.0,0.0,0.0,0.0,0.0,0.0,0.0,0.0,0.0,0.0,0.0,0.0,0.0,0.0,0.0,0.0,0.0,0.0,0.0
36.9061689815,351100.0,35758.0,9.81878181106,748.0,64440.0,65.0,8.0,1685.0,2854.0,1541.0,7799.0,11786.0,7290.0,2542.0,209.0,39.0,13.0,0.0,0.0,0.0,0.0,0.0,0.0,0.0,0.0,0.0,0.0,0.0,0.0,0.0,0.0,0.0,0.0,0.0,0.0,0.0,0.0
36.9103356481,350093.0,35762.0,9.78952519434,751.0,64440.0,67.0,14.0,1657.0,2937.0,1458.0,7798.0,11813.0,7217.0,2629.0,224.0,22.0,7.0,0.0,0.0,0.0,0.0,0.0,0.0,0.0,0.0,0.0,0.0,0.0,0.0,0.0,0.0,0.0,0.0,0.0,0.0,0.0,0.0
36.9145023148,353182.0,35765.0,9.87507339578,749.0,64444.0,67.0,12.0,1608.0,3032.0,1463.0,7716.0,11523.0,7521.0,2671.0,193.0,29.0,9.0,0.0,0.0,0.0,0.0,0.0,0.0,0.0,0.0,0.0,0.0,0.0,0.0,0.0,0.0,0.0,0.0,0.0,0.0,0.0,0.0
36.9186689815,348568.0,35761.0,9.74715472162,751.0,64441.0,67.0,15.0,1626.0,3002.0,1563.0,7940.0,11565.0,7149.0,2671.0,210.0,32.0,3.0,0.0,0.0,0.0,0.0,0.0,0.0,0.0,0.0,0.0,0.0,0.0,0.0,0.0,0.0,0.0,0.0,0.0,0.0,0.0,0.0
36.9228356481,351615.0,35765.0,9.83125961135,748.0,64441.0,67.0,8.0,1721.0,3037.0,1527.0,7771.0,11697.0,7116.0,2618.0,223.0,40.0,15.0,0.0,0.0,0.0,0.0,0.0,0.0,0.0,0.0,0.0,0.0,0.0,0.0,0.0,0.0,0.0,0.0,0.0,0.0,0.0,0.0
36.9270023148,349784.0,35765.0,9.78006430868,747.0,64440.0,67.0,12.0,1735.0,3036.0,1564.0,7671.0,11667.0,7185.0,2644.0,233.0,20.0,10.0,0.0,0.0,0.0,0.0,0.0,0.0,0.0,0.0,0.0,0.0,0.0,0.0,0.0,0.0,0.0,0.0,0.0,0.0,0.0,0.0
36.9311689815,352403.0,35765.0,9.8532923249,751.0,64438.0,65.0,9.0,1663.0,3133.0,1535.0,7814.0,11438.0,7225.0,2686.0,218.0,44.0,9.0,0.0,0.0,0.0,0.0,0.0,0.0,0.0,0.0,0.0,0.0,0.0,0.0,0.0,0.0,0.0,0.0,0.0,0.0,0.0,0.0
36.9353356481,351054.0,35775.0,9.81283018868,748.0,64443.0,65.0,12.0,1675.0,3054.0,1520.0,7726.0,11509.0,7358.0,2690.0,210.0,29.0,4.0,0.0,0.0,0.0,0.0,0.0,0.0,0.0,0.0,0.0,0.0,0.0,0.0,0.0,0.0,0.0,0.0,0.0,0.0,0.0,0.0
36.9395023148,350841.0,35755.0,9.81236190743,749.0,64440.0,64.0,9.0,1866.0,3163.0,1537.0,7675.0,11406.0,7172.0,2654.0,229.0,41.0,12.0,0.0,0.0,0.0,0.0,0.0,0.0,0.0,0.0,0.0,0.0,0.0,0.0,0.0,0.0,0.0,0.0,0.0,0.0,0.0,0.0
36.9436689815,349424.0,35757.0,9.77218446738,747.0,64440.0,71.0,12.0,1785.0,3236.0,1644.0,7465.0,11432.0,7293.0,2658.0,200.0,33.0,11.0,0.0,0.0,0.0,0.0,0.0,0.0,0.0,0.0,0.0,0.0,0.0,0.0,0.0,0.0,0.0,0.0,0.0,0.0,0.0,0.0
36.9478356481,357905.0,35752.0,10.0107686283,748.0,64440.0,63.0,14.0,1768.0,3121.0,1646.0,7371.0,11415.0,7410.0,2734.0,225.0,44.0,18.0,0.0,0.0,0.0,0.0,0.0,0.0,0.0,0.0,0.0,0.0,0.0,0.0,0.0,0.0,0.0,0.0,0.0,0.0,0.0,0.0
36.9520023148,365985.0,35756.0,10.2356247902,748.0,64444.0,67.0,12.0,1744.0,3123.0,1683.0,7420.0,10965.0,7555.0,2926.0,281.0,43.0,16.0,0.0,0.0,0.0,0.0,0.0,0.0,0.0,0.0,0.0,0.0,0.0,0.0,0.0,0.0,0.0,0.0,0.0,0.0,0.0,0.0
36.9561689815,352785.0,35748.0,9.8686639812,752.0,64440.0,67.0,8.0,1857.0,3099.0,1783.0,7358.0,11172.0,7491.0,2734.0,218.0,25.0,11.0,0.0,0.0,0.0,0.0,0.0,0.0,0.0,0.0,0.0,0.0,0.0,0.0,0.0,0.0,0.0,0.0,0.0,0.0,0.0,0.0
36.9603356481,352831.0,35752.0,9.8688464981,749.0,64446.0,65.0,6.0,1887.0,3169.0,1691.0,7364.0,11229.0,7421.0,2751.0,188.0,40.0,12.0,0.0,0.0,0.0,0.0,0.0,0.0,0.0,0.0,0.0,0.0,0.0,0.0,0.0,0.0,0.0,0.0,0.0,0.0,0.0,0.0
36.9645023148,356374.0,35745.0,9.96989788782,747.0,64440.0,67.0,12.0,1866.0,3184.0,1691.0,7208.0,11148.0,7591.0,2786.0,235.0,24.0,12.0,0.0,0.0,0.0,0.0,0.0,0.0,0.0,0.0,0.0,0.0,0.0,0.0,0.0,0.0,0.0,0.0,0.0,0.0,0.0,0.0
36.9686689815,354371.0,35750.0,9.91247552448,755.0,64443.0,63.0,12.0,1857.0,3219.0,1782.0,7315.0,11049.0,7439.0,2822.0,226.0,34.0,7.0,0.0,0.0,0.0,0.0,0.0,0.0,0.0,0.0,0.0,0.0,0.0,0.0,0.0,0.0,0.0,0.0,0.0,0.0,0.0,0.0
36.9728356481,354818.0,35755.0,9.92359110614,747.0,64440.0,64.0,15.0,1826.0,3182.0,1782.0,7262.0,11166.0,7484.0,2758.0,261.0,29.0,5.0,0.0,0.0,0.0,0.0,0.0,0.0,0.0,0.0,0.0,0.0,0.0,0.0,0.0,0.0,0.0,0.0,0.0,0.0,0.0,0.0
36.9770023148,356837.0,35748.0,9.98201297975,747.0,64446.0,64.0,9.0,1888.0,3363.0,1761.0,7174.0,11093.0,7342.0,2815.0,262.0,36.0,14.0,0.0,0.0,0.0,0.0,0.0,0.0,0.0,0.0,0.0,0.0,0.0,0.0,0.0,0.0,0.0,0.0,0.0,0.0,0.0,0.0
36.9811689815,358033.0,35741.0,10.0174309616,751.0,64444.0,67.0,8.0,1853.0,3199.0,1781.0,7146.0,11164.0,7520.0,2789.0,230.0,47.0,12.0,0.0,0.0,0.0,0.0,0.0,0.0,0.0,0.0,0.0,0.0,0.0,0.0,0.0,0.0,0.0,0.0,0.0,0.0,0.0,0.0
36.9853356481,356955.0,35751.0,9.98447595871,747.0,64441.0,63.0,15.0,1888.0,3307.0,1748.0,7000.0,11011.0,7737.0,2780.0,241.0,32.0,7.0,0.0,0.0,0.0,0.0,0.0,0.0,0.0,0.0,0.0,0.0,0.0,0.0,0.0,0.0,0.0,0.0,0.0,0.0,0.0,0.0
36.9895023148,361209.0,35750.0,10.1037482517,747.0,64441.0,64.0,12.0,1850.0,3351.0,1849.0,6944.0,11160.0,7501.0,2777.0,243.0,55.0,18.0,2.0,0.0,0.0,0.0,0.0,0.0,0.0,0.0,0.0,0.0,0.0,0.0,0.0,0.0,0.0,0.0,0.0,0.0,0.0,0.0
36.9936689815,353783.0,35766.0,9.89160096181,748.0,64441.0,70.0,12.0,1909.0,3393.0,1905.0,6913.0,10868.0,7671.0,2884.0,195.0,21.0,7.0,0.0,0.0,0.0,0.0,0.0,0.0,0.0,0.0,0.0,0.0,0.0,0.0,0.0,0.0,0.0,0.0,0.0,0.0,0.0,0.0
36.9978356481,350829.0,35759.0,9.81092871725,747.0,64440.0,65.0,8.0,1925.0,3359.0,1955.0,6924.0,10975.0,7534.0,2842.0,233.0,11.0,1.0,0.0,0.0,0.0,0.0,0.0,0.0,0.0,0.0,0.0,0.0,0.0,0.0,0.0,0.0,0.0,0.0,0.0,0.0,0.0,0.0
37.0020023148,355453.0,35757.0,9.94079480941,747.0,64440.0,67.0,9.0,1968.0,3359.0,2039.0,6630.0,10869.0,7861.0,2779.0,208.0,37.0,7.0,0.0,0.0,0.0,0.0,0.0,0.0,0.0,0.0,0.0,0.0,0.0,0.0,0.0,0.0,0.0,0.0,0.0,0.0,0.0,0.0
37.0061689815,363221.0,35759.0,10.1574708465,747.0,64444.0,65.0,12.0,1880.0,3279.0,1961.0,6881.0,10830.0,7708.0,2940.0,216.0,45.0,19.0,0.0,0.0,0.0,0.0,0.0,0.0,0.0,0.0,0.0,0.0,0.0,0.0,0.0,0.0,0.0,0.0,0.0,0.0,0.0,0.0
37.0103356481,356647.0,35747.0,9.97697708899,747.0,64440.0,67.0,14.0,1937.0,3305.0,1973.0,6813.0,10870.0,7669.0,2915.0,234.0,29.0,2.0,0.0,0.0,0.0,0.0,0.0,0.0,0.0,0.0,0.0,0.0,0.0,0.0,0.0,0.0,0.0,0.0,0.0,0.0,0.0,0.0
37.0145023148,361367.0,35753.0,10.1073196655,748.0,64444.0,67.0,7.0,1936.0,3365.0,1993.0,6614.0,10813.0,7824.0,2955.0,203.0,35.0,15.0,0.0,0.0,0.0,0.0,0.0,0.0,0.0,0.0,0.0,0.0,0.0,0.0,0.0,0.0,0.0,0.0,0.0,0.0,0.0,0.0
37.0186689815,365415.0,35761.0,10.2182545231,747.0,64440.0,64.0,11.0,1904.0,3377.0,1961.0,6509.0,10808.0,7887.0,3018.0,255.0,33.0,9.0,0.0,0.0,0.0,0.0,0.0,0.0,0.0,0.0,0.0,0.0,0.0,0.0,0.0,0.0,0.0,0.0,0.0,0.0,0.0,0.0
37.0228356481,361484.0,35734.0,10.1159679857,747.0,64448.0,68.0,4.0,1924.0,3398.0,2053.0,6479.0,10780.0,7930.0,2878.0,245.0,38.0,9.0,0.0,0.0,0.0,0.0,0.0,0.0,0.0,0.0,0.0,0.0,0.0,0.0,0.0,0.0,0.0,0.0,0.0,0.0,0.0,0.0
37.0270023148,362795.0,35748.0,10.1486796464,747.0,64440.0,67.0,12.0,1835.0,3405.0,2143.0,6508.0,10636.0,7955.0,3009.0,207.0,44.0,6.0,0.0,0.0,0.0,0.0,0.0,0.0,0.0,0.0,0.0,0.0,0.0,0.0,0.0,0.0,0.0,0.0,0.0,0.0,0.0,0.0
37.0311689815,368085.0,35756.0,10.294356192,747.0,64440.0,67.0,11.0,1845.0,3433.0,2082.0,6182.0,10850.0,8092.0,2974.0,240.0,46.0,12.0,0.0,0.0,0.0,0.0,0.0,0.0,0.0,0.0,0.0,0.0,0.0,0.0,0.0,0.0,0.0,0.0,0.0,0.0,0.0,0.0
37.0353356481,367506.0,35757.0,10.2778756607,747.0,64441.0,67.0,12.0,1871.0,3268.0,2143.0,6270.0,10881.0,8061.0,2994.0,214.0,37.0,18.0,0.0,0.0,0.0,0.0,0.0,0.0,0.0,0.0,0.0,0.0,0.0,0.0,0.0,0.0,0.0,0.0,0.0,0.0,0.0,0.0
37.0395023148,368839.0,35756.0,10.3154435619,747.0,64455.0,63.0,9.0,1857.0,3321.0,2121.0,6293.0,10629.0,8230.0,3015.0,236.0,47.0,7.0,0.0,0.0,0.0,0.0,0.0,0.0,0.0,0.0,0.0,0.0,0.0,0.0,0.0,0.0,0.0,0.0,0.0,0.0,0.0,0.0
37.0436689815,363552.0,35756.0,10.1675802662,747.0,64444.0,65.0,15.0,1912.0,3382.0,2147.0,6283.0,10763.0,8022.0,2968.0,241.0,30.0,8.0,0.0,0.0,0.0,0.0,0.0,0.0,0.0,0.0,0.0,0.0,0.0,0.0,0.0,0.0,0.0,0.0,0.0,0.0,0.0,0.0
37.0478356481,374063.0,35751.0,10.4630080277,747.0,64440.0,67.0,12.0,1800.0,3333.0,2139.0,6029.0,10844.0,8220.0,3085.0,244.0,38.0,19.0,0.0,0.0,0.0,0.0,0.0,0.0,0.0,0.0,0.0,0.0,0.0,0.0,0.0,0.0,0.0,0.0,0.0,0.0,0.0,0.0
37.0520023148,376685.0,35755.0,10.5351699063,747.0,64443.0,67.0,14.0,1726.0,3223.0,2183.0,6076.0,10637.0,8441.0,3161.0,263.0,38.0,7.0,0.0,0.0,0.0,0.0,0.0,0.0,0.0,0.0,0.0,0.0,0.0,0.0,0.0,0.0,0.0,0.0,0.0,0.0,0.0,0.0
37.0561689815,378167.0,35753.0,10.577210304,745.0,64440.0,67.0,8.0,1653.0,3245.0,2181.0,5940.0,10654.0,8638.0,3153.0,249.0,29.0,11.0,0.0,0.0,0.0,0.0,0.0,0.0,0.0,0.0,0.0,0.0,0.0,0.0,0.0,0.0,0.0,0.0,0.0,0.0,0.0,0.0
37.0603356481,381379.0,35734.0,10.6727206582,744.0,64449.0,67.0,7.0,1652.0,3281.0,2235.0,5801.0,10619.0,8604.0,3236.0,257.0,37.0,12.0,0.0,0.0,0.0,0.0,0.0,0.0,0.0,0.0,0.0,0.0,0.0,0.0,0.0,0.0,0.0,0.0,0.0,0.0,0.0,0.0
37.0729050926,387829.0,35741.0,10.8510953807,745.0,64447.0,64.0,8.0,1486.0,3203.0,2271.0,5655.0,10631.0,8894.0,3294.0,242.0,58.0,7.0,0.0,0.0,0.0,0.0,0.0,0.0,0.0,0.0,0.0,0.0,0.0,0.0,0.0,0.0,0.0,0.0,0.0,0.0,0.0,0.0
37.0770717593,388475.0,35746.0,10.8676495272,744.0,64440.0,67.0,15.0,1517.0,3111.0,2160.0,5587.0,10729.0,9094.0,3256.0,250.0,28.0,14.0,0.0,0.0,0.0,0.0,0.0,0.0,0.0,0.0,0.0,0.0,0.0,0.0,0.0,0.0,0.0,0.0,0.0,0.0,0.0,0.0
37.0812384259,389471.0,35737.0,10.8982567087,744.0,64440.0,71.0,8.0,1454.0,3073.0,2207.0,5404.0,11040.0,8985.0,3273.0,254.0,37.0,10.0,0.0,0.0,0.0,0.0,0.0,0.0,0.0,0.0,0.0,0.0,0.0,0.0,0.0,0.0,0.0,0.0,0.0,0.0,0.0,0.0
37.0854050926,391367.0,35732.0,10.9528433897,744.0,64444.0,67.0,8.0,1519.0,3037.0,2235.0,5417.0,10610.0,9226.0,3415.0,237.0,31.0,5.0,0.0,0.0,0.0,0.0,0.0,0.0,0.0,0.0,0.0,0.0,0.0,0.0,0.0,0.0,0.0,0.0,0.0,0.0,0.0,0.0
37.0895717593,396080.0,35731.0,11.0850521956,744.0,64444.0,70.0,12.0,1402.0,2918.0,2343.0,5407.0,10686.0,9267.0,3397.0,265.0,34.0,12.0,0.0,0.0,0.0,0.0,0.0,0.0,0.0,0.0,0.0,0.0,0.0,0.0,0.0,0.0,0.0,0.0,0.0,0.0,0.0,0.0
37.0937384259,391088.0,35733.0,10.944728962,741.0,64444.0,64.0,9.0,1475.0,2990.0,2285.0,5322.0,10748.0,9334.0,3294.0,244.0,36.0,5.0,0.0,0.0,0.0,0.0,0.0,0.0,0.0,0.0,0.0,0.0,0.0,0.0,0.0,0.0,0.0,0.0,0.0,0.0,0.0,0.0
37.0979050926,392466.0,35740.0,10.9811415781,741.0,64441.0,71.0,8.0,1444.0,3062.0,2292.0,5227.0,10801.0,9358.0,3265.0,232.0,52.0,7.0,0.0,0.0,0.0,0.0,0.0,0.0,0.0,0.0,0.0,0.0,0.0,0.0,0.0,0.0,0.0,0.0,0.0,0.0,0.0,0.0
37.1020717593,394916.0,35731.0,11.0524754415,744.0,64436.0,67.0,12.0,1492.0,2992.0,2350.0,5068.0,10813.0,9434.0,3273.0,255.0,42.0,12.0,0.0,0.0,0.0,0.0,0.0,0.0,0.0,0.0,0.0,0.0,0.0,0.0,0.0,0.0,0.0,0.0,0.0,0.0,0.0,0.0
37.1062384259,400809.0,35737.0,11.21551893,741.0,64446.0,67.0,11.0,1434.0,2969.0,2324.0,5128.0,10687.0,9371.0,3505.0,272.0,34.0,13.0,0.0,0.0,0.0,0.0,0.0,0.0,0.0,0.0,0.0,0.0,0.0,0.0,0.0,0.0,0.0,0.0,0.0,0.0,0.0,0.0
37.1104050926,399188.0,35728.0,11.1729735781,741.0,64440.0,68.0,7.0,1395.0,2854.0,2347.0,5034.0,10758.0,9752.0,3292.0,236.0,50.0,10.0,0.0,0.0,0.0,0.0,0.0,0.0,0.0,0.0,0.0,0.0,0.0,0.0,0.0,0.0,0.0,0.0,0.0,0.0,0.0,0.0
37.1145717593,401637.0,35723.0,11.2430926854,741.0,64441.0,68.0,4.0,1331.0,2967.0,2295.0,5020.0,10780.0,9651.0,3381.0,237.0,44.0,17.0,0.0,0.0,0.0,0.0,0.0,0.0,0.0,0.0,0.0,0.0,0.0,0.0,0.0,0.0,0.0,0.0,0.0,0.0,0.0,0.0
37.1187384259,403721.0,35736.0,11.2973192299,741.0,64444.0,70.0,7.0,1376.0,2905.0,2264.0,5004.0,10654.0,9780.0,3457.0,240.0,45.0,11.0,0.0,0.0,0.0,0.0,0.0,0.0,0.0,0.0,0.0,0.0,0.0,0.0,0.0,0.0,0.0,0.0,0.0,0.0,0.0,0.0
37.1229050926,408590.0,35725.0,11.4370888733,742.0,64440.0,65.0,14.0,1343.0,2788.0,2379.0,4735.0,10841.0,9839.0,3459.0,282.0,46.0,13.0,0.0,0.0,0.0,0.0,0.0,0.0,0.0,0.0,0.0,0.0,0.0,0.0,0.0,0.0,0.0,0.0,0.0,0.0,0.0,0.0
37.1270717593,409763.0,35719.0,11.4718497158,738.0,64440.0,64.0,12.0,1196.0,2837.0,2299.0,4828.0,10829.0,9904.0,3518.0,250.0,43.0,15.0,0.0,0.0,0.0,0.0,0.0,0.0,0.0,0.0,0.0,0.0,0.0,0.0,0.0,0.0,0.0,0.0,0.0,0.0,0.0,0.0
37.1312384259,407075.0,35734.0,11.3918117199,741.0,64444.0,70.0,9.0,1322.0,2779.0,2300.0,4842.0,10741.0,9976.0,3476.0,246.0,43.0,9.0,0.0,0.0,0.0,0.0,0.0,0.0,0.0,0.0,0.0,0.0,0.0,0.0,0.0,0.0,0.0,0.0,0.0,0.0,0.0,0.0
37.1354050926,403995.0,35718.0,11.3106836889,741.0,64444.0,65.0,9.0,1272.0,2813.0,2419.0,4772.0,10859.0,9863.0,3419.0,248.0,49.0,4.0,0.0,0.0,0.0,0.0,0.0,0.0,0.0,0.0,0.0,0.0,0.0,0.0,0.0,0.0,0.0,0.0,0.0,0.0,0.0,0.0
37.1395717593,405534.0,35726.0,11.351228797,741.0,64446.0,64.0,12.0,1225.0,2712.0,2367.0,4868.0,10879.0,9962.0,3425.0,237.0,44.0,7.0,0.0,0.0,0.0,0.0,0.0,0.0,0.0,0.0,0.0,0.0,0.0,0.0,0.0,0.0,0.0,0.0,0.0,0.0,0.0,0.0
37.1437384259,410617.0,35717.0,11.4964022734,741.0,64440.0,71.0,6.0,1163.0,2671.0,2269.0,4824.0,10886.0,10104.0,3508.0,247.0,33.0,12.0,0.0,0.0,0.0,0.0,0.0,0.0,0.0,0.0,0.0,0.0,0.0,0.0,0.0,0.0,0.0,0.0,0.0,0.0,0.0,0.0
37.1479050926,415835.0,35718.0,11.6421692144,736.0,64440.0,67.0,14.0,1101.0,2525.0,2395.0,4692.0,10721.0,10419.0,3564.0,257.0,35.0,9.0,0.0,0.0,0.0,0.0,0.0,0.0,0.0,0.0,0.0,0.0,0.0,0.0,0.0,0.0,0.0,0.0,0.0,0.0,0.0,0.0
37.1520717593,409675.0,35719.0,11.469386041,741.0,64435.0,67.0,12.0,1104.0,2711.0,2342.0,4720.0,10905.0,10188.0,3467.0,233.0,41.0,8.0,0.0,0.0,0.0,0.0,0.0,0.0,0.0,0.0,0.0,0.0,0.0,0.0,0.0,0.0,0.0,0.0,0.0,0.0,0.0,0.0
37.1562384259,417066.0,35731.0,11.6723853237,739.0,64440.0,71.0,9.0,1104.0,2524.0,2269.0,4777.0,10834.0,10316.0,3617.0,240.0,37.0,13.0,0.0,0.0,0.0,0.0,0.0,0.0,0.0,0.0,0.0,0.0,0.0,0.0,0.0,0.0,0.0,0.0,0.0,0.0,0.0,0.0
37.1604050926,419571.0,35723.0,11.7451221902,741.0,64444.0,63.0,12.0,1133.0,2491.0,2278.0,4583.0,10894.0,10340.0,3675.0,287.0,40.0,2.0,0.0,0.0,0.0,0.0,0.0,0.0,0.0,0.0,0.0,0.0,0.0,0.0,0.0,0.0,0.0,0.0,0.0,0.0,0.0,0.0
37.1645717593,419054.0,35728.0,11.7290080609,738.0,64440.0,67.0,14.0,1134.0,2592.0,2289.0,4669.0,10739.0,10392.0,3597.0,253.0,50.0,13.0,0.0,0.0,0.0,0.0,0.0,0.0,0.0,0.0,0.0,0.0,0.0,0.0,0.0,0.0,0.0,0.0,0.0,0.0,0.0,0.0
37.1687384259,419038.0,35740.0,11.724622272,736.0,64440.0,67.0,9.0,1051.0,2462.0,2338.0,4715.0,10762.0,10508.0,3590.0,266.0,42.0,6.0,0.0,0.0,0.0,0.0,0.0,0.0,0.0,0.0,0.0,0.0,0.0,0.0,0.0,0.0,0.0,0.0,0.0,0.0,0.0,0.0
37.1729050926,420856.0,35726.0,11.7801041258,739.0,64440.0,71.0,8.0,1085.0,2650.0,2275.0,4394.0,10824.0,10599.0,3578.0,267.0,43.0,11.0,0.0,0.0,0.0,0.0,0.0,0.0,0.0,0.0,0.0,0.0,0.0,0.0,0.0,0.0,0.0,0.0,0.0,0.0,0.0,0.0
37.1770717593,423150.0,35730.0,11.8429890848,736.0,64440.0,68.0,11.0,1009.0,2434.0,2318.0,4562.0,10705.0,10766.0,3617.0,272.0,41.0,6.0,0.0,0.0,0.0,0.0,0.0,0.0,0.0,0.0,0.0,0.0,0.0,0.0,0.0,0.0,0.0,0.0,0.0,0.0,0.0,0.0
37.1812384259,425517.0,35713.0,11.9149049366,736.0,64440.0,67.0,8.0,949.0,2487.0,2391.0,4382.0,10762.0,10760.0,3682.0,243.0,43.0,14.0,0.0,0.0,0.0,0.0,0.0,0.0,0.0,0.0,0.0,0.0,0.0,0.0,0.0,0.0,0.0,0.0,0.0,0.0,0.0,0.0
37.1854050926,427878.0,35720.0,11.9786674132,741.0,64444.0,67.0,14.0,992.0,2464.0,2371.0,4464.0,10500.0,10886.0,3720.0,272.0,40.0,10.0,1.0,0.0,0.0,0.0,0.0,0.0,0.0,0.0,0.0,0.0,0.0,0.0,0.0,0.0,0.0,0.0,0.0,0.0,0.0,0.0
37.1895717593,426250.0,35719.0,11.9334247879,739.0,64440.0,67.0,13.0,991.0,2468.0,2253.0,4507.0,10542.0,10995.0,3656.0,249.0,53.0,5.0,0.0,0.0,0.0,0.0,0.0,0.0,0.0,0.0,0.0,0.0,0.0,0.0,0.0,0.0,0.0,0.0,0.0,0.0,0.0,0.0
37.1937384259,429195.0,35708.0,12.0195754453,735.0,64444.0,65.0,14.0,945.0,2361.0,2383.0,4433.0,10432.0,11091.0,3776.0,235.0,45.0,7.0,0.0,0.0,0.0,0.0,0.0,0.0,0.0,0.0,0.0,0.0,0.0,0.0,0.0,0.0,0.0,0.0,0.0,0.0,0.0,0.0
37.1979050926,432791.0,35715.0,12.1179056419,735.0,64440.0,70.0,3.0,913.0,2321.0,2357.0,4391.0,10484.0,11214.0,3724.0,248.0,49.0,14.0,0.0,0.0,0.0,0.0,0.0,0.0,0.0,0.0,0.0,0.0,0.0,0.0,0.0,0.0,0.0,0.0,0.0,0.0,0.0,0.0
37.2020717593,432320.0,35713.0,12.1053957942,739.0,64449.0,67.0,7.0,975.0,2340.0,2372.0,4549.0,10192.0,11090.0,3897.0,255.0,31.0,12.0,0.0,0.0,0.0,0.0,0.0,0.0,0.0,0.0,0.0,0.0,0.0,0.0,0.0,0.0,0.0,0.0,0.0,0.0,0.0,0.0
37.2062384259,434909.0,35716.0,12.1768675104,735.0,64441.0,67.0,14.0,875.0,2317.0,2424.0,4418.0,10277.0,11275.0,3794.0,289.0,35.0,12.0,0.0,0.0,0.0,0.0,0.0,0.0,0.0,0.0,0.0,0.0,0.0,0.0,0.0,0.0,0.0,0.0,0.0,0.0,0.0,0.0
37.2104050926,434121.0,35719.0,12.1537837006,735.0,64441.0,67.0,7.0,994.0,2295.0,2457.0,4214.0,10377.0,11272.0,3794.0,251.0,58.0,7.0,0.0,0.0,0.0,0.0,0.0,0.0,0.0,0.0,0.0,0.0,0.0,0.0,0.0,0.0,0.0,0.0,0.0,0.0,0.0,0.0
37.2145717593,435107.0,35704.0,12.1865057136,735.0,64441.0,67.0,12.0,849.0,2229.0,2413.0,4349.0,10370.0,11419.0,3757.0,273.0,33.0,12.0,0.0,0.0,0.0,0.0,0.0,0.0,0.0,0.0,0.0,0.0,0.0,0.0,0.0,0.0,0.0,0.0,0.0,0.0,0.0,0.0
37.2187384259,433119.0,35712.0,12.1281081989,733.0,64438.0,70.0,12.0,908.0,2351.0,2358.0,4395.0,10267.0,11402.0,3725.0,248.0,47.0,11.0,0.0,0.0,0.0,0.0,0.0,0.0,0.0,0.0,0.0,0.0,0.0,0.0,0.0,0.0,0.0,0.0,0.0,0.0,0.0,0.0
37.2229050926,428326.0,35704.0,11.9965830159,735.0,64440.0,67.0,8.0,903.0,2334.0,2450.0,4259.0,10499.0,11286.0,3685.0,253.0,28.0,7.0,0.0,0.0,0.0,0.0,0.0,0.0,0.0,0.0,0.0,0.0,0.0,0.0,0.0,0.0,0.0,0.0,0.0,0.0,0.0,0.0
37.2270717593,431061.0,35703.0,12.0735232333,733.0,64441.0,67.0,15.0,876.0,2261.0,2536.0,4290.0,10475.0,11261.0,3718.0,229.0,44.0,13.0,0.0,0.0,0.0,0.0,0.0,0.0,0.0,0.0,0.0,0.0,0.0,0.0,0.0,0.0,0.0,0.0,0.0,0.0,0.0,0.0
37.2312384259,431650.0,35710.0,12.0876505181,733.0,64441.0,67.0,12.0,852.0,2350.0,2604.0,4313.0,10287.0,11246.0,3753.0,259.0,30.0,16.0,0.0,0.0,0.0,0.0,0.0,0.0,0.0,0.0,0.0,0.0,0.0,0.0,0.0,0.0,0.0,0.0,0.0,0.0,0.0,0.0
37.2354050926,433408.0,35712.0,12.1362007168,735.0,64441.0,68.0,9.0,852.0,2258.0,2499.0,4322.0,10308.0,11386.0,3773.0,277.0,29.0,8.0,0.0,0.0,0.0,0.0,0.0,0.0,0.0,0.0,0.0,0.0,0.0,0.0,0.0,0.0,0.0,0.0,0.0,0.0,0.0,0.0
37.2395717593,428972.0,35715.0,12.0109757805,736.0,64444.0,64.0,12.0,855.0,2308.0,2592.0,4296.0,10363.0,11351.0,3640.0,260.0,48.0,2.0,0.0,0.0,0.0,0.0,0.0,0.0,0.0,0.0,0.0,0.0,0.0,0.0,0.0,0.0,0.0,0.0,0.0,0.0,0.0,0.0
37.2437384259,432504.0,35711.0,12.1112262328,735.0,64441.0,67.0,3.0,866.0,2270.0,2627.0,4261.0,10062.0,11609.0,3720.0,252.0,37.0,7.0,0.0,0.0,0.0,0.0,0.0,0.0,0.0,0.0,0.0,0.0,0.0,0.0,0.0,0.0,0.0,0.0,0.0,0.0,0.0,0.0
37.2479050926,429160.0,35712.0,12.0172491039,733.0,64444.0,63.0,11.0,889.0,2380.0,2678.0,4386.0,9963.0,11447.0,3665.0,257.0,37.0,10.0,0.0,0.0,0.0,0.0,0.0,0.0,0.0,0.0,0.0,0.0,0.0,0.0,0.0,0.0,0.0,0.0,0.0,0.0,0.0,0.0
37.2520717593,427917.0,35703.0,11.9854634064,735.0,64440.0,68.0,8.0,854.0,2335.0,2741.0,4255.0,10085.0,11526.0,3608.0,256.0,38.0,5.0,0.0,0.0,0.0,0.0,0.0,0.0,0.0,0.0,0.0,0.0,0.0,0.0,0.0,0.0,0.0,0.0,0.0,0.0,0.0,0.0
37.2562384259,431914.0,35706.0,12.0963983644,733.0,64440.0,65.0,11.0,809.0,2310.0,2702.0,4366.0,10100.0,11389.0,3721.0,255.0,43.0,11.0,0.0,0.0,0.0,0.0,0.0,0.0,0.0,0.0,0.0,0.0,0.0,0.0,0.0,0.0,0.0,0.0,0.0,0.0,0.0,0.0
37.2604050926,442663.0,35699.0,12.3998711448,733.0,64438.0,71.0,7.0,823.0,2235.0,2586.0,4212.0,9905.0,11746.0,3872.0,253.0,47.0,20.0,0.0,0.0,0.0,0.0,0.0,0.0,0.0,0.0,0.0,0.0,0.0,0.0,0.0,0.0,0.0,0.0,0.0,0.0,0.0,0.0
37.2645717593,436053.0,35709.0,12.2112912711,733.0,64440.0,64.0,15.0,809.0,2213.0,2746.0,4291.0,9940.0,11559.0,3859.0,245.0,35.0,12.0,0.0,0.0,0.0,0.0,0.0,0.0,0.0,0.0,0.0,0.0,0.0,0.0,0.0,0.0,0.0,0.0,0.0,0.0,0.0,0.0
37.2687384259,428444.0,35700.0,12.001232493,739.0,64440.0,68.0,6.0,798.0,2382.0,2833.0,4377.0,9725.0,11656.0,3635.0,260.0,24.0,10.0,0.0,0.0,0.0,0.0,0.0,0.0,0.0,0.0,0.0,0.0,0.0,0.0,0.0,0.0,0.0,0.0,0.0,0.0,0.0,0.0
37.2729050926,431893.0,35699.0,12.0981820219,732.0,64440.0,70.0,15.0,779.0,2307.0,2755.0,4417.0,9833.0,11606.0,3693.0,261.0,40.0,8.0,0.0,0.0,0.0,0.0,0.0,0.0,0.0,0.0,0.0,0.0,0.0,0.0,0.0,0.0,0.0,0.0,0.0,0.0,0.0,0.0
37.2770717593,427652.0,35711.0,11.9753577329,733.0,64440.0,67.0,9.0,761.0,2302.0,2879.0,4370.0,9726.0,11775.0,3637.0,223.0,35.0,3.0,0.0,0.0,0.0,0.0,0.0,0.0,0.0,0.0,0.0,0.0,0.0,0.0,0.0,0.0,0.0,0.0,0.0,0.0,0.0,0.0
37.2812384259,431314.0,35718.0,12.0755361442,733.0,64449.0,70.0,3.0,816.0,2402.0,2812.0,4504.0,9687.0,11416.0,3771.0,252.0,51.0,7.0,0.0,0.0,0.0,0.0,0.0,0.0,0.0,0.0,0.0,0.0,0.0,0.0,0.0,0.0,0.0,0.0,0.0,0.0,0.0,0.0
37.2854050926,427404.0,35710.0,11.9687482498,733.0,64440.0,70.0,8.0,829.0,2460.0,2952.0,4458.0,9711.0,11396.0,3572.0,264.0,58.0,10.0,0.0,0.0,0.0,0.0,0.0,0.0,0.0,0.0,0.0,0.0,0.0,0.0,0.0,0.0,0.0,0.0,0.0,0.0,0.0,0.0
37.2895717593,416242.0,35704.0,11.6581335425,732.0,64443.0,65.0,7.0,899.0,2454.0,3000.0,4527.0,9736.0,11335.0,3510.0,209.0,31.0,3.0,0.0,0.0,0.0,0.0,0.0,0.0,0.0,0.0,0.0,0.0,0.0,0.0,0.0,0.0,0.0,0.0,0.0,0.0,0.0,0.0
37.2937384259,425491.0,35719.0,11.9121755928,733.0,64443.0,65.0,7.0,788.0,2463.0,3040.0,4469.0,9756.0,11338.0,3537.0,269.0,46.0,13.0,0.0,0.0,0.0,0.0,0.0,0.0,0.0,0.0,0.0,0.0,0.0,0.0,0.0,0.0,0.0,0.0,0.0,0.0,0.0,0.0
37.2979050926,425640.0,35723.0,11.9150127369,732.0,64444.0,63.0,12.0,785.0,2486.0,2973.0,4434.0,9764.0,11373.0,3608.0,254.0,32.0,14.0,0.0,0.0,0.0,0.0,0.0,0.0,0.0,0.0,0.0,0.0,0.0,0.0,0.0,0.0,0.0,0.0,0.0,0.0,0.0,0.0
37.3020717593,423747.0,35705.0,11.8680016804,727.0,64444.0,67.0,12.0,859.0,2447.0,3116.0,4633.0,9493.0,11299.0,3507.0,291.0,50.0,10.0,0.0,0.0,0.0,0.0,0.0,0.0,0.0,0.0,0.0,0.0,0.0,0.0,0.0,0.0,0.0,0.0,0.0,0.0,0.0,0.0
37.3062384259,421965.0,35714.0,11.8151145209,736.0,64443.0,62.0,14.0,882.0,2461.0,3092.0,4504.0,9379.0,11495.0,3631.0,237.0,27.0,6.0,0.0,0.0,0.0,0.0,0.0,0.0,0.0,0.0,0.0,0.0,0.0,0.0,0.0,0.0,0.0,0.0,0.0,0.0,0.0,0.0
37.3104050926,422514.0,35712.0,11.8311491935,729.0,64441.0,68.0,14.0,825.0,2420.0,3183.0,4568.0,9500.0,11380.0,3533.0,250.0,41.0,12.0,0.0,0.0,0.0,0.0,0.0,0.0,0.0,0.0,0.0,0.0,0.0,0.0,0.0,0.0,0.0,0.0,0.0,0.0,0.0,0.0
37.3145717593,417994.0,35711.0,11.7049088516,733.0,64440.0,70.0,12.0,872.0,2502.0,3268.0,4595.0,9468.0,11167.0,3553.0,239.0,38.0,9.0,0.0,0.0,0.0,0.0,0.0,0.0,0.0,0.0,0.0,0.0,0.0,0.0,0.0,0.0,0.0,0.0,0.0,0.0,0.0,0.0
37.3187384259,418281.0,35703.0,11.7155701202,732.0,64439.0,68.0,9.0,811.0,2521.0,3284.0,4542.0,9420.0,11311.0,3543.0,221.0,44.0,6.0,0.0,0.0,0.0,0.0,0.0,0.0,0.0,0.0,0.0,0.0,0.0,0.0,0.0,0.0,0.0,0.0,0.0,0.0,0.0,0.0
37.3229050926,410651.0,35707.0,11.5005741171,732.0,64441.0,67.0,9.0,848.0,2531.0,3342.0,4785.0,9435.0,11142.0,3343.0,235.0,41.0,5.0,0.0,0.0,0.0,0.0,0.0,0.0,0.0,0.0,0.0,0.0,0.0,0.0,0.0,0.0,0.0,0.0,0.0,0.0,0.0,0.0
37.3270717593,409771.0,35698.0,11.478822343,732.0,64441.0,71.0,6.0,904.0,2599.0,3436.0,4665.0,9385.0,11120.0,3336.0,190.0,52.0,10.0,1.0,0.0,0.0,0.0,0.0,0.0,0.0,0.0,0.0,0.0,0.0,0.0,0.0,0.0,0.0,0.0,0.0,0.0,0.0,0.0
37.3312384259,407942.0,35702.0,11.4263066495,723.0,64442.0,67.0,10.0,913.0,2656.0,3463.0,4726.0,9236.0,11138.0,3284.0,236.0,44.0,6.0,0.0,0.0,0.0,0.0,0.0,0.0,0.0,0.0,0.0,0.0,0.0,0.0,0.0,0.0,0.0,0.0,0.0,0.0,0.0,0.0
37.3354050926,398616.0,35699.0,11.1660270596,730.0,64438.0,71.0,8.0,927.0,2806.0,3477.0,4746.0,9268.0,11001.0,3267.0,183.0,21.0,3.0,0.0,0.0,0.0,0.0,0.0,0.0,0.0,0.0,0.0,0.0,0.0,0.0,0.0,0.0,0.0,0.0,0.0,0.0,0.0,0.0
37.3395717593,398688.0,35705.0,11.1661672035,732.0,64443.0,71.0,10.0,934.0,2764.0,3506.0,4722.0,9281.0,10966.0,3338.0,183.0,10.0,0.0,1.0,0.0,0.0,0.0,0.0,0.0,0.0,0.0,0.0,0.0,0.0,0.0,0.0,0.0,0.0,0.0,0.0,0.0,0.0,0.0
37.3437384259,404630.0,35702.0,11.3335387373,733.0,64444.0,67.0,7.0,872.0,2738.0,3630.0,4708.0,9255.0,11010.0,3221.0,206.0,51.0,11.0,0.0,0.0,0.0,0.0,0.0,0.0,0.0,0.0,0.0,0.0,0.0,0.0,0.0,0.0,0.0,0.0,0.0,0.0,0.0,0.0
37.3479050926,407747.0,35698.0,11.4221244888,727.0,64443.0,71.0,11.0,871.0,2617.0,3551.0,4615.0,9302.0,11210.0,3271.0,212.0,39.0,10.0,0.0,0.0,0.0,0.0,0.0,0.0,0.0,0.0,0.0,0.0,0.0,0.0,0.0,0.0,0.0,0.0,0.0,0.0,0.0,0.0
37.3520717593,413911.0,35702.0,11.5934961627,729.0,64455.0,67.0,12.0,920.0,2681.0,3483.0,4606.0,9108.0,11159.0,3449.0,248.0,32.0,16.0,0.0,0.0,0.0,0.0,0.0,0.0,0.0,0.0,0.0,0.0,0.0,0.0,0.0,0.0,0.0,0.0,0.0,0.0,0.0,0.0
37.3562384259,401113.0,35694.0,11.2375469267,727.0,64440.0,71.0,7.0,890.0,2701.0,3744.0,4699.0,9164.0,11036.0,3208.0,208.0,39.0,5.0,0.0,0.0,0.0,0.0,0.0,0.0,0.0,0.0,0.0,0.0,0.0,0.0,0.0,0.0,0.0,0.0,0.0,0.0,0.0,0.0
37.3604050926,393913.0,35705.0,11.0324324324,729.0,64440.0,68.0,12.0,956.0,2953.0,3780.0,4826.0,9044.0,10860.0,3005.0,243.0,27.0,11.0,0.0,0.0,0.0,0.0,0.0,0.0,0.0,0.0,0.0,0.0,0.0,0.0,0.0,0.0,0.0,0.0,0.0,0.0,0.0,0.0
37.3645717593,392862.0,35703.0,11.0036131418,733.0,64440.0,71.0,7.0,994.0,2960.0,3707.0,4872.0,9073.0,10901.0,2949.0,188.0,43.0,16.0,0.0,0.0,0.0,0.0,0.0,0.0,0.0,0.0,0.0,0.0,0.0,0.0,0.0,0.0,0.0,0.0,0.0,0.0,0.0,0.0
37.3687384259,391877.0,35688.0,10.9806377494,726.0,64440.0,71.0,6.0,997.0,3077.0,3856.0,4864.0,8848.0,10766.0,3014.0,212.0,41.0,13.0,0.0,0.0,0.0,0.0,0.0,0.0,0.0,0.0,0.0,0.0,0.0,0.0,0.0,0.0,0.0,0.0,0.0,0.0,0.0,0.0
37.3729050926,387097.0,35700.0,10.8430532213,727.0,64439.0,70.0,8.0,1079.0,3033.0,3894.0,4855.0,8979.0,10656.0,2957.0,205.0,31.0,11.0,0.0,0.0,0.0,0.0,0.0,0.0,0.0,0.0,0.0,0.0,0.0,0.0,0.0,0.0,0.0,0.0,0.0,0.0,0.0,0.0
37.3770717593,387396.0,35694.0,10.8532526475,730.0,64440.0,70.0,12.0,1088.0,3090.0,3873.0,4758.0,9031.0,10684.0,2909.0,208.0,44.0,9.0,0.0,0.0,0.0,0.0,0.0,0.0,0.0,0.0,0.0,0.0,0.0,0.0,0.0,0.0,0.0,0.0,0.0,0.0,0.0,0.0
37.3812384259,383257.0,35691.0,10.7381973046,727.0,64440.0,71.0,9.0,986.0,3241.0,3950.0,4945.0,8964.0,10491.0,2842.0,219.0,45.0,8.0,0.0,0.0,0.0,0.0,0.0,0.0,0.0,0.0,0.0,0.0,0.0,0.0,0.0,0.0,0.0,0.0,0.0,0.0,0.0,0.0
37.3854050926,384319.0,35691.0,10.7679527052,727.0,64447.0,70.0,7.0,1044.0,3103.0,3974.0,4963.0,8967.0,10535.0,2837.0,217.0,36.0,15.0,0.0,0.0,0.0,0.0,0.0,0.0,0.0,0.0,0.0,0.0,0.0,0.0,0.0,0.0,0.0,0.0,0.0,0.0,0.0,0.0
37.3895717593,377253.0,35682.0,10.5726416681,727.0,64444.0,67.0,12.0,1049.0,3333.0,4022.0,5055.0,8857.0,10357.0,2737.0,226.0,37.0,9.0,0.0,0.0,0.0,0.0,0.0,0.0,0.0,0.0,0.0,0.0,0.0,0.0,0.0,0.0,0.0,0.0,0.0,0.0,0.0,0.0
37.3937384259,378882.0,35689.0,10.6162122783,727.0,64441.0,71.0,6.0,1068.0,3252.0,4067.0,4926.0,8890.0,10508.0,2698.0,225.0,49.0,6.0,0.0,0.0,0.0,0.0,0.0,0.0,0.0,0.0,0.0,0.0,0.0,0.0,0.0,0.0,0.0,0.0,0.0,0.0,0.0,0.0
37.4062962963,374026.0,35686.0,10.4810289749,727.0,64440.0,67.0,14.0,1107.0,3304.0,4069.0,5058.0,8880.0,10311.0,2719.0,196.0,31.0,11.0,0.0,0.0,0.0,0.0,0.0,0.0,0.0,0.0,0.0,0.0,0.0,0.0,0.0,0.0,0.0,0.0,0.0,0.0,0.0,0.0
37.410462963,379718.0,35693.0,10.6384445129,727.0,64441.0,70.0,9.0,1146.0,3210.0,4090.0,5190.0,8558.0,10420.0,2798.0,233.0,34.0,14.0,0.0,0.0,0.0,0.0,0.0,0.0,0.0,0.0,0.0,0.0,0.0,0.0,0.0,0.0,0.0,0.0,0.0,0.0,0.0,0.0
37.4146296296,370106.0,35692.0,10.3694385296,727.0,64444.0,70.0,7.0,1192.0,3476.0,4125.0,5169.0,8715.0,10143.0,2609.0,197.0,57.0,9.0,0.0,0.0,0.0,0.0,0.0,0.0,0.0,0.0,0.0,0.0,0.0,0.0,0.0,0.0,0.0,0.0,0.0,0.0,0.0,0.0
37.4187962963,370918.0,35685.0,10.3942272664,727.0,64441.0,70.0,12.0,1187.0,3450.0,4086.0,5146.0,8739.0,10196.0,2638.0,184.0,44.0,15.0,0.0,0.0,0.0,0.0,0.0,0.0,0.0,0.0,0.0,0.0,0.0,0.0,0.0,0.0,0.0,0.0,0.0,0.0,0.0,0.0
37.422962963,367079.0,35699.0,10.2826129583,724.0,64440.0,64.0,9.0,1243.0,3387.0,4128.0,5181.0,8763.0,10148.0,2601.0,213.0,28.0,7.0,0.0,0.0,0.0,0.0,0.0,0.0,0.0,0.0,0.0,0.0,0.0,0.0,0.0,0.0,0.0,0.0,0.0,0.0,0.0,0.0
37.4271296296,368819.0,35699.0,10.3313538194,727.0,64447.0,70.0,11.0,1224.0,3459.0,4196.0,5036.0,8661.0,10265.0,2604.0,212.0,34.0,8.0,0.0,0.0,0.0,0.0,0.0,0.0,0.0,0.0,0.0,0.0,0.0,0.0,0.0,0.0,0.0,0.0,0.0,0.0,0.0,0.0
37.4312962963,369348.0,35696.0,10.3470416853,727.0,64443.0,70.0,14.0,1101.0,3394.0,4155.0,5247.0,8680.0,10231.0,2657.0,193.0,28.0,10.0,0.0,0.0,0.0,0.0,0.0,0.0,0.0,0.0,0.0,0.0,0.0,0.0,0.0,0.0,0.0,0.0,0.0,0.0,0.0,0.0
37.435462963,362226.0,35694.0,10.1480921163,727.0,64440.0,67.0,12.0,1200.0,3540.0,4279.0,5258.0,8533.0,10174.0,2472.0,192.0,40.0,6.0,0.0,0.0,0.0,0.0,0.0,0.0,0.0,0.0,0.0,0.0,0.0,0.0,0.0,0.0,0.0,0.0,0.0,0.0,0.0,0.0
37.4396296296,364982.0,35688.0,10.227023089,727.0,64436.0,71.0,8.0,1225.0,3450.0,4236.0,5307.0,8529.0,10267.0,2416.0,202.0,41.0,15.0,0.0,0.0,0.0,0.0,0.0,0.0,0.0,0.0,0.0,0.0,0.0,0.0,0.0,0.0,0.0,0.0,0.0,0.0,0.0,0.0
37.4437962963,359279.0,35693.0,10.0658112235,727.0,64440.0,68.0,12.0,1231.0,3717.0,4289.0,5294.0,8448.0,9999.0,2476.0,201.0,28.0,10.0,0.0,0.0,0.0,0.0,0.0,0.0,0.0,0.0,0.0,0.0,0.0,0.0,0.0,0.0,0.0,0.0,0.0,0.0,0.0,0.0
37.447962963,358745.0,35706.0,10.0471909483,724.0,64444.0,67.0,8.0,1250.0,3539.0,4327.0,5284.0,8589.0,10116.0,2358.0,199.0,36.0,8.0,0.0,0.0,0.0,0.0,0.0,0.0,0.0,0.0,0.0,0.0,0.0,0.0,0.0,0.0,0.0,0.0,0.0,0.0,0.0,0.0
37.4521296296,357242.0,35702.0,10.006218139,727.0,64444.0,70.0,8.0,1300.0,3640.0,4309.0,5390.0,8518.0,9931.0,2376.0,186.0,38.0,14.0,0.0,0.0,0.0,0.0,0.0,0.0,0.0,0.0,0.0,0.0,0.0,0.0,0.0,0.0,0.0,0.0,0.0,0.0,0.0,0.0
37.4562962963,355749.0,35701.0,9.96467886054,727.0,64444.0,71.0,7.0,1218.0,3741.0,4252.0,5506.0,8533.0,9860.0,2351.0,190.0,41.0,7.0,2.0,0.0,0.0,0.0,0.0,0.0,0.0,0.0,0.0,0.0,0.0,0.0,0.0,0.0,0.0,0.0,0.0,0.0,0.0,0.0
37.460462963,359980.0,35709.0,10.0809319779,724.0,64440.0,71.0,14.0,1248.0,3624.0,4198.0,5404.0,8475.0,10097.0,2423.0,196.0,34.0,10.0,0.0,0.0,0.0,0.0,0.0,0.0,0.0,0.0,0.0,0.0,0.0,0.0,0.0,0.0,0.0,0.0,0.0,0.0,0.0,0.0
37.4646296296,357147.0,35709.0,10.0015962362,727.0,64441.0,67.0,12.0,1228.0,3613.0,4249.0,5529.0,8377.0,10146.0,2326.0,201.0,31.0,9.0,0.0,0.0,0.0,0.0,0.0,0.0,0.0,0.0,0.0,0.0,0.0,0.0,0.0,0.0,0.0,0.0,0.0,0.0,0.0,0.0
37.4687962963,355317.0,35709.0,9.9503486516,727.0,64444.0,70.0,7.0,1301.0,3683.0,4345.0,5372.0,8334.0,10038.0,2407.0,202.0,21.0,6.0,0.0,0.0,0.0,0.0,0.0,0.0,0.0,0.0,0.0,0.0,0.0,0.0,0.0,0.0,0.0,0.0,0.0,0.0,0.0,0.0
37.472962963,352223.0,35712.0,9.86287522401,727.0,64440.0,71.0,12.0,1320.0,3831.0,4258.0,5497.0,8320.0,9958.0,2291.0,192.0,40.0,5.0,0.0,0.0,0.0,0.0,0.0,0.0,0.0,0.0,0.0,0.0,0.0,0.0,0.0,0.0,0.0,0.0,0.0,0.0,0.0,0.0
37.4771296296,346482.0,35705.0,9.70401904495,726.0,64444.0,70.0,12.0,1339.0,3740.0,4371.0,5486.0,8505.0,9933.0,2093.0,203.0,30.0,5.0,0.0,0.0,0.0,0.0,0.0,0.0,0.0,0.0,0.0,0.0,0.0,0.0,0.0,0.0,0.0,0.0,0.0,0.0,0.0,0.0
37.4812962963,350587.0,35689.0,9.8233909608,724.0,64444.0,67.0,8.0,1238.0,3791.0,4372.0,5539.0,8345.0,9915.0,2266.0,183.0,31.0,9.0,0.0,0.0,0.0,0.0,0.0,0.0,0.0,0.0,0.0,0.0,0.0,0.0,0.0,0.0,0.0,0.0,0.0,0.0,0.0,0.0
37.485462963,347437.0,35694.0,9.73376477839,724.0,64437.0,71.0,8.0,1385.0,3785.0,4530.0,5504.0,8146.0,9971.0,2168.0,153.0,36.0,16.0,0.0,0.0,0.0,0.0,0.0,0.0,0.0,0.0,0.0,0.0,0.0,0.0,0.0,0.0,0.0,0.0,0.0,0.0,0.0,0.0
37.4896296296,344770.0,35694.0,9.65904633832,726.0,64440.0,71.0,8.0,1343.0,3776.0,4411.0,5659.0,8458.0,9731.0,2073.0,198.0,34.0,11.0,0.0,0.0,0.0,0.0,0.0,0.0,0.0,0.0,0.0,0.0,0.0,0.0,0.0,0.0,0.0,0.0,0.0,0.0,0.0,0.0
37.4937962963,342261.0,35688.0,9.59036650975,723.0,64440.0,70.0,12.0,1424.0,3911.0,4415.0,5594.0,8303.0,9761.0,2064.0,165.0,40.0,11.0,0.0,0.0,0.0,0.0,0.0,0.0,0.0,0.0,0.0,0.0,0.0,0.0,0.0,0.0,0.0,0.0,0.0,0.0,0.0,0.0
37.497962963,340991.0,35694.0,9.55317420295,724.0,64440.0,68.0,12.0,1317.0,3879.0,4372.0,5774.0,8381.0,9703.0,2045.0,182.0,36.0,5.0,0.0,0.0,0.0,0.0,0.0,0.0,0.0,0.0,0.0,0.0,0.0,0.0,0.0,0.0,0.0,0.0,0.0,0.0,0.0,0.0
37.5021296296,339463.0,35688.0,9.5119648061,723.0,64441.0,71.0,7.0,1412.0,3937.0,4341.0,5555.0,8548.0,9677.0,1992.0,186.0,35.0,5.0,0.0,0.0,0.0,0.0,0.0,0.0,0.0,0.0,0.0,0.0,0.0,0.0,0.0,0.0,0.0,0.0,0.0,0.0,0.0,0.0
37.5062962963,345551.0,35697.0,9.68011317478,724.0,64442.0,67.0,11.0,1416.0,3849.0,4377.0,5619.0,8343.0,9697.0,2146.0,203.0,40.0,7.0,0.0,0.0,0.0,0.0,0.0,0.0,0.0,0.0,0.0,0.0,0.0,0.0,0.0,0.0,0.0,0.0,0.0,0.0,0.0,0.0
37.510462963,343812.0,35683.0,9.63517641454,723.0,64438.0,76.0,12.0,1361.0,3980.0,4238.0,5619.0,8474.0,9622.0,2167.0,176.0,41.0,5.0,0.0,0.0,0.0,0.0,0.0,0.0,0.0,0.0,0.0,0.0,0.0,0.0,0.0,0.0,0.0,0.0,0.0,0.0,0.0,0.0
37.5146296296,351160.0,35685.0,9.84054925039,727.0,64444.0,70.0,12.0,1250.0,3720.0,4200.0,5776.0,8346.0,9919.0,2249.0,181.0,34.0,10.0,0.0,0.0,0.0,0.0,0.0,0.0,0.0,0.0,0.0,0.0,0.0,0.0,0.0,0.0,0.0,0.0,0.0,0.0,0.0,0.0
37.5187962963,347787.0,35690.0,9.74466237041,723.0,64440.0,75.0,7.0,1337.0,3755.0,4294.0,5701.0,8490.0,9727.0,2146.0,179.0,52.0,9.0,0.0,0.0,0.0,0.0,0.0,0.0,0.0,0.0,0.0,0.0,0.0,0.0,0.0,0.0,0.0,0.0,0.0,0.0,0.0,0.0
37.522962963,356286.0,35687.0,9.98363549752,727.0,64441.0,71.0,7.0,1322.0,3718.0,4184.0,5744.0,8351.0,9813.0,2264.0,230.0,42.0,19.0,0.0,0.0,0.0,0.0,0.0,0.0,0.0,0.0,0.0,0.0,0.0,0.0,0.0,0.0,0.0,0.0,0.0,0.0,0.0,0.0
37.5271296296,346757.0,35702.0,9.71253711277,724.0,64440.0,71.0,7.0,1297.0,3737.0,4196.0,5871.0,8387.0,9783.0,2203.0,192.0,35.0,1.0,0.0,0.0,0.0,0.0,0.0,0.0,0.0,0.0,0.0,0.0,0.0,0.0,0.0,0.0,0.0,0.0,0.0,0.0,0.0,0.0
37.5312962963,353672.0,35682.0,9.91177624573,723.0,64441.0,71.0,12.0,1266.0,3518.0,4307.0,5839.0,8327.0,9941.0,2239.0,188.0,45.0,12.0,0.0,0.0,0.0,0.0,0.0,0.0,0.0,0.0,0.0,0.0,0.0,0.0,0.0,0.0,0.0,0.0,0.0,0.0,0.0,0.0
37.535462963,351852.0,35676.0,9.86242852338,727.0,64441.0,70.0,11.0,1329.0,3560.0,4268.0,5869.0,8411.0,9738.0,2268.0,180.0,35.0,18.0,0.0,0.0,0.0,0.0,0.0,0.0,0.0,0.0,0.0,0.0,0.0,0.0,0.0,0.0,0.0,0.0,0.0,0.0,0.0,0.0
37.5396296296,351693.0,35682.0,9.85631410795,724.0,64439.0,71.0,8.0,1227.0,3623.0,4249.0,5887.0,8177.0,10037.0,2265.0,178.0,30.0,9.0,0.0,0.0,0.0,0.0,0.0,0.0,0.0,0.0,0.0,0.0,0.0,0.0,0.0,0.0,0.0,0.0,0.0,0.0,0.0,0.0
37.5437962963,356918.0,35678.0,10.0038679298,726.0,64440.0,71.0,7.0,1249.0,3478.0,4186.0,5833.0,8375.0,10041.0,2270.0,189.0,41.0,16.0,0.0,0.0,0.0,0.0,0.0,0.0,0.0,0.0,0.0,0.0,0.0,0.0,0.0,0.0,0.0,0.0,0.0,0.0,0.0,0.0
37.547962963,353890.0,35680.0,9.91844170404,724.0,64446.0,71.0,9.0,1224.0,3572.0,4269.0,5867.0,8423.0,9819.0,2244.0,206.0,43.0,13.0,0.0,0.0,0.0,0.0,0.0,0.0,0.0,0.0,0.0,0.0,0.0,0.0,0.0,0.0,0.0,0.0,0.0,0.0,0.0,0.0
37.5521296296,353275.0,35676.0,9.90231528198,723.0,64444.0,71.0,3.0,1258.0,3441.0,4349.0,5840.0,8458.0,9770.0,2321.0,193.0,36.0,10.0,0.0,0.0,0.0,0.0,0.0,0.0,0.0,0.0,0.0,0.0,0.0,0.0,0.0,0.0,0.0,0.0,0.0,0.0,0.0,0.0
37.5562962963,357717.0,35668.0,10.0290736795,724.0,64440.0,77.0,7.0,1172.0,3353.0,4234.0,5912.0,8477.0,9990.0,2276.0,194.0,47.0,13.0,0.0,0.0,0.0,0.0,0.0,0.0,0.0,0.0,0.0,0.0,0.0,0.0,0.0,0.0,0.0,0.0,0.0,0.0,0.0,0.0
37.560462963,354884.0,35657.0,9.95271615672,723.0,64440.0,70.0,14.0,1112.0,3298.0,4397.0,5854.0,8458.0,10040.0,2268.0,185.0,38.0,7.0,0.0,0.0,0.0,0.0,0.0,0.0,0.0,0.0,0.0,0.0,0.0,0.0,0.0,0.0,0.0,0.0,0.0,0.0,0.0,0.0
37.5646296296,351130.0,35669.0,9.84412234714,726.0,64444.0,68.0,12.0,1136.0,3480.0,4417.0,5926.0,8391.0,9865.0,2215.0,199.0,29.0,11.0,0.0,0.0,0.0,0.0,0.0,0.0,0.0,0.0,0.0,0.0,0.0,0.0,0.0,0.0,0.0,0.0,0.0,0.0,0.0,0.0
37.5687962963,356609.0,35670.0,9.99744883656,723.0,64440.0,70.0,8.0,1136.0,3303.0,4305.0,5936.0,8381.0,10119.0,2247.0,196.0,35.0,12.0,0.0,0.0,0.0,0.0,0.0,0.0,0.0,0.0,0.0,0.0,0.0,0.0,0.0,0.0,0.0,0.0,0.0,0.0,0.0,0.0
37.572962963,357284.0,35674.0,10.0152492011,724.0,64440.0,71.0,8.0,1058.0,3242.0,4415.0,6021.0,8413.0,10002.0,2267.0,204.0,40.0,12.0,0.0,0.0,0.0,0.0,0.0,0.0,0.0,0.0,0.0,0.0,0.0,0.0,0.0,0.0,0.0,0.0,0.0,0.0,0.0,0.0
37.5771296296,355966.0,35666.0,9.98054169237,721.0,64441.0,71.0,12.0,1060.0,3298.0,4508.0,6173.0,8130.0,9952.0,2279.0,216.0,38.0,12.0,0.0,0.0,0.0,0.0,0.0,0.0,0.0,0.0,0.0,0.0,0.0,0.0,0.0,0.0,0.0,0.0,0.0,0.0,0.0,0.0
37.5812962963,354138.0,35664.0,9.92984522207,723.0,64439.0,79.0,6.0,1084.0,3318.0,4574.0,5998.0,8190.0,10000.0,2258.0,193.0,39.0,10.0,0.0,0.0,0.0,0.0,0.0,0.0,0.0,0.0,0.0,0.0,0.0,0.0,0.0,0.0,0.0,0.0,0.0,0.0,0.0,0.0
37.585462963,356501.0,35665.0,9.99582223468,723.0,64440.0,70.0,12.0,1023.0,3263.0,4527.0,6186.0,8096.0,10031.0,2293.0,195.0,37.0,14.0,0.0,0.0,0.0,0.0,0.0,0.0,0.0,0.0,0.0,0.0,0.0,0.0,0.0,0.0,0.0,0.0,0.0,0.0,0.0,0.0
37.5896296296,358525.0,35655.0,10.0553919506,724.0,64444.0,71.0,9.0,1049.0,3119.0,4463.0,6134.0,8257.0,10057.0,2324.0,210.0,28.0,14.0,0.0,0.0,0.0,0.0,0.0,0.0,0.0,0.0,0.0,0.0,0.0,0.0,0.0,0.0,0.0,0.0,0.0,0.0,0.0,0.0
37.5937962963,356441.0,35662.0,9.99498065167,723.0,64440.0,70.0,7.0,1055.0,3189.0,4532.0,6119.0,8322.0,9949.0,2236.0,206.0,36.0,18.0,0.0,0.0,0.0,0.0,0.0,0.0,0.0,0.0,0.0,0.0,0.0,0.0,0.0,0.0,0.0,0.0,0.0,0.0,0.0,0.0
37.597962963,354435.0,35667.0,9.93733703423,723.0,64441.0,70.0,11.0,1007.0,3227.0,4520.0,6204.0,8295.0,9933.0,2237.0,192.0,40.0,12.0,0.0,0.0,0.0,0.0,0.0,0.0,0.0,0.0,0.0,0.0,0.0,0.0,0.0,0.0,0.0,0.0,0.0,0.0,0.0,0.0
37.6021296296,356074.0,35669.0,9.98273010177,724.0,64440.0,71.0,6.0,1021.0,3276.0,4525.0,6121.0,8270.0,9939.0,2290.0,167.0,41.0,19.0,0.0,0.0,0.0,0.0,0.0,0.0,0.0,0.0,0.0,0.0,0.0,0.0,0.0,0.0,0.0,0.0,0.0,0.0,0.0,0.0
37.6062962963,356076.0,35672.0,9.9819466248,724.0,64440.0,71.0,14.0,1003.0,3124.0,4562.0,6115.0,8307.0,9983.0,2348.0,188.0,37.0,5.0,0.0,0.0,0.0,0.0,0.0,0.0,0.0,0.0,0.0,0.0,0.0,0.0,0.0,0.0,0.0,0.0,0.0,0.0,0.0,0.0
37.610462963,361567.0,35675.0,10.135024527,723.0,64444.0,72.0,12.0,1004.0,3029.0,4567.0,6043.0,8222.0,10168.0,2396.0,206.0,26.0,14.0,0.0,0.0,0.0,0.0,0.0,0.0,0.0,0.0,0.0,0.0,0.0,0.0,0.0,0.0,0.0,0.0,0.0,0.0,0.0,0.0
37.6146296296,369584.0,35676.0,10.3594573383,723.0,64444.0,68.0,15.0,890.0,3012.0,4322.0,6004.0,8369.0,10307.0,2503.0,215.0,44.0,10.0,0.0,0.0,0.0,0.0,0.0,0.0,0.0,0.0,0.0,0.0,0.0,0.0,0.0,0.0,0.0,0.0,0.0,0.0,0.0,0.0
37.6187962963,367422.0,35673.0,10.2997224792,726.0,64441.0,71.0,12.0,932.0,2954.0,4284.0,6071.0,8468.0,10222.0,2505.0,183.0,42.0,12.0,0.0,0.0,0.0,0.0,0.0,0.0,0.0,0.0,0.0,0.0,0.0,0.0,0.0,0.0,0.0,0.0,0.0,0.0,0.0,0.0
37.622962963,370222.0,35690.0,10.3732698235,723.0,64440.0,71.0,9.0,897.0,2954.0,4392.0,5925.0,8408.0,10306.0,2555.0,208.0,33.0,11.0,1.0,0.0,0.0,0.0,0.0,0.0,0.0,0.0,0.0,0.0,0.0,0.0,0.0,0.0,0.0,0.0,0.0,0.0,0.0,0.0
37.6271296296,375546.0,35686.0,10.5236227092,723.0,64443.0,68.0,6.0,883.0,2858.0,4138.0,6109.0,8433.0,10332.0,2674.0,206.0,40.0,13.0,0.0,0.0,0.0,0.0,0.0,0.0,0.0,0.0,0.0,0.0,0.0,0.0,0.0,0.0,0.0,0.0,0.0,0.0,0.0,0.0
37.6312962963,378055.0,35688.0,10.5933366958,727.0,64444.0,68.0,12.0,847.0,2753.0,4309.0,5951.0,8534.0,10315.0,2696.0,222.0,51.0,10.0,0.0,0.0,0.0,0.0,0.0,0.0,0.0,0.0,0.0,0.0,0.0,0.0,0.0,0.0,0.0,0.0,0.0,0.0,0.0,0.0
37.635462963,382764.0,35686.0,10.7258869024,723.0,64436.0,79.0,7.0,847.0,2746.0,4177.0,5888.0,8512.0,10467.0,2767.0,221.0,45.0,16.0,0.0,0.0,0.0,0.0,0.0,0.0,0.0,0.0,0.0,0.0,0.0,0.0,0.0,0.0,0.0,0.0,0.0,0.0,0.0,0.0
37.6396296296,390325.0,35686.0,10.9377627081,723.0,64441.0,71.0,9.0,796.0,2599.0,4177.0,5775.0,8484.0,10531.0,3031.0,248.0,35.0,10.0,0.0,0.0,0.0,0.0,0.0,0.0,0.0,0.0,0.0,0.0,0.0,0.0,0.0,0.0,0.0,0.0,0.0,0.0,0.0,0.0
37.6437962963,391499.0,35691.0,10.9691238688,721.0,64444.0,73.0,8.0,767.0,2675.0,4058.0,5801.0,8500.0,10550.0,3038.0,251.0,44.0,7.0,0.0,0.0,0.0,0.0,0.0,0.0,0.0,0.0,0.0,0.0,0.0,0.0,0.0,0.0,0.0,0.0,0.0,0.0,0.0,0.0
37.647962963,393527.0,35687.0,11.0271807661,724.0,64436.0,71.0,8.0,741.0,2573.0,4201.0,5800.0,8411.0,10600.0,3065.0,241.0,40.0,15.0,0.0,0.0,0.0,0.0,0.0,0.0,0.0,0.0,0.0,0.0,0.0,0.0,0.0,0.0,0.0,0.0,0.0,0.0,0.0,0.0
37.6521296296,391344.0,35690.0,10.96508826,723.0,64441.0,71.0,7.0,754.0,2492.0,4112.0,5887.0,8591.0,10566.0,2982.0,257.0,40.0,9.0,0.0,0.0,0.0,0.0,0.0,0.0,0.0,0.0,0.0,0.0,0.0,0.0,0.0,0.0,0.0,0.0,0.0,0.0,0.0,0.0
37.6562962963,396001.0,35702.0,11.0918435942,723.0,64441.0,68.0,12.0,748.0,2571.0,3979.0,5794.0,8557.0,10717.0,3032.0,244.0,44.0,16.0,0.0,0.0,0.0,0.0,0.0,0.0,0.0,0.0,0.0,0.0,0.0,0.0,0.0,0.0,0.0,0.0,0.0,0.0,0.0,0.0
37.660462963,395817.0,35690.0,11.0904174839,723.0,64435.0,76.0,14.0,675.0,2453.0,4192.0,5861.0,8456.0,10642.0,3099.0,262.0,40.0,10.0,0.0,0.0,0.0,0.0,0.0,0.0,0.0,0.0,0.0,0.0,0.0,0.0,0.0,0.0,0.0,0.0,0.0,0.0,0.0,0.0
37.6646296296,393593.0,35682.0,11.0305756404,723.0,64446.0,70.0,4.0,692.0,2435.0,4271.0,5910.0,8318.0,10715.0,3037.0,252.0,44.0,8.0,0.0,0.0,0.0,0.0,0.0,0.0,0.0,0.0,0.0,0.0,0.0,0.0,0.0,0.0,0.0,0.0,0.0,0.0,0.0,0.0
37.6687962963,401254.0,35682.0,11.2452777311,726.0,64440.0,79.0,7.0,677.0,2428.0,4027.0,5785.0,8458.0,10790.0,3197.0,273.0,35.0,12.0,0.0,0.0,0.0,0.0,0.0,0.0,0.0,0.0,0.0,0.0,0.0,0.0,0.0,0.0,0.0,0.0,0.0,0.0,0.0,0.0
37.672962963,407447.0,35693.0,11.4153195304,726.0,64440.0,70.0,14.0,652.0,2337.0,4051.0,5672.0,8286.0,11076.0,3302.0,261.0,46.0,10.0,0.0,0.0,0.0,0.0,0.0,0.0,0.0,0.0,0.0,0.0,0.0,0.0,0.0,0.0,0.0,0.0,0.0,0.0,0.0,0.0
37.6771296296,410057.0,35698.0,11.4868339963,724.0,64441.0,71.0,9.0,672.0,2415.0,3895.0,5783.0,8280.0,10995.0,3329.0,254.0,60.0,14.0,1.0,0.0,0.0,0.0,0.0,0.0,0.0,0.0,0.0,0.0,0.0,0.0,0.0,0.0,0.0,0.0,0.0,0.0,0.0,0.0
37.6812962963,405511.0,35687.0,11.3629893238,732.0,64428.0,83.0,8.0,616.0,2369.0,4009.0,5631.0,8513.0,11101.0,3137.0,238.0,58.0,15.0,0.0,0.0,0.0,0.0,0.0,0.0,0.0,0.0,0.0,0.0,0.0,0.0,0.0,0.0,0.0,0.0,0.0,0.0,0.0,0.0
37.685462963,406079.0,35693.0,11.3769926876,723.0,64440.0,76.0,7.0,613.0,2357.0,3959.0,5555.0,8288.0,11287.0,3371.0,240.0,19.0,4.0,0.0,0.0,0.0,0.0,0.0,0.0,0.0,0.0,0.0,0.0,0.0,0.0,0.0,0.0,0.0,0.0,0.0,0.0,0.0,0.0
37.6896296296,393316.0,35696.0,11.0184894666,724.0,64443.0,71.0,15.0,707.0,2472.0,3974.0,5870.0,8375.0,10928.0,3140.0,201.0,25.0,4.0,0.0,0.0,0.0,0.0,0.0,0.0,0.0,0.0,0.0,0.0,0.0,0.0,0.0,0.0,0.0,0.0,0.0,0.0,0.0,0.0
37.6937962963,403777.0,35691.0,11.3131321622,724.0,64440.0,71.0,12.0,668.0,2307.0,3999.0,5790.0,8391.0,11003.0,3261.0,226.0,29.0,16.0,1.0,0.0,0.0,0.0,0.0,0.0,0.0,0.0,0.0,0.0,0.0,0.0,0.0,0.0,0.0,0.0,0.0,0.0,0.0,0.0
37.697962963,411878.0,35689.0,11.5407548544,726.0,64440.0,71.0,12.0,664.0,2196.0,3865.0,5750.0,8399.0,11109.0,3392.0,260.0,39.0,15.0,0.0,0.0,0.0,0.0,0.0,0.0,0.0,0.0,0.0,0.0,0.0,0.0,0.0,0.0,0.0,0.0,0.0,0.0,0.0,0.0
37.7021296296,405234.0,35699.0,11.3514104037,723.0,64440.0,73.0,11.0,578.0,2354.0,3994.0,5815.0,8406.0,10978.0,3275.0,250.0,36.0,13.0,0.0,0.0,0.0,0.0,0.0,0.0,0.0,0.0,0.0,0.0,0.0,0.0,0.0,0.0,0.0,0.0,0.0,0.0,0.0,0.0
37.7062962963,415403.0,35693.0,11.6382203793,723.0,64440.0,70.0,15.0,629.0,2177.0,3871.0,5597.0,8351.0,11310.0,3451.0,259.0,31.0,17.0,0.0,0.0,0.0,0.0,0.0,0.0,0.0,0.0,0.0,0.0,0.0,0.0,0.0,0.0,0.0,0.0,0.0,0.0,0.0,0.0
37.710462963,408289.0,35700.0,11.4366666667,724.0,64441.0,72.0,12.0,620.0,2283.0,3929.0,5671.0,8343.0,11235.0,3338.0,236.0,35.0,10.0,0.0,0.0,0.0,0.0,0.0,0.0,0.0,0.0,0.0,0.0,0.0,0.0,0.0,0.0,0.0,0.0,0.0,0.0,0.0,0.0
37.7146296296,410438.0,35691.0,11.4997618447,726.0,64441.0,71.0,14.0,654.0,2268.0,3987.0,5661.0,8232.0,11149.0,3464.0,233.0,27.0,16.0,0.0,0.0,0.0,0.0,0.0,0.0,0.0,0.0,0.0,0.0,0.0,0.0,0.0,0.0,0.0,0.0,0.0,0.0,0.0,0.0
37.7187962963,407326.0,35701.0,11.4093722865,727.0,64438.0,72.0,12.0,612.0,2314.0,3902.0,5738.0,8358.0,11206.0,3271.0,254.0,36.0,10.0,0.0,0.0,0.0,0.0,0.0,0.0,0.0,0.0,0.0,0.0,0.0,0.0,0.0,0.0,0.0,0.0,0.0,0.0,0.0,0.0
37.722962963,411256.0,35680.0,11.5262331839,724.0,64443.0,71.0,14.0,601.0,2174.0,3941.0,5636.0,8274.0,11413.0,3364.0,235.0,32.0,8.0,2.0,0.0,0.0,0.0,0.0,0.0,0.0,0.0,0.0,0.0,0.0,0.0,0.0,0.0,0.0,0.0,0.0,0.0,0.0,0.0
37.7271296296,417342.0,35688.0,11.6941829186,724.0,64444.0,68.0,12.0,576.0,2158.0,3934.0,5619.0,8215.0,11467.0,3415.0,242.0,41.0,20.0,1.0,0.0,0.0,0.0,0.0,0.0,0.0,0.0,0.0,0.0,0.0,0.0,0.0,0.0,0.0,0.0,0.0,0.0,0.0,0.0
37.7396643519,420973.0,35691.0,11.7949342972,727.0,64454.0,68.0,12.0,552.0,2115.0,3707.0,5663.0,8261.0,11477.0,3644.0,223.0,34.0,15.0,0.0,0.0,0.0,0.0,0.0,0.0,0.0,0.0,0.0,0.0,0.0,0.0,0.0,0.0,0.0,0.0,0.0,0.0,0.0,0.0
37.7438310185,422965.0,35679.0,11.8547324757,727.0,64440.0,79.0,3.0,595.0,2097.0,3728.0,5545.0,8190.0,11649.0,3570.0,246.0,45.0,14.0,0.0,0.0,0.0,0.0,0.0,0.0,0.0,0.0,0.0,0.0,0.0,0.0,0.0,0.0,0.0,0.0,0.0,0.0,0.0,0.0
37.7479976852,419767.0,35687.0,11.7624625214,723.0,64440.0,76.0,12.0,553.0,2179.0,3712.0,5609.0,8130.0,11578.0,3649.0,241.0,31.0,5.0,0.0,0.0,0.0,0.0,0.0,0.0,0.0,0.0,0.0,0.0,0.0,0.0,0.0,0.0,0.0,0.0,0.0,0.0,0.0,0.0
37.7521643519,426396.0,35692.0,11.9465426426,727.0,64440.0,72.0,7.0,602.0,2082.0,3709.0,5428.0,8264.0,11549.0,3769.0,234.0,42.0,13.0,0.0,0.0,0.0,0.0,0.0,0.0,0.0,0.0,0.0,0.0,0.0,0.0,0.0,0.0,0.0,0.0,0.0,0.0,0.0,0.0
37.7563310185,424438.0,35693.0,11.8913512453,726.0,64447.0,71.0,14.0,565.0,2062.0,3628.0,5674.0,8175.0,11597.0,3709.0,242.0,27.0,13.0,1.0,0.0,0.0,0.0,0.0,0.0,0.0,0.0,0.0,0.0,0.0,0.0,0.0,0.0,0.0,0.0,0.0,0.0,0.0,0.0
37.7604976852,430098.0,35683.0,12.0533026932,729.0,64438.0,71.0,12.0,547.0,2068.0,3615.0,5382.0,8181.0,11740.0,3858.0,252.0,30.0,10.0,0.0,0.0,0.0,0.0,0.0,0.0,0.0,0.0,0.0,0.0,0.0,0.0,0.0,0.0,0.0,0.0,0.0,0.0,0.0,0.0
37.7646643519,427267.0,35694.0,11.9702751163,727.0,64441.0,72.0,6.0,550.0,2001.0,3605.0,5444.0,8287.0,11844.0,3662.0,250.0,45.0,6.0,0.0,0.0,0.0,0.0,0.0,0.0,0.0,0.0,0.0,0.0,0.0,0.0,0.0,0.0,0.0,0.0,0.0,0.0,0.0,0.0
37.7688310185,438124.0,35692.0,12.2751316822,726.0,64439.0,71.0,8.0,476.0,2026.0,3437.0,5274.0,8320.0,11958.0,3871.0,276.0,40.0,14.0,0.0,0.0,0.0,0.0,0.0,0.0,0.0,0.0,0.0,0.0,0.0,0.0,0.0,0.0,0.0,0.0,0.0,0.0,0.0,0.0
37.7729976852,435601.0,35677.0,12.2095747961,729.0,64441.0,71.0,12.0,517.0,1949.0,3526.0,5234.0,8358.0,11963.0,3814.0,260.0,44.0,12.0,0.0,0.0,0.0,0.0,0.0,0.0,0.0,0.0,0.0,0.0,0.0,0.0,0.0,0.0,0.0,0.0,0.0,0.0,0.0,0.0
37.7771643519,432668.0,35694.0,12.1215890626,727.0,64441.0,70.0,12.0,535.0,2020.0,3460.0,5350.0,8219.0,12020.0,3784.0,264.0,35.0,7.0,0.0,0.0,0.0,0.0,0.0,0.0,0.0,0.0,0.0,0.0,0.0,0.0,0.0,0.0,0.0,0.0,0.0,0.0,0.0,0.0
37.7813310185,433065.0,35699.0,12.1310120732,727.0,64439.0,72.0,1.0,535.0,1969.0,3486.0,5333.0,8461.0,11798.0,3831.0,235.0,34.0,17.0,0.0,0.0,0.0,0.0,0.0,0.0,0.0,0.0,0.0,0.0,0.0,0.0,0.0,0.0,0.0,0.0,0.0,0.0,0.0,0.0
37.7854976852,433508.0,35703.0,12.1420608912,727.0,64441.0,71.0,8.0,543.0,1990.0,3577.0,5223.0,8398.0,11872.0,3779.0,261.0,52.0,8.0,0.0,0.0,0.0,0.0,0.0,0.0,0.0,0.0,0.0,0.0,0.0,0.0,0.0,0.0,0.0,0.0,0.0,0.0,0.0,0.0
37.7896643519,431106.0,35700.0,12.0757983193,727.0,64440.0,72.0,7.0,558.0,1986.0,3530.0,5349.0,8329.0,11925.0,3740.0,226.0,43.0,14.0,0.0,0.0,0.0,0.0,0.0,0.0,0.0,0.0,0.0,0.0,0.0,0.0,0.0,0.0,0.0,0.0,0.0,0.0,0.0,0.0
37.7938310185,433400.0,35692.0,12.1427770929,727.0,64441.0,72.0,7.0,536.0,1994.0,3461.0,5265.0,8434.0,11833.0,3878.0,246.0,37.0,8.0,0.0,0.0,0.0,0.0,0.0,0.0,0.0,0.0,0.0,0.0,0.0,0.0,0.0,0.0,0.0,0.0,0.0,0.0,0.0,0.0
37.7979976852,426839.0,35704.0,11.9549350213,732.0,64435.0,71.0,9.0,523.0,2039.0,3446.0,5377.0,8566.0,11736.0,3746.0,230.0,39.0,2.0,0.0,0.0,0.0,0.0,0.0,0.0,0.0,0.0,0.0,0.0,0.0,0.0,0.0,0.0,0.0,0.0,0.0,0.0,0.0,0.0
37.8021643519,428797.0,35695.0,12.0128029136,727.0,64444.0,75.0,6.0,569.0,2029.0,3596.0,5384.0,8333.0,11801.0,3693.0,223.0,55.0,12.0,0.0,0.0,0.0,0.0,0.0,0.0,0.0,0.0,0.0,0.0,0.0,0.0,0.0,0.0,0.0,0.0,0.0,0.0,0.0,0.0
37.8063310185,430146.0,35702.0,12.048232592,726.0,64438.0,76.0,12.0,585.0,2056.0,3441.0,5288.0,8523.0,11768.0,3763.0,224.0,39.0,15.0,0.0,0.0,0.0,0.0,0.0,0.0,0.0,0.0,0.0,0.0,0.0,0.0,0.0,0.0,0.0,0.0,0.0,0.0,0.0,0.0
37.8104976852,431347.0,35699.0,12.0828874758,727.0,64440.0,71.0,12.0,529.0,2011.0,3410.0,5287.0,8689.0,11637.0,3844.0,246.0,38.0,8.0,0.0,0.0,0.0,0.0,0.0,0.0,0.0,0.0,0.0,0.0,0.0,0.0,0.0,0.0,0.0,0.0,0.0,0.0,0.0,0.0
37.8146643519,437152.0,35713.0,12.2406966651,727.0,64440.0,73.0,7.0,563.0,1996.0,3246.0,5116.0,8663.0,11987.0,3825.0,264.0,45.0,8.0,0.0,0.0,0.0,0.0,0.0,0.0,0.0,0.0,0.0,0.0,0.0,0.0,0.0,0.0,0.0,0.0,0.0,0.0,0.0,0.0
37.8188310185,437999.0,35705.0,12.267161462,727.0,64441.0,72.0,12.0,538.0,1989.0,3283.0,5179.0,8599.0,11948.0,3845.0,264.0,51.0,9.0,0.0,0.0,0.0,0.0,0.0,0.0,0.0,0.0,0.0,0.0,0.0,0.0,0.0,0.0,0.0,0.0,0.0,0.0,0.0,0.0
37.8229976852,432074.0,35703.0,12.1018961992,729.0,64439.0,71.0,8.0,567.0,2096.0,3311.0,5123.0,8640.0,12003.0,3670.0,237.0,41.0,15.0,0.0,0.0,0.0,0.0,0.0,0.0,0.0,0.0,0.0,0.0,0.0,0.0,0.0,0.0,0.0,0.0,0.0,0.0,0.0,0.0
37.8271643519,427119.0,35700.0,11.9641176471,732.0,64441.0,73.0,7.0,566.0,2029.0,3317.0,5172.0,8881.0,11744.0,3744.0,213.0,26.0,8.0,0.0,0.0,0.0,0.0,0.0,0.0,0.0,0.0,0.0,0.0,0.0,0.0,0.0,0.0,0.0,0.0,0.0,0.0,0.0,0.0
37.8313310185,421518.0,35703.0,11.8062347702,732.0,64441.0,73.0,8.0,618.0,2066.0,3348.0,5155.0,8967.0,11767.0,3521.0,224.0,34.0,3.0,0.0,0.0,0.0,0.0,0.0,0.0,0.0,0.0,0.0,0.0,0.0,0.0,0.0,0.0,0.0,0.0,0.0,0.0,0.0,0.0
37.8354976852,428679.0,35702.0,12.007142457,732.0,64444.0,68.0,12.0,626.0,2029.0,3349.0,5122.0,8871.0,11827.0,3580.0,238.0,46.0,14.0,0.0,0.0,0.0,0.0,0.0,0.0,0.0,0.0,0.0,0.0,0.0,0.0,0.0,0.0,0.0,0.0,0.0,0.0,0.0,0.0
37.8396643519,429986.0,35693.0,12.0467878856,732.0,64440.0,79.0,12.0,613.0,2078.0,3212.0,5109.0,8875.0,11968.0,3512.0,259.0,59.0,8.0,0.0,0.0,0.0,0.0,0.0,0.0,0.0,0.0,0.0,0.0,0.0,0.0,0.0,0.0,0.0,0.0,0.0,0.0,0.0,0.0
37.8438310185,423144.0,35693.0,11.8550976382,733.0,64443.0,71.0,8.0,590.0,2148.0,3288.0,5225.0,8958.0,11648.0,3556.0,243.0,26.0,11.0,0.0,0.0,0.0,0.0,0.0,0.0,0.0,0.0,0.0,0.0,0.0,0.0,0.0,0.0,0.0,0.0,0.0,0.0,0.0,0.0
37.8479976852,419936.0,35687.0,11.7671981394,733.0,64444.0,71.0,7.0,609.0,2162.0,3305.0,5263.0,9216.0,11384.0,3463.0,232.0,39.0,14.0,0.0,0.0,0.0,0.0,0.0,0.0,0.0,0.0,0.0,0.0,0.0,0.0,0.0,0.0,0.0,0.0,0.0,0.0,0.0,0.0
37.8521643519,423411.0,35696.0,11.8615811295,730.0,64440.0,76.0,11.0,622.0,2141.0,3383.0,5230.0,9026.0,11452.0,3565.0,220.0,36.0,21.0,0.0,0.0,0.0,0.0,0.0,0.0,0.0,0.0,0.0,0.0,0.0,0.0,0.0,0.0,0.0,0.0,0.0,0.0,0.0,0.0
37.8563310185,416783.0,35693.0,11.6768834225,732.0,64440.0,75.0,8.0,599.0,2269.0,3437.0,5266.0,8982.0,11324.0,3547.0,233.0,32.0,4.0,0.0,0.0,0.0,0.0,0.0,0.0,0.0,0.0,0.0,0.0,0.0,0.0,0.0,0.0,0.0,0.0,0.0,0.0,0.0,0.0
37.8604976852,426480.0,35713.0,11.9418699073,732.0,64446.0,73.0,7.0,629.0,2186.0,3315.0,5170.0,8947.0,11630.0,3528.0,241.0,48.0,19.0,0.0,0.0,0.0,0.0,0.0,0.0,0.0,0.0,0.0,0.0,0.0,0.0,0.0,0.0,0.0,0.0,0.0,0.0,0.0,0.0
37.8646643519,419923.0,35706.0,11.7605724528,732.0,64443.0,71.0,15.0,668.0,2115.0,3258.0,5233.0,9011.0,11706.0,3453.0,216.0,40.0,6.0,0.0,0.0,0.0,0.0,0.0,0.0,0.0,0.0,0.0,0.0,0.0,0.0,0.0,0.0,0.0,0.0,0.0,0.0,0.0,0.0
37.8688310185,416299.0,35696.0,11.6623431197,733.0,64439.0,75.0,7.0,660.0,2219.0,3364.0,5148.0,9173.0,11474.0,3386.0,223.0,42.0,7.0,0.0,0.0,0.0,0.0,0.0,0.0,0.0,0.0,0.0,0.0,0.0,0.0,0.0,0.0,0.0,0.0,0.0,0.0,0.0,0.0
37.8729976852,415634.0,35698.0,11.6430612359,732.0,64444.0,71.0,15.0,700.0,2222.0,3208.0,5121.0,9444.0,11309.0,3427.0,230.0,30.0,7.0,0.0,0.0,0.0,0.0,0.0,0.0,0.0,0.0,0.0,0.0,0.0,0.0,0.0,0.0,0.0,0.0,0.0,0.0,0.0,0.0
37.8771643519,417562.0,35696.0,11.6977252353,733.0,64444.0,71.0,9.0,619.0,2268.0,3441.0,5105.0,9279.0,11190.0,3518.0,226.0,40.0,10.0,0.0,0.0,0.0,0.0,0.0,0.0,0.0,0.0,0.0,0.0,0.0,0.0,0.0,0.0,0.0,0.0,0.0,0.0,0.0,0.0
37.8813310185,425410.0,35693.0,11.9185834758,732.0,64444.0,75.0,9.0,679.0,2196.0,3249.0,4963.0,9358.0,11371.0,3595.0,217.0,43.0,22.0,0.0,0.0,0.0,0.0,0.0,0.0,0.0,0.0,0.0,0.0,0.0,0.0,0.0,0.0,0.0,0.0,0.0,0.0,0.0,0.0
37.8854976852,420294.0,35688.0,11.7768997983,732.0,64441.0,72.0,8.0,653.0,2180.0,3301.0,5144.0,9345.0,11277.0,3492.0,233.0,55.0,8.0,0.0,0.0,0.0,0.0,0.0,0.0,0.0,0.0,0.0,0.0,0.0,0.0,0.0,0.0,0.0,0.0,0.0,0.0,0.0,0.0
37.8896643519,409952.0,35700.0,11.4832492997,732.0,64440.0,75.0,8.0,681.0,2290.0,3439.0,5272.0,9330.0,11048.0,3371.0,229.0,35.0,5.0,0.0,0.0,0.0,0.0,0.0,0.0,0.0,0.0,0.0,0.0,0.0,0.0,0.0,0.0,0.0,0.0,0.0,0.0,0.0,0.0
37.8938310185,407107.0,35686.0,11.4080311607,733.0,64440.0,75.0,8.0,763.0,2327.0,3380.0,5245.0,9494.0,10906.0,3314.0,213.0,34.0,10.0,0.0,0.0,0.0,0.0,0.0,0.0,0.0,0.0,0.0,0.0,0.0,0.0,0.0,0.0,0.0,0.0,0.0,0.0,0.0,0.0
37.8979976852,408325.0,35692.0,11.440238709,732.0,64439.0,73.0,7.0,710.0,2361.0,3370.0,5168.0,9475.0,11100.0,3231.0,230.0,39.0,8.0,0.0,0.0,0.0,0.0,0.0,0.0,0.0,0.0,0.0,0.0,0.0,0.0,0.0,0.0,0.0,0.0,0.0,0.0,0.0,0.0
37.9021643519,405255.0,35692.0,11.3542250364,729.0,64444.0,75.0,7.0,757.0,2401.0,3369.0,5229.0,9634.0,10853.0,3168.0,221.0,50.0,10.0,0.0,0.0,0.0,0.0,0.0,0.0,0.0,0.0,0.0,0.0,0.0,0.0,0.0,0.0,0.0,0.0,0.0,0.0,0.0,0.0
37.9063310185,401364.0,35690.0,11.2458391706,732.0,64447.0,76.0,4.0,744.0,2498.0,3381.0,5274.0,9598.0,10781.0,3154.0,215.0,35.0,10.0,0.0,0.0,0.0,0.0,0.0,0.0,0.0,0.0,0.0,0.0,0.0,0.0,0.0,0.0,0.0,0.0,0.0,0.0,0.0,0.0
37.9104976852,399762.0,35695.0,11.1993836672,732.0,64443.0,73.0,11.0,801.0,2538.0,3436.0,5290.0,9531.0,10603.0,3239.0,215.0,38.0,4.0,0.0,0.0,0.0,0.0,0.0,0.0,0.0,0.0,0.0,0.0,0.0,0.0,0.0,0.0,0.0,0.0,0.0,0.0,0.0,0.0
37.9146643519,394822.0,35695.0,11.060988934,733.0,64444.0,76.0,6.0,807.0,2576.0,3575.0,5258.0,9622.0,10517.0,3083.0,213.0,37.0,7.0,0.0,0.0,0.0,0.0,0.0,0.0,0.0,0.0,0.0,0.0,0.0,0.0,0.0,0.0,0.0,0.0,0.0,0.0,0.0,0.0
37.9188310185,397129.0,35693.0,11.126243241,732.0,64440.0,75.0,9.0,756.0,2583.0,3505.0,5452.0,9482.0,10489.0,3164.0,219.0,33.0,10.0,0.0,0.0,0.0,0.0,0.0,0.0,0.0,0.0,0.0,0.0,0.0,0.0,0.0,0.0,0.0,0.0,0.0,0.0,0.0,0.0
37.9229976852,398122.0,35696.0,11.1531264007,733.0,64443.0,76.0,6.0,808.0,2492.0,3575.0,5328.0,9544.0,10576.0,3116.0,202.0,40.0,15.0,0.0,0.0,0.0,0.0,0.0,0.0,0.0,0.0,0.0,0.0,0.0,0.0,0.0,0.0,0.0,0.0,0.0,0.0,0.0,0.0
37.9271643519,397973.0,35697.0,11.1486399417,732.0,64443.0,76.0,7.0,784.0,2643.0,3555.0,5179.0,9640.0,10453.0,3180.0,204.0,53.0,6.0,0.0,0.0,0.0,0.0,0.0,0.0,0.0,0.0,0.0,0.0,0.0,0.0,0.0,0.0,0.0,0.0,0.0,0.0,0.0,0.0
37.9313310185,397162.0,35700.0,11.1249859944,729.0,64440.0,73.0,8.0,824.0,2552.0,3519.0,5225.0,9622.0,10514.0,3214.0,181.0,43.0,6.0,0.0,0.0,0.0,0.0,0.0,0.0,0.0,0.0,0.0,0.0,0.0,0.0,0.0,0.0,0.0,0.0,0.0,0.0,0.0,0.0
37.9354976852,397972.0,35696.0,11.1489242492,732.0,64439.0,76.0,3.0,838.0,2478.0,3483.0,5408.0,9600.0,10435.0,3198.0,207.0,39.0,10.0,0.0,0.0,0.0,0.0,0.0,0.0,0.0,0.0,0.0,0.0,0.0,0.0,0.0,0.0,0.0,0.0,0.0,0.0,0.0,0.0
37.9396643519,392578.0,35692.0,10.9990474056,727.0,64444.0,72.0,6.0,839.0,2632.0,3613.0,5446.0,9545.0,10276.0,3063.0,228.0,41.0,9.0,0.0,0.0,0.0,0.0,0.0,0.0,0.0,0.0,0.0,0.0,0.0,0.0,0.0,0.0,0.0,0.0,0.0,0.0,0.0,0.0
37.9438310185,391019.0,35698.0,10.9535268082,733.0,64443.0,72.0,7.0,858.0,2703.0,3592.0,5337.0,9499.0,10413.0,3044.0,209.0,36.0,7.0,0.0,0.0,0.0,0.0,0.0,0.0,0.0,0.0,0.0,0.0,0.0,0.0,0.0,0.0,0.0,0.0,0.0,0.0,0.0,0.0
37.9479976852,387816.0,35695.0,10.8647149461,733.0,64444.0,72.0,3.0,927.0,2804.0,3700.0,5301.0,9431.0,10238.0,3051.0,199.0,35.0,9.0,0.0,0.0,0.0,0.0,0.0,0.0,0.0,0.0,0.0,0.0,0.0,0.0,0.0,0.0,0.0,0.0,0.0,0.0,0.0,0.0
37.9521643519,389696.0,35702.0,10.9152428435,729.0,64440.0,73.0,7.0,907.0,2690.0,3615.0,5364.0,9580.0,10285.0,2998.0,211.0,44.0,8.0,0.0,0.0,0.0,0.0,0.0,0.0,0.0,0.0,0.0,0.0,0.0,0.0,0.0,0.0,0.0,0.0,0.0,0.0,0.0,0.0
37.9563310185,386979.0,35682.0,10.8452160753,733.0,64440.0,76.0,9.0,868.0,2637.0,3625.0,5443.0,9585.0,10355.0,2928.0,195.0,39.0,7.0,0.0,0.0,0.0,0.0,0.0,0.0,0.0,0.0,0.0,0.0,0.0,0.0,0.0,0.0,0.0,0.0,0.0,0.0,0.0,0.0
37.9604976852,390657.0,35687.0,10.9467593241,732.0,64440.0,73.0,11.0,892.0,2813.0,3568.0,5315.0,9581.0,10241.0,3003.0,221.0,38.0,15.0,0.0,0.0,0.0,0.0,0.0,0.0,0.0,0.0,0.0,0.0,0.0,0.0,0.0,0.0,0.0,0.0,0.0,0.0,0.0,0.0
37.9646643519,386429.0,35685.0,10.8288916912,733.0,64444.0,78.0,6.0,963.0,2897.0,3646.0,5398.0,9473.0,10037.0,3004.0,214.0,40.0,13.0,0.0,0.0,0.0,0.0,0.0,0.0,0.0,0.0,0.0,0.0,0.0,0.0,0.0,0.0,0.0,0.0,0.0,0.0,0.0,0.0
37.9688310185,384296.0,35689.0,10.7679116815,729.0,64440.0,72.0,12.0,916.0,2862.0,3673.0,5422.0,9620.0,9995.0,2916.0,237.0,41.0,7.0,0.0,0.0,0.0,0.0,0.0,0.0,0.0,0.0,0.0,0.0,0.0,0.0,0.0,0.0,0.0,0.0,0.0,0.0,0.0,0.0
37.9729976852,383060.0,35689.0,10.7332791616,733.0,64444.0,76.0,7.0,936.0,2888.0,3722.0,5448.0,9411.0,10098.0,2925.0,212.0,44.0,5.0,0.0,0.0,0.0,0.0,0.0,0.0,0.0,0.0,0.0,0.0,0.0,0.0,0.0,0.0,0.0,0.0,0.0,0.0,0.0,0.0
37.9771643519,377521.0,35679.0,10.5810420696,727.0,64447.0,76.0,6.0,932.0,3055.0,3761.0,5490.0,9581.0,9837.0,2755.0,216.0,34.0,18.0,0.0,0.0,0.0,0.0,0.0,0.0,0.0,0.0,0.0,0.0,0.0,0.0,0.0,0.0,0.0,0.0,0.0,0.0,0.0,0.0
37.9813310185,379265.0,35681.0,10.6293265323,730.0,64444.0,76.0,7.0,979.0,3059.0,3647.0,5442.0,9431.0,10041.0,2822.0,214.0,37.0,9.0,0.0,0.0,0.0,0.0,0.0,0.0,0.0,0.0,0.0,0.0,0.0,0.0,0.0,0.0,0.0,0.0,0.0,0.0,0.0,0.0
37.9854976852,380859.0,35683.0,10.6734019001,732.0,64438.0,81.0,7.0,987.0,2981.0,3723.0,5654.0,9339.0,9843.0,2879.0,215.0,48.0,14.0,0.0,0.0,0.0,0.0,0.0,0.0,0.0,0.0,0.0,0.0,0.0,0.0,0.0,0.0,0.0,0.0,0.0,0.0,0.0,0.0
37.9896643519,379759.0,35684.0,10.6422766506,732.0,64440.0,75.0,8.0,977.0,3087.0,3690.0,5571.0,9356.0,9850.0,2878.0,221.0,43.0,11.0,0.0,0.0,0.0,0.0,0.0,0.0,0.0,0.0,0.0,0.0,0.0,0.0,0.0,0.0,0.0,0.0,0.0,0.0,0.0,0.0
37.9938310185,380329.0,35687.0,10.6573542186,732.0,64444.0,71.0,8.0,976.0,3093.0,3610.0,5596.0,9392.0,9889.0,2849.0,225.0,46.0,11.0,0.0,0.0,0.0,0.0,0.0,0.0,0.0,0.0,0.0,0.0,0.0,0.0,0.0,0.0,0.0,0.0,0.0,0.0,0.0,0.0
37.9979976852,373821.0,35692.0,10.4735234787,730.0,64449.0,72.0,6.0,1014.0,3013.0,3718.0,5675.0,9416.0,9776.0,2864.0,172.0,39.0,5.0,0.0,0.0,0.0,0.0,0.0,0.0,0.0,0.0,0.0,0.0,0.0,0.0,0.0,0.0,0.0,0.0,0.0,0.0,0.0,0.0
38.0021643519,375958.0,35704.0,10.5298565987,730.0,64440.0,73.0,12.0,1024.0,3084.0,3729.0,5692.0,9291.0,9720.0,2923.0,191.0,45.0,5.0,0.0,0.0,0.0,0.0,0.0,0.0,0.0,0.0,0.0,0.0,0.0,0.0,0.0,0.0,0.0,0.0,0.0,0.0,0.0,0.0
38.0063310185,373634.0,35696.0,10.4671111609,732.0,64441.0,71.0,12.0,1028.0,3126.0,3688.0,5863.0,9424.0,9526.0,2772.0,200.0,57.0,12.0,0.0,0.0,0.0,0.0,0.0,0.0,0.0,0.0,0.0,0.0,0.0,0.0,0.0,0.0,0.0,0.0,0.0,0.0,0.0,0.0
38.0104976852,373542.0,35690.0,10.4662930793,727.0,64443.0,72.0,12.0,999.0,3158.0,3838.0,5697.0,9300.0,9611.0,2846.0,189.0,37.0,15.0,0.0,0.0,0.0,0.0,0.0,0.0,0.0,0.0,0.0,0.0,0.0,0.0,0.0,0.0,0.0,0.0,0.0,0.0,0.0,0.0
38.0146643519,372366.0,35700.0,10.4304201681,729.0,64439.0,76.0,12.0,1110.0,3162.0,3660.0,5803.0,9148.0,9783.0,2789.0,208.0,24.0,13.0,0.0,0.0,0.0,0.0,0.0,0.0,0.0,0.0,0.0,0.0,0.0,0.0,0.0,0.0,0.0,0.0,0.0,0.0,0.0,0.0
38.0188310185,365720.0,35689.0,10.2474151699,727.0,64440.0,79.0,7.0,1060.0,3296.0,3702.0,5891.0,9186.0,9715.0,2618.0,173.0,36.0,12.0,0.0,0.0,0.0,0.0,0.0,0.0,0.0,0.0,0.0,0.0,0.0,0.0,0.0,0.0,0.0,0.0,0.0,0.0,0.0,0.0
38.0229976852,365545.0,35675.0,10.2465311843,732.0,64440.0,79.0,9.0,1070.0,3325.0,3678.0,5936.0,9202.0,9526.0,2688.0,214.0,30.0,6.0,0.0,0.0,0.0,0.0,0.0,0.0,0.0,0.0,0.0,0.0,0.0,0.0,0.0,0.0,0.0,0.0,0.0,0.0,0.0,0.0
38.0271643519,364013.0,35678.0,10.2027299737,730.0,64440.0,75.0,7.0,1092.0,3321.0,3736.0,6139.0,9173.0,9347.0,2600.0,218.0,39.0,12.0,1.0,0.0,0.0,0.0,0.0,0.0,0.0,0.0,0.0,0.0,0.0,0.0,0.0,0.0,0.0,0.0,0.0,0.0,0.0,0.0
38.0313310185,357128.0,35689.0,10.0066687215,727.0,64439.0,75.0,11.0,1168.0,3400.0,3796.0,5990.0,9162.0,9315.0,2658.0,175.0,22.0,3.0,0.0,0.0,0.0,0.0,0.0,0.0,0.0,0.0,0.0,0.0,0.0,0.0,0.0,0.0,0.0,0.0,0.0,0.0,0.0,0.0
38.0354976852,352809.0,35689.0,9.88565104094,727.0,64440.0,79.0,7.0,1117.0,3421.0,3952.0,6101.0,8897.0,9431.0,2603.0,153.0,13.0,1.0,0.0,0.0,0.0,0.0,0.0,0.0,0.0,0.0,0.0,0.0,0.0,0.0,0.0,0.0,0.0,0.0,0.0,0.0,0.0,0.0
38.0396643519,360620.0,35690.0,10.104230877,724.0,64440.0,71.0,12.0,1117.0,3350.0,3623.0,6218.0,9134.0,9417.0,2615.0,175.0,31.0,10.0,0.0,0.0,0.0,0.0,0.0,0.0,0.0,0.0,0.0,0.0,0.0,0.0,0.0,0.0,0.0,0.0,0.0,0.0,0.0,0.0
38.0438310185,365968.0,35698.0,10.2517788111,727.0,64440.0,76.0,8.0,1122.0,3362.0,3661.0,6081.0,9070.0,9492.0,2647.0,207.0,45.0,11.0,0.0,0.0,0.0,0.0,0.0,0.0,0.0,0.0,0.0,0.0,0.0,0.0,0.0,0.0,0.0,0.0,0.0,0.0,0.0,0.0
38.0479976852,357373.0,35682.0,10.0154980102,729.0,64443.0,76.0,9.0,1235.0,3283.0,3659.0,6425.0,9052.0,9193.0,2608.0,183.0,38.0,6.0,0.0,0.0,0.0,0.0,0.0,0.0,0.0,0.0,0.0,0.0,0.0,0.0,0.0,0.0,0.0,0.0,0.0,0.0,0.0,0.0
38.0521643519,358937.0,35699.0,10.0545393428,727.0,64444.0,72.0,12.0,1228.0,3435.0,3713.0,6275.0,9038.0,9193.0,2559.0,203.0,42.0,13.0,0.0,0.0,0.0,0.0,0.0,0.0,0.0,0.0,0.0,0.0,0.0,0.0,0.0,0.0,0.0,0.0,0.0,0.0,0.0,0.0
38.0563310185,353847.0,35685.0,9.91584699454,727.0,64444.0,72.0,8.0,1193.0,3331.0,3858.0,6390.0,8989.0,9187.0,2499.0,199.0,34.0,5.0,0.0,0.0,0.0,0.0,0.0,0.0,0.0,0.0,0.0,0.0,0.0,0.0,0.0,0.0,0.0,0.0,0.0,0.0,0.0,0.0
38.0604976852,355915.0,35690.0,9.97240123284,727.0,64441.0,76.0,11.0,1166.0,3449.0,3731.0,6535.0,8916.0,9133.0,2501.0,210.0,36.0,13.0,0.0,0.0,0.0,0.0,0.0,0.0,0.0,0.0,0.0,0.0,0.0,0.0,0.0,0.0,0.0,0.0,0.0,0.0,0.0,0.0
38.0730208333,349894.0,35695.0,9.80232525564,727.0,64440.0,76.0,12.0,1169.0,3534.0,3682.0,6789.0,8920.0,8984.0,2361.0,201.0,45.0,10.0,0.0,0.0,0.0,0.0,0.0,0.0,0.0,0.0,0.0,0.0,0.0,0.0,0.0,0.0,0.0,0.0,0.0,0.0,0.0,0.0
38.0771875,351470.0,35689.0,9.84813247779,724.0,64440.0,76.0,7.0,1265.0,3470.0,3672.0,6828.0,8732.0,9026.0,2440.0,206.0,39.0,11.0,0.0,0.0,0.0,0.0,0.0,0.0,0.0,0.0,0.0,0.0,0.0,0.0,0.0,0.0,0.0,0.0,0.0,0.0,0.0,0.0
38.0813541667,345863.0,35690.0,9.69075371252,730.0,64444.0,78.0,12.0,1247.0,3663.0,3684.0,6928.0,8740.0,8801.0,2378.0,201.0,38.0,10.0,0.0,0.0,0.0,0.0,0.0,0.0,0.0,0.0,0.0,0.0,0.0,0.0,0.0,0.0,0.0,0.0,0.0,0.0,0.0,0.0
38.0855208333,345648.0,35691.0,9.68445826679,727.0,64440.0,73.0,9.0,1265.0,3476.0,3568.0,6997.0,9121.0,8676.0,2351.0,181.0,46.0,10.0,0.0,0.0,0.0,0.0,0.0,0.0,0.0,0.0,0.0,0.0,0.0,0.0,0.0,0.0,0.0,0.0,0.0,0.0,0.0,0.0
38.0896875,344383.0,35682.0,9.65144890981,727.0,64442.0,76.0,6.0,1208.0,3487.0,3626.0,7189.0,9031.0,8600.0,2288.0,189.0,52.0,12.0,0.0,0.0,0.0,0.0,0.0,0.0,0.0,0.0,0.0,0.0,0.0,0.0,0.0,0.0,0.0,0.0,0.0,0.0,0.0,0.0
38.0938541667,346675.0,35692.0,9.71296088759,724.0,64440.0,76.0,6.0,1162.0,3423.0,3578.0,7210.0,8983.0,8700.0,2374.0,216.0,42.0,4.0,0.0,0.0,0.0,0.0,0.0,0.0,0.0,0.0,0.0,0.0,0.0,0.0,0.0,0.0,0.0,0.0,0.0,0.0,0.0,0.0
38.0980208333,342284.0,35686.0,9.59154850642,724.0,64443.0,73.0,8.0,1261.0,3544.0,3562.0,7358.0,8877.0,8548.0,2290.0,194.0,36.0,16.0,0.0,0.0,0.0,0.0,0.0,0.0,0.0,0.0,0.0,0.0,0.0,0.0,0.0,0.0,0.0,0.0,0.0,0.0,0.0,0.0
38.1021875,338782.0,35670.0,9.49767311466,724.0,64435.0,79.0,8.0,1336.0,3654.0,3472.0,7466.0,8890.0,8274.0,2325.0,207.0,36.0,10.0,0.0,0.0,0.0,0.0,0.0,0.0,0.0,0.0,0.0,0.0,0.0,0.0,0.0,0.0,0.0,0.0,0.0,0.0,0.0,0.0
38.1063541667,340894.0,35667.0,9.55768637676,724.0,64441.0,76.0,7.0,1288.0,3514.0,3486.0,7414.0,9042.0,8440.0,2240.0,181.0,45.0,17.0,0.0,0.0,0.0,0.0,0.0,0.0,0.0,0.0,0.0,0.0,0.0,0.0,0.0,0.0,0.0,0.0,0.0,0.0,0.0,0.0
38.1105208333,337555.0,35673.0,9.46247862529,727.0,64441.0,76.0,7.0,1243.0,3579.0,3520.0,7440.0,8911.0,8602.0,2122.0,208.0,41.0,7.0,0.0,0.0,0.0,0.0,0.0,0.0,0.0,0.0,0.0,0.0,0.0,0.0,0.0,0.0,0.0,0.0,0.0,0.0,0.0,0.0
38.1146875,334701.0,35678.0,9.38115925781,727.0,64440.0,72.0,7.0,1293.0,3567.0,3463.0,7650.0,8929.0,8376.0,2161.0,201.0,28.0,10.0,0.0,0.0,0.0,0.0,0.0,0.0,0.0,0.0,0.0,0.0,0.0,0.0,0.0,0.0,0.0,0.0,0.0,0.0,0.0,0.0
38.1188541667,331333.0,35683.0,9.28545806126,727.0,64440.0,73.0,11.0,1263.0,3525.0,3562.0,7621.0,9041.0,8331.0,2129.0,177.0,28.0,6.0,0.0,0.0,0.0,0.0,0.0,0.0,0.0,0.0,0.0,0.0,0.0,0.0,0.0,0.0,0.0,0.0,0.0,0.0,0.0,0.0
38.1230208333,337624.0,35671.0,9.46494351154,723.0,64440.0,76.0,8.0,1342.0,3540.0,3280.0,7587.0,9113.0,8339.0,2225.0,195.0,44.0,6.0,0.0,0.0,0.0,0.0,0.0,0.0,0.0,0.0,0.0,0.0,0.0,0.0,0.0,0.0,0.0,0.0,0.0,0.0,0.0,0.0
38.1271875,341797.0,35673.0,9.58139208926,727.0,64439.0,78.0,7.0,1229.0,3489.0,3340.0,7647.0,9062.0,8380.0,2276.0,188.0,49.0,13.0,0.0,0.0,0.0,0.0,0.0,0.0,0.0,0.0,0.0,0.0,0.0,0.0,0.0,0.0,0.0,0.0,0.0,0.0,0.0,0.0
38.1313541667,343701.0,35689.0,9.63044635602,721.0,64444.0,70.0,12.0,1247.0,3275.0,3061.0,7664.0,9350.0,8691.0,2150.0,194.0,47.0,10.0,0.0,0.0,0.0,0.0,0.0,0.0,0.0,0.0,0.0,0.0,0.0,0.0,0.0,0.0,0.0,0.0,0.0,0.0,0.0,0.0
38.1355208333,361238.0,35679.0,10.1246671712,723.0,64444.0,75.0,6.0,1133.0,3070.0,2906.0,7093.0,9538.0,9232.0,2462.0,191.0,38.0,16.0,0.0,0.0,0.0,0.0,0.0,0.0,0.0,0.0,0.0,0.0,0.0,0.0,0.0,0.0,0.0,0.0,0.0,0.0,0.0,0.0
38.1396875,374539.0,35674.0,10.4989347985,727.0,64440.0,79.0,1.0,1076.0,2881.0,2575.0,6665.0,9805.0,9802.0,2638.0,177.0,41.0,14.0,0.0,0.0,0.0,0.0,0.0,0.0,0.0,0.0,0.0,0.0,0.0,0.0,0.0,0.0,0.0,0.0,0.0,0.0,0.0,0.0
38.1438541667,384968.0,35678.0,10.7900667078,724.0,64444.0,78.0,7.0,1062.0,2732.0,2470.0,6270.0,9885.0,10235.0,2736.0,245.0,38.0,5.0,0.0,0.0,0.0,0.0,0.0,0.0,0.0,0.0,0.0,0.0,0.0,0.0,0.0,0.0,0.0,0.0,0.0,0.0,0.0,0.0
38.1480208333,385996.0,35675.0,10.8197897687,723.0,64447.0,72.0,12.0,1019.0,2566.0,2399.0,6394.0,10054.0,10309.0,2669.0,204.0,50.0,11.0,0.0,0.0,0.0,0.0,0.0,0.0,0.0,0.0,0.0,0.0,0.0,0.0,0.0,0.0,0.0,0.0,0.0,0.0,0.0,0.0
38.1521875,389204.0,35674.0,10.9100185009,726.0,64441.0,75.0,8.0,1054.0,2582.0,2271.0,6138.0,10163.0,10436.0,2766.0,220.0,36.0,8.0,0.0,0.0,0.0,0.0,0.0,0.0,0.0,0.0,0.0,0.0,0.0,0.0,0.0,0.0,0.0,0.0,0.0,0.0,0.0,0.0
38.1563541667,388940.0,35673.0,10.9029237799,727.0,64440.0,78.0,8.0,1013.0,2594.0,2257.0,6166.0,10168.0,10497.0,2719.0,212.0,37.0,10.0,0.0,0.0,0.0,0.0,0.0,0.0,0.0,0.0,0.0,0.0,0.0,0.0,0.0,0.0,0.0,0.0,0.0,0.0,0.0,0.0
38.1605208333,389284.0,35667.0,10.9144026691,723.0,64440.0,75.0,14.0,1036.0,2628.0,2216.0,6218.0,10131.0,10407.0,2775.0,208.0,36.0,12.0,0.0,0.0,0.0,0.0,0.0,0.0,0.0,0.0,0.0,0.0,0.0,0.0,0.0,0.0,0.0,0.0,0.0,0.0,0.0,0.0
38.1646875,397417.0,35671.0,11.1411791091,721.0,64441.0,76.0,7.0,1015.0,2561.0,2156.0,5980.0,10210.0,10465.0,3012.0,228.0,37.0,7.0,0.0,0.0,0.0,0.0,0.0,0.0,0.0,0.0,0.0,0.0,0.0,0.0,0.0,0.0,0.0,0.0,0.0,0.0,0.0,0.0
38.1688541667,400693.0,35661.0,11.2361683632,721.0,64440.0,78.0,9.0,1015.0,2475.0,2199.0,5911.0,10108.0,10662.0,3010.0,230.0,42.0,9.0,0.0,0.0,0.0,0.0,0.0,0.0,0.0,0.0,0.0,0.0,0.0,0.0,0.0,0.0,0.0,0.0,0.0,0.0,0.0,0.0
38.1730208333,398846.0,35666.0,11.1828071553,720.0,64440.0,73.0,12.0,1003.0,2484.0,2127.0,5873.0,10201.0,10704.0,3031.0,199.0,41.0,3.0,0.0,0.0,0.0,0.0,0.0,0.0,0.0,0.0,0.0,0.0,0.0,0.0,0.0,0.0,0.0,0.0,0.0,0.0,0.0,0.0
38.1771875,403589.0,35660.0,11.3176948962,720.0,64439.0,73.0,12.0,959.0,2379.0,2113.0,5996.0,10243.0,10645.0,3039.0,229.0,45.0,12.0,0.0,0.0,0.0,0.0,0.0,0.0,0.0,0.0,0.0,0.0,0.0,0.0,0.0,0.0,0.0,0.0,0.0,0.0,0.0,0.0
38.1813541667,401358.0,35656.0,11.2563944357,720.0,64443.0,76.0,11.0,989.0,2402.0,2142.0,5972.0,10218.0,10695.0,2957.0,224.0,44.0,13.0,0.0,0.0,0.0,0.0,0.0,0.0,0.0,0.0,0.0,0.0,0.0,0.0,0.0,0.0,0.0,0.0,0.0,0.0,0.0,0.0
38.1855208333,400112.0,35652.0,11.2227084035,718.0,64441.0,76.0,12.0,1016.0,2446.0,2169.0,5902.0,10365.0,10525.0,2948.0,216.0,50.0,15.0,0.0,0.0,0.0,0.0,0.0,0.0,0.0,0.0,0.0,0.0,0.0,0.0,0.0,0.0,0.0,0.0,0.0,0.0,0.0,0.0
38.1896875,396640.0,35664.0,11.1215791835,720.0,64446.0,75.0,7.0,976.0,2494.0,2165.0,6120.0,10245.0,10417.0,3009.0,181.0,45.0,12.0,0.0,0.0,0.0,0.0,0.0,0.0,0.0,0.0,0.0,0.0,0.0,0.0,0.0,0.0,0.0,0.0,0.0,0.0,0.0,0.0
38.1938541667,394977.0,35658.0,11.0768130574,720.0,64441.0,76.0,7.0,1026.0,2469.0,2062.0,6086.0,10469.0,10382.0,2902.0,211.0,41.0,10.0,0.0,0.0,0.0,0.0,0.0,0.0,0.0,0.0,0.0,0.0,0.0,0.0,0.0,0.0,0.0,0.0,0.0,0.0,0.0,0.0
38.1980208333,397389.0,35649.0,11.1472692081,717.0,64440.0,76.0,12.0,1012.0,2515.0,2163.0,5981.0,10270.0,10475.0,2960.0,218.0,46.0,9.0,0.0,0.0,0.0,0.0,0.0,0.0,0.0,0.0,0.0,0.0,0.0,0.0,0.0,0.0,0.0,0.0,0.0,0.0,0.0,0.0
38.2021875,397497.0,35651.0,11.1496732209,717.0,64439.0,73.0,12.0,1023.0,2457.0,2074.0,6015.0,10414.0,10454.0,2957.0,198.0,48.0,11.0,0.0,0.0,0.0,0.0,0.0,0.0,0.0,0.0,0.0,0.0,0.0,0.0,0.0,0.0,0.0,0.0,0.0,0.0,0.0,0.0
38.2063541667,396150.0,35670.0,11.1059714045,717.0,64440.0,78.0,8.0,985.0,2428.0,2059.0,6065.0,10474.0,10513.0,2878.0,224.0,34.0,10.0,0.0,0.0,0.0,0.0,0.0,0.0,0.0,0.0,0.0,0.0,0.0,0.0,0.0,0.0,0.0,0.0,0.0,0.0,0.0,0.0
38.2105208333,399747.0,35678.0,11.2042995684,718.0,64446.0,71.0,7.0,936.0,2449.0,2131.0,5987.0,10364.0,10580.0,2949.0,238.0,31.0,13.0,0.0,0.0,0.0,0.0,0.0,0.0,0.0,0.0,0.0,0.0,0.0,0.0,0.0,0.0,0.0,0.0,0.0,0.0,0.0,0.0
38.2146875,402681.0,35659.0,11.2925488656,717.0,64440.0,71.0,12.0,931.0,2361.0,2008.0,6158.0,10389.0,10541.0,2997.0,215.0,38.0,21.0,0.0,0.0,0.0,0.0,0.0,0.0,0.0,0.0,0.0,0.0,0.0,0.0,0.0,0.0,0.0,0.0,0.0,0.0,0.0,0.0
38.2188541667,400401.0,35664.0,11.2270356662,717.0,64441.0,75.0,7.0,924.0,2237.0,2144.0,6123.0,10361.0,10580.0,3033.0,221.0,35.0,6.0,0.0,0.0,0.0,0.0,0.0,0.0,0.0,0.0,0.0,0.0,0.0,0.0,0.0,0.0,0.0,0.0,0.0,0.0,0.0,0.0
38.2230208333,397263.0,35659.0,11.1406096638,717.0,64440.0,78.0,8.0,917.0,2403.0,2116.0,6103.0,10377.0,10560.0,2928.0,201.0,48.0,6.0,0.0,0.0,0.0,0.0,0.0,0.0,0.0,0.0,0.0,0.0,0.0,0.0,0.0,0.0,0.0,0.0,0.0,0.0,0.0,0.0
38.2271875,399644.0,35662.0,11.2064382256,717.0,64441.0,75.0,7.0,909.0,2410.0,2157.0,6090.0,10424.0,10387.0,3014.0,216.0,42.0,13.0,0.0,0.0,0.0,0.0,0.0,0.0,0.0,0.0,0.0,0.0,0.0,0.0,0.0,0.0,0.0,0.0,0.0,0.0,0.0,0.0
38.2313541667,396873.0,35654.0,11.1312335222,717.0,64444.0,76.0,14.0,876.0,2341.0,2166.0,6014.0,10708.0,10398.0,2870.0,232.0,40.0,9.0,0.0,0.0,0.0,0.0,0.0,0.0,0.0,0.0,0.0,0.0,0.0,0.0,0.0,0.0,0.0,0.0,0.0,0.0,0.0,0.0
38.2355208333,400136.0,35656.0,11.2221225039,716.0,64443.0,75.0,8.0,873.0,2312.0,2060.0,5912.0,10659.0,10627.0,2942.0,226.0,42.0,3.0,0.0,0.0,0.0,0.0,0.0,0.0,0.0,0.0,0.0,0.0,0.0,0.0,0.0,0.0,0.0,0.0,0.0,0.0,0.0,0.0
38.2396875,399348.0,35658.0,11.1993942453,717.0,64440.0,75.0,3.0,872.0,2246.0,2185.0,6171.0,10444.0,10533.0,2938.0,219.0,38.0,12.0,0.0,0.0,0.0,0.0,0.0,0.0,0.0,0.0,0.0,0.0,0.0,0.0,0.0,0.0,0.0,0.0,0.0,0.0,0.0,0.0
38.2438541667,402769.0,35662.0,11.2940665134,716.0,64441.0,76.0,11.0,867.0,2153.0,2204.0,5874.0,10509.0,10848.0,2936.0,224.0,41.0,6.0,0.0,0.0,0.0,0.0,0.0,0.0,0.0,0.0,0.0,0.0,0.0,0.0,0.0,0.0,0.0,0.0,0.0,0.0,0.0,0.0
38.2480208333,399926.0,35660.0,11.2149747616,713.0,64440.0,78.0,7.0,863.0,2208.0,2063.0,5998.0,10792.0,10562.0,2911.0,218.0,34.0,11.0,0.0,0.0,0.0,0.0,0.0,0.0,0.0,0.0,0.0,0.0,0.0,0.0,0.0,0.0,0.0,0.0,0.0,0.0,0.0,0.0
38.2521875,399109.0,35660.0,11.1920639372,711.0,64444.0,73.0,14.0,881.0,2173.0,2158.0,5967.0,10728.0,10585.0,2895.0,231.0,36.0,6.0,0.0,0.0,0.0,0.0,0.0,0.0,0.0,0.0,0.0,0.0,0.0,0.0,0.0,0.0,0.0,0.0,0.0,0.0,0.0,0.0
38.2563541667,401587.0,35654.0,11.2634487014,711.0,64443.0,76.0,7.0,834.0,2255.0,2190.0,5862.0,10580.0,10733.0,2948.0,209.0,28.0,15.0,0.0,0.0,0.0,0.0,0.0,0.0,0.0,0.0,0.0,0.0,0.0,0.0,0.0,0.0,0.0,0.0,0.0,0.0,0.0,0.0
38.2605208333,405310.0,35657.0,11.3669125277,713.0,64440.0,79.0,4.0,826.0,2128.0,2131.0,5870.0,10628.0,10771.0,3024.0,233.0,42.0,4.0,0.0,0.0,0.0,0.0,0.0,0.0,0.0,0.0,0.0,0.0,0.0,0.0,0.0,0.0,0.0,0.0,0.0,0.0,0.0,0.0
38.2646875,406536.0,35651.0,11.4032144961,714.0,64439.0,79.0,8.0,816.0,2144.0,2076.0,5896.0,10654.0,10676.0,3137.0,204.0,40.0,8.0,0.0,0.0,0.0,0.0,0.0,0.0,0.0,0.0,0.0,0.0,0.0,0.0,0.0,0.0,0.0,0.0,0.0,0.0,0.0,0.0
38.2688541667,406810.0,35647.0,11.4121805482,711.0,64441.0,76.0,7.0,794.0,2088.0,2267.0,5889.0,10559.0,10746.0,3017.0,228.0,47.0,12.0,0.0,0.0,0.0,0.0,0.0,0.0,0.0,0.0,0.0,0.0,0.0,0.0,0.0,0.0,0.0,0.0,0.0,0.0,0.0,0.0
38.2730208333,410698.0,35653.0,11.5193111379,711.0,64444.0,72.0,12.0,777.0,2106.0,2324.0,5596.0,10481.0,10955.0,3124.0,239.0,46.0,5.0,0.0,0.0,0.0,0.0,0.0,0.0,0.0,0.0,0.0,0.0,0.0,0.0,0.0,0.0,0.0,0.0,0.0,0.0,0.0,0.0
38.2771875,405232.0,35648.0,11.3675942549,711.0,64440.0,76.0,12.0,797.0,2114.0,2395.0,5870.0,10424.0,10674.0,3115.0,206.0,45.0,8.0,0.0,0.0,0.0,0.0,0.0,0.0,0.0,0.0,0.0,0.0,0.0,0.0,0.0,0.0,0.0,0.0,0.0,0.0,0.0,0.0
38.2813541667,405886.0,35648.0,11.3859403052,711.0,64441.0,73.0,12.0,790.0,2164.0,2295.0,5653.0,10595.0,10897.0,3003.0,193.0,46.0,12.0,0.0,0.0,0.0,0.0,0.0,0.0,0.0,0.0,0.0,0.0,0.0,0.0,0.0,0.0,0.0,0.0,0.0,0.0,0.0,0.0
38.2855208333,403365.0,35659.0,11.3117305589,711.0,64444.0,73.0,12.0,825.0,2139.0,2399.0,5729.0,10579.0,10773.0,2965.0,192.0,43.0,15.0,0.0,0.0,0.0,0.0,0.0,0.0,0.0,0.0,0.0,0.0,0.0,0.0,0.0,0.0,0.0,0.0,0.0,0.0,0.0,0.0
38.2896875,404836.0,35647.0,11.3568042191,711.0,64443.0,81.0,8.0,780.0,2072.0,2418.0,5650.0,10610.0,10869.0,2980.0,217.0,45.0,6.0,0.0,0.0,0.0,0.0,0.0,0.0,0.0,0.0,0.0,0.0,0.0,0.0,0.0,0.0,0.0,0.0,0.0,0.0,0.0,0.0
38.2938541667,402273.0,35647.0,11.2849047606,713.0,64446.0,72.0,12.0,701.0,2237.0,2444.0,5707.0,10568.0,10836.0,2873.0,233.0,37.0,11.0,0.0,0.0,0.0,0.0,0.0,0.0,0.0,0.0,0.0,0.0,0.0,0.0,0.0,0.0,0.0,0.0,0.0,0.0,0.0,0.0
38.2980208333,401909.0,35640.0,11.2769079686,711.0,64440.0,76.0,7.0,742.0,2133.0,2470.0,5799.0,10495.0,10808.0,2922.0,226.0,37.0,8.0,0.0,0.0,0.0,0.0,0.0,0.0,0.0,0.0,0.0,0.0,0.0,0.0,0.0,0.0,0.0,0.0,0.0,0.0,0.0,0.0
38.3021875,399508.0,35648.0,11.207024237,711.0,64440.0,79.0,12.0,718.0,2188.0,2564.0,5674.0,10461.0,10903.0,2892.0,208.0,37.0,3.0,0.0,0.0,0.0,0.0,0.0,0.0,0.0,0.0,0.0,0.0,0.0,0.0,0.0,0.0,0.0,0.0,0.0,0.0,0.0,0.0
38.3063541667,401012.0,35654.0,11.2473214787,711.0,64440.0,76.0,9.0,734.0,2136.0,2534.0,5736.0,10634.0,10738.0,2872.0,217.0,42.0,11.0,0.0,0.0,0.0,0.0,0.0,0.0,0.0,0.0,0.0,0.0,0.0,0.0,0.0,0.0,0.0,0.0,0.0,0.0,0.0,0.0
38.3105208333,401546.0,35656.0,11.2616670406,710.0,64441.0,73.0,15.0,731.0,2178.0,2650.0,5527.0,10471.0,10868.0,3006.0,181.0,37.0,7.0,0.0,0.0,0.0,0.0,0.0,0.0,0.0,0.0,0.0,0.0,0.0,0.0,0.0,0.0,0.0,0.0,0.0,0.0,0.0,0.0
38.3146875,403619.0,35645.0,11.3232992004,711.0,64455.0,72.0,9.0,697.0,2191.0,2560.0,5711.0,10555.0,10684.0,2984.0,201.0,48.0,14.0,0.0,0.0,0.0,0.0,0.0,0.0,0.0,0.0,0.0,0.0,0.0,0.0,0.0,0.0,0.0,0.0,0.0,0.0,0.0,0.0
38.3188541667,403559.0,35641.0,11.3228865632,711.0,64439.0,76.0,15.0,729.0,2105.0,2645.0,5581.0,10488.0,10855.0,2981.0,206.0,42.0,9.0,0.0,0.0,0.0,0.0,0.0,0.0,0.0,0.0,0.0,0.0,0.0,0.0,0.0,0.0,0.0,0.0,0.0,0.0,0.0,0.0
38.3230208333,407776.0,35641.0,11.4412053534,710.0,64440.0,76.0,8.0,719.0,2106.0,2621.0,5515.0,10482.0,10853.0,3087.0,203.0,39.0,16.0,0.0,0.0,0.0,0.0,0.0,0.0,0.0,0.0,0.0,0.0,0.0,0.0,0.0,0.0,0.0,0.0,0.0,0.0,0.0,0.0
38.3271875,405104.0,35647.0,11.3643223834,710.0,64440.0,76.0,9.0,667.0,2180.0,2706.0,5480.0,10415.0,10933.0,3013.0,203.0,38.0,12.0,0.0,0.0,0.0,0.0,0.0,0.0,0.0,0.0,0.0,0.0,0.0,0.0,0.0,0.0,0.0,0.0,0.0,0.0,0.0,0.0
38.3313541667,400982.0,35638.0,11.2515292665,708.0,64439.0,76.0,8.0,765.0,2158.0,2776.0,5514.0,10420.0,10825.0,2927.0,190.0,57.0,6.0,0.0,0.0,0.0,0.0,0.0,0.0,0.0,0.0,0.0,0.0,0.0,0.0,0.0,0.0,0.0,0.0,0.0,0.0,0.0,0.0
38.3355208333,402516.0,35637.0,11.2948901423,708.0,64440.0,79.0,3.0,702.0,2146.0,2929.0,5382.0,10303.0,10932.0,2996.0,193.0,50.0,4.0,0.0,0.0,0.0,0.0,0.0,0.0,0.0,0.0,0.0,0.0,0.0,0.0,0.0,0.0,0.0,0.0,0.0,0.0,0.0,0.0
38.3396875,401681.0,35633.0,11.2727247215,708.0,64438.0,76.0,6.0,686.0,2117.0,2970.0,5292.0,10597.0,10782.0,2945.0,195.0,32.0,17.0,0.0,0.0,0.0,0.0,0.0,0.0,0.0,0.0,0.0,0.0,0.0,0.0,0.0,0.0,0.0,0.0,0.0,0.0,0.0,0.0
38.3438541667,407808.0,35641.0,11.4421031958,710.0,64440.0,75.0,15.0,721.0,2088.0,2824.0,5434.0,10256.0,11072.0,2967.0,204.0,63.0,12.0,0.0,0.0,0.0,0.0,0.0,0.0,0.0,0.0,0.0,0.0,0.0,0.0,0.0,0.0,0.0,0.0,0.0,0.0,0.0,0.0
38.3480208333,404916.0,35634.0,11.3631924566,710.0,64443.0,76.0,12.0,663.0,2154.0,2961.0,5304.0,10317.0,10882.0,3110.0,200.0,34.0,9.0,0.0,0.0,0.0,0.0,0.0,0.0,0.0,0.0,0.0,0.0,0.0,0.0,0.0,0.0,0.0,0.0,0.0,0.0,0.0,0.0
38.3521875,406323.0,35633.0,11.4029972217,708.0,64440.0,79.0,7.0,698.0,2123.0,2980.0,5288.0,10266.0,10977.0,3015.0,235.0,41.0,10.0,0.0,0.0,0.0,0.0,0.0,0.0,0.0,0.0,0.0,0.0,0.0,0.0,0.0,0.0,0.0,0.0,0.0,0.0,0.0,0.0
38.3563541667,407825.0,35628.0,11.446755361,708.0,64440.0,79.0,10.0,689.0,2195.0,3085.0,5287.0,10141.0,10932.0,3007.0,219.0,52.0,21.0,0.0,0.0,0.0,0.0,0.0,0.0,0.0,0.0,0.0,0.0,0.0,0.0,0.0,0.0,0.0,0.0,0.0,0.0,0.0,0.0
38.3605208333,409180.0,35624.0,11.4860768022,708.0,64440.0,79.0,6.0,636.0,2176.0,3014.0,5122.0,10275.0,11043.0,3090.0,207.0,48.0,13.0,0.0,0.0,0.0,0.0,0.0,0.0,0.0,0.0,0.0,0.0,0.0,0.0,0.0,0.0,0.0,0.0,0.0,0.0,0.0,0.0
38.3646875,406045.0,35619.0,11.3996743311,705.0,64436.0,76.0,12.0,719.0,2187.0,3065.0,5026.0,10315.0,10950.0,3111.0,200.0,33.0,13.0,0.0,0.0,0.0,0.0,0.0,0.0,0.0,0.0,0.0,0.0,0.0,0.0,0.0,0.0,0.0,0.0,0.0,0.0,0.0,0.0
38.3688541667,408322.0,35626.0,11.4613484534,705.0,64438.0,76.0,16.0,701.0,2228.0,2999.0,5094.0,10053.0,11154.0,3128.0,226.0,37.0,6.0,0.0,0.0,0.0,0.0,0.0,0.0,0.0,0.0,0.0,0.0,0.0,0.0,0.0,0.0,0.0,0.0,0.0,0.0,0.0,0.0
38.3730208333,414046.0,35631.0,11.6203867419,708.0,64443.0,72.0,15.0,675.0,2206.0,3072.0,4822.0,10119.0,11227.0,3236.0,222.0,41.0,11.0,0.0,0.0,0.0,0.0,0.0,0.0,0.0,0.0,0.0,0.0,0.0,0.0,0.0,0.0,0.0,0.0,0.0,0.0,0.0,0.0
38.3771875,410444.0,35633.0,11.5186484439,704.0,64440.0,77.0,8.0,715.0,2222.0,3081.0,4883.0,10004.0,11358.0,3122.0,186.0,54.0,8.0,0.0,0.0,0.0,0.0,0.0,0.0,0.0,0.0,0.0,0.0,0.0,0.0,0.0,0.0,0.0,0.0,0.0,0.0,0.0,0.0
38.3813541667,402322.0,35634.0,11.290396812,704.0,64440.0,78.0,7.0,702.0,2244.0,3161.0,4929.0,10077.0,11241.0,3085.0,166.0,25.0,4.0,0.0,0.0,0.0,0.0,0.0,0.0,0.0,0.0,0.0,0.0,0.0,0.0,0.0,0.0,0.0,0.0,0.0,0.0,0.0,0.0
38.3855208333,404698.0,35627.0,11.3593061442,701.0,64447.0,72.0,14.0,721.0,2414.0,3116.0,4667.0,9899.0,11501.0,3112.0,174.0,19.0,4.0,0.0,0.0,0.0,0.0,0.0,0.0,0.0,0.0,0.0,0.0,0.0,0.0,0.0,0.0,0.0,0.0,0.0,0.0,0.0,0.0
38.3896875,410156.0,35628.0,11.5121814303,707.0,64444.0,73.0,12.0,682.0,2346.0,3269.0,4814.0,9928.0,11202.0,3129.0,187.0,54.0,17.0,0.0,0.0,0.0,0.0,0.0,0.0,0.0,0.0,0.0,0.0,0.0,0.0,0.0,0.0,0.0,0.0,0.0,0.0,0.0,0.0
38.3938541667,411536.0,35615.0,11.5551312649,710.0,64438.0,83.0,8.0,676.0,2322.0,3267.0,4952.0,9787.0,11132.0,3220.0,196.0,43.0,19.0,1.0,0.0,0.0,0.0,0.0,0.0,0.0,0.0,0.0,0.0,0.0,0.0,0.0,0.0,0.0,0.0,0.0,0.0,0.0,0.0
38.4063888889,398415.0,35613.0,11.187347317,704.0,64439.0,78.0,7.0,751.0,2525.0,3565.0,5032.0,9449.0,11001.0,3045.0,194.0,46.0,5.0,0.0,0.0,0.0,0.0,0.0,0.0,0.0,0.0,0.0,0.0,0.0,0.0,0.0,0.0,0.0,0.0,0.0,0.0,0.0,0.0
38.4105555556,401601.0,35620.0,11.2745929253,704.0,64440.0,79.0,7.0,769.0,2513.0,3460.0,5004.0,9561.0,11049.0,3009.0,191.0,47.0,17.0,0.0,0.0,0.0,0.0,0.0,0.0,0.0,0.0,0.0,0.0,0.0,0.0,0.0,0.0,0.0,0.0,0.0,0.0,0.0,0.0
38.4147222222,400891.0,35601.0,11.2606668352,701.0,64440.0,78.0,15.0,769.0,2535.0,3660.0,4811.0,9428.0,11197.0,2929.0,209.0,49.0,13.0,1.0,0.0,0.0,0.0,0.0,0.0,0.0,0.0,0.0,0.0,0.0,0.0,0.0,0.0,0.0,0.0,0.0,0.0,0.0,0.0
38.4188888889,397034.0,35616.0,11.1476302785,704.0,64444.0,76.0,12.0,807.0,2546.0,3678.0,4919.0,9458.0,11033.0,2918.0,198.0,46.0,13.0,0.0,0.0,0.0,0.0,0.0,0.0,0.0,0.0,0.0,0.0,0.0,0.0,0.0,0.0,0.0,0.0,0.0,0.0,0.0,0.0
38.4230555556,405646.0,35608.0,11.3919905639,702.0,64440.0,78.0,12.0,851.0,2526.0,3634.0,4815.0,9234.0,11226.0,3061.0,183.0,51.0,27.0,0.0,0.0,0.0,0.0,0.0,0.0,0.0,0.0,0.0,0.0,0.0,0.0,0.0,0.0,0.0,0.0,0.0,0.0,0.0,0.0
38.4272222222,405052.0,35611.0,11.374350622,701.0,64441.0,76.0,11.0,818.0,2554.0,3461.0,4870.0,9262.0,11259.0,3124.0,204.0,49.0,10.0,0.0,0.0,0.0,0.0,0.0,0.0,0.0,0.0,0.0,0.0,0.0,0.0,0.0,0.0,0.0,0.0,0.0,0.0,0.0,0.0
38.4313888889,399983.0,35608.0,11.2329532689,704.0,64436.0,79.0,8.0,827.0,2715.0,3580.0,4809.0,9237.0,11213.0,2972.0,187.0,56.0,11.0,1.0,0.0,0.0,0.0,0.0,0.0,0.0,0.0,0.0,0.0,0.0,0.0,0.0,0.0,0.0,0.0,0.0,0.0,0.0,0.0
38.4355555556,399841.0,35601.0,11.2311732816,699.0,64441.0,74.0,12.0,810.0,2633.0,3566.0,4969.0,9069.0,11233.0,3083.0,191.0,39.0,8.0,0.0,0.0,0.0,0.0,0.0,0.0,0.0,0.0,0.0,0.0,0.0,0.0,0.0,0.0,0.0,0.0,0.0,0.0,0.0,0.0
38.4397222222,404594.0,35595.0,11.3665964321,701.0,64440.0,76.0,7.0,799.0,2612.0,3575.0,4762.0,9143.0,11391.0,3022.0,232.0,49.0,10.0,0.0,0.0,0.0,0.0,0.0,0.0,0.0,0.0,0.0,0.0,0.0,0.0,0.0,0.0,0.0,0.0,0.0,0.0,0.0,0.0
38.4438888889,399456.0,35605.0,11.2190984412,701.0,64440.0,76.0,12.0,863.0,2704.0,3726.0,4875.0,9007.0,11085.0,3074.0,216.0,46.0,9.0,0.0,0.0,0.0,0.0,0.0,0.0,0.0,0.0,0.0,0.0,0.0,0.0,0.0,0.0,0.0,0.0,0.0,0.0,0.0,0.0
38.4480555556,394860.0,35601.0,11.0912614814,699.0,64444.0,78.0,12.0,905.0,2844.0,3688.0,4830.0,9181.0,10964.0,2909.0,221.0,46.0,13.0,0.0,0.0,0.0,0.0,0.0,0.0,0.0,0.0,0.0,0.0,0.0,0.0,0.0,0.0,0.0,0.0,0.0,0.0,0.0,0.0
38.4522222222,401100.0,35600.0,11.2668539326,701.0,64441.0,76.0,12.0,880.0,2734.0,3703.0,4734.0,9179.0,11094.0,2978.0,219.0,66.0,13.0,0.0,0.0,0.0,0.0,0.0,0.0,0.0,0.0,0.0,0.0,0.0,0.0,0.0,0.0,0.0,0.0,0.0,0.0,0.0,0.0
38.4563888889,395685.0,35598.0,11.1153716501,702.0,64440.0,76.0,7.0,1013.0,2747.0,3557.0,4874.0,8957.0,11223.0,2983.0,199.0,36.0,9.0,0.0,0.0,0.0,0.0,0.0,0.0,0.0,0.0,0.0,0.0,0.0,0.0,0.0,0.0,0.0,0.0,0.0,0.0,0.0,0.0
38.4605555556,403398.0,35611.0,11.3279042992,704.0,64438.0,76.0,7.0,875.0,2744.0,3567.0,4854.0,8955.0,11200.0,3128.0,230.0,50.0,8.0,0.0,0.0,0.0,0.0,0.0,0.0,0.0,0.0,0.0,0.0,0.0,0.0,0.0,0.0,0.0,0.0,0.0,0.0,0.0,0.0
38.4647222222,399611.0,35597.0,11.2259740989,701.0,64439.0,79.0,12.0,906.0,2849.0,3503.0,4823.0,8918.0,11317.0,3007.0,217.0,52.0,5.0,0.0,0.0,0.0,0.0,0.0,0.0,0.0,0.0,0.0,0.0,0.0,0.0,0.0,0.0,0.0,0.0,0.0,0.0,0.0,0.0
38.4688888889,394443.0,35609.0,11.0770591704,701.0,64444.0,76.0,8.0,981.0,2877.0,3649.0,4873.0,8967.0,10975.0,3036.0,197.0,48.0,6.0,0.0,0.0,0.0,0.0,0.0,0.0,0.0,0.0,0.0,0.0,0.0,0.0,0.0,0.0,0.0,0.0,0.0,0.0,0.0,0.0
38.4730555556,393813.0,35611.0,11.0587458931,701.0,64438.0,78.0,12.0,977.0,2861.0,3706.0,4891.0,8953.0,11050.0,2895.0,222.0,44.0,12.0,0.0,0.0,0.0,0.0,0.0,0.0,0.0,0.0,0.0,0.0,0.0,0.0,0.0,0.0,0.0,0.0,0.0,0.0,0.0,0.0
38.4772222222,393785.0,35600.0,11.0613764045,704.0,64440.0,76.0,16.0,930.0,3023.0,3677.0,4958.0,8899.0,10938.0,2892.0,218.0,47.0,17.0,1.0,0.0,0.0,0.0,0.0,0.0,0.0,0.0,0.0,0.0,0.0,0.0,0.0,0.0,0.0,0.0,0.0,0.0,0.0,0.0
38.4813888889,390587.0,35608.0,10.969079982,701.0,64440.0,79.0,8.0,994.0,2975.0,3610.0,4996.0,8935.0,10934.0,2886.0,228.0,45.0,5.0,0.0,0.0,0.0,0.0,0.0,0.0,0.0,0.0,0.0,0.0,0.0,0.0,0.0,0.0,0.0,0.0,0.0,0.0,0.0,0.0
38.4855555556,385626.0,35593.0,10.8343213553,701.0,64441.0,76.0,8.0,927.0,3024.0,3833.0,5036.0,8783.0,10953.0,2785.0,201.0,47.0,3.0,1.0,0.0,0.0,0.0,0.0,0.0,0.0,0.0,0.0,0.0,0.0,0.0,0.0,0.0,0.0,0.0,0.0,0.0,0.0,0.0
38.4897222222,387351.0,35611.0,10.8772851085,699.0,64439.0,78.0,7.0,1053.0,3169.0,3667.0,4944.0,8708.0,10961.0,2841.0,216.0,47.0,5.0,0.0,0.0,0.0,0.0,0.0,0.0,0.0,0.0,0.0,0.0,0.0,0.0,0.0,0.0,0.0,0.0,0.0,0.0,0.0,0.0
38.4938888889,384177.0,35604.0,10.7902763734,701.0,64439.0,79.0,12.0,1037.0,3105.0,3662.0,5141.0,8716.0,10968.0,2712.0,223.0,26.0,14.0,0.0,0.0,0.0,0.0,0.0,0.0,0.0,0.0,0.0,0.0,0.0,0.0,0.0,0.0,0.0,0.0,0.0,0.0,0.0,0.0
38.4980555556,375379.0,35592.0,10.5467239829,704.0,64440.0,76.0,15.0,1111.0,3241.0,3827.0,5133.0,8710.0,10758.0,2536.0,240.0,28.0,8.0,0.0,0.0,0.0,0.0,0.0,0.0,0.0,0.0,0.0,0.0,0.0,0.0,0.0,0.0,0.0,0.0,0.0,0.0,0.0,0.0
38.5022222222,385834.0,35598.0,10.8386426204,702.0,64440.0,79.0,9.0,1031.0,3144.0,3771.0,5167.0,8608.0,10821.0,2795.0,202.0,39.0,20.0,0.0,0.0,0.0,0.0,0.0,0.0,0.0,0.0,0.0,0.0,0.0,0.0,0.0,0.0,0.0,0.0,0.0,0.0,0.0,0.0
38.5063888889,381009.0,35594.0,10.7043040962,702.0,64440.0,79.0,8.0,1094.0,3151.0,3815.0,5265.0,8560.0,10663.0,2772.0,230.0,36.0,8.0,0.0,0.0,0.0,0.0,0.0,0.0,0.0,0.0,0.0,0.0,0.0,0.0,0.0,0.0,0.0,0.0,0.0,0.0,0.0,0.0
38.5105555556,386816.0,35591.0,10.868365598,704.0,64439.0,78.0,8.0,1009.0,3106.0,3787.0,5202.0,8692.0,10728.0,2749.0,249.0,58.0,11.0,0.0,0.0,0.0,0.0,0.0,0.0,0.0,0.0,0.0,0.0,0.0,0.0,0.0,0.0,0.0,0.0,0.0,0.0,0.0,0.0
38.5147222222,380066.0,35607.0,10.6739124329,701.0,64444.0,79.0,4.0,1046.0,3176.0,3821.0,5120.0,8720.0,10754.0,2720.0,197.0,49.0,4.0,0.0,0.0,0.0,0.0,0.0,0.0,0.0,0.0,0.0,0.0,0.0,0.0,0.0,0.0,0.0,0.0,0.0,0.0,0.0,0.0
38.5188888889,384389.0,35592.0,10.7998707575,699.0,64439.0,76.0,15.0,1080.0,3161.0,3756.0,5223.0,8671.0,10662.0,2731.0,238.0,60.0,10.0,0.0,0.0,0.0,0.0,0.0,0.0,0.0,0.0,0.0,0.0,0.0,0.0,0.0,0.0,0.0,0.0,0.0,0.0,0.0,0.0
38.5230555556,387778.0,35613.0,10.8886642518,699.0,64441.0,78.0,8.0,1007.0,3062.0,3686.0,5094.0,8547.0,11165.0,2792.0,212.0,41.0,7.0,0.0,0.0,0.0,0.0,0.0,0.0,0.0,0.0,0.0,0.0,0.0,0.0,0.0,0.0,0.0,0.0,0.0,0.0,0.0,0.0
38.5272222222,384914.0,35595.0,10.8137097907,704.0,64439.0,79.0,6.0,1018.0,3068.0,3819.0,5050.0,8551.0,11030.0,2814.0,206.0,32.0,7.0,0.0,0.0,0.0,0.0,0.0,0.0,0.0,0.0,0.0,0.0,0.0,0.0,0.0,0.0,0.0,0.0,0.0,0.0,0.0,0.0
38.5313888889,382578.0,35581.0,10.752311627,701.0,64440.0,76.0,12.0,1026.0,3142.0,3838.0,5214.0,8535.0,10788.0,2768.0,219.0,44.0,7.0,0.0,0.0,0.0,0.0,0.0,0.0,0.0,0.0,0.0,0.0,0.0,0.0,0.0,0.0,0.0,0.0,0.0,0.0,0.0,0.0
38.5355555556,373654.0,35598.0,10.4964885668,699.0,64441.0,73.0,15.0,1094.0,3202.0,3922.0,5406.0,8393.0,10751.0,2580.0,211.0,33.0,6.0,0.0,0.0,0.0,0.0,0.0,0.0,0.0,0.0,0.0,0.0,0.0,0.0,0.0,0.0,0.0,0.0,0.0,0.0,0.0,0.0
38.5397222222,377639.0,35604.0,10.6066453208,701.0,64444.0,79.0,7.0,1082.0,3271.0,3902.0,5431.0,8379.0,10651.0,2578.0,247.0,55.0,8.0,0.0,0.0,0.0,0.0,0.0,0.0,0.0,0.0,0.0,0.0,0.0,0.0,0.0,0.0,0.0,0.0,0.0,0.0,0.0,0.0
38.5438888889,386339.0,35615.0,10.8476484627,699.0,64440.0,79.0,12.0,998.0,3083.0,3888.0,5300.0,8471.0,10901.0,2651.0,248.0,61.0,14.0,0.0,0.0,0.0,0.0,0.0,0.0,0.0,0.0,0.0,0.0,0.0,0.0,0.0,0.0,0.0,0.0,0.0,0.0,0.0,0.0
38.5480555556,378615.0,35611.0,10.6319676504,704.0,64443.0,76.0,9.0,1102.0,3249.0,3845.0,5405.0,8367.0,10759.0,2589.0,233.0,52.0,10.0,0.0,0.0,0.0,0.0,0.0,0.0,0.0,0.0,0.0,0.0,0.0,0.0,0.0,0.0,0.0,0.0,0.0,0.0,0.0,0.0
38.5522222222,385890.0,35617.0,10.8344329955,701.0,64440.0,79.0,7.0,1035.0,3184.0,3689.0,5436.0,8354.0,10842.0,2768.0,242.0,62.0,5.0,0.0,0.0,0.0,0.0,0.0,0.0,0.0,0.0,0.0,0.0,0.0,0.0,0.0,0.0,0.0,0.0,0.0,0.0,0.0,0.0
38.5563888889,383279.0,35609.0,10.7635429245,699.0,64438.0,76.0,14.0,1023.0,3211.0,3744.0,5329.0,8506.0,10805.0,2710.0,213.0,58.0,10.0,0.0,0.0,0.0,0.0,0.0,0.0,0.0,0.0,0.0,0.0,0.0,0.0,0.0,0.0,0.0,0.0,0.0,0.0,0.0,0.0
38.5605555556,388902.0,35611.0,10.9208390666,702.0,64444.0,79.0,12.0,1047.0,3090.0,3706.0,5392.0,8470.0,10817.0,2769.0,244.0,60.0,16.0,0.0,0.0,0.0,0.0,0.0,0.0,0.0,0.0,0.0,0.0,0.0,0.0,0.0,0.0,0.0,0.0,0.0,0.0,0.0,0.0
38.5647222222,386523.0,35615.0,10.8528148252,704.0,64436.0,79.0,9.0,1067.0,3077.0,3759.0,5278.0,8342.0,11105.0,2678.0,252.0,47.0,10.0,0.0,0.0,0.0,0.0,0.0,0.0,0.0,0.0,0.0,0.0,0.0,0.0,0.0,0.0,0.0,0.0,0.0,0.0,0.0,0.0
38.5688888889,381521.0,35612.0,10.7132708076,704.0,64447.0,73.0,12.0,1002.0,3261.0,3828.0,5471.0,8236.0,10847.0,2663.0,246.0,51.0,7.0,0.0,0.0,0.0,0.0,0.0,0.0,0.0,0.0,0.0,0.0,0.0,0.0,0.0,0.0,0.0,0.0,0.0,0.0,0.0,0.0
38.5730555556,386032.0,35613.0,10.8396372111,699.0,64444.0,78.0,6.0,1017.0,3164.0,3868.0,5325.0,8217.0,11050.0,2660.0,247.0,49.0,16.0,0.0,0.0,0.0,0.0,0.0,0.0,0.0,0.0,0.0,0.0,0.0,0.0,0.0,0.0,0.0,0.0,0.0,0.0,0.0,0.0
38.5772222222,381583.0,35613.0,10.7147109202,705.0,64441.0,78.0,9.0,990.0,3263.0,3908.0,5422.0,8274.0,10800.0,2646.0,251.0,47.0,12.0,0.0,0.0,0.0,0.0,0.0,0.0,0.0,0.0,0.0,0.0,0.0,0.0,0.0,0.0,0.0,0.0,0.0,0.0,0.0,0.0
38.5813888889,379208.0,35621.0,10.6456303866,704.0,64446.0,79.0,6.0,1062.0,3218.0,4081.0,5511.0,8109.0,10731.0,2583.0,261.0,53.0,12.0,0.0,0.0,0.0,0.0,0.0,0.0,0.0,0.0,0.0,0.0,0.0,0.0,0.0,0.0,0.0,0.0,0.0,0.0,0.0,0.0
38.5855555556,384654.0,35620.0,10.7988208871,704.0,64441.0,78.0,12.0,967.0,3122.0,4046.0,5350.0,8155.0,11033.0,2608.0,269.0,65.0,5.0,0.0,0.0,0.0,0.0,0.0,0.0,0.0,0.0,0.0,0.0,0.0,0.0,0.0,0.0,0.0,0.0,0.0,0.0,0.0,0.0
38.5897222222,392703.0,35622.0,11.0241704565,704.0,64444.0,76.0,14.0,985.0,3093.0,3833.0,5324.0,8327.0,10955.0,2719.0,300.0,74.0,12.0,0.0,0.0,0.0,0.0,0.0,0.0,0.0,0.0,0.0,0.0,0.0,0.0,0.0,0.0,0.0,0.0,0.0,0.0,0.0,0.0
38.5938888889,382606.0,35622.0,10.7407220257,704.0,64440.0,79.0,12.0,1084.0,3162.0,4014.0,5520.0,8119.0,10724.0,2627.0,313.0,50.0,9.0,0.0,0.0,0.0,0.0,0.0,0.0,0.0,0.0,0.0,0.0,0.0,0.0,0.0,0.0,0.0,0.0,0.0,0.0,0.0,0.0
38.5980555556,380196.0,35616.0,10.6748652291,708.0,64440.0,79.0,7.0,1033.0,3234.0,4061.0,5684.0,8087.0,10660.0,2498.0,283.0,54.0,21.0,1.0,0.0,0.0,0.0,0.0,0.0,0.0,0.0,0.0,0.0,0.0,0.0,0.0,0.0,0.0,0.0,0.0,0.0,0.0,0.0
38.6022222222,373286.0,35615.0,10.4811455847,704.0,64444.0,79.0,14.0,1009.0,3250.0,4272.0,5811.0,8171.0,10349.0,2395.0,279.0,58.0,21.0,0.0,0.0,0.0,0.0,0.0,0.0,0.0,0.0,0.0,0.0,0.0,0.0,0.0,0.0,0.0,0.0,0.0,0.0,0.0,0.0
38.6063888889,377201.0,35620.0,10.5895845031,705.0,64446.0,79.0,7.0,1037.0,3239.0,4215.0,5783.0,8022.0,10467.0,2499.0,271.0,69.0,18.0,0.0,0.0,0.0,0.0,0.0,0.0,0.0,0.0,0.0,0.0,0.0,0.0,0.0,0.0,0.0,0.0,0.0,0.0,0.0,0.0
38.6105555556,375467.0,35616.0,10.5420878257,704.0,64446.0,76.0,7.0,1036.0,3211.0,4232.0,5628.0,8158.0,10489.0,2525.0,268.0,58.0,11.0,0.0,0.0,0.0,0.0,0.0,0.0,0.0,0.0,0.0,0.0,0.0,0.0,0.0,0.0,0.0,0.0,0.0,0.0,0.0,0.0
38.6147222222,371782.0,35619.0,10.4377439007,701.0,64442.0,79.0,6.0,1024.0,3284.0,4143.0,5777.0,8152.0,10497.0,2404.0,274.0,54.0,10.0,0.0,0.0,0.0,0.0,0.0,0.0,0.0,0.0,0.0,0.0,0.0,0.0,0.0,0.0,0.0,0.0,0.0,0.0,0.0,0.0
38.6188888889,372472.0,35613.0,10.4588773762,704.0,64442.0,78.0,12.0,1057.0,3226.0,4291.0,5696.0,8127.0,10428.0,2433.0,286.0,61.0,8.0,0.0,0.0,0.0,0.0,0.0,0.0,0.0,0.0,0.0,0.0,0.0,0.0,0.0,0.0,0.0,0.0,0.0,0.0,0.0,0.0
38.6230555556,372137.0,35616.0,10.4485905211,707.0,64444.0,76.0,12.0,1003.0,3247.0,4187.0,5921.0,8134.0,10361.0,2392.0,298.0,65.0,8.0,0.0,0.0,0.0,0.0,0.0,0.0,0.0,0.0,0.0,0.0,0.0,0.0,0.0,0.0,0.0,0.0,0.0,0.0,0.0,0.0
38.6272222222,371520.0,35620.0,10.430095452,705.0,64440.0,76.0,7.0,1014.0,3198.0,4395.0,5855.0,8048.0,10353.0,2419.0,264.0,58.0,15.0,1.0,0.0,0.0,0.0,0.0,0.0,0.0,0.0,0.0,0.0,0.0,0.0,0.0,0.0,0.0,0.0,0.0,0.0,0.0,0.0
38.6313888889,372034.0,35622.0,10.4439391387,708.0,64433.0,92.0,3.0,1034.0,3222.0,4326.0,5920.0,8074.0,10291.0,2405.0,265.0,68.0,16.0,1.0,0.0,0.0,0.0,0.0,0.0,0.0,0.0,0.0,0.0,0.0,0.0,0.0,0.0,0.0,0.0,0.0,0.0,0.0,0.0
38.6355555556,371959.0,35630.0,10.4394891945,710.0,64446.0,73.0,14.0,1040.0,3267.0,4270.0,5764.0,8057.0,10490.0,2367.0,312.0,55.0,8.0,0.0,0.0,0.0,0.0,0.0,0.0,0.0,0.0,0.0,0.0,0.0,0.0,0.0,0.0,0.0,0.0,0.0,0.0,0.0,0.0
38.6397222222,383669.0,35638.0,10.7657275941,713.0,64441.0,79.0,3.0,997.0,3237.0,4362.0,5807.0,7962.0,10367.0,2414.0,393.0,75.0,21.0,3.0,0.0,0.0,0.0,0.0,0.0,0.0,0.0,0.0,0.0,0.0,0.0,0.0,0.0,0.0,0.0,0.0,0.0,0.0,0.0
38.6438888889,399989.0,35639.0,11.2233508235,708.0,64444.0,78.0,11.0,1018.0,3361.0,4354.0,5986.0,7709.0,10236.0,2363.0,391.0,168.0,42.0,11.0,0.0,0.0,0.0,0.0,0.0,0.0,0.0,0.0,0.0,0.0,0.0,0.0,0.0,0.0,0.0,0.0,0.0,0.0,0.0
38.6480555556,410099.0,35620.0,11.5131667602,711.0,64449.0,79.0,3.0,999.0,3209.0,4419.0,6119.0,7717.0,10168.0,2291.0,413.0,210.0,62.0,13.0,0.0,0.0,0.0,0.0,0.0,0.0,0.0,0.0,0.0,0.0,0.0,0.0,0.0,0.0,0.0,0.0,0.0,0.0,0.0
38.6522222222,407047.0,35630.0,11.4242772944,710.0,64447.0,75.0,12.0,1053.0,3285.0,4569.0,6148.0,7684.0,9955.0,2219.0,411.0,230.0,64.0,12.0,0.0,0.0,0.0,0.0,0.0,0.0,0.0,0.0,0.0,0.0,0.0,0.0,0.0,0.0,0.0,0.0,0.0,0.0,0.0
38.6563888889,414564.0,35636.0,11.6332921765,710.0,64447.0,72.0,8.0,1044.0,3494.0,4563.0,6262.0,7566.0,9817.0,2132.0,387.0,250.0,108.0,13.0,0.0,0.0,0.0,0.0,0.0,0.0,0.0,0.0,0.0,0.0,0.0,0.0,0.0,0.0,0.0,0.0,0.0,0.0,0.0
38.6605555556,430508.0,35638.0,12.0800269375,710.0,64447.0,72.0,65535.0,2266.0,2266.0,4747.0,6337.0,7561.0,9677.0,1983.0,353.0,249.0,171.0,22.0,5.0,0.0,0.0,0.0,0.0,0.0,0.0,0.0,0.0,0.0,0.0,0.0,0.0,0.0,0.0,0.0,0.0,0.0,0.0
38.6647222222,431873.0,35631.0,12.1207094945,710.0,64447.0,76.0,7.0,2209.0,2209.0,4688.0,6222.0,7489.0,9954.0,2057.0,361.0,252.0,167.0,22.0,1.0,0.0,0.0,0.0,0.0,0.0,0.0,0.0,0.0,0.0,0.0,0.0,0.0,0.0,0.0,0.0,0.0,0.0,0.0
38.6688888889,405479.0,35632.0,11.3796306691,713.0,64444.0,78.0,12.0,2295.0,2295.0,4718.0,6453.0,7468.0,9708.0,1949.0,376.0,257.0,95.0,16.0,1.0,0.0,0.0,0.0,0.0,0.0,0.0,0.0,0.0,0.0,0.0,0.0,0.0,0.0,0.0,0.0,0.0,0.0,0.0
38.6730555556,377195.0,35642.0,10.5828797486,711.0,64447.0,73.0,14.0,1018.0,3407.0,4692.0,6523.0,7551.0,9785.0,2078.0,413.0,140.0,29.0,6.0,0.0,0.0,0.0,0.0,0.0,0.0,0.0,0.0,0.0,0.0,0.0,0.0,0.0,0.0,0.0,0.0,0.0,0.0,0.0
38.6772222222,364338.0,35643.0,10.2218668462,713.0,64444.0,76.0,7.0,1035.0,3388.0,4731.0,6358.0,7689.0,9840.0,2173.0,323.0,86.0,17.0,3.0,0.0,0.0,0.0,0.0,0.0,0.0,0.0,0.0,0.0,0.0,0.0,0.0,0.0,0.0,0.0,0.0,0.0,0.0,0.0
38.6813888889,362149.0,35642.0,10.1607373324,717.0,64463.0,76.0,6.0,1003.0,3315.0,4815.0,6411.0,7395.0,10193.0,2134.0,286.0,67.0,22.0,1.0,0.0,0.0,0.0,0.0,0.0,0.0,0.0,0.0,0.0,0.0,0.0,0.0,0.0,0.0,0.0,0.0,0.0,0.0,0.0
38.6855555556,356056.0,35642.0,9.98978732956,713.0,64440.0,79.0,6.0,1010.0,3340.0,4794.0,6600.0,7585.0,9891.0,2078.0,243.0,81.0,19.0,1.0,0.0,0.0,0.0,0.0,0.0,0.0,0.0,0.0,0.0,0.0,0.0,0.0,0.0,0.0,0.0,0.0,0.0,0.0,0.0
38.6897222222,350625.0,35653.0,9.83437578885,713.0,64444.0,79.0,0.0,1012.0,3379.0,4927.0,6492.0,7580.0,9890.0,2078.0,227.0,48.0,19.0,1.0,0.0,0.0,0.0,0.0,0.0,0.0,0.0,0.0,0.0,0.0,0.0,0.0,0.0,0.0,0.0,0.0,0.0,0.0,0.0
38.6938888889,342505.0,35656.0,9.60581669284,716.0,64440.0,78.0,20.0,1063.0,3483.0,4939.0,6634.0,7346.0,9992.0,1930.0,209.0,51.0,9.0,0.0,0.0,0.0,0.0,0.0,0.0,0.0,0.0,0.0,0.0,0.0,0.0,0.0,0.0,0.0,0.0,0.0,0.0,0.0,0.0
38.6980555556,344185.0,35656.0,9.65293358761,717.0,64441.0,76.0,7.0,974.0,3345.0,5126.0,6771.0,7380.0,9815.0,1942.0,237.0,53.0,13.0,0.0,0.0,0.0,0.0,0.0,0.0,0.0,0.0,0.0,0.0,0.0,0.0,0.0,0.0,0.0,0.0,0.0,0.0,0.0,0.0
38.7022222222,346809.0,35648.0,9.72870848294,717.0,64440.0,79.0,7.0,1079.0,3453.0,5010.0,6554.0,7414.0,9804.0,2012.0,257.0,53.0,11.0,1.0,0.0,0.0,0.0,0.0,0.0,0.0,0.0,0.0,0.0,0.0,0.0,0.0,0.0,0.0,0.0,0.0,0.0,0.0,0.0
38.7063888889,347869.0,35649.0,9.75816993464,718.0,64444.0,76.0,10.0,1034.0,3459.0,4991.0,6691.0,7300.0,9865.0,1973.0,260.0,61.0,15.0,0.0,0.0,0.0,0.0,0.0,0.0,0.0,0.0,0.0,0.0,0.0,0.0,0.0,0.0,0.0,0.0,0.0,0.0,0.0,0.0
38.7105555556,341367.0,35664.0,9.57175302826,721.0,64446.0,80.0,8.0,1041.0,3483.0,5206.0,6828.0,7280.0,9574.0,1925.0,264.0,46.0,17.0,0.0,0.0,0.0,0.0,0.0,0.0,0.0,0.0,0.0,0.0,0.0,0.0,0.0,0.0,0.0,0.0,0.0,0.0,0.0,0.0
38.7147222222,338261.0,35662.0,9.48519432449,720.0,64444.0,79.0,65534.0,1074.0,3603.0,5231.0,6795.0,7129.0,9605.0,1873.0,308.0,36.0,8.0,0.0,0.0,0.0,0.0,0.0,0.0,0.0,0.0,0.0,0.0,0.0,0.0,0.0,0.0,0.0,0.0,0.0,0.0,0.0,0.0
38.7188888889,345089.0,35662.0,9.67665862823,721.0,64444.0,76.0,7.0,948.0,3461.0,5056.0,6891.0,7364.0,9639.0,1970.0,260.0,61.0,11.0,1.0,0.0,0.0,0.0,0.0,0.0,0.0,0.0,0.0,0.0,0.0,0.0,0.0,0.0,0.0,0.0,0.0,0.0,0.0,0.0
38.7230555556,347340.0,35672.0,9.73704866562,721.0,64444.0,79.0,9.0,1043.0,3358.0,5057.0,6753.0,7255.0,9895.0,1982.0,265.0,49.0,15.0,0.0,0.0,0.0,0.0,0.0,0.0,0.0,0.0,0.0,0.0,0.0,0.0,0.0,0.0,0.0,0.0,0.0,0.0,0.0,0.0
38.7272222222,350279.0,35661.0,9.82246712094,721.0,64451.0,76.0,8.0,998.0,3393.0,5113.0,6957.0,7056.0,9722.0,2064.0,265.0,78.0,15.0,0.0,0.0,0.0,0.0,0.0,0.0,0.0,0.0,0.0,0.0,0.0,0.0,0.0,0.0,0.0,0.0,0.0,0.0,0.0,0.0
38.7397800926,337008.0,35669.0,9.44820432308,721.0,64444.0,78.0,12.0,1050.0,3496.0,5206.0,7089.0,7033.0,9609.0,1890.0,229.0,59.0,8.0,0.0,0.0,0.0,0.0,0.0,0.0,0.0,0.0,0.0,0.0,0.0,0.0,0.0,0.0,0.0,0.0,0.0,0.0,0.0,0.0
38.7439467593,330524.0,35665.0,9.26746109631,727.0,64447.0,76.0,12.0,1035.0,3596.0,5332.0,7152.0,7043.0,9443.0,1797.0,203.0,52.0,12.0,0.0,0.0,0.0,0.0,0.0,0.0,0.0,0.0,0.0,0.0,0.0,0.0,0.0,0.0,0.0,0.0,0.0,0.0,0.0,0.0
38.7481134259,330921.0,35666.0,9.27833230528,724.0,64442.0,76.0,11.0,1035.0,3521.0,5360.0,7126.0,7016.0,9509.0,1823.0,227.0,43.0,6.0,0.0,0.0,0.0,0.0,0.0,0.0,0.0,0.0,0.0,0.0,0.0,0.0,0.0,0.0,0.0,0.0,0.0,0.0,0.0,0.0
38.7522800926,332501.0,35668.0,9.32210945385,723.0,64440.0,80.0,3.0,1034.0,3553.0,5456.0,7019.0,7031.0,9453.0,1817.0,246.0,51.0,8.0,0.0,0.0,0.0,0.0,0.0,0.0,0.0,0.0,0.0,0.0,0.0,0.0,0.0,0.0,0.0,0.0,0.0,0.0,0.0,0.0
38.7564467593,334122.0,35676.0,9.36545576858,723.0,64444.0,77.0,12.0,1142.0,3488.0,5411.0,7009.0,7074.0,9409.0,1825.0,254.0,50.0,14.0,0.0,0.0,0.0,0.0,0.0,0.0,0.0,0.0,0.0,0.0,0.0,0.0,0.0,0.0,0.0,0.0,0.0,0.0,0.0,0.0
38.7606134259,330398.0,35670.0,9.26262966078,723.0,64444.0,79.0,12.0,1032.0,3534.0,5430.0,7283.0,6883.0,9414.0,1803.0,237.0,43.0,11.0,0.0,0.0,0.0,0.0,0.0,0.0,0.0,0.0,0.0,0.0,0.0,0.0,0.0,0.0,0.0,0.0,0.0,0.0,0.0,0.0
38.7647800926,325125.0,35686.0,9.11071568682,723.0,64448.0,79.0,7.0,1082.0,3705.0,5576.0,7145.0,6807.0,9424.0,1669.0,222.0,43.0,13.0,0.0,0.0,0.0,0.0,0.0,0.0,0.0,0.0,0.0,0.0,0.0,0.0,0.0,0.0,0.0,0.0,0.0,0.0,0.0,0.0
38.7689467593,324660.0,35689.0,9.0969206198,726.0,64447.0,79.0,7.0,1087.0,3554.0,5597.0,7128.0,6885.0,9455.0,1731.0,203.0,46.0,3.0,0.0,0.0,0.0,0.0,0.0,0.0,0.0,0.0,0.0,0.0,0.0,0.0,0.0,0.0,0.0,0.0,0.0,0.0,0.0,0.0
38.7731134259,325025.0,35685.0,9.10816869833,723.0,64441.0,78.0,8.0,1104.0,3647.0,5467.0,7261.0,6981.0,9245.0,1704.0,219.0,43.0,14.0,0.0,0.0,0.0,0.0,0.0,0.0,0.0,0.0,0.0,0.0,0.0,0.0,0.0,0.0,0.0,0.0,0.0,0.0,0.0,0.0
38.7772800926,323346.0,35687.0,9.06061030627,729.0,64440.0,80.0,7.0,1042.0,3694.0,5494.0,7218.0,6962.0,9352.0,1667.0,218.0,24.0,16.0,0.0,0.0,0.0,0.0,0.0,0.0,0.0,0.0,0.0,0.0,0.0,0.0,0.0,0.0,0.0,0.0,0.0,0.0,0.0,0.0
38.7814467593,317624.0,35689.0,8.89977303931,723.0,64447.0,76.0,12.0,1116.0,3760.0,5712.0,7430.0,6610.0,9154.0,1633.0,224.0,47.0,3.0,0.0,0.0,0.0,0.0,0.0,0.0,0.0,0.0,0.0,0.0,0.0,0.0,0.0,0.0,0.0,0.0,0.0,0.0,0.0,0.0
38.7856134259,314145.0,35696.0,8.80056588974,727.0,64436.0,79.0,9.0,1127.0,3751.0,5823.0,7379.0,6610.0,9118.0,1654.0,204.0,25.0,5.0,0.0,0.0,0.0,0.0,0.0,0.0,0.0,0.0,0.0,0.0,0.0,0.0,0.0,0.0,0.0,0.0,0.0,0.0,0.0,0.0
38.7897800926,312782.0,35702.0,8.76090975296,726.0,64444.0,79.0,12.0,1175.0,3834.0,5846.0,7480.0,6571.0,8941.0,1603.0,193.0,55.0,4.0,0.0,0.0,0.0,0.0,0.0,0.0,0.0,0.0,0.0,0.0,0.0,0.0,0.0,0.0,0.0,0.0,0.0,0.0,0.0,0.0
38.7939467593,309388.0,35695.0,8.66754447402,730.0,64441.0,76.0,12.0,1185.0,3934.0,6043.0,7454.0,6488.0,8826.0,1495.0,211.0,47.0,12.0,0.0,0.0,0.0,0.0,0.0,0.0,0.0,0.0,0.0,0.0,0.0,0.0,0.0,0.0,0.0,0.0,0.0,0.0,0.0,0.0
38.7981134259,304243.0,35685.0,8.52579515202,729.0,64444.0,79.0,9.0,1213.0,3879.0,6110.0,7682.0,6319.0,8809.0,1420.0,198.0,49.0,6.0,0.0,0.0,0.0,0.0,0.0,0.0,0.0,0.0,0.0,0.0,0.0,0.0,0.0,0.0,0.0,0.0,0.0,0.0,0.0,0.0
38.8022800926,297286.0,35680.0,8.33200672646,729.0,64440.0,80.0,8.0,1217.0,4036.0,6187.0,7801.0,6335.0,8481.0,1400.0,173.0,42.0,8.0,0.0,0.0,0.0,0.0,0.0,0.0,0.0,0.0,0.0,0.0,0.0,0.0,0.0,0.0,0.0,0.0,0.0,0.0,0.0,0.0
38.8064467593,297090.0,35690.0,8.3241804427,730.0,64440.0,79.0,8.0,1282.0,4104.0,6117.0,7720.0,6232.0,8653.0,1380.0,156.0,34.0,12.0,0.0,0.0,0.0,0.0,0.0,0.0,0.0,0.0,0.0,0.0,0.0,0.0,0.0,0.0,0.0,0.0,0.0,0.0,0.0,0.0
38.8106134259,295751.0,35687.0,8.28735954269,732.0,64440.0,79.0,7.0,1203.0,4143.0,6190.0,7803.0,6194.0,8504.0,1474.0,134.0,32.0,10.0,0.0,0.0,0.0,0.0,0.0,0.0,0.0,0.0,0.0,0.0,0.0,0.0,0.0,0.0,0.0,0.0,0.0,0.0,0.0,0.0
38.8147800926,294049.0,35690.0,8.23897450266,733.0,64443.0,79.0,7.0,1294.0,4119.0,6191.0,7799.0,6244.0,8471.0,1376.0,157.0,25.0,14.0,0.0,0.0,0.0,0.0,0.0,0.0,0.0,0.0,0.0,0.0,0.0,0.0,0.0,0.0,0.0,0.0,0.0,0.0,0.0,0.0
38.8189467593,290484.0,35686.0,8.13999887911,732.0,64439.0,79.0,7.0,1342.0,4146.0,6281.0,7888.0,6142.0,8392.0,1294.0,152.0,38.0,11.0,0.0,0.0,0.0,0.0,0.0,0.0,0.0,0.0,0.0,0.0,0.0,0.0,0.0,0.0,0.0,0.0,0.0,0.0,0.0,0.0
38.8231134259,292992.0,35692.0,8.20889835257,733.0,64441.0,79.0,9.0,1245.0,4148.0,6408.0,7755.0,6244.0,8335.0,1348.0,156.0,39.0,14.0,0.0,0.0,0.0,0.0,0.0,0.0,0.0,0.0,0.0,0.0,0.0,0.0,0.0,0.0,0.0,0.0,0.0,0.0,0.0,0.0
38.8272800926,289872.0,35688.0,8.12239408204,733.0,64441.0,79.0,8.0,1262.0,4132.0,6272.0,7899.0,6162.0,8461.0,1315.0,146.0,35.0,4.0,0.0,0.0,0.0,0.0,0.0,0.0,0.0,0.0,0.0,0.0,0.0,0.0,0.0,0.0,0.0,0.0,0.0,0.0,0.0,0.0
38.8314467593,289341.0,35687.0,8.10774231513,733.0,64440.0,78.0,12.0,1299.0,4247.0,6335.0,7976.0,5991.0,8323.0,1305.0,170.0,29.0,12.0,0.0,0.0,0.0,0.0,0.0,0.0,0.0,0.0,0.0,0.0,0.0,0.0,0.0,0.0,0.0,0.0,0.0,0.0,0.0,0.0
38.8356134259,289830.0,35691.0,8.12053458855,733.0,64444.0,79.0,7.0,1238.0,4144.0,6259.0,7982.0,6183.0,8406.0,1300.0,139.0,27.0,13.0,0.0,0.0,0.0,0.0,0.0,0.0,0.0,0.0,0.0,0.0,0.0,0.0,0.0,0.0,0.0,0.0,0.0,0.0,0.0,0.0
38.8397800926,289412.0,35706.0,8.10541645662,733.0,64440.0,79.0,8.0,1271.0,4210.0,6143.0,8109.0,6150.0,8349.0,1289.0,139.0,33.0,13.0,0.0,0.0,0.0,0.0,0.0,0.0,0.0,0.0,0.0,0.0,0.0,0.0,0.0,0.0,0.0,0.0,0.0,0.0,0.0,0.0
38.8439467593,292602.0,35704.0,8.19521622227,733.0,64446.0,80.0,8.0,1250.0,4308.0,6207.0,7888.0,6107.0,8441.0,1306.0,139.0,40.0,18.0,0.0,0.0,0.0,0.0,0.0,0.0,0.0,0.0,0.0,0.0,0.0,0.0,0.0,0.0,0.0,0.0,0.0,0.0,0.0,0.0
38.8481134259,289907.0,35697.0,8.12132672213,735.0,64443.0,76.0,11.0,1314.0,4283.0,6224.0,8062.0,6130.0,8213.0,1282.0,128.0,38.0,21.0,2.0,0.0,0.0,0.0,0.0,0.0,0.0,0.0,0.0,0.0,0.0,0.0,0.0,0.0,0.0,0.0,0.0,0.0,0.0,0.0
38.8522800926,284051.0,35690.0,7.95884001121,739.0,64440.0,79.0,7.0,1304.0,4289.0,6359.0,8085.0,5992.0,8233.0,1236.0,156.0,29.0,7.0,0.0,0.0,0.0,0.0,0.0,0.0,0.0,0.0,0.0,0.0,0.0,0.0,0.0,0.0,0.0,0.0,0.0,0.0,0.0,0.0
38.8564467593,282813.0,35695.0,7.92304244292,733.0,64441.0,79.0,7.0,1350.0,4341.0,6424.0,7906.0,6090.0,8180.0,1234.0,129.0,30.0,11.0,0.0,0.0,0.0,0.0,0.0,0.0,0.0,0.0,0.0,0.0,0.0,0.0,0.0,0.0,0.0,0.0,0.0,0.0,0.0,0.0
38.8606134259,278891.0,35706.0,7.81076009634,735.0,64441.0,79.0,7.0,1343.0,4349.0,6469.0,8175.0,5977.0,8020.0,1175.0,161.0,36.0,1.0,0.0,0.0,0.0,0.0,0.0,0.0,0.0,0.0,0.0,0.0,0.0,0.0,0.0,0.0,0.0,0.0,0.0,0.0,0.0,0.0
38.8647800926,282210.0,35702.0,7.90459918212,733.0,64440.0,80.0,11.0,1282.0,4270.0,6400.0,8273.0,5934.0,8120.0,1224.0,170.0,22.0,7.0,0.0,0.0,0.0,0.0,0.0,0.0,0.0,0.0,0.0,0.0,0.0,0.0,0.0,0.0,0.0,0.0,0.0,0.0,0.0,0.0
38.8689467593,278730.0,35706.0,7.80625105024,736.0,64440.0,79.0,8.0,1368.0,4374.0,6576.0,8167.0,5851.0,8006.0,1172.0,144.0,42.0,6.0,0.0,0.0,0.0,0.0,0.0,0.0,0.0,0.0,0.0,0.0,0.0,0.0,0.0,0.0,0.0,0.0,0.0,0.0,0.0,0.0
38.8731134259,280431.0,35707.0,7.85367014871,735.0,64440.0,79.0,8.0,1364.0,4397.0,6687.0,8083.0,5801.0,7937.0,1239.0,158.0,26.0,15.0,0.0,0.0,0.0,0.0,0.0,0.0,0.0,0.0,0.0,0.0,0.0,0.0,0.0,0.0,0.0,0.0,0.0,0.0,0.0,0.0
38.8772800926,279616.0,35704.0,7.831503473,733.0,64451.0,79.0,8.0,1439.0,4432.0,6524.0,8090.0,5928.0,7857.0,1234.0,154.0,35.0,11.0,0.0,0.0,0.0,0.0,0.0,0.0,0.0,0.0,0.0,0.0,0.0,0.0,0.0,0.0,0.0,0.0,0.0,0.0,0.0,0.0
38.8814467593,281860.0,35703.0,7.8945746856,739.0,64443.0,79.0,7.0,1424.0,4294.0,6489.0,8115.0,5872.0,8078.0,1225.0,167.0,31.0,8.0,0.0,0.0,0.0,0.0,0.0,0.0,0.0,0.0,0.0,0.0,0.0,0.0,0.0,0.0,0.0,0.0,0.0,0.0,0.0,0.0
38.8856134259,282306.0,35714.0,7.90463123705,736.0,64444.0,79.0,7.0,1294.0,4370.0,6428.0,8148.0,5991.0,8027.0,1276.0,139.0,32.0,9.0,0.0,0.0,0.0,0.0,0.0,0.0,0.0,0.0,0.0,0.0,0.0,0.0,0.0,0.0,0.0,0.0,0.0,0.0,0.0,0.0
38.8897800926,279318.0,35711.0,7.82162358937,738.0,64440.0,78.0,7.0,1262.0,4286.0,6482.0,8333.0,5906.0,8057.0,1191.0,166.0,26.0,2.0,0.0,0.0,0.0,0.0,0.0,0.0,0.0,0.0,0.0,0.0,0.0,0.0,0.0,0.0,0.0,0.0,0.0,0.0,0.0,0.0
38.8939467593,275607.0,35704.0,7.71921913511,736.0,64444.0,79.0,7.0,1367.0,4485.0,6745.0,8206.0,5741.0,7838.0,1131.0,138.0,40.0,13.0,0.0,0.0,0.0,0.0,0.0,0.0,0.0,0.0,0.0,0.0,0.0,0.0,0.0,0.0,0.0,0.0,0.0,0.0,0.0,0.0
38.8981134259,274714.0,35710.0,7.69291514982,738.0,64443.0,79.0,8.0,1318.0,4460.0,6811.0,8290.0,5794.0,7776.0,1053.0,151.0,41.0,16.0,0.0,0.0,0.0,0.0,0.0,0.0,0.0,0.0,0.0,0.0,0.0,0.0,0.0,0.0,0.0,0.0,0.0,0.0,0.0,0.0
38.9022800926,275837.0,35706.0,7.72522825295,738.0,64440.0,79.0,12.0,1370.0,4531.0,6647.0,8289.0,5723.0,7744.0,1212.0,142.0,39.0,9.0,0.0,0.0,0.0,0.0,0.0,0.0,0.0,0.0,0.0,0.0,0.0,0.0,0.0,0.0,0.0,0.0,0.0,0.0,0.0,0.0
38.9064467593,279458.0,35713.0,7.82510570381,736.0,64441.0,79.0,12.0,1316.0,4402.0,6578.0,8269.0,5793.0,7941.0,1244.0,122.0,35.0,13.0,0.0,0.0,0.0,0.0,0.0,0.0,0.0,0.0,0.0,0.0,0.0,0.0,0.0,0.0,0.0,0.0,0.0,0.0,0.0,0.0
38.9106134259,282721.0,35706.0,7.9180249818,736.0,64440.0,79.0,7.0,1317.0,4277.0,6658.0,8174.0,5830.0,8034.0,1187.0,173.0,48.0,8.0,0.0,0.0,0.0,0.0,0.0,0.0,0.0,0.0,0.0,0.0,0.0,0.0,0.0,0.0,0.0,0.0,0.0,0.0,0.0,0.0
38.9147800926,281651.0,35720.0,7.88496640538,736.0,64441.0,78.0,17.0,1288.0,4383.0,6490.0,8240.0,5842.0,8035.0,1253.0,149.0,30.0,10.0,0.0,0.0,0.0,0.0,0.0,0.0,0.0,0.0,0.0,0.0,0.0,0.0,0.0,0.0,0.0,0.0,0.0,0.0,0.0,0.0
38.9189467593,279649.0,35721.0,7.82870020436,736.0,64441.0,76.0,11.0,1309.0,4249.0,6668.0,8384.0,5736.0,7951.0,1226.0,159.0,31.0,8.0,0.0,0.0,0.0,0.0,0.0,0.0,0.0,0.0,0.0,0.0,0.0,0.0,0.0,0.0,0.0,0.0,0.0,0.0,0.0,0.0
38.9231134259,283088.0,35717.0,7.92586163452,736.0,64439.0,80.0,7.0,1263.0,4384.0,6506.0,8091.0,6006.0,8040.0,1256.0,115.0,41.0,15.0,0.0,0.0,0.0,0.0,0.0,0.0,0.0,0.0,0.0,0.0,0.0,0.0,0.0,0.0,0.0,0.0,0.0,0.0,0.0,0.0
38.9272800926,279101.0,35719.0,7.81379657885,736.0,64441.0,79.0,7.0,1288.0,4203.0,6515.0,8333.0,5977.0,8007.0,1222.0,145.0,25.0,4.0,0.0,0.0,0.0,0.0,0.0,0.0,0.0,0.0,0.0,0.0,0.0,0.0,0.0,0.0,0.0,0.0,0.0,0.0,0.0,0.0
38.9314467593,280944.0,35711.0,7.86715577833,741.0,64440.0,86.0,7.0,1279.0,4226.0,6567.0,8228.0,5996.0,8003.0,1238.0,137.0,25.0,12.0,0.0,0.0,0.0,0.0,0.0,0.0,0.0,0.0,0.0,0.0,0.0,0.0,0.0,0.0,0.0,0.0,0.0,0.0,0.0,0.0
38.9356134259,278673.0,35711.0,7.8035619277,739.0,64442.0,76.0,12.0,1358.0,4325.0,6526.0,8376.0,5864.0,7867.0,1227.0,116.0,39.0,13.0,0.0,0.0,0.0,0.0,0.0,0.0,0.0,0.0,0.0,0.0,0.0,0.0,0.0,0.0,0.0,0.0,0.0,0.0,0.0,0.0
38.9397800926,282888.0,35714.0,7.92092736742,739.0,64444.0,79.0,7.0,1232.0,4294.0,6423.0,8235.0,5995.0,8071.0,1273.0,162.0,22.0,7.0,0.0,0.0,0.0,0.0,0.0,0.0,0.0,0.0,0.0,0.0,0.0,0.0,0.0,0.0,0.0,0.0,0.0,0.0,0.0,0.0
38.9439467593,281789.0,35720.0,7.88882978723,738.0,64440.0,80.0,7.0,1229.0,4227.0,6541.0,8304.0,6066.0,7937.0,1222.0,150.0,33.0,11.0,0.0,0.0,0.0,0.0,0.0,0.0,0.0,0.0,0.0,0.0,0.0,0.0,0.0,0.0,0.0,0.0,0.0,0.0,0.0,0.0
38.9481134259,284306.0,35716.0,7.96018591108,735.0,64441.0,76.0,12.0,1186.0,4318.0,6618.0,8180.0,5938.0,8040.0,1249.0,130.0,39.0,18.0,0.0,0.0,0.0,0.0,0.0,0.0,0.0,0.0,0.0,0.0,0.0,0.0,0.0,0.0,0.0,0.0,0.0,0.0,0.0,0.0
38.9522800926,278958.0,35725.0,7.80848145556,736.0,64444.0,76.0,3.0,1312.0,4204.0,6655.0,8483.0,5807.0,7886.0,1185.0,147.0,33.0,13.0,0.0,0.0,0.0,0.0,0.0,0.0,0.0,0.0,0.0,0.0,0.0,0.0,0.0,0.0,0.0,0.0,0.0,0.0,0.0,0.0
38.9564467593,273556.0,35718.0,7.65877148777,738.0,64444.0,78.0,8.0,1336.0,4298.0,6645.0,8686.0,5803.0,7649.0,1120.0,129.0,39.0,13.0,0.0,0.0,0.0,0.0,0.0,0.0,0.0,0.0,0.0,0.0,0.0,0.0,0.0,0.0,0.0,0.0,0.0,0.0,0.0,0.0
38.9606134259,281745.0,35727.0,7.88605256529,741.0,64440.0,81.0,3.0,1277.0,4159.0,6575.0,8429.0,5926.0,7943.0,1239.0,131.0,32.0,16.0,0.0,0.0,0.0,0.0,0.0,0.0,0.0,0.0,0.0,0.0,0.0,0.0,0.0,0.0,0.0,0.0,0.0,0.0,0.0,0.0
38.9647800926,279491.0,35732.0,7.8218683533,741.0,64440.0,81.0,7.0,1287.0,4433.0,6411.0,8453.0,5803.0,7959.0,1206.0,121.0,53.0,6.0,0.0,0.0,0.0,0.0,0.0,0.0,0.0,0.0,0.0,0.0,0.0,0.0,0.0,0.0,0.0,0.0,0.0,0.0,0.0,0.0
38.9689467593,285242.0,35722.0,7.98505122893,735.0,64441.0,79.0,9.0,1276.0,4130.0,6460.0,8336.0,6038.0,7939.0,1368.0,130.0,32.0,13.0,0.0,0.0,0.0,0.0,0.0,0.0,0.0,0.0,0.0,0.0,0.0,0.0,0.0,0.0,0.0,0.0,0.0,0.0,0.0,0.0
38.9731134259,285416.0,35724.0,7.98947486284,735.0,64444.0,79.0,8.0,1172.0,4126.0,6553.0,8392.0,6071.0,7902.0,1321.0,137.0,33.0,17.0,0.0,0.0,0.0,0.0,0.0,0.0,0.0,0.0,0.0,0.0,0.0,0.0,0.0,0.0,0.0,0.0,0.0,0.0,0.0,0.0
38.9772800926,281141.0,35707.0,7.87355420506,738.0,64440.0,79.0,8.0,1231.0,4063.0,6559.0,8502.0,5994.0,7933.0,1229.0,158.0,32.0,6.0,0.0,0.0,0.0,0.0,0.0,0.0,0.0,0.0,0.0,0.0,0.0,0.0,0.0,0.0,0.0,0.0,0.0,0.0,0.0,0.0
38.9814467593,283035.0,35711.0,7.92570916524,736.0,64440.0,80.0,9.0,1163.0,4197.0,6353.0,8415.0,6131.0,7998.0,1275.0,137.0,38.0,4.0,0.0,0.0,0.0,0.0,0.0,0.0,0.0,0.0,0.0,0.0,0.0,0.0,0.0,0.0,0.0,0.0,0.0,0.0,0.0,0.0
38.9856134259,279726.0,35707.0,7.83392612093,739.0,64441.0,79.0,12.0,1227.0,4274.0,6366.0,8432.0,6204.0,7756.0,1255.0,158.0,31.0,4.0,0.0,0.0,0.0,0.0,0.0,0.0,0.0,0.0,0.0,0.0,0.0,0.0,0.0,0.0,0.0,0.0,0.0,0.0,0.0,0.0
38.9897800926,284725.0,35705.0,7.97437333707,739.0,64440.0,80.0,12.0,1192.0,4129.0,6344.0,8423.0,6229.0,7924.0,1268.0,148.0,37.0,11.0,0.0,0.0,0.0,0.0,0.0,0.0,0.0,0.0,0.0,0.0,0.0,0.0,0.0,0.0,0.0,0.0,0.0,0.0,0.0,0.0
38.9939467593,284836.0,35717.0,7.97480191505,739.0,64444.0,79.0,7.0,1107.0,4014.0,6491.0,8642.0,6097.0,7863.0,1312.0,147.0,31.0,13.0,0.0,0.0,0.0,0.0,0.0,0.0,0.0,0.0,0.0,0.0,0.0,0.0,0.0,0.0,0.0,0.0,0.0,0.0,0.0,0.0
38.9981134259,280660.0,35712.0,7.85898297491,738.0,64447.0,78.0,7.0,1182.0,4070.0,6563.0,8444.0,6197.0,7833.0,1244.0,142.0,28.0,9.0,0.0,0.0,0.0,0.0,0.0,0.0,0.0,0.0,0.0,0.0,0.0,0.0,0.0,0.0,0.0,0.0,0.0,0.0,0.0,0.0
39.0022800926,284062.0,35721.0,7.9522409787,736.0,64441.0,79.0,7.0,1123.0,4084.0,6431.0,8443.0,6272.0,7932.0,1238.0,158.0,29.0,11.0,0.0,0.0,0.0,0.0,0.0,0.0,0.0,0.0,0.0,0.0,0.0,0.0,0.0,0.0,0.0,0.0,0.0,0.0,0.0,0.0
39.0064467593,283396.0,35709.0,7.93626256686,739.0,64440.0,79.0,7.0,1189.0,4002.0,6291.0,8581.0,6339.0,7833.0,1292.0,148.0,24.0,10.0,0.0,0.0,0.0,0.0,0.0,0.0,0.0,0.0,0.0,0.0,0.0,0.0,0.0,0.0,0.0,0.0,0.0,0.0,0.0,0.0
39.0106134259,286365.0,35728.0,8.0151421854,736.0,64440.0,79.0,4.0,1139.0,3979.0,6379.0,8513.0,6131.0,8096.0,1321.0,130.0,30.0,10.0,0.0,0.0,0.0,0.0,0.0,0.0,0.0,0.0,0.0,0.0,0.0,0.0,0.0,0.0,0.0,0.0,0.0,0.0,0.0,0.0
39.0147800926,288159.0,35719.0,8.0673871049,741.0,64440.0,79.0,8.0,1149.0,4031.0,6302.0,8369.0,6172.0,8190.0,1305.0,164.0,32.0,5.0,0.0,0.0,0.0,0.0,0.0,0.0,0.0,0.0,0.0,0.0,0.0,0.0,0.0,0.0,0.0,0.0,0.0,0.0,0.0,0.0
39.0189467593,285400.0,35706.0,7.99305438862,733.0,64441.0,81.0,6.0,1147.0,4046.0,6463.0,8525.0,6333.0,7673.0,1297.0,171.0,36.0,15.0,0.0,0.0,0.0,0.0,0.0,0.0,0.0,0.0,0.0,0.0,0.0,0.0,0.0,0.0,0.0,0.0,0.0,0.0,0.0,0.0
39.0231134259,283548.0,35710.0,7.94029683562,736.0,64444.0,78.0,11.0,1120.0,4000.0,6506.0,8476.0,6215.0,7942.0,1261.0,154.0,28.0,8.0,0.0,0.0,0.0,0.0,0.0,0.0,0.0,0.0,0.0,0.0,0.0,0.0,0.0,0.0,0.0,0.0,0.0,0.0,0.0,0.0
39.0272800926,288188.0,35706.0,8.07113650367,738.0,64440.0,80.0,12.0,1159.0,3950.0,6307.0,8558.0,6280.0,7957.0,1302.0,136.0,40.0,17.0,0.0,0.0,0.0,0.0,0.0,0.0,0.0,0.0,0.0,0.0,0.0,0.0,0.0,0.0,0.0,0.0,0.0,0.0,0.0,0.0
39.0314467593,288644.0,35720.0,8.08073908175,733.0,64440.0,79.0,11.0,1144.0,4032.0,6310.0,8432.0,6371.0,7910.0,1302.0,168.0,37.0,14.0,0.0,0.0,0.0,0.0,0.0,0.0,0.0,0.0,0.0,0.0,0.0,0.0,0.0,0.0,0.0,0.0,0.0,0.0,0.0,0.0
39.0356134259,288593.0,35714.0,8.08066864535,735.0,64440.0,79.0,7.0,1202.0,3869.0,6272.0,8473.0,6438.0,7978.0,1298.0,129.0,39.0,15.0,1.0,0.0,0.0,0.0,0.0,0.0,0.0,0.0,0.0,0.0,0.0,0.0,0.0,0.0,0.0,0.0,0.0,0.0,0.0,0.0
39.0397800926,281095.0,35722.0,7.86896030457,739.0,64443.0,79.0,11.0,1097.0,4079.0,6348.0,8566.0,6425.0,7768.0,1289.0,113.0,28.0,9.0,0.0,0.0,0.0,0.0,0.0,0.0,0.0,0.0,0.0,0.0,0.0,0.0,0.0,0.0,0.0,0.0,0.0,0.0,0.0,0.0
39.0439467593,281095.0,35716.0,7.87028222645,733.0,64440.0,78.0,8.0,1144.0,3887.0,6192.0,8444.0,6751.0,7835.0,1343.0,106.0,13.0,1.0,0.0,0.0,0.0,0.0,0.0,0.0,0.0,0.0,0.0,0.0,0.0,0.0,0.0,0.0,0.0,0.0,0.0,0.0,0.0,0.0
39.0481134259,286882.0,35712.0,8.03321012545,735.0,64440.0,80.0,9.0,1111.0,3948.0,6029.0,8699.0,6518.0,7920.0,1326.0,119.0,28.0,14.0,0.0,0.0,0.0,0.0,0.0,0.0,0.0,0.0,0.0,0.0,0.0,0.0,0.0,0.0,0.0,0.0,0.0,0.0,0.0,0.0
39.0522800926,289369.0,35704.0,8.10466614385,735.0,64443.0,79.0,9.0,1101.0,3895.0,6143.0,8577.0,6570.0,7887.0,1353.0,129.0,31.0,18.0,0.0,0.0,0.0,0.0,0.0,0.0,0.0,0.0,0.0,0.0,0.0,0.0,0.0,0.0,0.0,0.0,0.0,0.0,0.0,0.0
39.0564467593,290870.0,35715.0,8.14419711606,738.0,64440.0,79.0,9.0,1169.0,3868.0,5987.0,8513.0,6684.0,7961.0,1329.0,157.0,35.0,12.0,0.0,0.0,0.0,0.0,0.0,0.0,0.0,0.0,0.0,0.0,0.0,0.0,0.0,0.0,0.0,0.0,0.0,0.0,0.0,0.0
39.0606134259,287227.0,35719.0,8.04129454912,735.0,64441.0,80.0,14.0,1173.0,4081.0,6159.0,8645.0,6403.0,7742.0,1295.0,164.0,42.0,15.0,0.0,0.0,0.0,0.0,0.0,0.0,0.0,0.0,0.0,0.0,0.0,0.0,0.0,0.0,0.0,0.0,0.0,0.0,0.0,0.0
39.0731597222,290577.0,35721.0,8.13462669018,735.0,64440.0,83.0,3.0,1087.0,3771.0,5841.0,8657.0,6878.0,7940.0,1376.0,135.0,27.0,9.0,0.0,0.0,0.0,0.0,0.0,0.0,0.0,0.0,0.0,0.0,0.0,0.0,0.0,0.0,0.0,0.0,0.0,0.0,0.0,0.0
39.0773263889,288589.0,35703.0,8.08304624261,735.0,64440.0,81.0,3.0,1084.0,3895.0,5979.0,8602.0,6891.0,7684.0,1387.0,140.0,28.0,13.0,0.0,0.0,0.0,0.0,0.0,0.0,0.0,0.0,0.0,0.0,0.0,0.0,0.0,0.0,0.0,0.0,0.0,0.0,0.0,0.0
39.0814930556,287291.0,35698.0,8.04781780492,735.0,64444.0,79.0,12.0,1083.0,4049.0,5891.0,8707.0,6845.0,7575.0,1358.0,139.0,37.0,14.0,0.0,0.0,0.0,0.0,0.0,0.0,0.0,0.0,0.0,0.0,0.0,0.0,0.0,0.0,0.0,0.0,0.0,0.0,0.0,0.0
39.0856597222,286873.0,35694.0,8.03700902112,735.0,64441.0,79.0,12.0,1126.0,3885.0,5830.0,8796.0,6886.0,7686.0,1295.0,144.0,34.0,12.0,0.0,0.0,0.0,0.0,0.0,0.0,0.0,0.0,0.0,0.0,0.0,0.0,0.0,0.0,0.0,0.0,0.0,0.0,0.0,0.0
39.0898263889,290632.0,35709.0,8.13890055728,732.0,64440.0,83.0,7.0,1094.0,3932.0,5754.0,8576.0,7011.0,7794.0,1346.0,160.0,31.0,11.0,0.0,0.0,0.0,0.0,0.0,0.0,0.0,0.0,0.0,0.0,0.0,0.0,0.0,0.0,0.0,0.0,0.0,0.0,0.0,0.0
39.0939930556,292091.0,35704.0,8.18090410038,735.0,64441.0,78.0,11.0,1067.0,3793.0,5807.0,8735.0,7034.0,7648.0,1428.0,142.0,35.0,15.0,0.0,0.0,0.0,0.0,0.0,0.0,0.0,0.0,0.0,0.0,0.0,0.0,0.0,0.0,0.0,0.0,0.0,0.0,0.0,0.0
39.0981597222,288178.0,35704.0,8.07130853686,735.0,64444.0,81.0,7.0,1061.0,3768.0,5783.0,8811.0,7120.0,7702.0,1250.0,156.0,48.0,5.0,0.0,0.0,0.0,0.0,0.0,0.0,0.0,0.0,0.0,0.0,0.0,0.0,0.0,0.0,0.0,0.0,0.0,0.0,0.0,0.0
39.1023263889,292054.0,35702.0,8.18032603216,736.0,64440.0,81.0,12.0,1058.0,3738.0,5704.0,8821.0,7033.0,7855.0,1287.0,155.0,35.0,16.0,0.0,0.0,0.0,0.0,0.0,0.0,0.0,0.0,0.0,0.0,0.0,0.0,0.0,0.0,0.0,0.0,0.0,0.0,0.0,0.0
39.1064930556,289012.0,35692.0,8.09738877059,735.0,64444.0,79.0,11.0,1175.0,3798.0,5681.0,8689.0,7137.0,7651.0,1370.0,148.0,37.0,6.0,0.0,0.0,0.0,0.0,0.0,0.0,0.0,0.0,0.0,0.0,0.0,0.0,0.0,0.0,0.0,0.0,0.0,0.0,0.0,0.0
39.1106597222,290211.0,35691.0,8.13120954863,732.0,64440.0,81.0,8.0,1148.0,3801.0,5673.0,8682.0,7140.0,7709.0,1343.0,152.0,30.0,13.0,0.0,0.0,0.0,0.0,0.0,0.0,0.0,0.0,0.0,0.0,0.0,0.0,0.0,0.0,0.0,0.0,0.0,0.0,0.0,0.0
39.1148263889,289999.0,35694.0,8.12458676528,733.0,64440.0,80.0,8.0,1109.0,3773.0,5693.0,8652.0,7279.0,7715.0,1274.0,146.0,40.0,13.0,0.0,0.0,0.0,0.0,0.0,0.0,0.0,0.0,0.0,0.0,0.0,0.0,0.0,0.0,0.0,0.0,0.0,0.0,0.0,0.0
39.1189930556,294915.0,35691.0,8.26300748088,735.0,64440.0,79.0,12.0,1153.0,3669.0,5237.0,8837.0,7480.0,7723.0,1404.0,141.0,31.0,16.0,0.0,0.0,0.0,0.0,0.0,0.0,0.0,0.0,0.0,0.0,0.0,0.0,0.0,0.0,0.0,0.0,0.0,0.0,0.0,0.0
39.1231597222,294725.0,35696.0,8.256527342,733.0,64444.0,80.0,6.0,1126.0,3691.0,5433.0,8722.0,7414.0,7625.0,1479.0,164.0,36.0,6.0,0.0,0.0,0.0,0.0,0.0,0.0,0.0,0.0,0.0,0.0,0.0,0.0,0.0,0.0,0.0,0.0,0.0,0.0,0.0,0.0
39.1273263889,293387.0,35696.0,8.21904415061,733.0,64440.0,79.0,9.0,1104.0,3693.0,5419.0,8756.0,7679.0,7442.0,1387.0,156.0,50.0,10.0,0.0,0.0,0.0,0.0,0.0,0.0,0.0,0.0,0.0,0.0,0.0,0.0,0.0,0.0,0.0,0.0,0.0,0.0,0.0,0.0
39.1314930556,297910.0,35706.0,8.34341567244,732.0,64444.0,79.0,7.0,1033.0,3582.0,5396.0,8570.0,7823.0,7635.0,1464.0,156.0,34.0,13.0,0.0,0.0,0.0,0.0,0.0,0.0,0.0,0.0,0.0,0.0,0.0,0.0,0.0,0.0,0.0,0.0,0.0,0.0,0.0,0.0
39.1356597222,293912.0,35687.0,8.23582817272,733.0,64440.0,79.0,15.0,1165.0,3622.0,5173.0,8880.0,7701.0,7546.0,1384.0,164.0,47.0,5.0,0.0,0.0,0.0,0.0,0.0,0.0,0.0,0.0,0.0,0.0,0.0,0.0,0.0,0.0,0.0,0.0,0.0,0.0,0.0,0.0
39.1398263889,297590.0,35705.0,8.33468701862,733.0,64444.0,79.0,8.0,1123.0,3592.0,5067.0,8792.0,7883.0,7588.0,1471.0,134.0,43.0,12.0,0.0,0.0,0.0,0.0,0.0,0.0,0.0,0.0,0.0,0.0,0.0,0.0,0.0,0.0,0.0,0.0,0.0,0.0,0.0,0.0
39.1439930556,293404.0,35690.0,8.22090221351,733.0,64440.0,79.0,9.0,1096.0,3652.0,5302.0,8843.0,7782.0,7351.0,1453.0,166.0,37.0,8.0,0.0,0.0,0.0,0.0,0.0,0.0,0.0,0.0,0.0,0.0,0.0,0.0,0.0,0.0,0.0,0.0,0.0,0.0,0.0,0.0
39.1481597222,295696.0,35694.0,8.28419342186,733.0,64441.0,81.0,0.0,1176.0,3670.0,5003.0,8949.0,7864.0,7353.0,1480.0,144.0,39.0,16.0,0.0,0.0,0.0,0.0,0.0,0.0,0.0,0.0,0.0,0.0,0.0,0.0,0.0,0.0,0.0,0.0,0.0,0.0,0.0,0.0
39.1523263889,290027.0,35686.0,8.12719273665,732.0,64441.0,79.0,6.0,1169.0,3647.0,5068.0,9037.0,7924.0,7302.0,1339.0,144.0,51.0,5.0,0.0,0.0,0.0,0.0,0.0,0.0,0.0,0.0,0.0,0.0,0.0,0.0,0.0,0.0,0.0,0.0,0.0,0.0,0.0,0.0
39.1564930556,295914.0,35689.0,8.29146235535,733.0,64443.0,80.0,9.0,1191.0,3590.0,4808.0,8781.0,8134.0,7545.0,1463.0,132.0,39.0,6.0,0.0,0.0,0.0,0.0,0.0,0.0,0.0,0.0,0.0,0.0,0.0,0.0,0.0,0.0,0.0,0.0,0.0,0.0,0.0,0.0
39.1606597222,294971.0,35693.0,8.26411341159,732.0,64440.0,89.0,7.0,1135.0,3697.0,4801.0,9054.0,7974.0,7352.0,1497.0,136.0,36.0,11.0,0.0,0.0,0.0,0.0,0.0,0.0,0.0,0.0,0.0,0.0,0.0,0.0,0.0,0.0,0.0,0.0,0.0,0.0,0.0,0.0
39.1648263889,292342.0,35700.0,8.18885154062,733.0,64440.0,80.0,7.0,1176.0,3586.0,4918.0,8762.0,8420.0,7246.0,1411.0,139.0,33.0,9.0,0.0,0.0,0.0,0.0,0.0,0.0,0.0,0.0,0.0,0.0,0.0,0.0,0.0,0.0,0.0,0.0,0.0,0.0,0.0,0.0
39.1689930556,292792.0,35707.0,8.19984876915,730.0,64444.0,81.0,7.0,1189.0,3586.0,4753.0,8925.0,8250.0,7401.0,1434.0,134.0,30.0,5.0,0.0,0.0,0.0,0.0,0.0,0.0,0.0,0.0,0.0,0.0,0.0,0.0,0.0,0.0,0.0,0.0,0.0,0.0,0.0,0.0
39.1731597222,295550.0,35701.0,8.27847959441,733.0,64444.0,79.0,7.0,1162.0,3676.0,4599.0,8973.0,8388.0,7294.0,1404.0,152.0,41.0,12.0,0.0,0.0,0.0,0.0,0.0,0.0,0.0,0.0,0.0,0.0,0.0,0.0,0.0,0.0,0.0,0.0,0.0,0.0,0.0,0.0
39.1773263889,291529.0,35707.0,8.16447755342,732.0,64443.0,79.0,8.0,1230.0,3659.0,4607.0,9182.0,8283.0,7135.0,1426.0,138.0,39.0,8.0,0.0,0.0,0.0,0.0,0.0,0.0,0.0,0.0,0.0,0.0,0.0,0.0,0.0,0.0,0.0,0.0,0.0,0.0,0.0,0.0
39.1814930556,292906.0,35699.0,8.20487968851,733.0,64440.0,80.0,7.0,1204.0,3682.0,4754.0,8931.0,8371.0,7194.0,1371.0,140.0,33.0,19.0,0.0,0.0,0.0,0.0,0.0,0.0,0.0,0.0,0.0,0.0,0.0,0.0,0.0,0.0,0.0,0.0,0.0,0.0,0.0,0.0
39.1856597222,293873.0,35700.0,8.23173669468,732.0,64441.0,79.0,7.0,1194.0,3511.0,4549.0,9068.0,8506.0,7247.0,1450.0,136.0,32.0,7.0,0.0,0.0,0.0,0.0,0.0,0.0,0.0,0.0,0.0,0.0,0.0,0.0,0.0,0.0,0.0,0.0,0.0,0.0,0.0,0.0
39.1898263889,294718.0,35707.0,8.25378777271,733.0,64440.0,83.0,7.0,1248.0,3570.0,4426.0,9236.0,8475.0,7051.0,1505.0,157.0,27.0,12.0,0.0,0.0,0.0,0.0,0.0,0.0,0.0,0.0,0.0,0.0,0.0,0.0,0.0,0.0,0.0,0.0,0.0,0.0,0.0,0.0
39.1939930556,292786.0,35694.0,8.20266711492,732.0,64440.0,81.0,8.0,1325.0,3590.0,4220.0,9241.0,8582.0,7140.0,1407.0,150.0,29.0,10.0,0.0,0.0,0.0,0.0,0.0,0.0,0.0,0.0,0.0,0.0,0.0,0.0,0.0,0.0,0.0,0.0,0.0,0.0,0.0,0.0
39.1981597222,299914.0,35690.0,8.40330624825,730.0,64441.0,79.0,9.0,1242.0,3652.0,4121.0,9135.0,8699.0,7094.0,1541.0,148.0,41.0,17.0,0.0,0.0,0.0,0.0,0.0,0.0,0.0,0.0,0.0,0.0,0.0,0.0,0.0,0.0,0.0,0.0,0.0,0.0,0.0,0.0
39.2023263889,297432.0,35702.0,8.33096185088,732.0,64454.0,80.0,7.0,1286.0,3584.0,4014.0,9259.0,8704.0,7203.0,1443.0,159.0,41.0,9.0,0.0,0.0,0.0,0.0,0.0,0.0,0.0,0.0,0.0,0.0,0.0,0.0,0.0,0.0,0.0,0.0,0.0,0.0,0.0,0.0
39.2064930556,295370.0,35694.0,8.27506023421,729.0,64441.0,83.0,8.0,1360.0,3588.0,4115.0,9116.0,8654.0,7168.0,1490.0,170.0,30.0,3.0,0.0,0.0,0.0,0.0,0.0,0.0,0.0,0.0,0.0,0.0,0.0,0.0,0.0,0.0,0.0,0.0,0.0,0.0,0.0,0.0
39.2106597222,298602.0,35699.0,8.3644359786,727.0,64444.0,79.0,3.0,1281.0,3626.0,4000.0,9084.0,9006.0,7022.0,1486.0,134.0,41.0,19.0,0.0,0.0,0.0,0.0,0.0,0.0,0.0,0.0,0.0,0.0,0.0,0.0,0.0,0.0,0.0,0.0,0.0,0.0,0.0,0.0
39.2148263889,297153.0,35691.0,8.32571236446,727.0,64440.0,83.0,8.0,1347.0,3533.0,4010.0,9400.0,8706.0,7019.0,1480.0,144.0,34.0,16.0,2.0,0.0,0.0,0.0,0.0,0.0,0.0,0.0,0.0,0.0,0.0,0.0,0.0,0.0,0.0,0.0,0.0,0.0,0.0,0.0
39.2189930556,293359.0,35693.0,8.21895049449,732.0,64441.0,83.0,7.0,1425.0,3743.0,3958.0,9407.0,8667.0,6851.0,1429.0,157.0,39.0,17.0,0.0,0.0,0.0,0.0,0.0,0.0,0.0,0.0,0.0,0.0,0.0,0.0,0.0,0.0,0.0,0.0,0.0,0.0,0.0,0.0
39.2231597222,295577.0,35684.0,8.28318013676,730.0,64446.0,81.0,6.0,1407.0,3681.0,3782.0,9315.0,8954.0,6807.0,1531.0,160.0,37.0,10.0,0.0,0.0,0.0,0.0,0.0,0.0,0.0,0.0,0.0,0.0,0.0,0.0,0.0,0.0,0.0,0.0,0.0,0.0,0.0,0.0
39.2273263889,292642.0,35702.0,8.19679569772,727.0,64443.0,78.0,12.0,1406.0,3696.0,3683.0,9561.0,8813.0,6868.0,1467.0,168.0,39.0,1.0,0.0,0.0,0.0,0.0,0.0,0.0,0.0,0.0,0.0,0.0,0.0,0.0,0.0,0.0,0.0,0.0,0.0,0.0,0.0,0.0
39.2314930556,290289.0,35695.0,8.13248354111,733.0,64444.0,79.0,4.0,1475.0,3755.0,3825.0,9603.0,8679.0,6720.0,1427.0,169.0,29.0,13.0,0.0,0.0,0.0,0.0,0.0,0.0,0.0,0.0,0.0,0.0,0.0,0.0,0.0,0.0,0.0,0.0,0.0,0.0,0.0,0.0
39.2356597222,292285.0,35695.0,8.18840173694,727.0,64443.0,79.0,8.0,1539.0,3653.0,3640.0,9550.0,8906.0,6724.0,1480.0,159.0,35.0,9.0,0.0,0.0,0.0,0.0,0.0,0.0,0.0,0.0,0.0,0.0,0.0,0.0,0.0,0.0,0.0,0.0,0.0,0.0,0.0,0.0
39.2398263889,290611.0,35688.0,8.14310132257,727.0,64440.0,80.0,9.0,1403.0,3795.0,3664.0,9632.0,8892.0,6658.0,1432.0,165.0,40.0,7.0,0.0,0.0,0.0,0.0,0.0,0.0,0.0,0.0,0.0,0.0,0.0,0.0,0.0,0.0,0.0,0.0,0.0,0.0,0.0,0.0
39.2439930556,290510.0,35686.0,8.14072745615,727.0,64440.0,79.0,12.0,1494.0,3822.0,3562.0,9653.0,8857.0,6669.0,1419.0,163.0,35.0,12.0,0.0,0.0,0.0,0.0,0.0,0.0,0.0,0.0,0.0,0.0,0.0,0.0,0.0,0.0,0.0,0.0,0.0,0.0,0.0,0.0
39.2481597222,291329.0,35686.0,8.16367763269,732.0,64440.0,79.0,12.0,1558.0,3807.0,3503.0,9717.0,8934.0,6440.0,1500.0,171.0,48.0,8.0,0.0,0.0,0.0,0.0,0.0,0.0,0.0,0.0,0.0,0.0,0.0,0.0,0.0,0.0,0.0,0.0,0.0,0.0,0.0,0.0
39.2523263889,292814.0,35690.0,8.20437097226,727.0,64441.0,83.0,12.0,1459.0,3844.0,3421.0,9652.0,8950.0,6699.0,1453.0,165.0,34.0,13.0,0.0,0.0,0.0,0.0,0.0,0.0,0.0,0.0,0.0,0.0,0.0,0.0,0.0,0.0,0.0,0.0,0.0,0.0,0.0,0.0
39.2564930556,296177.0,35682.0,8.30045961549,727.0,64436.0,88.0,3.0,1468.0,3765.0,3446.0,9702.0,8937.0,6541.0,1593.0,176.0,43.0,11.0,0.0,0.0,0.0,0.0,0.0,0.0,0.0,0.0,0.0,0.0,0.0,0.0,0.0,0.0,0.0,0.0,0.0,0.0,0.0,0.0
39.2606597222,291305.0,35686.0,8.16300510004,727.0,64440.0,81.0,7.0,1496.0,3969.0,3426.0,9601.0,9042.0,6455.0,1475.0,163.0,49.0,10.0,0.0,0.0,0.0,0.0,0.0,0.0,0.0,0.0,0.0,0.0,0.0,0.0,0.0,0.0,0.0,0.0,0.0,0.0,0.0,0.0
39.2648263889,294888.0,35682.0,8.2643349588,727.0,64443.0,79.0,11.0,1516.0,3886.0,3405.0,9760.0,8746.0,6579.0,1573.0,164.0,35.0,18.0,0.0,0.0,0.0,0.0,0.0,0.0,0.0,0.0,0.0,0.0,0.0,0.0,0.0,0.0,0.0,0.0,0.0,0.0,0.0,0.0
39.2689930556,290805.0,35682.0,8.14990751639,727.0,64443.0,79.0,7.0,1553.0,3875.0,3343.0,9889.0,8790.0,6550.0,1469.0,160.0,41.0,12.0,0.0,0.0,0.0,0.0,0.0,0.0,0.0,0.0,0.0,0.0,0.0,0.0,0.0,0.0,0.0,0.0,0.0,0.0,0.0,0.0
39.2731597222,289609.0,35694.0,8.1136605592,727.0,64440.0,83.0,7.0,1600.0,4001.0,3424.0,9830.0,8714.0,6400.0,1498.0,177.0,37.0,13.0,0.0,0.0,0.0,0.0,0.0,0.0,0.0,0.0,0.0,0.0,0.0,0.0,0.0,0.0,0.0,0.0,0.0,0.0,0.0,0.0
39.2773263889,288129.0,35692.0,8.07264933318,727.0,64444.0,83.0,4.0,1698.0,3983.0,3357.0,9838.0,8670.0,6469.0,1466.0,164.0,33.0,14.0,0.0,0.0,0.0,0.0,0.0,0.0,0.0,0.0,0.0,0.0,0.0,0.0,0.0,0.0,0.0,0.0,0.0,0.0,0.0,0.0
39.2814930556,291141.0,35681.0,8.15955270312,727.0,64444.0,81.0,8.0,1606.0,4031.0,3475.0,9662.0,8801.0,6288.0,1585.0,181.0,40.0,12.0,0.0,0.0,0.0,0.0,0.0,0.0,0.0,0.0,0.0,0.0,0.0,0.0,0.0,0.0,0.0,0.0,0.0,0.0,0.0,0.0
39.2856597222,292532.0,35686.0,8.19738833156,724.0,64444.0,81.0,7.0,1642.0,3930.0,3433.0,9636.0,8759.0,6502.0,1563.0,166.0,44.0,11.0,0.0,0.0,0.0,0.0,0.0,0.0,0.0,0.0,0.0,0.0,0.0,0.0,0.0,0.0,0.0,0.0,0.0,0.0,0.0,0.0
39.2898263889,290545.0,35684.0,8.14216455554,724.0,64444.0,81.0,3.0,1683.0,4097.0,3372.0,9664.0,8687.0,6418.0,1540.0,166.0,44.0,13.0,0.0,0.0,0.0,0.0,0.0,0.0,0.0,0.0,0.0,0.0,0.0,0.0,0.0,0.0,0.0,0.0,0.0,0.0,0.0,0.0
39.2939930556,283015.0,35686.0,7.93070111528,724.0,64443.0,79.0,8.0,1757.0,4235.0,3366.0,9812.0,8622.0,6173.0,1513.0,172.0,28.0,8.0,0.0,0.0,0.0,0.0,0.0,0.0,0.0,0.0,0.0,0.0,0.0,0.0,0.0,0.0,0.0,0.0,0.0,0.0,0.0,0.0
39.2981597222,289184.0,35688.0,8.1031158933,726.0,64447.0,79.0,7.0,1767.0,4088.0,3412.0,9494.0,8785.0,6312.0,1609.0,182.0,32.0,7.0,0.0,0.0,0.0,0.0,0.0,0.0,0.0,0.0,0.0,0.0,0.0,0.0,0.0,0.0,0.0,0.0,0.0,0.0,0.0,0.0
39.3023263889,297084.0,35679.0,8.32657865972,723.0,64441.0,83.0,8.0,1742.0,4130.0,3335.0,9411.0,8588.0,6566.0,1646.0,199.0,50.0,12.0,0.0,0.0,0.0,0.0,0.0,0.0,0.0,0.0,0.0,0.0,0.0,0.0,0.0,0.0,0.0,0.0,0.0,0.0,0.0,0.0
39.3064930556,292955.0,35681.0,8.21039208542,724.0,64440.0,81.0,7.0,1621.0,4155.0,3514.0,9431.0,8496.0,6629.0,1632.0,152.0,39.0,12.0,0.0,0.0,0.0,0.0,0.0,0.0,0.0,0.0,0.0,0.0,0.0,0.0,0.0,0.0,0.0,0.0,0.0,0.0,0.0,0.0
39.3106597222,287007.0,35682.0,8.04346729443,723.0,64440.0,81.0,6.0,1843.0,4333.0,3479.0,9555.0,8433.0,6189.0,1637.0,163.0,36.0,14.0,0.0,0.0,0.0,0.0,0.0,0.0,0.0,0.0,0.0,0.0,0.0,0.0,0.0,0.0,0.0,0.0,0.0,0.0,0.0,0.0
39.3148263889,283187.0,35676.0,7.93774526292,723.0,64444.0,80.0,7.0,1786.0,4393.0,3515.0,9545.0,8488.0,6221.0,1499.0,188.0,34.0,7.0,0.0,0.0,0.0,0.0,0.0,0.0,0.0,0.0,0.0,0.0,0.0,0.0,0.0,0.0,0.0,0.0,0.0,0.0,0.0,0.0
39.3189930556,287253.0,35685.0,8.04968474149,727.0,64444.0,82.0,8.0,1832.0,4395.0,3625.0,9290.0,8388.0,6365.0,1558.0,185.0,33.0,14.0,0.0,0.0,0.0,0.0,0.0,0.0,0.0,0.0,0.0,0.0,0.0,0.0,0.0,0.0,0.0,0.0,0.0,0.0,0.0,0.0
39.3231597222,281347.0,35682.0,7.88484389888,727.0,64443.0,79.0,9.0,1875.0,4581.0,3609.0,9501.0,8341.0,6051.0,1469.0,204.0,40.0,11.0,0.0,0.0,0.0,0.0,0.0,0.0,0.0,0.0,0.0,0.0,0.0,0.0,0.0,0.0,0.0,0.0,0.0,0.0,0.0,0.0
39.3273263889,274821.0,35680.0,7.702382287,723.0,64451.0,78.0,15.0,2001.0,4667.0,3583.0,9393.0,8257.0,6108.0,1508.0,133.0,22.0,8.0,0.0,0.0,0.0,0.0,0.0,0.0,0.0,0.0,0.0,0.0,0.0,0.0,0.0,0.0,0.0,0.0,0.0,0.0,0.0,0.0
39.3314930556,267869.0,35669.0,7.5098544955,723.0,64440.0,81.0,7.0,2001.0,4819.0,3779.0,9291.0,8221.0,5975.0,1434.0,131.0,15.0,3.0,0.0,0.0,0.0,0.0,0.0,0.0,0.0,0.0,0.0,0.0,0.0,0.0,0.0,0.0,0.0,0.0,0.0,0.0,0.0,0.0
39.3356597222,275928.0,35680.0,7.73340807175,724.0,64440.0,86.0,65535.0,1933.0,4862.0,3739.0,9061.0,8342.0,6072.0,1495.0,132.0,32.0,12.0,0.0,0.0,0.0,0.0,0.0,0.0,0.0,0.0,0.0,0.0,0.0,0.0,0.0,0.0,0.0,0.0,0.0,0.0,0.0,0.0
39.3398263889,278572.0,35677.0,7.80816772711,723.0,64440.0,83.0,11.0,1949.0,4836.0,3794.0,9113.0,8216.0,6046.0,1497.0,176.0,37.0,13.0,0.0,0.0,0.0,0.0,0.0,0.0,0.0,0.0,0.0,0.0,0.0,0.0,0.0,0.0,0.0,0.0,0.0,0.0,0.0,0.0
39.3439930556,282050.0,35663.0,7.90875697502,723.0,64443.0,79.0,9.0,1998.0,4646.0,3920.0,8911.0,8270.0,6099.0,1595.0,177.0,33.0,14.0,0.0,0.0,0.0,0.0,0.0,0.0,0.0,0.0,0.0,0.0,0.0,0.0,0.0,0.0,0.0,0.0,0.0,0.0,0.0,0.0
39.3481597222,284964.0,35671.0,7.98867427322,723.0,64441.0,79.0,3.0,2007.0,4634.0,3945.0,8768.0,8231.0,6200.0,1654.0,175.0,50.0,7.0,0.0,0.0,0.0,0.0,0.0,0.0,0.0,0.0,0.0,0.0,0.0,0.0,0.0,0.0,0.0,0.0,0.0,0.0,0.0,0.0
39.3523263889,288851.0,35678.0,8.09605359045,723.0,64440.0,81.0,12.0,1939.0,4751.0,3930.0,8550.0,8239.0,6388.0,1658.0,164.0,37.0,22.0,0.0,0.0,0.0,0.0,0.0,0.0,0.0,0.0,0.0,0.0,0.0,0.0,0.0,0.0,0.0,0.0,0.0,0.0,0.0,0.0
39.3564930556,286525.0,35674.0,8.03175982508,723.0,64440.0,80.0,11.0,1996.0,4827.0,3975.0,8459.0,8173.0,6334.0,1661.0,207.0,31.0,11.0,0.0,0.0,0.0,0.0,0.0,0.0,0.0,0.0,0.0,0.0,0.0,0.0,0.0,0.0,0.0,0.0,0.0,0.0,0.0,0.0
39.3606597222,288464.0,35671.0,8.08679319335,723.0,64443.0,83.0,8.0,2003.0,4650.0,3973.0,8309.0,8249.0,6506.0,1759.0,192.0,29.0,1.0,0.0,0.0,0.0,0.0,0.0,0.0,0.0,0.0,0.0,0.0,0.0,0.0,0.0,0.0,0.0,0.0,0.0,0.0,0.0,0.0
39.3648263889,291703.0,35674.0,8.17690755172,723.0,64444.0,80.0,7.0,1974.0,4841.0,4173.0,8071.0,8101.0,6515.0,1730.0,211.0,51.0,7.0,0.0,0.0,0.0,0.0,0.0,0.0,0.0,0.0,0.0,0.0,0.0,0.0,0.0,0.0,0.0,0.0,0.0,0.0,0.0,0.0
39.3689930556,289218.0,35660.0,8.11043185642,723.0,64440.0,83.0,12.0,1929.0,4724.0,4177.0,8161.0,8269.0,6524.0,1646.0,179.0,33.0,18.0,0.0,0.0,0.0,0.0,0.0,0.0,0.0,0.0,0.0,0.0,0.0,0.0,0.0,0.0,0.0,0.0,0.0,0.0,0.0,0.0
39.3731597222,292491.0,35675.0,8.19876664331,723.0,64441.0,83.0,9.0,1945.0,4693.0,4095.0,8000.0,8339.0,6604.0,1769.0,183.0,40.0,7.0,0.0,0.0,0.0,0.0,0.0,0.0,0.0,0.0,0.0,0.0,0.0,0.0,0.0,0.0,0.0,0.0,0.0,0.0,0.0,0.0
39.3773263889,294501.0,35677.0,8.25464585027,723.0,64440.0,83.0,8.0,1921.0,4709.0,4170.0,8017.0,8211.0,6611.0,1805.0,177.0,43.0,13.0,0.0,0.0,0.0,0.0,0.0,0.0,0.0,0.0,0.0,0.0,0.0,0.0,0.0,0.0,0.0,0.0,0.0,0.0,0.0,0.0
39.3814930556,297563.0,35667.0,8.34280988028,723.0,64440.0,81.0,11.0,1817.0,4559.0,4172.0,7705.0,8592.0,6803.0,1787.0,184.0,39.0,9.0,0.0,0.0,0.0,0.0,0.0,0.0,0.0,0.0,0.0,0.0,0.0,0.0,0.0,0.0,0.0,0.0,0.0,0.0,0.0,0.0
39.3856597222,301264.0,35676.0,8.44444444444,721.0,64441.0,81.0,7.0,1887.0,4604.0,4150.0,7600.0,8471.0,6843.0,1884.0,179.0,46.0,12.0,0.0,0.0,0.0,0.0,0.0,0.0,0.0,0.0,0.0,0.0,0.0,0.0,0.0,0.0,0.0,0.0,0.0,0.0,0.0,0.0
39.3898263889,299698.0,35668.0,8.40243355389,723.0,64440.0,80.0,6.0,1782.0,4598.0,4290.0,7802.0,8232.0,6827.0,1897.0,193.0,38.0,9.0,0.0,0.0,0.0,0.0,0.0,0.0,0.0,0.0,0.0,0.0,0.0,0.0,0.0,0.0,0.0,0.0,0.0,0.0,0.0,0.0
39.3939930556,310464.0,35680.0,8.70134529148,721.0,64440.0,83.0,9.0,1719.0,4468.0,4200.0,7411.0,8510.0,7090.0,2005.0,222.0,47.0,8.0,0.0,0.0,0.0,0.0,0.0,0.0,0.0,0.0,0.0,0.0,0.0,0.0,0.0,0.0,0.0,0.0,0.0,0.0,0.0,0.0
39.402337963,152838.0,17832.0,8.57099596231,723.0,64447.0,83.0,6.0,842.0,2186.0,2214.0,3618.0,4429.0,3484.0,946.0,83.0,21.0,9.0,0.0,0.0,0.0,0.0,0.0,0.0,0.0,0.0,0.0,0.0,0.0,0.0,0.0,0.0,0.0,0.0,0.0,0.0,0.0,0.0
39.4044212963,152081.0,17831.0,8.52902248892,723.0,64443.0,81.0,7.0,855.0,2271.0,2217.0,3546.0,4291.0,3618.0,906.0,102.0,23.0,2.0,0.0,0.0,0.0,0.0,0.0,0.0,0.0,0.0,0.0,0.0,0.0,0.0,0.0,0.0,0.0,0.0,0.0,0.0,0.0,0.0
39.4065046296,152889.0,17830.0,8.57481772294,723.0,64439.0,83.0,7.0,840.0,2203.0,2141.0,3629.0,4370.0,3566.0,962.0,100.0,17.0,2.0,0.0,0.0,0.0,0.0,0.0,0.0,0.0,0.0,0.0,0.0,0.0,0.0,0.0,0.0,0.0,0.0,0.0,0.0,0.0,0.0
39.408587963,157127.0,17837.0,8.80904860683,721.0,64446.0,83.0,7.0,818.0,2147.0,2254.0,3502.0,4354.0,3632.0,998.0,97.0,28.0,7.0,0.0,0.0,0.0,0.0,0.0,0.0,0.0,0.0,0.0,0.0,0.0,0.0,0.0,0.0,0.0,0.0,0.0,0.0,0.0,0.0
39.4106712963,156443.0,17833.0,8.77266864801,723.0,64441.0,80.0,12.0,829.0,2175.0,2152.0,3511.0,4458.0,3574.0,1006.0,98.0,24.0,6.0,0.0,0.0,0.0,0.0,0.0,0.0,0.0,0.0,0.0,0.0,0.0,0.0,0.0,0.0,0.0,0.0,0.0,0.0,0.0,0.0
39.4127546296,156891.0,17830.0,8.79927089176,721.0,64444.0,83.0,12.0,841.0,2163.0,2178.0,3417.0,4472.0,3644.0,1002.0,81.0,22.0,10.0,0.0,0.0,0.0,0.0,0.0,0.0,0.0,0.0,0.0,0.0,0.0,0.0,0.0,0.0,0.0,0.0,0.0,0.0,0.0,0.0
39.414837963,156505.0,17838.0,8.77368539074,721.0,64440.0,80.0,12.0,806.0,2155.0,2193.0,3487.0,4412.0,3659.0,1012.0,91.0,15.0,8.0,0.0,0.0,0.0,0.0,0.0,0.0,0.0,0.0,0.0,0.0,0.0,0.0,0.0,0.0,0.0,0.0,0.0,0.0,0.0,0.0
39.4169212963,157958.0,17828.0,8.86010769576,723.0,64440.0,83.0,12.0,821.0,2084.0,2263.0,3393.0,4368.0,3749.0,1039.0,90.0,12.0,9.0,0.0,0.0,0.0,0.0,0.0,0.0,0.0,0.0,0.0,0.0,0.0,0.0,0.0,0.0,0.0,0.0,0.0,0.0,0.0,0.0
39.4190046296,157117.0,17826.0,8.81392348255,717.0,64440.0,84.0,65535.0,755.0,2107.0,2193.0,3524.0,4460.0,3661.0,1021.0,72.0,27.0,6.0,0.0,0.0,0.0,0.0,0.0,0.0,0.0,0.0,0.0,0.0,0.0,0.0,0.0,0.0,0.0,0.0,0.0,0.0,0.0,0.0
39.421087963,156030.0,17829.0,8.75147232038,720.0,64444.0,80.0,12.0,794.0,2060.0,2191.0,3453.0,4560.0,3666.0,994.0,86.0,24.0,1.0,0.0,0.0,0.0,0.0,0.0,0.0,0.0,0.0,0.0,0.0,0.0,0.0,0.0,0.0,0.0,0.0,0.0,0.0,0.0,0.0
39.4231712963,160188.0,17835.0,8.98166526493,720.0,64440.0,88.0,7.0,731.0,2116.0,2120.0,3436.0,4443.0,3832.0,1045.0,87.0,17.0,8.0,0.0,0.0,0.0,0.0,0.0,0.0,0.0,0.0,0.0,0.0,0.0,0.0,0.0,0.0,0.0,0.0,0.0,0.0,0.0,0.0
39.4252546296,159320.0,17830.0,8.93550196298,721.0,64441.0,86.0,11.0,768.0,2070.0,2229.0,3352.0,4549.0,3701.0,1042.0,89.0,23.0,7.0,0.0,0.0,0.0,0.0,0.0,0.0,0.0,0.0,0.0,0.0,0.0,0.0,0.0,0.0,0.0,0.0,0.0,0.0,0.0,0.0
39.427337963,164014.0,17833.0,9.1972186396,723.0,64440.0,83.0,8.0,745.0,1960.0,2179.0,3262.0,4579.0,3883.0,1090.0,106.0,25.0,4.0,0.0,0.0,0.0,0.0,0.0,0.0,0.0,0.0,0.0,0.0,0.0,0.0,0.0,0.0,0.0,0.0,0.0,0.0,0.0,0.0
39.4294212963,159355.0,17826.0,8.93947043644,723.0,64440.0,81.0,9.0,722.0,1991.0,2272.0,3323.0,4565.0,3804.0,1039.0,87.0,20.0,3.0,0.0,0.0,0.0,0.0,0.0,0.0,0.0,0.0,0.0,0.0,0.0,0.0,0.0,0.0,0.0,0.0,0.0,0.0,0.0,0.0
39.4315046296,165376.0,17831.0,9.27463406427,720.0,64440.0,80.0,12.0,698.0,1996.0,2164.0,3295.0,4540.0,3887.0,1120.0,98.0,25.0,8.0,0.0,0.0,0.0,0.0,0.0,0.0,0.0,0.0,0.0,0.0,0.0,0.0,0.0,0.0,0.0,0.0,0.0,0.0,0.0,0.0
39.433587963,162379.0,17831.0,9.10655599798,720.0,64448.0,81.0,6.0,722.0,2031.0,2162.0,3212.0,4651.0,3859.0,1062.0,110.0,19.0,3.0,0.0,0.0,0.0,0.0,0.0,0.0,0.0,0.0,0.0,0.0,0.0,0.0,0.0,0.0,0.0,0.0,0.0,0.0,0.0,0.0
39.4356712963,164785.0,17831.0,9.24148954069,721.0,64440.0,83.0,8.0,696.0,1941.0,2238.0,3200.0,4496.0,4086.0,1046.0,102.0,19.0,7.0,0.0,0.0,0.0,0.0,0.0,0.0,0.0,0.0,0.0,0.0,0.0,0.0,0.0,0.0,0.0,0.0,0.0,0.0,0.0,0.0
39.4377546296,164458.0,17828.0,9.22470271483,721.0,64440.0,83.0,11.0,741.0,1924.0,2183.0,3288.0,4599.0,3834.0,1135.0,95.0,23.0,6.0,0.0,0.0,0.0,0.0,0.0,0.0,0.0,0.0,0.0,0.0,0.0,0.0,0.0,0.0,0.0,0.0,0.0,0.0,0.0,0.0
39.439837963,163426.0,17823.0,9.16938786961,720.0,64443.0,81.0,8.0,706.0,1972.0,2301.0,3233.0,4464.0,3895.0,1112.0,119.0,21.0,0.0,0.0,0.0,0.0,0.0,0.0,0.0,0.0,0.0,0.0,0.0,0.0,0.0,0.0,0.0,0.0,0.0,0.0,0.0,0.0,0.0
39.4419212963,164667.0,17830.0,9.23538979248,721.0,64444.0,83.0,7.0,737.0,1909.0,2301.0,3267.0,4470.0,3917.0,1092.0,103.0,28.0,6.0,0.0,0.0,0.0,0.0,0.0,0.0,0.0,0.0,0.0,0.0,0.0,0.0,0.0,0.0,0.0,0.0,0.0,0.0,0.0,0.0
39.4440046296,168162.0,17824.0,9.43458258528,721.0,64440.0,83.0,8.0,657.0,1956.0,2161.0,3131.0,4666.0,3962.0,1156.0,100.0,29.0,6.0,0.0,0.0,0.0,0.0,0.0,0.0,0.0,0.0,0.0,0.0,0.0,0.0,0.0,0.0,0.0,0.0,0.0,0.0,0.0,0.0
39.446087963,166903.0,17819.0,9.36657500421,717.0,64446.0,83.0,6.0,674.0,1985.0,2181.0,3089.0,4699.0,3921.0,1142.0,95.0,25.0,8.0,0.0,0.0,0.0,0.0,0.0,0.0,0.0,0.0,0.0,0.0,0.0,0.0,0.0,0.0,0.0,0.0,0.0,0.0,0.0,0.0
39.4481712963,167245.0,17827.0,9.38155606664,720.0,64440.0,83.0,3.0,660.0,1921.0,2200.0,3079.0,4726.0,3971.0,1155.0,83.0,25.0,7.0,0.0,0.0,0.0,0.0,0.0,0.0,0.0,0.0,0.0,0.0,0.0,0.0,0.0,0.0,0.0,0.0,0.0,0.0,0.0,0.0
39.4502546296,169154.0,17830.0,9.48704430735,723.0,64444.0,81.0,7.0,708.0,1842.0,2082.0,3123.0,4726.0,4073.0,1152.0,93.0,24.0,7.0,0.0,0.0,0.0,0.0,0.0,0.0,0.0,0.0,0.0,0.0,0.0,0.0,0.0,0.0,0.0,0.0,0.0,0.0,0.0,0.0
39.452337963,168625.0,17829.0,9.45790565932,720.0,64444.0,83.0,7.0,655.0,1851.0,2177.0,3239.0,4599.0,4058.0,1096.0,124.0,23.0,7.0,0.0,0.0,0.0,0.0,0.0,0.0,0.0,0.0,0.0,0.0,0.0,0.0,0.0,0.0,0.0,0.0,0.0,0.0,0.0,0.0
39.4544212963,175866.0,17832.0,9.86238223419,721.0,64448.0,80.0,4.0,620.0,1800.0,2061.0,2936.0,4683.0,4328.0,1269.0,114.0,14.0,7.0,0.0,0.0,0.0,0.0,0.0,0.0,0.0,0.0,0.0,0.0,0.0,0.0,0.0,0.0,0.0,0.0,0.0,0.0,0.0,0.0
39.4565046296,176585.0,17833.0,9.9021477037,720.0,64440.0,86.0,9.0,591.0,1829.0,2068.0,3007.0,4698.0,4147.0,1368.0,98.0,18.0,9.0,0.0,0.0,0.0,0.0,0.0,0.0,0.0,0.0,0.0,0.0,0.0,0.0,0.0,0.0,0.0,0.0,0.0,0.0,0.0,0.0
39.458587963,174243.0,17826.0,9.77465499832,720.0,64440.0,84.0,6.0,591.0,1809.0,2105.0,3064.0,4624.0,4214.0,1283.0,112.0,22.0,2.0,0.0,0.0,0.0,0.0,0.0,0.0,0.0,0.0,0.0,0.0,0.0,0.0,0.0,0.0,0.0,0.0,0.0,0.0,0.0,0.0
39.4606712963,170422.0,17825.0,9.56084151473,721.0,64440.0,83.0,7.0,666.0,1850.0,2130.0,3016.0,4735.0,4120.0,1160.0,123.0,23.0,2.0,0.0,0.0,0.0,0.0,0.0,0.0,0.0,0.0,0.0,0.0,0.0,0.0,0.0,0.0,0.0,0.0,0.0,0.0,0.0,0.0
39.4627546296,172215.0,17819.0,9.66468376452,721.0,64443.0,81.0,7.0,628.0,1777.0,2147.0,3088.0,4798.0,3993.0,1244.0,109.0,33.0,2.0,0.0,0.0,0.0,0.0,0.0,0.0,0.0,0.0,0.0,0.0,0.0,0.0,0.0,0.0,0.0,0.0,0.0,0.0,0.0,0.0
39.464837963,167951.0,17831.0,9.41904548259,720.0,64441.0,83.0,3.0,633.0,1919.0,2124.0,2926.0,4898.0,4105.0,1095.0,111.0,16.0,4.0,0.0,0.0,0.0,0.0,0.0,0.0,0.0,0.0,0.0,0.0,0.0,0.0,0.0,0.0,0.0,0.0,0.0,0.0,0.0,0.0
39.4669212963,168931.0,17833.0,9.4729434195,720.0,64440.0,81.0,7.0,648.0,1853.0,2149.0,3149.0,4689.0,4048.0,1167.0,99.0,29.0,2.0,0.0,0.0,0.0,0.0,0.0,0.0,0.0,0.0,0.0,0.0,0.0,0.0,0.0,0.0,0.0,0.0,0.0,0.0,0.0,0.0
39.4690046296,170260.0,17822.0,9.55336101448,721.0,64440.0,81.0,7.0,599.0,1776.0,2132.0,3053.0,4871.0,4085.0,1172.0,111.0,22.0,1.0,0.0,0.0,0.0,0.0,0.0,0.0,0.0,0.0,0.0,0.0,0.0,0.0,0.0,0.0,0.0,0.0,0.0,0.0,0.0,0.0
39.471087963,171417.0,17819.0,9.61990010663,720.0,64440.0,81.0,8.0,613.0,1871.0,2109.0,3040.0,4810.0,4086.0,1151.0,101.0,29.0,9.0,0.0,0.0,0.0,0.0,0.0,0.0,0.0,0.0,0.0,0.0,0.0,0.0,0.0,0.0,0.0,0.0,0.0,0.0,0.0,0.0
39.4731712963,172935.0,17821.0,9.70400089782,723.0,64440.0,83.0,12.0,592.0,1751.0,2176.0,3014.0,4721.0,4237.0,1178.0,130.0,19.0,3.0,0.0,0.0,0.0,0.0,0.0,0.0,0.0,0.0,0.0,0.0,0.0,0.0,0.0,0.0,0.0,0.0,0.0,0.0,0.0,0.0
39.4752546296,168861.0,17824.0,9.47379937163,720.0,64443.0,80.0,11.0,613.0,1831.0,2227.0,3020.0,4792.0,4112.0,1087.0,107.0,33.0,2.0,0.0,0.0,0.0,0.0,0.0,0.0,0.0,0.0,0.0,0.0,0.0,0.0,0.0,0.0,0.0,0.0,0.0,0.0,0.0,0.0
39.477337963,165633.0,17824.0,9.29269524237,721.0,64440.0,92.0,4.0,650.0,1793.0,2124.0,3080.0,4999.0,4011.0,1055.0,80.0,31.0,1.0,0.0,0.0,0.0,0.0,0.0,0.0,0.0,0.0,0.0,0.0,0.0,0.0,0.0,0.0,0.0,0.0,0.0,0.0,0.0,0.0
39.4794212963,168068.0,17826.0,9.42825086952,720.0,64440.0,80.0,15.0,659.0,1814.0,2233.0,3013.0,4847.0,4017.0,1105.0,111.0,21.0,6.0,0.0,0.0,0.0,0.0,0.0,0.0,0.0,0.0,0.0,0.0,0.0,0.0,0.0,0.0,0.0,0.0,0.0,0.0,0.0,0.0
39.4815046296,169093.0,17830.0,9.48362310712,720.0,64440.0,83.0,12.0,645.0,1851.0,2221.0,2942.0,4877.0,4089.0,1074.0,91.0,30.0,10.0,0.0,0.0,0.0,0.0,0.0,0.0,0.0,0.0,0.0,0.0,0.0,0.0,0.0,0.0,0.0,0.0,0.0,0.0,0.0,0.0
39.483587963,163446.0,17826.0,9.16896667789,720.0,64439.0,89.0,8.0,622.0,1836.0,2271.0,3091.0,4944.0,3896.0,1048.0,97.0,18.0,3.0,0.0,0.0,0.0,0.0,0.0,0.0,0.0,0.0,0.0,0.0,0.0,0.0,0.0,0.0,0.0,0.0,0.0,0.0,0.0,0.0
39.4856712963,165262.0,17821.0,9.27344144549,720.0,64444.0,83.0,8.0,686.0,1818.0,2164.0,3003.0,4990.0,3963.0,1070.0,109.0,16.0,2.0,0.0,0.0,0.0,0.0,0.0,0.0,0.0,0.0,0.0,0.0,0.0,0.0,0.0,0.0,0.0,0.0,0.0,0.0,0.0,0.0
39.4877546296,162426.0,17827.0,9.11123576597,721.0,64439.0,86.0,7.0,665.0,1802.0,2262.0,3013.0,4992.0,3963.0,1032.0,82.0,13.0,3.0,0.0,0.0,0.0,0.0,0.0,0.0,0.0,0.0,0.0,0.0,0.0,0.0,0.0,0.0,0.0,0.0,0.0,0.0,0.0,0.0
39.489837963,165096.0,17827.0,9.26100858249,721.0,64441.0,83.0,9.0,689.0,1852.0,2188.0,3041.0,4874.0,4020.0,1058.0,75.0,23.0,7.0,0.0,0.0,0.0,0.0,0.0,0.0,0.0,0.0,0.0,0.0,0.0,0.0,0.0,0.0,0.0,0.0,0.0,0.0,0.0,0.0
39.4919212963,163852.0,17828.0,9.19071124074,721.0,64443.0,83.0,12.0,671.0,1818.0,2219.0,3033.0,4999.0,3932.0,1054.0,78.0,18.0,6.0,0.0,0.0,0.0,0.0,0.0,0.0,0.0,0.0,0.0,0.0,0.0,0.0,0.0,0.0,0.0,0.0,0.0,0.0,0.0,0.0
39.4940046296,162974.0,17825.0,9.14300140252,721.0,64448.0,83.0,7.0,658.0,1738.0,2214.0,3078.0,5088.0,3971.0,968.0,87.0,17.0,6.0,0.0,0.0,0.0,0.0,0.0,0.0,0.0,0.0,0.0,0.0,0.0,0.0,0.0,0.0,0.0,0.0,0.0,0.0,0.0,0.0
39.496087963,162660.0,17821.0,9.12743392627,723.0,64444.0,81.0,7.0,648.0,1852.0,2240.0,3040.0,4991.0,3939.0,994.0,95.0,18.0,4.0,0.0,0.0,0.0,0.0,0.0,0.0,0.0,0.0,0.0,0.0,0.0,0.0,0.0,0.0,0.0,0.0,0.0,0.0,0.0,0.0
39.4981712963,166099.0,17823.0,9.31936262133,721.0,64440.0,86.0,7.0,654.0,1731.0,2214.0,3071.0,4967.0,3999.0,1071.0,87.0,26.0,3.0,0.0,0.0,0.0,0.0,0.0,0.0,0.0,0.0,0.0,0.0,0.0,0.0,0.0,0.0,0.0,0.0,0.0,0.0,0.0,0.0
39.5002546296,164842.0,17832.0,9.24416778825,723.0,64444.0,87.0,7.0,669.0,1848.0,2175.0,3103.0,4955.0,3946.0,1008.0,97.0,23.0,8.0,0.0,0.0,0.0,0.0,0.0,0.0,0.0,0.0,0.0,0.0,0.0,0.0,0.0,0.0,0.0,0.0,0.0,0.0,0.0,0.0
39.502337963,166194.0,17832.0,9.31998654105,721.0,64440.0,83.0,7.0,614.0,1752.0,2199.0,3107.0,5008.0,4008.0,1017.0,98.0,22.0,7.0,0.0,0.0,0.0,0.0,0.0,0.0,0.0,0.0,0.0,0.0,0.0,0.0,0.0,0.0,0.0,0.0,0.0,0.0,0.0,0.0
39.5044212963,164478.0,17832.0,9.22375504711,717.0,64440.0,81.0,8.0,626.0,1786.0,2272.0,3043.0,4963.0,4002.0,1028.0,88.0,19.0,5.0,0.0,0.0,0.0,0.0,0.0,0.0,0.0,0.0,0.0,0.0,0.0,0.0,0.0,0.0,0.0,0.0,0.0,0.0,0.0,0.0
39.5065046296,166250.0,17831.0,9.32364982334,723.0,64448.0,83.0,6.0,635.0,1776.0,2193.0,3086.0,4946.0,4077.0,994.0,94.0,20.0,10.0,0.0,0.0,0.0,0.0,0.0,0.0,0.0,0.0,0.0,0.0,0.0,0.0,0.0,0.0,0.0,0.0,0.0,0.0,0.0,0.0
39.508587963,166161.0,17827.0,9.32074942503,721.0,64441.0,83.0,7.0,587.0,1747.0,2189.0,3113.0,4944.0,4102.0,1029.0,92.0,20.0,4.0,0.0,0.0,0.0,0.0,0.0,0.0,0.0,0.0,0.0,0.0,0.0,0.0,0.0,0.0,0.0,0.0,0.0,0.0,0.0,0.0
39.5106712963,166091.0,17830.0,9.31525518789,721.0,64440.0,83.0,6.0,632.0,1799.0,2174.0,3006.0,5006.0,4048.0,1045.0,93.0,25.0,2.0,0.0,0.0,0.0,0.0,0.0,0.0,0.0,0.0,0.0,0.0,0.0,0.0,0.0,0.0,0.0,0.0,0.0,0.0,0.0,0.0
39.5127546296,167884.0,17826.0,9.41792886795,723.0,64441.0,79.0,8.0,563.0,1774.0,2211.0,3076.0,4857.0,4144.0,1082.0,100.0,13.0,6.0,0.0,0.0,0.0,0.0,0.0,0.0,0.0,0.0,0.0,0.0,0.0,0.0,0.0,0.0,0.0,0.0,0.0,0.0,0.0,0.0
39.514837963,167019.0,17824.0,9.37045556553,716.0,64441.0,83.0,7.0,595.0,1789.0,2209.0,3021.0,4887.0,4158.0,1049.0,93.0,18.0,5.0,0.0,0.0,0.0,0.0,0.0,0.0,0.0,0.0,0.0,0.0,0.0,0.0,0.0,0.0,0.0,0.0,0.0,0.0,0.0,0.0
39.5169212963,165166.0,17831.0,9.26285682239,721.0,64440.0,83.0,7.0,603.0,1762.0,2202.0,2994.0,4984.0,4199.0,969.0,100.0,16.0,2.0,0.0,0.0,0.0,0.0,0.0,0.0,0.0,0.0,0.0,0.0,0.0,0.0,0.0,0.0,0.0,0.0,0.0,0.0,0.0,0.0
39.5190046296,163089.0,17829.0,9.14740030288,721.0,64441.0,86.0,8.0,625.0,1719.0,2305.0,3168.0,4969.0,3985.0,934.0,97.0,19.0,8.0,0.0,0.0,0.0,0.0,0.0,0.0,0.0,0.0,0.0,0.0,0.0,0.0,0.0,0.0,0.0,0.0,0.0,0.0,0.0,0.0
39.521087963,162804.0,17826.0,9.13295186806,717.0,64440.0,83.0,8.0,668.0,1768.0,2300.0,3065.0,4952.0,3983.0,956.0,114.0,17.0,3.0,0.0,0.0,0.0,0.0,0.0,0.0,0.0,0.0,0.0,0.0,0.0,0.0,0.0,0.0,0.0,0.0,0.0,0.0,0.0,0.0
39.5231712963,160564.0,17835.0,9.00274740678,723.0,64444.0,83.0,3.0,664.0,1864.0,2258.0,3126.0,4942.0,3954.0,909.0,91.0,23.0,4.0,0.0,0.0,0.0,0.0,0.0,0.0,0.0,0.0,0.0,0.0,0.0,0.0,0.0,0.0,0.0,0.0,0.0,0.0,0.0,0.0
39.5252546296,161062.0,17834.0,9.03117640462,723.0,64444.0,83.0,9.0,645.0,1776.0,2241.0,3107.0,5019.0,4029.0,908.0,86.0,21.0,2.0,0.0,0.0,0.0,0.0,0.0,0.0,0.0,0.0,0.0,0.0,0.0,0.0,0.0,0.0,0.0,0.0,0.0,0.0,0.0,0.0
39.527337963,159515.0,17829.0,8.94694037804,720.0,64443.0,83.0,7.0,667.0,1829.0,2191.0,3136.0,5103.0,3920.0,869.0,89.0,21.0,4.0,0.0,0.0,0.0,0.0,0.0,0.0,0.0,0.0,0.0,0.0,0.0,0.0,0.0,0.0,0.0,0.0,0.0,0.0,0.0,0.0
39.5294212963,162400.0,17831.0,9.10773372217,718.0,64440.0,83.0,8.0,621.0,1854.0,2285.0,3022.0,4934.0,4058.0,946.0,86.0,21.0,4.0,0.0,0.0,0.0,0.0,0.0,0.0,0.0,0.0,0.0,0.0,0.0,0.0,0.0,0.0,0.0,0.0,0.0,0.0,0.0,0.0
39.5315046296,160953.0,17830.0,9.02708917555,721.0,64440.0,83.0,8.0,583.0,1863.0,2303.0,3133.0,4886.0,4035.0,919.0,85.0,19.0,4.0,0.0,0.0,0.0,0.0,0.0,0.0,0.0,0.0,0.0,0.0,0.0,0.0,0.0,0.0,0.0,0.0,0.0,0.0,0.0,0.0
39.533587963,159773.0,17835.0,8.95839641155,721.0,64443.0,83.0,6.0,696.0,1807.0,2249.0,3149.0,4971.0,3933.0,919.0,93.0,14.0,4.0,0.0,0.0,0.0,0.0,0.0,0.0,0.0,0.0,0.0,0.0,0.0,0.0,0.0,0.0,0.0,0.0,0.0,0.0,0.0,0.0
39.5356712963,160876.0,17828.0,9.02378281355,723.0,64443.0,81.0,10.0,677.0,1890.0,2313.0,3004.0,4985.0,3952.0,888.0,83.0,29.0,7.0,0.0,0.0,0.0,0.0,0.0,0.0,0.0,0.0,0.0,0.0,0.0,0.0,0.0,0.0,0.0,0.0,0.0,0.0,0.0,0.0
39.5377546296,161674.0,17828.0,9.06854386359,723.0,64441.0,83.0,7.0,657.0,1872.0,2209.0,3196.0,4809.0,4076.0,886.0,95.0,21.0,7.0,0.0,0.0,0.0,0.0,0.0,0.0,0.0,0.0,0.0,0.0,0.0,0.0,0.0,0.0,0.0,0.0,0.0,0.0,0.0,0.0
39.539837963,153702.0,17836.0,8.61751513792,721.0,64440.0,86.0,3.0,683.0,1940.0,2311.0,3269.0,4844.0,3907.0,797.0,62.0,20.0,3.0,0.0,0.0,0.0,0.0,0.0,0.0,0.0,0.0,0.0,0.0,0.0,0.0,0.0,0.0,0.0,0.0,0.0,0.0,0.0,0.0
39.5419212963,159881.0,17826.0,8.96897789745,721.0,64440.0,83.0,15.0,679.0,1857.0,2292.0,3202.0,4849.0,3985.0,852.0,75.0,23.0,12.0,0.0,0.0,0.0,0.0,0.0,0.0,0.0,0.0,0.0,0.0,0.0,0.0,0.0,0.0,0.0,0.0,0.0,0.0,0.0,0.0
39.5440046296,158588.0,17829.0,8.89494643558,723.0,64441.0,80.0,7.0,675.0,1884.0,2306.0,3085.0,4953.0,3960.0,863.0,81.0,13.0,9.0,0.0,0.0,0.0,0.0,0.0,0.0,0.0,0.0,0.0,0.0,0.0,0.0,0.0,0.0,0.0,0.0,0.0,0.0,0.0,0.0
39.546087963,156041.0,17831.0,8.75110762156,721.0,64440.0,88.0,9.0,643.0,1977.0,2294.0,3289.0,4778.0,3945.0,797.0,82.0,19.0,7.0,0.0,0.0,0.0,0.0,0.0,0.0,0.0,0.0,0.0,0.0,0.0,0.0,0.0,0.0,0.0,0.0,0.0,0.0,0.0,0.0
39.5481712963,157607.0,17834.0,8.83744532915,721.0,64440.0,83.0,7.0,694.0,1863.0,2318.0,3269.0,4682.0,4092.0,799.0,95.0,17.0,5.0,0.0,0.0,0.0,0.0,0.0,0.0,0.0,0.0,0.0,0.0,0.0,0.0,0.0,0.0,0.0,0.0,0.0,0.0,0.0,0.0
39.5502546296,156996.0,17826.0,8.80713564456,723.0,64441.0,84.0,8.0,660.0,1970.0,2325.0,3194.0,4794.0,3963.0,810.0,77.0,27.0,6.0,0.0,0.0,0.0,0.0,0.0,0.0,0.0,0.0,0.0,0.0,0.0,0.0,0.0,0.0,0.0,0.0,0.0,0.0,0.0,0.0
39.552337963,154037.0,17824.0,8.64211175943,723.0,64440.0,86.0,7.0,686.0,1921.0,2450.0,3286.0,4691.0,3886.0,792.0,87.0,23.0,2.0,0.0,0.0,0.0,0.0,0.0,0.0,0.0,0.0,0.0,0.0,0.0,0.0,0.0,0.0,0.0,0.0,0.0,0.0,0.0,0.0
39.5544212963,156713.0,17824.0,8.79224640934,723.0,64441.0,83.0,9.0,703.0,1947.0,2365.0,3155.0,4725.0,3964.0,863.0,76.0,23.0,3.0,0.0,0.0,0.0,0.0,0.0,0.0,0.0,0.0,0.0,0.0,0.0,0.0,0.0,0.0,0.0,0.0,0.0,0.0,0.0,0.0
39.5565046296,154491.0,17834.0,8.66272288886,723.0,64440.0,83.0,6.0,702.0,1959.0,2398.0,3226.0,4796.0,3823.0,829.0,73.0,24.0,4.0,0.0,0.0,0.0,0.0,0.0,0.0,0.0,0.0,0.0,0.0,0.0,0.0,0.0,0.0,0.0,0.0,0.0,0.0,0.0,0.0
39.558587963,155005.0,17832.0,8.69251906685,721.0,64447.0,81.0,3.0,723.0,1963.0,2357.0,3210.0,4718.0,3981.0,770.0,87.0,16.0,7.0,0.0,0.0,0.0,0.0,0.0,0.0,0.0,0.0,0.0,0.0,0.0,0.0,0.0,0.0,0.0,0.0,0.0,0.0,0.0,0.0
39.5606712963,155634.0,17837.0,8.7253461905,721.0,64441.0,83.0,7.0,665.0,1918.0,2422.0,3274.0,4678.0,3999.0,772.0,83.0,18.0,8.0,0.0,0.0,0.0,0.0,0.0,0.0,0.0,0.0,0.0,0.0,0.0,0.0,0.0,0.0,0.0,0.0,0.0,0.0,0.0,0.0
39.5627546296,154650.0,17838.0,8.66969391187,718.0,64441.0,84.0,12.0,698.0,1994.0,2432.0,3202.0,4629.0,4020.0,747.0,88.0,24.0,4.0,0.0,0.0,0.0,0.0,0.0,0.0,0.0,0.0,0.0,0.0,0.0,0.0,0.0,0.0,0.0,0.0,0.0,0.0,0.0,0.0
39.5690393519,159483.0,17836.0,8.94163489572,723.0,64444.0,87.0,7.0,623.0,1905.0,2425.0,3270.0,4572.0,4048.0,873.0,90.0,24.0,6.0,0.0,0.0,0.0,0.0,0.0,0.0,0.0,0.0,0.0,0.0,0.0,0.0,0.0,0.0,0.0,0.0,0.0,0.0,0.0,0.0
39.5711226852,152692.0,17835.0,8.56136809644,726.0,64446.0,81.0,7.0,664.0,1996.0,2490.0,3393.0,4416.0,4031.0,748.0,71.0,22.0,4.0,0.0,0.0,0.0,0.0,0.0,0.0,0.0,0.0,0.0,0.0,0.0,0.0,0.0,0.0,0.0,0.0,0.0,0.0,0.0,0.0
39.5732060185,156736.0,17829.0,8.79107072747,723.0,64440.0,86.0,8.0,647.0,1884.0,2416.0,3395.0,4487.0,4036.0,864.0,78.0,18.0,4.0,0.0,0.0,0.0,0.0,0.0,0.0,0.0,0.0,0.0,0.0,0.0,0.0,0.0,0.0,0.0,0.0,0.0,0.0,0.0,0.0
39.5752893519,153663.0,17835.0,8.61581160639,727.0,64441.0,86.0,6.0,642.0,1977.0,2537.0,3387.0,4427.0,4007.0,752.0,74.0,27.0,5.0,0.0,0.0,0.0,0.0,0.0,0.0,0.0,0.0,0.0,0.0,0.0,0.0,0.0,0.0,0.0,0.0,0.0,0.0,0.0,0.0
39.5773726852,156039.0,17828.0,8.75246802782,723.0,64444.0,84.0,9.0,657.0,1977.0,2503.0,3404.0,4370.0,4002.0,789.0,99.0,16.0,11.0,0.0,0.0,0.0,0.0,0.0,0.0,0.0,0.0,0.0,0.0,0.0,0.0,0.0,0.0,0.0,0.0,0.0,0.0,0.0,0.0
39.5794560185,153099.0,17828.0,8.58755889612,723.0,64440.0,86.0,3.0,655.0,1947.0,2578.0,3377.0,4331.0,4047.0,796.0,79.0,16.0,2.0,0.0,0.0,0.0,0.0,0.0,0.0,0.0,0.0,0.0,0.0,0.0,0.0,0.0,0.0,0.0,0.0,0.0,0.0,0.0,0.0
39.5815393519,152700.0,17836.0,8.56133662256,723.0,64447.0,83.0,6.0,692.0,1970.0,2553.0,3436.0,4277.0,3992.0,814.0,89.0,10.0,3.0,0.0,0.0,0.0,0.0,0.0,0.0,0.0,0.0,0.0,0.0,0.0,0.0,0.0,0.0,0.0,0.0,0.0,0.0,0.0,0.0
39.5836226852,155189.0,17830.0,8.70381379697,726.0,64441.0,82.0,15.0,684.0,1921.0,2622.0,3376.0,4265.0,4069.0,781.0,81.0,22.0,9.0,0.0,0.0,0.0,0.0,0.0,0.0,0.0,0.0,0.0,0.0,0.0,0.0,0.0,0.0,0.0,0.0,0.0,0.0,0.0,0.0
39.5857060185,154106.0,17838.0,8.63919721942,723.0,64441.0,83.0,7.0,622.0,1922.0,2610.0,3473.0,4260.0,4051.0,782.0,97.0,19.0,2.0,0.0,0.0,0.0,0.0,0.0,0.0,0.0,0.0,0.0,0.0,0.0,0.0,0.0,0.0,0.0,0.0,0.0,0.0,0.0,0.0
39.5877893519,158530.0,17838.0,8.887207086,723.0,64440.0,83.0,6.0,610.0,1894.0,2678.0,3340.0,4142.0,4175.0,885.0,91.0,16.0,7.0,0.0,0.0,0.0,0.0,0.0,0.0,0.0,0.0,0.0,0.0,0.0,0.0,0.0,0.0,0.0,0.0,0.0,0.0,0.0,0.0
39.5898726852,157106.0,17833.0,8.80984691303,723.0,64441.0,84.0,8.0,601.0,1788.0,2641.0,3441.0,4240.0,4199.0,805.0,101.0,11.0,6.0,0.0,0.0,0.0,0.0,0.0,0.0,0.0,0.0,0.0,0.0,0.0,0.0,0.0,0.0,0.0,0.0,0.0,0.0,0.0,0.0
39.5919560185,160592.0,17828.0,9.0078528158,723.0,64444.0,81.0,9.0,571.0,1802.0,2579.0,3504.0,4216.0,4148.0,885.0,93.0,19.0,11.0,0.0,0.0,0.0,0.0,0.0,0.0,0.0,0.0,0.0,0.0,0.0,0.0,0.0,0.0,0.0,0.0,0.0,0.0,0.0,0.0
39.5940393519,159232.0,17837.0,8.92706172563,724.0,64441.0,83.0,7.0,585.0,1796.0,2586.0,3524.0,4129.0,4209.0,899.0,87.0,17.0,5.0,0.0,0.0,0.0,0.0,0.0,0.0,0.0,0.0,0.0,0.0,0.0,0.0,0.0,0.0,0.0,0.0,0.0,0.0,0.0,0.0
39.5961226852,160223.0,17837.0,8.98262039581,723.0,64439.0,86.0,7.0,585.0,1857.0,2553.0,3457.0,4181.0,4208.0,886.0,81.0,18.0,11.0,0.0,0.0,0.0,0.0,0.0,0.0,0.0,0.0,0.0,0.0,0.0,0.0,0.0,0.0,0.0,0.0,0.0,0.0,0.0,0.0
39.5982060185,164148.0,17834.0,9.2042166648,723.0,64447.0,83.0,7.0,534.0,1770.0,2501.0,3530.0,4101.0,4301.0,977.0,88.0,27.0,5.0,0.0,0.0,0.0,0.0,0.0,0.0,0.0,0.0,0.0,0.0,0.0,0.0,0.0,0.0,0.0,0.0,0.0,0.0,0.0,0.0
39.6002893519,161349.0,17826.0,9.05132951868,721.0,64440.0,83.0,8.0,587.0,1863.0,2643.0,3460.0,3871.0,4355.0,949.0,68.0,21.0,9.0,0.0,0.0,0.0,0.0,0.0,0.0,0.0,0.0,0.0,0.0,0.0,0.0,0.0,0.0,0.0,0.0,0.0,0.0,0.0,0.0
39.6023726852,158702.0,17832.0,8.89984297891,727.0,64440.0,86.0,6.0,534.0,1748.0,2773.0,3512.0,3986.0,4266.0,909.0,89.0,11.0,4.0,0.0,0.0,0.0,0.0,0.0,0.0,0.0,0.0,0.0,0.0,0.0,0.0,0.0,0.0,0.0,0.0,0.0,0.0,0.0,0.0
39.6044560185,154626.0,17828.0,8.67321067983,723.0,64441.0,83.0,15.0,612.0,1880.0,2689.0,3646.0,3912.0,4155.0,830.0,86.0,13.0,5.0,0.0,0.0,0.0,0.0,0.0,0.0,0.0,0.0,0.0,0.0,0.0,0.0,0.0,0.0,0.0,0.0,0.0,0.0,0.0,0.0
39.6065393519,160246.0,17829.0,8.98794099501,723.0,64440.0,86.0,11.0,567.0,1818.0,2624.0,3589.0,4043.0,4159.0,902.0,91.0,31.0,5.0,0.0,0.0,0.0,0.0,0.0,0.0,0.0,0.0,0.0,0.0,0.0,0.0,0.0,0.0,0.0,0.0,0.0,0.0,0.0,0.0
39.6086226852,157462.0,17833.0,8.82980990299,723.0,64440.0,86.0,9.0,581.0,1806.0,2652.0,3702.0,3891.0,4206.0,872.0,106.0,15.0,2.0,0.0,0.0,0.0,0.0,0.0,0.0,0.0,0.0,0.0,0.0,0.0,0.0,0.0,0.0,0.0,0.0,0.0,0.0,0.0,0.0
39.6107060185,157793.0,17835.0,8.84737874965,724.0,64444.0,83.0,8.0,586.0,1877.0,2674.0,3706.0,3862.0,4143.0,865.0,90.0,24.0,8.0,0.0,0.0,0.0,0.0,0.0,0.0,0.0,0.0,0.0,0.0,0.0,0.0,0.0,0.0,0.0,0.0,0.0,0.0,0.0,0.0
39.6127893519,155750.0,17833.0,8.73380810856,724.0,64443.0,86.0,7.0,558.0,1928.0,2743.0,3650.0,3865.0,4116.0,863.0,84.0,21.0,5.0,0.0,0.0,0.0,0.0,0.0,0.0,0.0,0.0,0.0,0.0,0.0,0.0,0.0,0.0,0.0,0.0,0.0,0.0,0.0,0.0
39.6148726852,157485.0,17830.0,8.83258553001,726.0,64440.0,83.0,6.0,584.0,1867.0,2733.0,3672.0,3885.0,4084.0,882.0,93.0,22.0,8.0,0.0,0.0,0.0,0.0,0.0,0.0,0.0,0.0,0.0,0.0,0.0,0.0,0.0,0.0,0.0,0.0,0.0,0.0,0.0,0.0
39.6169560185,152745.0,17833.0,8.56530028599,724.0,64440.0,86.0,3.0,628.0,1843.0,2733.0,3823.0,3908.0,3952.0,842.0,80.0,20.0,4.0,0.0,0.0,0.0,0.0,0.0,0.0,0.0,0.0,0.0,0.0,0.0,0.0,0.0,0.0,0.0,0.0,0.0,0.0,0.0,0.0
39.6190393519,154927.0,17837.0,8.68570948029,721.0,64441.0,87.0,65535.0,578.0,1875.0,2764.0,3701.0,3896.0,4095.0,812.0,85.0,26.0,5.0,0.0,0.0,0.0,0.0,0.0,0.0,0.0,0.0,0.0,0.0,0.0,0.0,0.0,0.0,0.0,0.0,0.0,0.0,0.0,0.0
39.6211226852,154012.0,17839.0,8.63344357868,724.0,64441.0,83.0,6.0,562.0,1926.0,2823.0,3654.0,3876.0,4041.0,832.0,107.0,15.0,3.0,0.0,0.0,0.0,0.0,0.0,0.0,0.0,0.0,0.0,0.0,0.0,0.0,0.0,0.0,0.0,0.0,0.0,0.0,0.0,0.0
39.6232060185,153413.0,17832.0,8.60324136384,724.0,64443.0,83.0,7.0,607.0,1929.0,2880.0,3771.0,3636.0,4051.0,846.0,83.0,24.0,5.0,0.0,0.0,0.0,0.0,0.0,0.0,0.0,0.0,0.0,0.0,0.0,0.0,0.0,0.0,0.0,0.0,0.0,0.0,0.0,0.0
39.6252893519,153007.0,17833.0,8.57999214939,723.0,64440.0,83.0,8.0,578.0,1993.0,2897.0,3727.0,3681.0,4048.0,796.0,80.0,23.0,10.0,0.0,0.0,0.0,0.0,0.0,0.0,0.0,0.0,0.0,0.0,0.0,0.0,0.0,0.0,0.0,0.0,0.0,0.0,0.0,0.0
39.6273726852,156362.0,17831.0,8.76910997701,727.0,64441.0,83.0,7.0,576.0,1882.0,2924.0,3614.0,3788.0,4050.0,869.0,104.0,12.0,12.0,0.0,0.0,0.0,0.0,0.0,0.0,0.0,0.0,0.0,0.0,0.0,0.0,0.0,0.0,0.0,0.0,0.0,0.0,0.0,0.0
39.6294560185,155649.0,17832.0,8.72863391655,723.0,64446.0,81.0,14.0,583.0,1783.0,2839.0,3677.0,3871.0,4127.0,832.0,94.0,22.0,4.0,0.0,0.0,0.0,0.0,0.0,0.0,0.0,0.0,0.0,0.0,0.0,0.0,0.0,0.0,0.0,0.0,0.0,0.0,0.0,0.0
39.6315393519,160101.0,17835.0,8.97678721615,723.0,64444.0,86.0,7.0,551.0,1867.0,2799.0,3715.0,3660.0,4211.0,895.0,97.0,31.0,9.0,0.0,0.0,0.0,0.0,0.0,0.0,0.0,0.0,0.0,0.0,0.0,0.0,0.0,0.0,0.0,0.0,0.0,0.0,0.0,0.0
39.6336226852,152409.0,17831.0,8.5474174191,726.0,64444.0,83.0,9.0,581.0,1915.0,2969.0,3953.0,3489.0,3960.0,823.0,110.0,30.0,1.0,0.0,0.0,0.0,0.0,0.0,0.0,0.0,0.0,0.0,0.0,0.0,0.0,0.0,0.0,0.0,0.0,0.0,0.0,0.0,0.0
39.6357060185,150533.0,17833.0,8.44126058431,723.0,64441.0,83.0,6.0,606.0,1915.0,2993.0,3778.0,3668.0,3938.0,819.0,96.0,18.0,2.0,0.0,0.0,0.0,0.0,0.0,0.0,0.0,0.0,0.0,0.0,0.0,0.0,0.0,0.0,0.0,0.0,0.0,0.0,0.0,0.0
39.6377893519,156758.0,17834.0,8.78983963216,727.0,64441.0,86.0,7.0,614.0,1892.0,2839.0,3713.0,3612.0,4136.0,899.0,104.0,20.0,5.0,0.0,0.0,0.0,0.0,0.0,0.0,0.0,0.0,0.0,0.0,0.0,0.0,0.0,0.0,0.0,0.0,0.0,0.0,0.0,0.0
39.6398726852,155854.0,17835.0,8.73865993832,724.0,64444.0,80.0,7.0,511.0,1828.0,2975.0,3813.0,3609.0,4135.0,825.0,110.0,24.0,5.0,0.0,0.0,0.0,0.0,0.0,0.0,0.0,0.0,0.0,0.0,0.0,0.0,0.0,0.0,0.0,0.0,0.0,0.0,0.0,0.0
39.6419560185,155106.0,17835.0,8.69671993272,727.0,64443.0,81.0,7.0,584.0,1886.0,3016.0,3855.0,3381.0,4157.0,822.0,98.0,28.0,8.0,0.0,0.0,0.0,0.0,0.0,0.0,0.0,0.0,0.0,0.0,0.0,0.0,0.0,0.0,0.0,0.0,0.0,0.0,0.0,0.0
39.6440393519,149458.0,17827.0,8.38379985415,726.0,64444.0,87.0,7.0,543.0,1972.0,3063.0,3960.0,3400.0,3989.0,774.0,106.0,17.0,3.0,0.0,0.0,0.0,0.0,0.0,0.0,0.0,0.0,0.0,0.0,0.0,0.0,0.0,0.0,0.0,0.0,0.0,0.0,0.0,0.0
39.6461226852,153327.0,17834.0,8.59745430077,724.0,64440.0,84.0,7.0,569.0,2003.0,3126.0,3908.0,3344.0,3898.0,822.0,127.0,28.0,9.0,0.0,0.0,0.0,0.0,0.0,0.0,0.0,0.0,0.0,0.0,0.0,0.0,0.0,0.0,0.0,0.0,0.0,0.0,0.0,0.0
39.6482060185,151849.0,17833.0,8.51505635619,727.0,64447.0,83.0,6.0,576.0,1899.0,3093.0,3885.0,3480.0,3956.0,801.0,117.0,21.0,5.0,0.0,0.0,0.0,0.0,0.0,0.0,0.0,0.0,0.0,0.0,0.0,0.0,0.0,0.0,0.0,0.0,0.0,0.0,0.0,0.0
39.6502893519,153506.0,17836.0,8.60652612693,727.0,64444.0,83.0,6.0,528.0,1940.0,3113.0,3841.0,3349.0,4075.0,853.0,111.0,24.0,2.0,0.0,0.0,0.0,0.0,0.0,0.0,0.0,0.0,0.0,0.0,0.0,0.0,0.0,0.0,0.0,0.0,0.0,0.0,0.0,0.0
39.6523726852,152848.0,17832.0,8.57155675191,723.0,64440.0,83.0,6.0,582.0,1904.0,3042.0,3925.0,3383.0,4057.0,816.0,95.0,17.0,11.0,0.0,0.0,0.0,0.0,0.0,0.0,0.0,0.0,0.0,0.0,0.0,0.0,0.0,0.0,0.0,0.0,0.0,0.0,0.0,0.0
39.6544560185,150176.0,17832.0,8.42171377299,723.0,64444.0,86.0,9.0,561.0,1940.0,3000.0,3997.0,3487.0,3899.0,830.0,97.0,17.0,4.0,0.0,0.0,0.0,0.0,0.0,0.0,0.0,0.0,0.0,0.0,0.0,0.0,0.0,0.0,0.0,0.0,0.0,0.0,0.0,0.0
39.6565393519,150956.0,17839.0,8.46213352766,729.0,64441.0,84.0,7.0,572.0,1946.0,3037.0,4040.0,3295.0,4034.0,793.0,92.0,24.0,6.0,0.0,0.0,0.0,0.0,0.0,0.0,0.0,0.0,0.0,0.0,0.0,0.0,0.0,0.0,0.0,0.0,0.0,0.0,0.0,0.0
39.6586226852,150277.0,17837.0,8.42501541739,724.0,64441.0,81.0,7.0,601.0,1933.0,3130.0,3957.0,3342.0,3940.0,812.0,90.0,27.0,5.0,0.0,0.0,0.0,0.0,0.0,0.0,0.0,0.0,0.0,0.0,0.0,0.0,0.0,0.0,0.0,0.0,0.0,0.0,0.0,0.0
39.6607060185,147071.0,17838.0,8.24481444108,724.0,64444.0,83.0,9.0,568.0,2073.0,3245.0,3979.0,3338.0,3771.0,713.0,119.0,24.0,8.0,0.0,0.0,0.0,0.0,0.0,0.0,0.0,0.0,0.0,0.0,0.0,0.0,0.0,0.0,0.0,0.0,0.0,0.0,0.0,0.0
39.6627893519,150370.0,17837.0,8.43022929865,727.0,64446.0,83.0,6.0,542.0,2012.0,3099.0,4030.0,3301.0,3927.0,794.0,100.0,25.0,7.0,0.0,0.0,0.0,0.0,0.0,0.0,0.0,0.0,0.0,0.0,0.0,0.0,0.0,0.0,0.0,0.0,0.0,0.0,0.0,0.0
39.6648726852,144700.0,17842.0,8.11007734559,726.0,64439.0,95.0,3.0,602.0,2110.0,3251.0,3938.0,3286.0,3840.0,701.0,87.0,18.0,9.0,0.0,0.0,0.0,0.0,0.0,0.0,0.0,0.0,0.0,0.0,0.0,0.0,0.0,0.0,0.0,0.0,0.0,0.0,0.0,0.0
39.6669560185,145307.0,17835.0,8.14729464536,727.0,64444.0,83.0,8.0,628.0,2033.0,3191.0,4017.0,3275.0,3832.0,743.0,93.0,18.0,5.0,0.0,0.0,0.0,0.0,0.0,0.0,0.0,0.0,0.0,0.0,0.0,0.0,0.0,0.0,0.0,0.0,0.0,0.0,0.0,0.0
39.6690393519,142840.0,17836.0,8.00852209015,727.0,64441.0,83.0,12.0,628.0,2026.0,3195.0,4154.0,3210.0,3818.0,708.0,73.0,19.0,5.0,0.0,0.0,0.0,0.0,0.0,0.0,0.0,0.0,0.0,0.0,0.0,0.0,0.0,0.0,0.0,0.0,0.0,0.0,0.0,0.0
39.6711226852,143164.0,17838.0,8.02578764435,724.0,64443.0,83.0,7.0,579.0,2128.0,3386.0,4092.0,3091.0,3721.0,711.0,104.0,19.0,7.0,0.0,0.0,0.0,0.0,0.0,0.0,0.0,0.0,0.0,0.0,0.0,0.0,0.0,0.0,0.0,0.0,0.0,0.0,0.0,0.0
39.6732060185,141606.0,17848.0,7.93399820708,724.0,64443.0,84.0,7.0,626.0,2090.0,3324.0,4065.0,3154.0,3813.0,671.0,81.0,19.0,5.0,0.0,0.0,0.0,0.0,0.0,0.0,0.0,0.0,0.0,0.0,0.0,0.0,0.0,0.0,0.0,0.0,0.0,0.0,0.0,0.0
39.6752893519,140360.0,17838.0,7.86859513398,727.0,64447.0,83.0,7.0,585.0,2090.0,3391.0,4232.0,3050.0,3681.0,695.0,87.0,27.0,0.0,0.0,0.0,0.0,0.0,0.0,0.0,0.0,0.0,0.0,0.0,0.0,0.0,0.0,0.0,0.0,0.0,0.0,0.0,0.0,0.0
39.6773726852,142924.0,17834.0,8.01413031289,726.0,64443.0,84.0,6.0,606.0,2134.0,3333.0,4045.0,3137.0,3759.0,702.0,92.0,18.0,8.0,0.0,0.0,0.0,0.0,0.0,0.0,0.0,0.0,0.0,0.0,0.0,0.0,0.0,0.0,0.0,0.0,0.0,0.0,0.0,0.0
39.6794560185,144015.0,17835.0,8.07485281749,726.0,64444.0,84.0,9.0,627.0,2073.0,3361.0,4019.0,3127.0,3777.0,719.0,105.0,23.0,4.0,0.0,0.0,0.0,0.0,0.0,0.0,0.0,0.0,0.0,0.0,0.0,0.0,0.0,0.0,0.0,0.0,0.0,0.0,0.0,0.0
39.6815393519,139260.0,17850.0,7.80168067227,724.0,64440.0,83.0,8.0,609.0,2146.0,3339.0,4145.0,3116.0,3726.0,678.0,69.0,19.0,3.0,0.0,0.0,0.0,0.0,0.0,0.0,0.0,0.0,0.0,0.0,0.0,0.0,0.0,0.0,0.0,0.0,0.0,0.0,0.0,0.0
39.6836226852,135975.0,17835.0,7.62405382675,727.0,64440.0,87.0,8.0,653.0,2223.0,3430.0,4185.0,2967.0,3621.0,666.0,70.0,19.0,1.0,0.0,0.0,0.0,0.0,0.0,0.0,0.0,0.0,0.0,0.0,0.0,0.0,0.0,0.0,0.0,0.0,0.0,0.0,0.0,0.0
39.6857060185,139315.0,17842.0,7.80826140567,724.0,64439.0,95.0,4.0,643.0,2249.0,3347.0,4071.0,3077.0,3624.0,724.0,90.0,14.0,3.0,0.0,0.0,0.0,0.0,0.0,0.0,0.0,0.0,0.0,0.0,0.0,0.0,0.0,0.0,0.0,0.0,0.0,0.0,0.0,0.0
39.6877893519,141454.0,17838.0,7.92992487947,729.0,64444.0,84.0,7.0,656.0,2166.0,3380.0,4150.0,3029.0,3679.0,644.0,99.0,24.0,11.0,0.0,0.0,0.0,0.0,0.0,0.0,0.0,0.0,0.0,0.0,0.0,0.0,0.0,0.0,0.0,0.0,0.0,0.0,0.0,0.0
39.6898726852,140173.0,17839.0,7.85767139414,727.0,64440.0,88.0,9.0,622.0,2161.0,3368.0,4071.0,3096.0,3727.0,684.0,88.0,20.0,2.0,0.0,0.0,0.0,0.0,0.0,0.0,0.0,0.0,0.0,0.0,0.0,0.0,0.0,0.0,0.0,0.0,0.0,0.0,0.0,0.0
39.6919560185,139084.0,17831.0,7.80012338063,727.0,64440.0,86.0,6.0,633.0,2254.0,3477.0,4141.0,3046.0,3489.0,671.0,80.0,29.0,11.0,0.0,0.0,0.0,0.0,0.0,0.0,0.0,0.0,0.0,0.0,0.0,0.0,0.0,0.0,0.0,0.0,0.0,0.0,0.0,0.0
39.6940393519,135694.0,17827.0,7.61171257082,727.0,64440.0,86.0,11.0,708.0,2278.0,3496.0,4184.0,2919.0,3500.0,626.0,87.0,21.0,8.0,0.0,0.0,0.0,0.0,0.0,0.0,0.0,0.0,0.0,0.0,0.0,0.0,0.0,0.0,0.0,0.0,0.0,0.0,0.0,0.0
39.6961226852,136684.0,17841.0,7.6612297517,724.0,64444.0,86.0,7.0,677.0,2192.0,3426.0,4268.0,2939.0,3601.0,634.0,81.0,15.0,8.0,0.0,0.0,0.0,0.0,0.0,0.0,0.0,0.0,0.0,0.0,0.0,0.0,0.0,0.0,0.0,0.0,0.0,0.0,0.0,0.0
39.6982060185,133472.0,17846.0,7.47909895775,726.0,64440.0,83.0,12.0,711.0,2272.0,3540.0,4298.0,2908.0,3411.0,597.0,74.0,29.0,6.0,0.0,0.0,0.0,0.0,0.0,0.0,0.0,0.0,0.0,0.0,0.0,0.0,0.0,0.0,0.0,0.0,0.0,0.0,0.0,0.0
39.7002893519,134095.0,17846.0,7.51400874145,727.0,64440.0,88.0,6.0,654.0,2353.0,3549.0,4331.0,2769.0,3443.0,634.0,87.0,19.0,7.0,0.0,0.0,0.0,0.0,0.0,0.0,0.0,0.0,0.0,0.0,0.0,0.0,0.0,0.0,0.0,0.0,0.0,0.0,0.0,0.0
39.7023726852,137655.0,17839.0,7.7165199843,727.0,64444.0,83.0,12.0,649.0,2319.0,3422.0,4293.0,2867.0,3516.0,634.0,107.0,25.0,7.0,0.0,0.0,0.0,0.0,0.0,0.0,0.0,0.0,0.0,0.0,0.0,0.0,0.0,0.0,0.0,0.0,0.0,0.0,0.0,0.0
39.7044560185,130721.0,17838.0,7.32823186456,727.0,64440.0,83.0,12.0,710.0,2349.0,3594.0,4378.0,2797.0,3317.0,574.0,96.0,17.0,6.0,0.0,0.0,0.0,0.0,0.0,0.0,0.0,0.0,0.0,0.0,0.0,0.0,0.0,0.0,0.0,0.0,0.0,0.0,0.0,0.0
39.7065393519,132160.0,17835.0,7.41014858424,727.0,64440.0,83.0,7.0,650.0,2386.0,3575.0,4304.0,2758.0,3483.0,561.0,93.0,21.0,4.0,0.0,0.0,0.0,0.0,0.0,0.0,0.0,0.0,0.0,0.0,0.0,0.0,0.0,0.0,0.0,0.0,0.0,0.0,0.0,0.0
39.7086226852,131905.0,17839.0,7.39419249958,730.0,64439.0,81.0,15.0,733.0,2359.0,3715.0,4145.0,2704.0,3518.0,553.0,85.0,19.0,8.0,0.0,0.0,0.0,0.0,0.0,0.0,0.0,0.0,0.0,0.0,0.0,0.0,0.0,0.0,0.0,0.0,0.0,0.0,0.0,0.0
39.7107060185,130638.0,17843.0,7.32152664911,727.0,64444.0,86.0,9.0,638.0,2400.0,3681.0,4403.0,2674.0,3355.0,585.0,86.0,11.0,10.0,0.0,0.0,0.0,0.0,0.0,0.0,0.0,0.0,0.0,0.0,0.0,0.0,0.0,0.0,0.0,0.0,0.0,0.0,0.0,0.0
39.7127893519,135855.0,17834.0,7.61775260738,727.0,64443.0,83.0,9.0,737.0,2273.0,3475.0,4250.0,2816.0,3490.0,681.0,88.0,18.0,6.0,0.0,0.0,0.0,0.0,0.0,0.0,0.0,0.0,0.0,0.0,0.0,0.0,0.0,0.0,0.0,0.0,0.0,0.0,0.0,0.0
39.7148726852,141239.0,17835.0,7.91920381273,733.0,64440.0,88.0,8.0,636.0,2171.0,3240.0,4187.0,3024.0,3738.0,745.0,71.0,19.0,4.0,0.0,0.0,0.0,0.0,0.0,0.0,0.0,0.0,0.0,0.0,0.0,0.0,0.0,0.0,0.0,0.0,0.0,0.0,0.0,0.0
39.7169560185,131854.0,17840.0,7.39091928251,727.0,64443.0,86.0,8.0,738.0,2360.0,3637.0,4215.0,2756.0,3439.0,606.0,59.0,20.0,10.0,0.0,0.0,0.0,0.0,0.0,0.0,0.0,0.0,0.0,0.0,0.0,0.0,0.0,0.0,0.0,0.0,0.0,0.0,0.0,0.0
39.7190393519,132005.0,17837.0,7.40062790828,729.0,64440.0,86.0,8.0,677.0,2383.0,3649.0,4299.0,2697.0,3418.0,604.0,87.0,15.0,8.0,0.0,0.0,0.0,0.0,0.0,0.0,0.0,0.0,0.0,0.0,0.0,0.0,0.0,0.0,0.0,0.0,0.0,0.0,0.0,0.0
39.7211226852,132598.0,17838.0,7.43345666555,732.0,64440.0,86.0,3.0,702.0,2324.0,3651.0,4367.0,2670.0,3391.0,620.0,91.0,11.0,11.0,0.0,0.0,0.0,0.0,0.0,0.0,0.0,0.0,0.0,0.0,0.0,0.0,0.0,0.0,0.0,0.0,0.0,0.0,0.0,0.0
39.7232060185,125810.0,17834.0,7.05450263542,730.0,64440.0,83.0,15.0,746.0,2474.0,3818.0,4461.0,2506.0,3139.0,588.0,79.0,17.0,6.0,0.0,0.0,0.0,0.0,0.0,0.0,0.0,0.0,0.0,0.0,0.0,0.0,0.0,0.0,0.0,0.0,0.0,0.0,0.0,0.0
39.7252893519,127353.0,17842.0,7.1378208721,724.0,64444.0,86.0,8.0,669.0,2427.0,3783.0,4412.0,2558.0,3317.0,572.0,85.0,19.0,0.0,0.0,0.0,0.0,0.0,0.0,0.0,0.0,0.0,0.0,0.0,0.0,0.0,0.0,0.0,0.0,0.0,0.0,0.0,0.0,0.0
39.7273726852,127516.0,17838.0,7.14855925552,729.0,64440.0,87.0,7.0,718.0,2454.0,3671.0,4384.0,2639.0,3304.0,581.0,63.0,20.0,4.0,0.0,0.0,0.0,0.0,0.0,0.0,0.0,0.0,0.0,0.0,0.0,0.0,0.0,0.0,0.0,0.0,0.0,0.0,0.0,0.0
39.7294560185,127444.0,17843.0,7.14252087653,730.0,64442.0,88.0,7.0,720.0,2406.0,3661.0,4405.0,2708.0,3302.0,542.0,75.0,21.0,3.0,0.0,0.0,0.0,0.0,0.0,0.0,0.0,0.0,0.0,0.0,0.0,0.0,0.0,0.0,0.0,0.0,0.0,0.0,0.0,0.0
39.7357291667,125599.0,17841.0,7.0399080769,730.0,64443.0,88.0,7.0,743.0,2437.0,3833.0,4496.0,2579.0,3133.0,508.0,76.0,28.0,8.0,0.0,0.0,0.0,0.0,0.0,0.0,0.0,0.0,0.0,0.0,0.0,0.0,0.0,0.0,0.0,0.0,0.0,0.0,0.0,0.0
39.7378125,122397.0,17846.0,6.85851171131,732.0,64440.0,83.0,7.0,689.0,2539.0,3875.0,4589.0,2513.0,3029.0,513.0,81.0,8.0,10.0,0.0,0.0,0.0,0.0,0.0,0.0,0.0,0.0,0.0,0.0,0.0,0.0,0.0,0.0,0.0,0.0,0.0,0.0,0.0,0.0
39.7398958333,120271.0,17843.0,6.74051448747,732.0,64440.0,86.0,9.0,787.0,2583.0,3918.0,4531.0,2486.0,2944.0,489.0,76.0,25.0,4.0,0.0,0.0,0.0,0.0,0.0,0.0,0.0,0.0,0.0,0.0,0.0,0.0,0.0,0.0,0.0,0.0,0.0,0.0,0.0,0.0
39.7419791667,118430.0,17840.0,6.6384529148,730.0,64440.0,81.0,11.0,769.0,2654.0,3916.0,4648.0,2347.0,2953.0,449.0,76.0,24.0,4.0,0.0,0.0,0.0,0.0,0.0,0.0,0.0,0.0,0.0,0.0,0.0,0.0,0.0,0.0,0.0,0.0,0.0,0.0,0.0,0.0
39.7440625,118194.0,17852.0,6.62077078199,729.0,64440.0,83.0,9.0,732.0,2702.0,3926.0,4542.0,2458.0,2951.0,432.0,87.0,19.0,3.0,0.0,0.0,0.0,0.0,0.0,0.0,0.0,0.0,0.0,0.0,0.0,0.0,0.0,0.0,0.0,0.0,0.0,0.0,0.0,0.0
39.7461458333,117728.0,17836.0,6.60058309038,729.0,64440.0,86.0,4.0,775.0,2730.0,3919.0,4536.0,2451.0,2880.0,443.0,69.0,29.0,4.0,0.0,0.0,0.0,0.0,0.0,0.0,0.0,0.0,0.0,0.0,0.0,0.0,0.0,0.0,0.0,0.0,0.0,0.0,0.0,0.0
39.7482291667,119902.0,17844.0,6.71945752074,729.0,64443.0,87.0,3.0,803.0,2756.0,3933.0,4456.0,2360.0,2922.0,503.0,84.0,20.0,7.0,0.0,0.0,0.0,0.0,0.0,0.0,0.0,0.0,0.0,0.0,0.0,0.0,0.0,0.0,0.0,0.0,0.0,0.0,0.0,0.0
39.7503125,119292.0,17851.0,6.68265083189,729.0,64441.0,86.0,7.0,768.0,2716.0,3912.0,4586.0,2315.0,2993.0,448.0,85.0,23.0,5.0,0.0,0.0,0.0,0.0,0.0,0.0,0.0,0.0,0.0,0.0,0.0,0.0,0.0,0.0,0.0,0.0,0.0,0.0,0.0,0.0
39.7523958333,117525.0,17841.0,6.58735496889,732.0,64440.0,87.0,7.0,816.0,2693.0,3980.0,4422.0,2498.0,2915.0,419.0,69.0,21.0,8.0,0.0,0.0,0.0,0.0,0.0,0.0,0.0,0.0,0.0,0.0,0.0,0.0,0.0,0.0,0.0,0.0,0.0,0.0,0.0,0.0
39.7544791667,113696.0,17841.0,6.37273695421,729.0,64442.0,88.0,7.0,871.0,2810.0,3983.0,4540.0,2381.0,2771.0,382.0,81.0,13.0,9.0,0.0,0.0,0.0,0.0,0.0,0.0,0.0,0.0,0.0,0.0,0.0,0.0,0.0,0.0,0.0,0.0,0.0,0.0,0.0,0.0
39.7565625,113220.0,17839.0,6.34676831661,732.0,64443.0,83.0,3.0,848.0,2928.0,4056.0,4377.0,2338.0,2737.0,467.0,71.0,13.0,4.0,0.0,0.0,0.0,0.0,0.0,0.0,0.0,0.0,0.0,0.0,0.0,0.0,0.0,0.0,0.0,0.0,0.0,0.0,0.0,0.0
39.7586458333,115548.0,17850.0,6.47327731092,729.0,64440.0,87.0,6.0,826.0,2736.0,3958.0,4588.0,2366.0,2812.0,459.0,90.0,13.0,2.0,0.0,0.0,0.0,0.0,0.0,0.0,0.0,0.0,0.0,0.0,0.0,0.0,0.0,0.0,0.0,0.0,0.0,0.0,0.0,0.0
39.7607291667,114943.0,17842.0,6.44227104585,732.0,64440.0,87.0,7.0,820.0,2823.0,3916.0,4576.0,2400.0,2752.0,447.0,86.0,21.0,1.0,0.0,0.0,0.0,0.0,0.0,0.0,0.0,0.0,0.0,0.0,0.0,0.0,0.0,0.0,0.0,0.0,0.0,0.0,0.0,0.0
39.7628125,112343.0,17849.0,6.29407809961,732.0,64440.0,87.0,6.0,870.0,2771.0,4164.0,4529.0,2283.0,2726.0,408.0,80.0,12.0,6.0,0.0,0.0,0.0,0.0,0.0,0.0,0.0,0.0,0.0,0.0,0.0,0.0,0.0,0.0,0.0,0.0,0.0,0.0,0.0,0.0
39.7648958333,115033.0,17844.0,6.44659269222,732.0,64440.0,83.0,8.0,838.0,2859.0,4075.0,4476.0,2135.0,2903.0,466.0,74.0,13.0,5.0,0.0,0.0,0.0,0.0,0.0,0.0,0.0,0.0,0.0,0.0,0.0,0.0,0.0,0.0,0.0,0.0,0.0,0.0,0.0,0.0
39.7669791667,113333.0,17840.0,6.35274663677,732.0,64444.0,83.0,6.0,863.0,2839.0,4005.0,4667.0,2245.0,2748.0,364.0,80.0,18.0,11.0,0.0,0.0,0.0,0.0,0.0,0.0,0.0,0.0,0.0,0.0,0.0,0.0,0.0,0.0,0.0,0.0,0.0,0.0,0.0,0.0
39.7690625,113123.0,17846.0,6.33884343831,732.0,64441.0,86.0,4.0,865.0,2863.0,4016.0,4593.0,2262.0,2710.0,436.0,82.0,13.0,6.0,0.0,0.0,0.0,0.0,0.0,0.0,0.0,0.0,0.0,0.0,0.0,0.0,0.0,0.0,0.0,0.0,0.0,0.0,0.0,0.0
39.7711458333,112084.0,17851.0,6.27886392919,729.0,64444.0,87.0,8.0,936.0,2834.0,4099.0,4595.0,2174.0,2696.0,414.0,79.0,18.0,6.0,0.0,0.0,0.0,0.0,0.0,0.0,0.0,0.0,0.0,0.0,0.0,0.0,0.0,0.0,0.0,0.0,0.0,0.0,0.0,0.0
39.7732291667,112206.0,17846.0,6.28745937465,732.0,64444.0,88.0,4.0,874.0,2848.0,4065.0,4615.0,2276.0,2631.0,436.0,79.0,17.0,5.0,0.0,0.0,0.0,0.0,0.0,0.0,0.0,0.0,0.0,0.0,0.0,0.0,0.0,0.0,0.0,0.0,0.0,0.0,0.0,0.0
39.7753125,109948.0,17845.0,6.16127766881,732.0,64440.0,86.0,8.0,838.0,2852.0,4060.0,4630.0,2271.0,2715.0,409.0,58.0,8.0,4.0,0.0,0.0,0.0,0.0,0.0,0.0,0.0,0.0,0.0,0.0,0.0,0.0,0.0,0.0,0.0,0.0,0.0,0.0,0.0,0.0
39.7773958333,111133.0,17842.0,6.22872996301,732.0,64446.0,86.0,8.0,877.0,2843.0,4083.0,4603.0,2232.0,2713.0,383.0,94.0,11.0,3.0,0.0,0.0,0.0,0.0,0.0,0.0,0.0,0.0,0.0,0.0,0.0,0.0,0.0,0.0,0.0,0.0,0.0,0.0,0.0,0.0
39.7794791667,112281.0,17844.0,6.29236718225,732.0,64444.0,86.0,7.0,920.0,2867.0,4101.0,4609.0,2133.0,2705.0,395.0,85.0,24.0,5.0,0.0,0.0,0.0,0.0,0.0,0.0,0.0,0.0,0.0,0.0,0.0,0.0,0.0,0.0,0.0,0.0,0.0,0.0,0.0,0.0
39.7815625,111916.0,17844.0,6.27191212733,733.0,64440.0,88.0,4.0,900.0,2830.0,4141.0,4649.0,2146.0,2681.0,396.0,72.0,20.0,9.0,0.0,0.0,0.0,0.0,0.0,0.0,0.0,0.0,0.0,0.0,0.0,0.0,0.0,0.0,0.0,0.0,0.0,0.0,0.0,0.0
39.7836458333,109479.0,17840.0,6.13671524664,732.0,64444.0,83.0,3.0,931.0,2953.0,4153.0,4515.0,2194.0,2581.0,418.0,70.0,23.0,2.0,0.0,0.0,0.0,0.0,0.0,0.0,0.0,0.0,0.0,0.0,0.0,0.0,0.0,0.0,0.0,0.0,0.0,0.0,0.0,0.0
39.7857291667,109919.0,17843.0,6.16034299165,732.0,64442.0,88.0,9.0,909.0,2945.0,4119.0,4554.0,2101.0,2718.0,408.0,70.0,17.0,2.0,0.0,0.0,0.0,0.0,0.0,0.0,0.0,0.0,0.0,0.0,0.0,0.0,0.0,0.0,0.0,0.0,0.0,0.0,0.0,0.0
39.7878125,111747.0,17843.0,6.26279213137,729.0,64444.0,87.0,8.0,913.0,2919.0,4048.0,4717.0,2119.0,2607.0,409.0,82.0,20.0,9.0,0.0,0.0,0.0,0.0,0.0,0.0,0.0,0.0,0.0,0.0,0.0,0.0,0.0,0.0,0.0,0.0,0.0,0.0,0.0,0.0
39.7898958333,110714.0,17846.0,6.20385520565,732.0,64440.0,88.0,4.0,974.0,2946.0,4172.0,4590.0,2075.0,2571.0,403.0,81.0,27.0,7.0,0.0,0.0,0.0,0.0,0.0,0.0,0.0,0.0,0.0,0.0,0.0,0.0,0.0,0.0,0.0,0.0,0.0,0.0,0.0,0.0
39.7919791667,109714.0,17843.0,6.14885389228,732.0,64443.0,83.0,7.0,903.0,2958.0,4080.0,4705.0,2126.0,2583.0,372.0,93.0,18.0,5.0,0.0,0.0,0.0,0.0,0.0,0.0,0.0,0.0,0.0,0.0,0.0,0.0,0.0,0.0,0.0,0.0,0.0,0.0,0.0,0.0
39.7940625,111502.0,17848.0,6.24731062304,733.0,64440.0,87.0,7.0,948.0,2902.0,4114.0,4581.0,2198.0,2559.0,429.0,91.0,21.0,5.0,0.0,0.0,0.0,0.0,0.0,0.0,0.0,0.0,0.0,0.0,0.0,0.0,0.0,0.0,0.0,0.0,0.0,0.0,0.0,0.0
39.7961458333,110010.0,17845.0,6.16475203138,733.0,64440.0,83.0,15.0,962.0,2840.0,4189.0,4556.0,2127.0,2648.0,424.0,85.0,11.0,3.0,0.0,0.0,0.0,0.0,0.0,0.0,0.0,0.0,0.0,0.0,0.0,0.0,0.0,0.0,0.0,0.0,0.0,0.0,0.0,0.0
39.7982291667,109261.0,17852.0,6.12037866906,732.0,64444.0,83.0,10.0,950.0,3003.0,4253.0,4568.0,2007.0,2576.0,386.0,84.0,15.0,10.0,0.0,0.0,0.0,0.0,0.0,0.0,0.0,0.0,0.0,0.0,0.0,0.0,0.0,0.0,0.0,0.0,0.0,0.0,0.0,0.0
39.8003125,106221.0,17851.0,5.95042294549,732.0,64440.0,87.0,12.0,1001.0,2951.0,4285.0,4575.0,2124.0,2407.0,413.0,70.0,25.0,0.0,0.0,0.0,0.0,0.0,0.0,0.0,0.0,0.0,0.0,0.0,0.0,0.0,0.0,0.0,0.0,0.0,0.0,0.0,0.0,0.0
39.8023958333,104688.0,17851.0,5.86454540362,732.0,64439.0,87.0,8.0,964.0,3132.0,4092.0,4749.0,2067.0,2373.0,371.0,83.0,19.0,1.0,0.0,0.0,0.0,0.0,0.0,0.0,0.0,0.0,0.0,0.0,0.0,0.0,0.0,0.0,0.0,0.0,0.0,0.0,0.0,0.0
39.8044791667,106707.0,17844.0,5.97999327505,730.0,64441.0,84.0,12.0,984.0,2999.0,4288.0,4585.0,2079.0,2438.0,365.0,72.0,30.0,4.0,0.0,0.0,0.0,0.0,0.0,0.0,0.0,0.0,0.0,0.0,0.0,0.0,0.0,0.0,0.0,0.0,0.0,0.0,0.0,0.0
39.8065625,105963.0,17846.0,5.93763308304,732.0,64440.0,87.0,7.0,985.0,2991.0,4246.0,4584.0,2114.0,2452.0,381.0,74.0,14.0,5.0,0.0,0.0,0.0,0.0,0.0,0.0,0.0,0.0,0.0,0.0,0.0,0.0,0.0,0.0,0.0,0.0,0.0,0.0,0.0,0.0
39.8086458333,107770.0,17855.0,6.03584430132,729.0,64440.0,87.0,6.0,1056.0,3090.0,4158.0,4477.0,2051.0,2526.0,398.0,73.0,19.0,7.0,0.0,0.0,0.0,0.0,0.0,0.0,0.0,0.0,0.0,0.0,0.0,0.0,0.0,0.0,0.0,0.0,0.0,0.0,0.0,0.0
39.8107291667,106049.0,17858.0,5.93845895397,733.0,64444.0,84.0,7.0,1003.0,3169.0,4214.0,4557.0,2016.0,2430.0,369.0,73.0,17.0,10.0,0.0,0.0,0.0,0.0,0.0,0.0,0.0,0.0,0.0,0.0,0.0,0.0,0.0,0.0,0.0,0.0,0.0,0.0,0.0,0.0
39.8128125,106532.0,17855.0,5.96650798096,729.0,64441.0,88.0,7.0,1023.0,3078.0,4143.0,4606.0,2063.0,2467.0,371.0,83.0,14.0,7.0,0.0,0.0,0.0,0.0,0.0,0.0,0.0,0.0,0.0,0.0,0.0,0.0,0.0,0.0,0.0,0.0,0.0,0.0,0.0,0.0
39.8148958333,101907.0,17853.0,5.70811628298,733.0,64444.0,88.0,3.0,1013.0,3163.0,4214.0,4655.0,1946.0,2432.0,342.0,78.0,10.0,0.0,0.0,0.0,0.0,0.0,0.0,0.0,0.0,0.0,0.0,0.0,0.0,0.0,0.0,0.0,0.0,0.0,0.0,0.0,0.0,0.0
39.8169791667,107313.0,17854.0,6.01058586311,729.0,64441.0,86.0,7.0,958.0,3049.0,4192.0,4660.0,2017.0,2509.0,365.0,81.0,14.0,9.0,0.0,0.0,0.0,0.0,0.0,0.0,0.0,0.0,0.0,0.0,0.0,0.0,0.0,0.0,0.0,0.0,0.0,0.0,0.0,0.0
39.8190625,106176.0,17846.0,5.94956853076,732.0,64441.0,86.0,9.0,995.0,3152.0,4132.0,4620.0,2029.0,2449.0,352.0,88.0,27.0,2.0,0.0,0.0,0.0,0.0,0.0,0.0,0.0,0.0,0.0,0.0,0.0,0.0,0.0,0.0,0.0,0.0,0.0,0.0,0.0,0.0
39.8211458333,103771.0,17849.0,5.81382710516,733.0,64444.0,84.0,3.0,1006.0,3159.0,4216.0,4663.0,1919.0,2450.0,325.0,94.0,14.0,3.0,0.0,0.0,0.0,0.0,0.0,0.0,0.0,0.0,0.0,0.0,0.0,0.0,0.0,0.0,0.0,0.0,0.0,0.0,0.0,0.0
39.8232291667,103792.0,17855.0,5.81304956595,733.0,64446.0,81.0,7.0,1002.0,3206.0,4283.0,4487.0,2015.0,2428.0,341.0,72.0,14.0,7.0,0.0,0.0,0.0,0.0,0.0,0.0,0.0,0.0,0.0,0.0,0.0,0.0,0.0,0.0,0.0,0.0,0.0,0.0,0.0,0.0
39.8253125,101811.0,17856.0,5.70178091398,732.0,64444.0,87.0,6.0,1047.0,3259.0,4236.0,4580.0,2016.0,2259.0,363.0,71.0,24.0,1.0,0.0,0.0,0.0,0.0,0.0,0.0,0.0,0.0,0.0,0.0,0.0,0.0,0.0,0.0,0.0,0.0,0.0,0.0,0.0,0.0
39.8273958333,104980.0,17855.0,5.87958555027,730.0,64443.0,86.0,9.0,1034.0,3220.0,4198.0,4525.0,2004.0,2408.0,357.0,83.0,21.0,5.0,0.0,0.0,0.0,0.0,0.0,0.0,0.0,0.0,0.0,0.0,0.0,0.0,0.0,0.0,0.0,0.0,0.0,0.0,0.0,0.0
39.8294791667,104346.0,17855.0,5.84407728927,730.0,64440.0,87.0,3.0,1048.0,3194.0,4280.0,4626.0,1925.0,2356.0,304.0,88.0,24.0,10.0,0.0,0.0,0.0,0.0,0.0,0.0,0.0,0.0,0.0,0.0,0.0,0.0,0.0,0.0,0.0,0.0,0.0,0.0,0.0,0.0
39.8315625,104536.0,17856.0,5.854390681,732.0,64444.0,83.0,6.0,1046.0,3096.0,4274.0,4685.0,1915.0,2385.0,358.0,74.0,13.0,9.0,1.0,0.0,0.0,0.0,0.0,0.0,0.0,0.0,0.0,0.0,0.0,0.0,0.0,0.0,0.0,0.0,0.0,0.0,0.0,0.0
39.8336458333,103405.0,17862.0,5.78910536334,733.0,64444.0,83.0,7.0,1021.0,3197.0,4200.0,4690.0,1963.0,2316.0,382.0,72.0,15.0,6.0,0.0,0.0,0.0,0.0,0.0,0.0,0.0,0.0,0.0,0.0,0.0,0.0,0.0,0.0,0.0,0.0,0.0,0.0,0.0,0.0
39.8357291667,104105.0,17859.0,5.82927375553,732.0,64444.0,83.0,7.0,1015.0,3239.0,4209.0,4500.0,2006.0,2470.0,326.0,72.0,14.0,8.0,0.0,0.0,0.0,0.0,0.0,0.0,0.0,0.0,0.0,0.0,0.0,0.0,0.0,0.0,0.0,0.0,0.0,0.0,0.0,0.0
39.8378125,99173.0,17856.0,5.55404345878,732.0,64442.0,88.0,6.0,1078.0,3281.0,4232.0,4601.0,2026.0,2221.0,332.0,68.0,16.0,1.0,0.0,0.0,0.0,0.0,0.0,0.0,0.0,0.0,0.0,0.0,0.0,0.0,0.0,0.0,0.0,0.0,0.0,0.0,0.0,0.0
39.8398958333,101168.0,17864.0,5.66323331841,732.0,64444.0,86.0,6.0,1094.0,3342.0,4257.0,4572.0,1898.0,2244.0,361.0,75.0,14.0,7.0,0.0,0.0,0.0,0.0,0.0,0.0,0.0,0.0,0.0,0.0,0.0,0.0,0.0,0.0,0.0,0.0,0.0,0.0,0.0,0.0
39.8419791667,100799.0,17864.0,5.64257725034,727.0,64440.0,87.0,8.0,1107.0,3379.0,4298.0,4502.0,1882.0,2209.0,386.0,82.0,16.0,3.0,0.0,0.0,0.0,0.0,0.0,0.0,0.0,0.0,0.0,0.0,0.0,0.0,0.0,0.0,0.0,0.0,0.0,0.0,0.0,0.0
39.8440625,98368.0,17863.0,5.50680176902,730.0,64440.0,88.0,3.0,1167.0,3386.0,4249.0,4583.0,1861.0,2209.0,304.0,84.0,18.0,2.0,0.0,0.0,0.0,0.0,0.0,0.0,0.0,0.0,0.0,0.0,0.0,0.0,0.0,0.0,0.0,0.0,0.0,0.0,0.0,0.0
39.8461458333,98274.0,17862.0,5.50184749748,733.0,64444.0,81.0,7.0,1140.0,3446.0,4412.0,4389.0,1916.0,2158.0,303.0,71.0,20.0,7.0,0.0,0.0,0.0,0.0,0.0,0.0,0.0,0.0,0.0,0.0,0.0,0.0,0.0,0.0,0.0,0.0,0.0,0.0,0.0,0.0
39.8482291667,96051.0,17860.0,5.37799552072,733.0,64446.0,83.0,7.0,1185.0,3349.0,4301.0,4677.0,1760.0,2185.0,327.0,62.0,13.0,1.0,0.0,0.0,0.0,0.0,0.0,0.0,0.0,0.0,0.0,0.0,0.0,0.0,0.0,0.0,0.0,0.0,0.0,0.0,0.0,0.0
39.8503125,99488.0,17860.0,5.57043673012,733.0,64444.0,84.0,8.0,1165.0,3426.0,4147.0,4654.0,1870.0,2155.0,352.0,66.0,17.0,8.0,0.0,0.0,0.0,0.0,0.0,0.0,0.0,0.0,0.0,0.0,0.0,0.0,0.0,0.0,0.0,0.0,0.0,0.0,0.0,0.0
39.8523958333,100165.0,17861.0,5.60802866581,732.0,64440.0,88.0,7.0,1149.0,3401.0,4214.0,4550.0,1859.0,2262.0,322.0,81.0,18.0,5.0,0.0,0.0,0.0,0.0,0.0,0.0,0.0,0.0,0.0,0.0,0.0,0.0,0.0,0.0,0.0,0.0,0.0,0.0,0.0,0.0
39.8544791667,101722.0,17854.0,5.69743474852,732.0,64443.0,86.0,6.0,1212.0,3362.0,4248.0,4456.0,1873.0,2242.0,354.0,78.0,20.0,9.0,0.0,0.0,0.0,0.0,0.0,0.0,0.0,0.0,0.0,0.0,0.0,0.0,0.0,0.0,0.0,0.0,0.0,0.0,0.0,0.0
39.8565625,96110.0,17852.0,5.38371050863,733.0,64447.0,83.0,7.0,1187.0,3492.0,4439.0,4405.0,1815.0,2121.0,304.0,66.0,17.0,6.0,0.0,0.0,0.0,0.0,0.0,0.0,0.0,0.0,0.0,0.0,0.0,0.0,0.0,0.0,0.0,0.0,0.0,0.0,0.0,0.0
39.8586458333,94736.0,17854.0,5.30614988238,732.0,64441.0,84.0,9.0,1216.0,3516.0,4408.0,4473.0,1762.0,2083.0,300.0,81.0,12.0,3.0,0.0,0.0,0.0,0.0,0.0,0.0,0.0,0.0,0.0,0.0,0.0,0.0,0.0,0.0,0.0,0.0,0.0,0.0,0.0,0.0
39.8607291667,96563.0,17852.0,5.40908581672,730.0,64443.0,88.0,7.0,1206.0,3533.0,4309.0,4489.0,1797.0,2109.0,307.0,81.0,16.0,5.0,0.0,0.0,0.0,0.0,0.0,0.0,0.0,0.0,0.0,0.0,0.0,0.0,0.0,0.0,0.0,0.0,0.0,0.0,0.0,0.0
39.8628125,94947.0,17851.0,5.31886168842,733.0,64444.0,87.0,7.0,1203.0,3565.0,4349.0,4445.0,1847.0,2057.0,290.0,76.0,14.0,5.0,0.0,0.0,0.0,0.0,0.0,0.0,0.0,0.0,0.0,0.0,0.0,0.0,0.0,0.0,0.0,0.0,0.0,0.0,0.0,0.0
39.8648958333,96310.0,17851.0,5.39521595429,733.0,64444.0,86.0,7.0,1247.0,3552.0,4331.0,4446.0,1753.0,2134.0,289.0,75.0,16.0,8.0,0.0,0.0,0.0,0.0,0.0,0.0,0.0,0.0,0.0,0.0,0.0,0.0,0.0,0.0,0.0,0.0,0.0,0.0,0.0,0.0
39.8669791667,94354.0,17853.0,5.28505013163,732.0,64447.0,86.0,7.0,1229.0,3500.0,4323.0,4496.0,1898.0,2005.0,308.0,83.0,8.0,3.0,0.0,0.0,0.0,0.0,0.0,0.0,0.0,0.0,0.0,0.0,0.0,0.0,0.0,0.0,0.0,0.0,0.0,0.0,0.0,0.0
39.8690625,97650.0,17848.0,5.47120125504,732.0,64440.0,83.0,14.0,1188.0,3436.0,4339.0,4530.0,1837.0,2093.0,325.0,74.0,20.0,6.0,0.0,0.0,0.0,0.0,0.0,0.0,0.0,0.0,0.0,0.0,0.0,0.0,0.0,0.0,0.0,0.0,0.0,0.0,0.0,0.0
39.8711458333,95063.0,17848.0,5.32625504258,732.0,64441.0,88.0,6.0,1222.0,3549.0,4391.0,4447.0,1776.0,2065.0,307.0,67.0,20.0,4.0,0.0,0.0,0.0,0.0,0.0,0.0,0.0,0.0,0.0,0.0,0.0,0.0,0.0,0.0,0.0,0.0,0.0,0.0,0.0,0.0
39.8732291667,95035.0,17848.0,5.32468623935,732.0,64441.0,83.0,4.0,1310.0,3441.0,4353.0,4442.0,1832.0,2072.0,315.0,65.0,12.0,6.0,0.0,0.0,0.0,0.0,0.0,0.0,0.0,0.0,0.0,0.0,0.0,0.0,0.0,0.0,0.0,0.0,0.0,0.0,0.0,0.0
39.8753125,95126.0,17849.0,5.32948624573,733.0,64444.0,84.0,7.0,1320.0,3520.0,4371.0,4480.0,1724.0,2053.0,284.0,68.0,20.0,9.0,0.0,0.0,0.0,0.0,0.0,0.0,0.0,0.0,0.0,0.0,0.0,0.0,0.0,0.0,0.0,0.0,0.0,0.0,0.0,0.0
39.8773958333,92550.0,17850.0,5.18487394958,727.0,64441.0,87.0,7.0,1269.0,3696.0,4427.0,4450.0,1653.0,1977.0,296.0,57.0,17.0,8.0,0.0,0.0,0.0,0.0,0.0,0.0,0.0,0.0,0.0,0.0,0.0,0.0,0.0,0.0,0.0,0.0,0.0,0.0,0.0,0.0
39.8794791667,91024.0,17850.0,5.0993837535,732.0,64438.0,94.0,4.0,1329.0,3646.0,4257.0,4564.0,1726.0,1985.0,254.0,78.0,7.0,4.0,0.0,0.0,0.0,0.0,0.0,0.0,0.0,0.0,0.0,0.0,0.0,0.0,0.0,0.0,0.0,0.0,0.0,0.0,0.0,0.0
39.8815625,95162.0,17849.0,5.33150316544,733.0,64440.0,88.0,8.0,1287.0,3702.0,4314.0,4244.0,1780.0,2142.0,276.0,85.0,14.0,5.0,0.0,0.0,0.0,0.0,0.0,0.0,0.0,0.0,0.0,0.0,0.0,0.0,0.0,0.0,0.0,0.0,0.0,0.0,0.0,0.0
39.8836458333,92087.0,17846.0,5.16009189734,732.0,64440.0,84.0,3.0,1307.0,3663.0,4392.0,4358.0,1740.0,1990.0,308.0,77.0,9.0,2.0,0.0,0.0,0.0,0.0,0.0,0.0,0.0,0.0,0.0,0.0,0.0,0.0,0.0,0.0,0.0,0.0,0.0,0.0,0.0,0.0
39.8857291667,91301.0,17846.0,5.11604841421,732.0,64440.0,87.0,8.0,1317.0,3793.0,4328.0,4381.0,1734.0,1936.0,267.0,64.0,22.0,4.0,0.0,0.0,0.0,0.0,0.0,0.0,0.0,0.0,0.0,0.0,0.0,0.0,0.0,0.0,0.0,0.0,0.0,0.0,0.0,0.0
39.8878125,94373.0,17853.0,5.28611437854,733.0,64443.0,83.0,7.0,1412.0,3705.0,4404.0,4327.0,1673.0,1924.0,295.0,77.0,25.0,11.0,0.0,0.0,0.0,0.0,0.0,0.0,0.0,0.0,0.0,0.0,0.0,0.0,0.0,0.0,0.0,0.0,0.0,0.0,0.0,0.0
39.8898958333,91544.0,17856.0,5.1267921147,729.0,64440.0,88.0,8.0,1493.0,3798.0,4315.0,4315.0,1680.0,1886.0,256.0,83.0,23.0,7.0,0.0,0.0,0.0,0.0,0.0,0.0,0.0,0.0,0.0,0.0,0.0,0.0,0.0,0.0,0.0,0.0,0.0,0.0,0.0,0.0
39.8919791667,91516.0,17858.0,5.1246500168,733.0,64441.0,87.0,12.0,1447.0,3854.0,4331.0,4258.0,1688.0,1927.0,247.0,74.0,25.0,7.0,0.0,0.0,0.0,0.0,0.0,0.0,0.0,0.0,0.0,0.0,0.0,0.0,0.0,0.0,0.0,0.0,0.0,0.0,0.0,0.0
39.8940625,90333.0,17855.0,5.05925511061,730.0,64440.0,86.0,7.0,1441.0,3839.0,4311.0,4322.0,1683.0,1897.0,274.0,65.0,16.0,7.0,0.0,0.0,0.0,0.0,0.0,0.0,0.0,0.0,0.0,0.0,0.0,0.0,0.0,0.0,0.0,0.0,0.0,0.0,0.0,0.0
39.8961458333,88250.0,17852.0,4.94342370603,730.0,64440.0,88.0,4.0,1457.0,3804.0,4433.0,4283.0,1684.0,1835.0,270.0,69.0,14.0,3.0,0.0,0.0,0.0,0.0,0.0,0.0,0.0,0.0,0.0,0.0,0.0,0.0,0.0,0.0,0.0,0.0,0.0,0.0,0.0,0.0
39.9023958333,88035.0,17846.0,4.93303821585,729.0,64440.0,87.0,9.0,1475.0,4055.0,4324.0,4165.0,1692.0,1793.0,246.0,66.0,26.0,4.0,0.0,0.0,0.0,0.0,0.0,0.0,0.0,0.0,0.0,0.0,0.0,0.0,0.0,0.0,0.0,0.0,0.0,0.0,0.0,0.0
39.9044791667,91725.0,17848.0,5.13923128642,732.0,64443.0,88.0,7.0,1526.0,3833.0,4300.0,4223.0,1710.0,1859.0,281.0,88.0,22.0,6.0,0.0,0.0,0.0,0.0,0.0,0.0,0.0,0.0,0.0,0.0,0.0,0.0,0.0,0.0,0.0,0.0,0.0,0.0,0.0,0.0
39.9065625,86813.0,17846.0,4.86456348762,732.0,64444.0,88.0,6.0,1623.0,4035.0,4243.0,4171.0,1569.0,1862.0,265.0,54.0,22.0,2.0,0.0,0.0,0.0,0.0,0.0,0.0,0.0,0.0,0.0,0.0,0.0,0.0,0.0,0.0,0.0,0.0,0.0,0.0,0.0,0.0
39.9086458333,89429.0,17852.0,5.00946672642,729.0,64444.0,86.0,12.0,1566.0,3993.0,4266.0,4162.0,1658.0,1847.0,263.0,67.0,23.0,7.0,0.0,0.0,0.0,0.0,0.0,0.0,0.0,0.0,0.0,0.0,0.0,0.0,0.0,0.0,0.0,0.0,0.0,0.0,0.0,0.0
39.9107291667,87511.0,17854.0,4.90147866024,732.0,64440.0,86.0,7.0,1554.0,4009.0,4271.0,4268.0,1640.0,1758.0,260.0,66.0,24.0,4.0,0.0,0.0,0.0,0.0,0.0,0.0,0.0,0.0,0.0,0.0,0.0,0.0,0.0,0.0,0.0,0.0,0.0,0.0,0.0,0.0
39.9128125,86012.0,17847.0,4.81940942455,733.0,64444.0,87.0,7.0,1593.0,3990.0,4263.0,4216.0,1681.0,1747.0,270.0,71.0,16.0,0.0,0.0,0.0,0.0,0.0,0.0,0.0,0.0,0.0,0.0,0.0,0.0,0.0,0.0,0.0,0.0,0.0,0.0,0.0,0.0,0.0
39.9148958333,88796.0,17849.0,4.97484452911,733.0,64448.0,83.0,7.0,1675.0,3940.0,4298.0,4155.0,1635.0,1770.0,280.0,67.0,19.0,10.0,0.0,0.0,0.0,0.0,0.0,0.0,0.0,0.0,0.0,0.0,0.0,0.0,0.0,0.0,0.0,0.0,0.0,0.0,0.0,0.0
39.9169791667,88499.0,17849.0,4.95820494145,733.0,64441.0,83.0,14.0,1560.0,4007.0,4300.0,4135.0,1623.0,1876.0,253.0,71.0,19.0,5.0,0.0,0.0,0.0,0.0,0.0,0.0,0.0,0.0,0.0,0.0,0.0,0.0,0.0,0.0,0.0,0.0,0.0,0.0,0.0,0.0
39.9190625,87864.0,17849.0,4.9226287187,732.0,64441.0,87.0,8.0,1638.0,4088.0,4134.0,4189.0,1684.0,1756.0,259.0,75.0,20.0,6.0,0.0,0.0,0.0,0.0,0.0,0.0,0.0,0.0,0.0,0.0,0.0,0.0,0.0,0.0,0.0,0.0,0.0,0.0,0.0,0.0
39.9211458333,88883.0,17854.0,4.97832418506,729.0,64441.0,88.0,9.0,1640.0,4173.0,4171.0,4064.0,1646.0,1796.0,257.0,70.0,31.0,6.0,0.0,0.0,0.0,0.0,0.0,0.0,0.0,0.0,0.0,0.0,0.0,0.0,0.0,0.0,0.0,0.0,0.0,0.0,0.0,0.0
39.9232291667,84535.0,17848.0,4.73638502913,732.0,64444.0,86.0,7.0,1712.0,4201.0,4213.0,4165.0,1566.0,1630.0,262.0,79.0,15.0,5.0,0.0,0.0,0.0,0.0,0.0,0.0,0.0,0.0,0.0,0.0,0.0,0.0,0.0,0.0,0.0,0.0,0.0,0.0,0.0,0.0
39.9253125,86433.0,17839.0,4.84517069342,727.0,64444.0,88.0,7.0,1676.0,4115.0,4189.0,4031.0,1625.0,1861.0,262.0,60.0,18.0,2.0,0.0,0.0,0.0,0.0,0.0,0.0,0.0,0.0,0.0,0.0,0.0,0.0,0.0,0.0,0.0,0.0,0.0,0.0,0.0,0.0
39.9273958333,86359.0,17846.0,4.83912361313,733.0,64447.0,86.0,6.0,1710.0,4203.0,4220.0,4005.0,1588.0,1762.0,253.0,80.0,22.0,3.0,0.0,0.0,0.0,0.0,0.0,0.0,0.0,0.0,0.0,0.0,0.0,0.0,0.0,0.0,0.0,0.0,0.0,0.0,0.0,0.0
39.9294791667,88373.0,17847.0,4.95170056592,727.0,64443.0,87.0,5.0,1775.0,4151.0,4231.0,3972.0,1610.0,1723.0,265.0,91.0,18.0,11.0,0.0,0.0,0.0,0.0,0.0,0.0,0.0,0.0,0.0,0.0,0.0,0.0,0.0,0.0,0.0,0.0,0.0,0.0,0.0,0.0
39.9315625,83774.0,17851.0,4.69295837768,730.0,64440.0,83.0,7.0,1749.0,4348.0,4025.0,4110.0,1537.0,1755.0,247.0,62.0,15.0,3.0,0.0,0.0,0.0,0.0,0.0,0.0,0.0,0.0,0.0,0.0,0.0,0.0,0.0,0.0,0.0,0.0,0.0,0.0,0.0,0.0
39.9336458333,83910.0,17846.0,4.70189398184,732.0,64440.0,86.0,7.0,1728.0,4168.0,4237.0,4115.0,1619.0,1664.0,212.0,84.0,14.0,5.0,0.0,0.0,0.0,0.0,0.0,0.0,0.0,0.0,0.0,0.0,0.0,0.0,0.0,0.0,0.0,0.0,0.0,0.0,0.0,0.0
39.9357291667,84906.0,17841.0,4.75903817051,727.0,64444.0,88.0,7.0,1730.0,4198.0,4266.0,3982.0,1571.0,1760.0,243.0,73.0,12.0,6.0,0.0,0.0,0.0,0.0,0.0,0.0,0.0,0.0,0.0,0.0,0.0,0.0,0.0,0.0,0.0,0.0,0.0,0.0,0.0,0.0
39.9378125,87102.0,17848.0,4.88021066786,729.0,64447.0,87.0,9.0,1612.0,4142.0,4272.0,4040.0,1668.0,1763.0,252.0,71.0,24.0,4.0,0.0,0.0,0.0,0.0,0.0,0.0,0.0,0.0,0.0,0.0,0.0,0.0,0.0,0.0,0.0,0.0,0.0,0.0,0.0,0.0
39.9398958333,86504.0,17845.0,4.84752031381,729.0,64443.0,84.0,8.0,1759.0,4128.0,4248.0,4000.0,1667.0,1698.0,239.0,78.0,19.0,9.0,0.0,0.0,0.0,0.0,0.0,0.0,0.0,0.0,0.0,0.0,0.0,0.0,0.0,0.0,0.0,0.0,0.0,0.0,0.0,0.0
39.9419791667,85778.0,17843.0,4.80737544135,729.0,64444.0,88.0,7.0,1677.0,4170.0,4154.0,4087.0,1643.0,1764.0,255.0,74.0,17.0,2.0,0.0,0.0,0.0,0.0,0.0,0.0,0.0,0.0,0.0,0.0,0.0,0.0,0.0,0.0,0.0,0.0,0.0,0.0,0.0,0.0
39.9440625,86884.0,17843.0,4.86936053354,730.0,64440.0,88.0,12.0,1735.0,4238.0,4093.0,4101.0,1619.0,1695.0,274.0,58.0,17.0,13.0,0.0,0.0,0.0,0.0,0.0,0.0,0.0,0.0,0.0,0.0,0.0,0.0,0.0,0.0,0.0,0.0,0.0,0.0,0.0,0.0
39.9461458333,85898.0,17849.0,4.81248249202,733.0,64440.0,88.0,6.0,1707.0,4186.0,4206.0,3999.0,1615.0,1776.0,273.0,69.0,14.0,4.0,0.0,0.0,0.0,0.0,0.0,0.0,0.0,0.0,0.0,0.0,0.0,0.0,0.0,0.0,0.0,0.0,0.0,0.0,0.0,0.0
39.9482291667,84155.0,17842.0,4.71667974442,732.0,64440.0,87.0,7.0,1734.0,4283.0,4182.0,3911.0,1671.0,1722.0,261.0,63.0,10.0,5.0,0.0,0.0,0.0,0.0,0.0,0.0,0.0,0.0,0.0,0.0,0.0,0.0,0.0,0.0,0.0,0.0,0.0,0.0,0.0,0.0
39.9503125,82951.0,17846.0,4.64815644962,732.0,64447.0,86.0,3.0,1817.0,4433.0,4063.0,3896.0,1573.0,1735.0,250.0,65.0,10.0,4.0,0.0,0.0,0.0,0.0,0.0,0.0,0.0,0.0,0.0,0.0,0.0,0.0,0.0,0.0,0.0,0.0,0.0,0.0,0.0,0.0
39.9523958333,85669.0,17847.0,4.80019050821,732.0,64441.0,84.0,9.0,1685.0,4277.0,4212.0,4018.0,1550.0,1755.0,247.0,85.0,12.0,6.0,0.0,0.0,0.0,0.0,0.0,0.0,0.0,0.0,0.0,0.0,0.0,0.0,0.0,0.0,0.0,0.0,0.0,0.0,0.0,0.0
39.9544791667,85653.0,17847.0,4.79929399899,729.0,64440.0,88.0,6.0,1700.0,4201.0,4244.0,3999.0,1575.0,1775.0,259.0,76.0,14.0,4.0,0.0,0.0,0.0,0.0,0.0,0.0,0.0,0.0,0.0,0.0,0.0,0.0,0.0,0.0,0.0,0.0,0.0,0.0,0.0,0.0
39.9565625,87483.0,17843.0,4.90293112145,733.0,64443.0,88.0,65535.0,1781.0,4175.0,4204.0,3941.0,1584.0,1790.0,271.0,69.0,19.0,9.0,0.0,0.0,0.0,0.0,0.0,0.0,0.0,0.0,0.0,0.0,0.0,0.0,0.0,0.0,0.0,0.0,0.0,0.0,0.0,0.0
39.9586458333,88978.0,17844.0,4.98643801838,732.0,64446.0,87.0,6.0,1766.0,4230.0,4210.0,3836.0,1617.0,1809.0,269.0,70.0,27.0,10.0,0.0,0.0,0.0,0.0,0.0,0.0,0.0,0.0,0.0,0.0,0.0,0.0,0.0,0.0,0.0,0.0,0.0,0.0,0.0,0.0
39.9607291667,84732.0,17846.0,4.74795472375,727.0,64442.0,83.0,12.0,1701.0,4184.0,4308.0,4005.0,1597.0,1702.0,263.0,67.0,13.0,6.0,0.0,0.0,0.0,0.0,0.0,0.0,0.0,0.0,0.0,0.0,0.0,0.0,0.0,0.0,0.0,0.0,0.0,0.0,0.0,0.0
39.9628125,86381.0,17849.0,4.83954283153,727.0,64443.0,88.0,7.0,1839.0,4205.0,4116.0,3922.0,1642.0,1760.0,268.0,71.0,22.0,4.0,0.0,0.0,0.0,0.0,0.0,0.0,0.0,0.0,0.0,0.0,0.0,0.0,0.0,0.0,0.0,0.0,0.0,0.0,0.0,0.0
39.9648958333,85436.0,17849.0,4.786598689,730.0,64440.0,88.0,7.0,1778.0,4242.0,4137.0,3938.0,1644.0,1747.0,270.0,76.0,14.0,3.0,0.0,0.0,0.0,0.0,0.0,0.0,0.0,0.0,0.0,0.0,0.0,0.0,0.0,0.0,0.0,0.0,0.0,0.0,0.0,0.0
39.9669791667,83536.0,17845.0,4.68119921547,732.0,64440.0,87.0,6.0,1653.0,4332.0,4184.0,3987.0,1661.0,1668.0,270.0,82.0,8.0,0.0,0.0,0.0,0.0,0.0,0.0,0.0,0.0,0.0,0.0,0.0,0.0,0.0,0.0,0.0,0.0,0.0,0.0,0.0,0.0,0.0
39.9690625,88043.0,17848.0,4.93293366203,732.0,64444.0,84.0,7.0,1694.0,4249.0,4289.0,3782.0,1659.0,1800.0,281.0,65.0,20.0,9.0,0.0,0.0,0.0,0.0,0.0,0.0,0.0,0.0,0.0,0.0,0.0,0.0,0.0,0.0,0.0,0.0,0.0,0.0,0.0,0.0
39.9711458333,86265.0,17848.0,4.8333146571,730.0,64443.0,87.0,6.0,1730.0,4223.0,4301.0,3916.0,1620.0,1699.0,255.0,78.0,17.0,9.0,0.0,0.0,0.0,0.0,0.0,0.0,0.0,0.0,0.0,0.0,0.0,0.0,0.0,0.0,0.0,0.0,0.0,0.0,0.0,0.0
39.9732291667,86573.0,17839.0,4.85301866697,730.0,64440.0,86.0,8.0,1813.0,4307.0,4115.0,3867.0,1613.0,1748.0,277.0,72.0,21.0,6.0,0.0,0.0,0.0,0.0,0.0,0.0,0.0,0.0,0.0,0.0,0.0,0.0,0.0,0.0,0.0,0.0,0.0,0.0,0.0,0.0
39.9753125,85328.0,17841.0,4.78269155316,730.0,64438.0,92.0,6.0,1762.0,4282.0,4271.0,3792.0,1637.0,1747.0,257.0,74.0,12.0,7.0,0.0,0.0,0.0,0.0,0.0,0.0,0.0,0.0,0.0,0.0,0.0,0.0,0.0,0.0,0.0,0.0,0.0,0.0,0.0,0.0
39.9773958333,86733.0,17844.0,4.86062542031,729.0,64443.0,84.0,8.0,1753.0,4397.0,4174.0,3839.0,1613.0,1698.0,258.0,83.0,19.0,10.0,0.0,0.0,0.0,0.0,0.0,0.0,0.0,0.0,0.0,0.0,0.0,0.0,0.0,0.0,0.0,0.0,0.0,0.0,0.0,0.0
39.9794791667,85744.0,17840.0,4.80627802691,723.0,64441.0,86.0,6.0,1820.0,4336.0,4126.0,3817.0,1614.0,1759.0,270.0,82.0,9.0,7.0,0.0,0.0,0.0,0.0,0.0,0.0,0.0,0.0,0.0,0.0,0.0,0.0,0.0,0.0,0.0,0.0,0.0,0.0,0.0,0.0
39.9815625,86282.0,17846.0,4.83480892077,727.0,64441.0,87.0,11.0,1793.0,4224.0,4127.0,3921.0,1665.0,1768.0,258.0,61.0,24.0,5.0,0.0,0.0,0.0,0.0,0.0,0.0,0.0,0.0,0.0,0.0,0.0,0.0,0.0,0.0,0.0,0.0,0.0,0.0,0.0,0.0
39.9836458333,86109.0,17846.0,4.82511487168,730.0,64441.0,88.0,8.0,1753.0,4291.0,4173.0,3804.0,1680.0,1781.0,276.0,65.0,20.0,3.0,0.0,0.0,0.0,0.0,0.0,0.0,0.0,0.0,0.0,0.0,0.0,0.0,0.0,0.0,0.0,0.0,0.0,0.0,0.0,0.0
39.9857291667,85659.0,17848.0,4.79936127297,730.0,64440.0,88.0,7.0,1803.0,4269.0,4171.0,3800.0,1665.0,1821.0,237.0,54.0,22.0,6.0,0.0,0.0,0.0,0.0,0.0,0.0,0.0,0.0,0.0,0.0,0.0,0.0,0.0,0.0,0.0,0.0,0.0,0.0,0.0,0.0
39.9878125,86110.0,17854.0,4.82300884956,727.0,64444.0,88.0,7.0,1788.0,4294.0,4108.0,3774.0,1725.0,1830.0,250.0,60.0,22.0,3.0,0.0,0.0,0.0,0.0,0.0,0.0,0.0,0.0,0.0,0.0,0.0,0.0,0.0,0.0,0.0,0.0,0.0,0.0,0.0,0.0
39.9898958333,88216.0,17849.0,4.94234971147,732.0,64444.0,88.0,9.0,1795.0,4168.0,4140.0,3786.0,1760.0,1833.0,276.0,67.0,16.0,8.0,0.0,0.0,0.0,0.0,0.0,0.0,0.0,0.0,0.0,0.0,0.0,0.0,0.0,0.0,0.0,0.0,0.0,0.0,0.0,0.0
39.9919791667,85918.0,17852.0,4.8127940847,727.0,64440.0,86.0,15.0,1808.0,4408.0,4085.0,3701.0,1673.0,1812.0,265.0,82.0,17.0,1.0,0.0,0.0,0.0,0.0,0.0,0.0,0.0,0.0,0.0,0.0,0.0,0.0,0.0,0.0,0.0,0.0,0.0,0.0,0.0,0.0
39.9940625,85232.0,17852.0,4.7743670177,727.0,64447.0,87.0,6.0,1822.0,4336.0,4102.0,3711.0,1687.0,1848.0,264.0,67.0,14.0,1.0,0.0,0.0,0.0,0.0,0.0,0.0,0.0,0.0,0.0,0.0,0.0,0.0,0.0,0.0,0.0,0.0,0.0,0.0,0.0,0.0
39.9961458333,84978.0,17849.0,4.76093898818,732.0,64440.0,87.0,7.0,1832.0,4376.0,4059.0,3679.0,1711.0,1863.0,250.0,64.0,13.0,2.0,0.0,0.0,0.0,0.0,0.0,0.0,0.0,0.0,0.0,0.0,0.0,0.0,0.0,0.0,0.0,0.0,0.0,0.0,0.0,0.0
39.9982291667,85618.0,17847.0,4.79733288508,727.0,64440.0,87.0,6.0,1817.0,4316.0,4121.0,3709.0,1694.0,1842.0,265.0,69.0,10.0,4.0,0.0,0.0,0.0,0.0,0.0,0.0,0.0,0.0,0.0,0.0,0.0,0.0,0.0,0.0,0.0,0.0,0.0,0.0,0.0,0.0
40.0003125,84971.0,17848.0,4.76081353653,729.0,64444.0,86.0,6.0,1857.0,4209.0,4163.0,3813.0,1684.0,1750.0,287.0,72.0,11.0,2.0,0.0,0.0,0.0,0.0,0.0,0.0,0.0,0.0,0.0,0.0,0.0,0.0,0.0,0.0,0.0,0.0,0.0,0.0,0.0,0.0
40.0023958333,89264.0,17849.0,5.00106448541,727.0,64443.0,87.0,7.0,1707.0,4150.0,4261.0,3740.0,1766.0,1843.0,283.0,74.0,17.0,8.0,0.0,0.0,0.0,0.0,0.0,0.0,0.0,0.0,0.0,0.0,0.0,0.0,0.0,0.0,0.0,0.0,0.0,0.0,0.0,0.0
40.0044791667,86732.0,17852.0,4.85839121667,727.0,64440.0,89.0,6.0,1858.0,4266.0,4105.0,3676.0,1774.0,1801.0,281.0,72.0,15.0,4.0,0.0,0.0,0.0,0.0,0.0,0.0,0.0,0.0,0.0,0.0,0.0,0.0,0.0,0.0,0.0,0.0,0.0,0.0,0.0,0.0
40.0065625,87526.0,17847.0,4.90424160923,724.0,64447.0,88.0,3.0,1758.0,4166.0,4062.0,3825.0,1814.0,1871.0,272.0,60.0,15.0,4.0,0.0,0.0,0.0,0.0,0.0,0.0,0.0,0.0,0.0,0.0,0.0,0.0,0.0,0.0,0.0,0.0,0.0,0.0,0.0,0.0
40.0086458333,88705.0,17844.0,4.97113875813,727.0,64444.0,88.0,7.0,1790.0,4285.0,4080.0,3611.0,1843.0,1842.0,290.0,84.0,15.0,4.0,0.0,0.0,0.0,0.0,0.0,0.0,0.0,0.0,0.0,0.0,0.0,0.0,0.0,0.0,0.0,0.0,0.0,0.0,0.0,0.0
40.0107291667,87523.0,17847.0,4.90407351376,727.0,64443.0,87.0,8.0,1828.0,4265.0,4089.0,3698.0,1752.0,1854.0,263.0,78.0,15.0,5.0,0.0,0.0,0.0,0.0,0.0,0.0,0.0,0.0,0.0,0.0,0.0,0.0,0.0,0.0,0.0,0.0,0.0,0.0,0.0,0.0
40.0128125,87615.0,17845.0,4.90977864948,727.0,64440.0,88.0,7.0,1741.0,4095.0,4148.0,3856.0,1823.0,1796.0,303.0,66.0,14.0,3.0,0.0,0.0,0.0,0.0,0.0,0.0,0.0,0.0,0.0,0.0,0.0,0.0,0.0,0.0,0.0,0.0,0.0,0.0,0.0,0.0
40.0148958333,88709.0,17846.0,4.97080578281,729.0,64446.0,88.0,6.0,1733.0,4119.0,4275.0,3692.0,1791.0,1864.0,279.0,72.0,14.0,7.0,0.0,0.0,0.0,0.0,0.0,0.0,0.0,0.0,0.0,0.0,0.0,0.0,0.0,0.0,0.0,0.0,0.0,0.0,0.0,0.0
40.0169791667,87685.0,17851.0,4.91204974511,727.0,64440.0,86.0,7.0,1812.0,4227.0,3997.0,3698.0,1888.0,1876.0,276.0,61.0,10.0,6.0,0.0,0.0,0.0,0.0,0.0,0.0,0.0,0.0,0.0,0.0,0.0,0.0,0.0,0.0,0.0,0.0,0.0,0.0,0.0,0.0
40.0190625,88590.0,17848.0,4.96358135365,727.0,64443.0,88.0,7.0,1771.0,4220.0,4075.0,3603.0,1910.0,1942.0,243.0,62.0,15.0,7.0,0.0,0.0,0.0,0.0,0.0,0.0,0.0,0.0,0.0,0.0,0.0,0.0,0.0,0.0,0.0,0.0,0.0,0.0,0.0,0.0
40.0211458333,91033.0,17845.0,5.10131689549,727.0,64443.0,86.0,9.0,1789.0,4271.0,4051.0,3559.0,1823.0,1963.0,302.0,57.0,20.0,10.0,0.0,0.0,0.0,0.0,0.0,0.0,0.0,0.0,0.0,0.0,0.0,0.0,0.0,0.0,0.0,0.0,0.0,0.0,0.0,0.0
40.0232291667,89187.0,17839.0,4.99955154437,729.0,64441.0,88.0,3.0,1783.0,4131.0,4088.0,3672.0,1888.0,1893.0,307.0,61.0,8.0,8.0,0.0,0.0,0.0,0.0,0.0,0.0,0.0,0.0,0.0,0.0,0.0,0.0,0.0,0.0,0.0,0.0,0.0,0.0,0.0,0.0
40.0253125,91319.0,17846.0,5.1170570436,727.0,64439.0,87.0,9.0,1699.0,4199.0,4084.0,3630.0,1888.0,1931.0,318.0,75.0,17.0,5.0,0.0,0.0,0.0,0.0,0.0,0.0,0.0,0.0,0.0,0.0,0.0,0.0,0.0,0.0,0.0,0.0,0.0,0.0,0.0,0.0
40.0273958333,90963.0,17848.0,5.09653742716,727.0,64441.0,89.0,3.0,1648.0,4169.0,4121.0,3772.0,1845.0,1912.0,286.0,62.0,27.0,6.0,0.0,0.0,0.0,0.0,0.0,0.0,0.0,0.0,0.0,0.0,0.0,0.0,0.0,0.0,0.0,0.0,0.0,0.0,0.0,0.0
40.0294791667,89686.0,17839.0,5.02752396435,726.0,64441.0,88.0,6.0,1743.0,4124.0,4181.0,3588.0,1898.0,1945.0,263.0,75.0,18.0,4.0,0.0,0.0,0.0,0.0,0.0,0.0,0.0,0.0,0.0,0.0,0.0,0.0,0.0,0.0,0.0,0.0,0.0,0.0,0.0,0.0
40.0315625,92597.0,17843.0,5.18954211736,727.0,64444.0,87.0,7.0,1710.0,4077.0,4082.0,3597.0,1960.0,2015.0,304.0,74.0,20.0,4.0,0.0,0.0,0.0,0.0,0.0,0.0,0.0,0.0,0.0,0.0,0.0,0.0,0.0,0.0,0.0,0.0,0.0,0.0,0.0,0.0
40.0336458333,92882.0,17834.0,5.20814175171,727.0,64441.0,87.0,8.0,1712.0,4034.0,4154.0,3575.0,1986.0,1981.0,291.0,74.0,18.0,9.0,0.0,0.0,0.0,0.0,0.0,0.0,0.0,0.0,0.0,0.0,0.0,0.0,0.0,0.0,0.0,0.0,0.0,0.0,0.0,0.0
40.0357291667,93625.0,17843.0,5.24715574735,727.0,64440.0,87.0,7.0,1687.0,4015.0,4083.0,3683.0,1929.0,2013.0,330.0,81.0,18.0,4.0,0.0,0.0,0.0,0.0,0.0,0.0,0.0,0.0,0.0,0.0,0.0,0.0,0.0,0.0,0.0,0.0,0.0,0.0,0.0,0.0
40.0378125,93454.0,17840.0,5.2384529148,726.0,64440.0,88.0,8.0,1717.0,4090.0,4008.0,3497.0,2046.0,2067.0,326.0,69.0,16.0,4.0,0.0,0.0,0.0,0.0,0.0,0.0,0.0,0.0,0.0,0.0,0.0,0.0,0.0,0.0,0.0,0.0,0.0,0.0,0.0,0.0
40.0398958333,93638.0,17844.0,5.24759022641,733.0,64444.0,88.0,8.0,1751.0,4074.0,4118.0,3492.0,1964.0,2058.0,285.0,72.0,21.0,9.0,0.0,0.0,0.0,0.0,0.0,0.0,0.0,0.0,0.0,0.0,0.0,0.0,0.0,0.0,0.0,0.0,0.0,0.0,0.0,0.0
40.0419791667,93372.0,17843.0,5.2329765174,727.0,64440.0,87.0,7.0,1660.0,4096.0,4028.0,3541.0,2090.0,1990.0,350.0,70.0,14.0,4.0,0.0,0.0,0.0,0.0,0.0,0.0,0.0,0.0,0.0,0.0,0.0,0.0,0.0,0.0,0.0,0.0,0.0,0.0,0.0,0.0
40.0440625,93684.0,17850.0,5.24840336134,727.0,64440.0,84.0,11.0,1729.0,4078.0,4073.0,3507.0,2011.0,2025.0,332.0,76.0,11.0,8.0,0.0,0.0,0.0,0.0,0.0,0.0,0.0,0.0,0.0,0.0,0.0,0.0,0.0,0.0,0.0,0.0,0.0,0.0,0.0,0.0
40.0461458333,96232.0,17842.0,5.39356574375,727.0,64440.0,87.0,8.0,1659.0,4088.0,4086.0,3355.0,2113.0,2131.0,305.0,67.0,33.0,5.0,0.0,0.0,0.0,0.0,0.0,0.0,0.0,0.0,0.0,0.0,0.0,0.0,0.0,0.0,0.0,0.0,0.0,0.0,0.0,0.0
40.0482291667,92831.0,17842.0,5.20294809999,727.0,64440.0,87.0,7.0,1658.0,4073.0,4251.0,3374.0,2065.0,2012.0,306.0,87.0,11.0,5.0,0.0,0.0,0.0,0.0,0.0,0.0,0.0,0.0,0.0,0.0,0.0,0.0,0.0,0.0,0.0,0.0,0.0,0.0,0.0,0.0
40.0503125,95031.0,17836.0,5.32804440458,727.0,64444.0,88.0,8.0,1666.0,4019.0,4064.0,3487.0,2119.0,2029.0,356.0,75.0,16.0,5.0,0.0,0.0,0.0,0.0,0.0,0.0,0.0,0.0,0.0,0.0,0.0,0.0,0.0,0.0,0.0,0.0,0.0,0.0,0.0,0.0
40.0523958333,92646.0,17842.0,5.19257930725,727.0,64441.0,88.0,6.0,1673.0,4120.0,4103.0,3428.0,2152.0,1967.0,302.0,75.0,17.0,5.0,0.0,0.0,0.0,0.0,0.0,0.0,0.0,0.0,0.0,0.0,0.0,0.0,0.0,0.0,0.0,0.0,0.0,0.0,0.0,0.0
40.0544791667,94871.0,17847.0,5.31579537177,727.0,64440.0,88.0,6.0,1673.0,4065.0,4121.0,3397.0,2072.0,2099.0,338.0,57.0,16.0,9.0,0.0,0.0,0.0,0.0,0.0,0.0,0.0,0.0,0.0,0.0,0.0,0.0,0.0,0.0,0.0,0.0,0.0,0.0,0.0,0.0
40.0565625,93805.0,17847.0,5.25606544517,723.0,64440.0,88.0,7.0,1721.0,4101.0,4182.0,3345.0,2085.0,1973.0,336.0,80.0,18.0,6.0,0.0,0.0,0.0,0.0,0.0,0.0,0.0,0.0,0.0,0.0,0.0,0.0,0.0,0.0,0.0,0.0,0.0,0.0,0.0,0.0
40.0586458333,93740.0,17840.0,5.25448430493,724.0,64440.0,89.0,7.0,1682.0,4112.0,4050.0,3386.0,2168.0,2025.0,326.0,70.0,16.0,5.0,0.0,0.0,0.0,0.0,0.0,0.0,0.0,0.0,0.0,0.0,0.0,0.0,0.0,0.0,0.0,0.0,0.0,0.0,0.0,0.0
40.0607291667,93294.0,17839.0,5.22977745389,727.0,64444.0,88.0,3.0,1654.0,4088.0,4095.0,3376.0,2117.0,2117.0,300.0,75.0,16.0,1.0,0.0,0.0,0.0,0.0,0.0,0.0,0.0,0.0,0.0,0.0,0.0,0.0,0.0,0.0,0.0,0.0,0.0,0.0,0.0,0.0
40.0628125,97405.0,17840.0,5.45992152466,724.0,64436.0,95.0,3.0,1594.0,4085.0,4030.0,3431.0,2210.0,2064.0,299.0,90.0,31.0,6.0,0.0,0.0,0.0,0.0,0.0,0.0,0.0,0.0,0.0,0.0,0.0,0.0,0.0,0.0,0.0,0.0,0.0,0.0,0.0,0.0
40.0691087963,98268.0,17839.0,5.50860474242,727.0,64444.0,88.0,7.0,1607.0,3858.0,4185.0,3424.0,2163.0,2150.0,355.0,69.0,18.0,10.0,0.0,0.0,0.0,0.0,0.0,0.0,0.0,0.0,0.0,0.0,0.0,0.0,0.0,0.0,0.0,0.0,0.0,0.0,0.0,0.0
40.0711921296,98449.0,17835.0,5.51998878609,726.0,64439.0,92.0,6.0,1564.0,3849.0,3994.0,3463.0,2363.0,2206.0,294.0,77.0,17.0,8.0,0.0,0.0,0.0,0.0,0.0,0.0,0.0,0.0,0.0,0.0,0.0,0.0,0.0,0.0,0.0,0.0,0.0,0.0,0.0,0.0
40.073275463,97797.0,17836.0,5.48312401884,727.0,64444.0,88.0,6.0,1581.0,3871.0,4009.0,3367.0,2419.0,2148.0,349.0,70.0,20.0,2.0,0.0,0.0,0.0,0.0,0.0,0.0,0.0,0.0,0.0,0.0,0.0,0.0,0.0,0.0,0.0,0.0,0.0,0.0,0.0,0.0
40.0753587963,99764.0,17838.0,5.59277945958,727.0,64441.0,89.0,3.0,1535.0,3938.0,3971.0,3287.0,2446.0,2224.0,334.0,83.0,12.0,8.0,0.0,0.0,0.0,0.0,0.0,0.0,0.0,0.0,0.0,0.0,0.0,0.0,0.0,0.0,0.0,0.0,0.0,0.0,0.0,0.0
40.0774421296,99373.0,17833.0,5.57242191443,724.0,64441.0,88.0,8.0,1601.0,3865.0,3996.0,3313.0,2409.0,2233.0,324.0,67.0,14.0,11.0,0.0,0.0,0.0,0.0,0.0,0.0,0.0,0.0,0.0,0.0,0.0,0.0,0.0,0.0,0.0,0.0,0.0,0.0,0.0,0.0
40.079525463,100417.0,17835.0,5.63033361368,726.0,64443.0,88.0,7.0,1567.0,4037.0,3926.0,3302.0,2347.0,2202.0,354.0,64.0,26.0,10.0,0.0,0.0,0.0,0.0,0.0,0.0,0.0,0.0,0.0,0.0,0.0,0.0,0.0,0.0,0.0,0.0,0.0,0.0,0.0,0.0
40.0816087963,98157.0,17846.0,5.50022413986,724.0,64440.0,88.0,7.0,1547.0,3841.0,4094.0,3338.0,2381.0,2256.0,293.0,73.0,18.0,5.0,0.0,0.0,0.0,0.0,0.0,0.0,0.0,0.0,0.0,0.0,0.0,0.0,0.0,0.0,0.0,0.0,0.0,0.0,0.0,0.0
40.0836921296,101664.0,17840.0,5.69865470852,723.0,64441.0,88.0,9.0,1554.0,3822.0,4041.0,3270.0,2373.0,2292.0,389.0,82.0,8.0,9.0,0.0,0.0,0.0,0.0,0.0,0.0,0.0,0.0,0.0,0.0,0.0,0.0,0.0,0.0,0.0,0.0,0.0,0.0,0.0,0.0
40.085775463,101784.0,17836.0,5.70666068625,726.0,64440.0,89.0,6.0,1447.0,3706.0,4061.0,3377.0,2406.0,2389.0,357.0,68.0,25.0,0.0,0.0,0.0,0.0,0.0,0.0,0.0,0.0,0.0,0.0,0.0,0.0,0.0,0.0,0.0,0.0,0.0,0.0,0.0,0.0,0.0
40.0878587963,102062.0,17835.0,5.7225679843,724.0,64444.0,86.0,7.0,1539.0,3700.0,4123.0,3243.0,2473.0,2295.0,353.0,80.0,25.0,4.0,0.0,0.0,0.0,0.0,0.0,0.0,0.0,0.0,0.0,0.0,0.0,0.0,0.0,0.0,0.0,0.0,0.0,0.0,0.0,0.0
40.0899421296,102639.0,17843.0,5.75233985316,727.0,64439.0,88.0,3.0,1503.0,3775.0,3914.0,3245.0,2573.0,2374.0,357.0,84.0,15.0,3.0,0.0,0.0,0.0,0.0,0.0,0.0,0.0,0.0,0.0,0.0,0.0,0.0,0.0,0.0,0.0,0.0,0.0,0.0,0.0,0.0
40.092025463,101965.0,17844.0,5.71424568482,726.0,64440.0,88.0,7.0,1491.0,3741.0,3980.0,3212.0,2635.0,2319.0,375.0,71.0,19.0,1.0,0.0,0.0,0.0,0.0,0.0,0.0,0.0,0.0,0.0,0.0,0.0,0.0,0.0,0.0,0.0,0.0,0.0,0.0,0.0,0.0
40.0941087963,105031.0,17841.0,5.88705790034,726.0,64440.0,89.0,6.0,1523.0,3661.0,3969.0,3184.0,2671.0,2352.0,380.0,75.0,15.0,11.0,0.0,0.0,0.0,0.0,0.0,0.0,0.0,0.0,0.0,0.0,0.0,0.0,0.0,0.0,0.0,0.0,0.0,0.0,0.0,0.0
40.0961921296,101578.0,17846.0,5.69191975793,726.0,64447.0,86.0,6.0,1540.0,3778.0,3990.0,3103.0,2648.0,2358.0,336.0,71.0,19.0,3.0,0.0,0.0,0.0,0.0,0.0,0.0,0.0,0.0,0.0,0.0,0.0,0.0,0.0,0.0,0.0,0.0,0.0,0.0,0.0,0.0
40.098275463,102010.0,17843.0,5.71708793364,726.0,64440.0,88.0,7.0,1476.0,3686.0,3978.0,3266.0,2629.0,2367.0,349.0,75.0,15.0,2.0,0.0,0.0,0.0,0.0,0.0,0.0,0.0,0.0,0.0,0.0,0.0,0.0,0.0,0.0,0.0,0.0,0.0,0.0,0.0,0.0
40.1003587963,104600.0,17832.0,5.86585912965,724.0,64440.0,89.0,7.0,1505.0,3586.0,3947.0,3112.0,2746.0,2499.0,351.0,63.0,19.0,4.0,0.0,0.0,0.0,0.0,0.0,0.0,0.0,0.0,0.0,0.0,0.0,0.0,0.0,0.0,0.0,0.0,0.0,0.0,0.0,0.0
40.1024421296,106962.0,17839.0,5.99596389932,726.0,64440.0,88.0,7.0,1384.0,3548.0,3985.0,3139.0,2759.0,2553.0,370.0,83.0,14.0,4.0,0.0,0.0,0.0,0.0,0.0,0.0,0.0,0.0,0.0,0.0,0.0,0.0,0.0,0.0,0.0,0.0,0.0,0.0,0.0,0.0
40.104525463,108704.0,17840.0,6.0932735426,724.0,64441.0,86.0,8.0,1427.0,3556.0,3938.0,3042.0,2894.0,2508.0,376.0,67.0,21.0,11.0,0.0,0.0,0.0,0.0,0.0,0.0,0.0,0.0,0.0,0.0,0.0,0.0,0.0,0.0,0.0,0.0,0.0,0.0,0.0,0.0
40.1066087963,110173.0,17840.0,6.17561659193,726.0,64440.0,91.0,65534.0,1423.0,3501.0,3790.0,3065.0,2928.0,2645.0,393.0,75.0,11.0,9.0,0.0,0.0,0.0,0.0,0.0,0.0,0.0,0.0,0.0,0.0,0.0,0.0,0.0,0.0,0.0,0.0,0.0,0.0,0.0,0.0
40.1086921296,109629.0,17833.0,6.14753546795,724.0,64444.0,92.0,7.0,1378.0,3535.0,3917.0,3019.0,2825.0,2660.0,403.0,73.0,19.0,4.0,0.0,0.0,0.0,0.0,0.0,0.0,0.0,0.0,0.0,0.0,0.0,0.0,0.0,0.0,0.0,0.0,0.0,0.0,0.0,0.0
40.110775463,109990.0,17837.0,6.16639569434,726.0,64440.0,95.0,7.0,1363.0,3440.0,3835.0,3164.0,2952.0,2565.0,428.0,69.0,15.0,6.0,0.0,0.0,0.0,0.0,0.0,0.0,0.0,0.0,0.0,0.0,0.0,0.0,0.0,0.0,0.0,0.0,0.0,0.0,0.0,0.0
40.1128587963,109795.0,17839.0,6.15477324962,723.0,64444.0,88.0,4.0,1377.0,3485.0,3871.0,3076.0,2951.0,2560.0,424.0,71.0,20.0,4.0,0.0,0.0,0.0,0.0,0.0,0.0,0.0,0.0,0.0,0.0,0.0,0.0,0.0,0.0,0.0,0.0,0.0,0.0,0.0,0.0
40.1149421296,110224.0,17834.0,6.18055399798,723.0,64443.0,88.0,11.0,1303.0,3474.0,3909.0,3129.0,2948.0,2557.0,417.0,68.0,25.0,4.0,0.0,0.0,0.0,0.0,0.0,0.0,0.0,0.0,0.0,0.0,0.0,0.0,0.0,0.0,0.0,0.0,0.0,0.0,0.0,0.0
40.117025463,110187.0,17843.0,6.17536288741,723.0,64440.0,86.0,14.0,1310.0,3477.0,3873.0,3223.0,2905.0,2557.0,405.0,68.0,14.0,11.0,0.0,0.0,0.0,0.0,0.0,0.0,0.0,0.0,0.0,0.0,0.0,0.0,0.0,0.0,0.0,0.0,0.0,0.0,0.0,0.0
40.1191087963,110689.0,17846.0,6.2024543315,723.0,64444.0,88.0,8.0,1326.0,3475.0,3819.0,3066.0,3028.0,2641.0,383.0,86.0,20.0,2.0,0.0,0.0,0.0,0.0,0.0,0.0,0.0,0.0,0.0,0.0,0.0,0.0,0.0,0.0,0.0,0.0,0.0,0.0,0.0,0.0
40.1211921296,108632.0,17845.0,6.08753152143,723.0,64440.0,88.0,8.0,1424.0,3524.0,3828.0,3077.0,2981.0,2525.0,391.0,71.0,18.0,6.0,0.0,0.0,0.0,0.0,0.0,0.0,0.0,0.0,0.0,0.0,0.0,0.0,0.0,0.0,0.0,0.0,0.0,0.0,0.0,0.0
40.123275463,113607.0,17842.0,6.36739154803,726.0,64441.0,87.0,8.0,1246.0,3301.0,3777.0,3150.0,3157.0,2678.0,433.0,82.0,13.0,5.0,0.0,0.0,0.0,0.0,0.0,0.0,0.0,0.0,0.0,0.0,0.0,0.0,0.0,0.0,0.0,0.0,0.0,0.0,0.0,0.0
40.1253587963,113641.0,17843.0,6.36894020064,723.0,64441.0,88.0,8.0,1230.0,3359.0,3803.0,3067.0,3187.0,2677.0,424.0,71.0,19.0,6.0,0.0,0.0,0.0,0.0,0.0,0.0,0.0,0.0,0.0,0.0,0.0,0.0,0.0,0.0,0.0,0.0,0.0,0.0,0.0,0.0
40.1274421296,114068.0,17842.0,6.39322945858,723.0,64440.0,88.0,12.0,1227.0,3302.0,3769.0,3181.0,3099.0,2743.0,424.0,77.0,14.0,6.0,0.0,0.0,0.0,0.0,0.0,0.0,0.0,0.0,0.0,0.0,0.0,0.0,0.0,0.0,0.0,0.0,0.0,0.0,0.0,0.0
40.129525463,116926.0,17839.0,6.55451538763,724.0,64444.0,88.0,7.0,1235.0,3338.0,3750.0,2968.0,3133.0,2882.0,438.0,65.0,22.0,8.0,0.0,0.0,0.0,0.0,0.0,0.0,0.0,0.0,0.0,0.0,0.0,0.0,0.0,0.0,0.0,0.0,0.0,0.0,0.0,0.0
40.1316087963,115052.0,17842.0,6.44838022643,723.0,64444.0,86.0,7.0,1251.0,3310.0,3731.0,3010.0,3214.0,2798.0,436.0,74.0,12.0,6.0,0.0,0.0,0.0,0.0,0.0,0.0,0.0,0.0,0.0,0.0,0.0,0.0,0.0,0.0,0.0,0.0,0.0,0.0,0.0,0.0
40.1336921296,115165.0,17836.0,6.45688495178,723.0,64439.0,91.0,7.0,1245.0,3321.0,3662.0,3080.0,3229.0,2758.0,457.0,61.0,17.0,6.0,0.0,0.0,0.0,0.0,0.0,0.0,0.0,0.0,0.0,0.0,0.0,0.0,0.0,0.0,0.0,0.0,0.0,0.0,0.0,0.0
40.135775463,115949.0,17837.0,6.50047653753,727.0,64444.0,88.0,3.0,1249.0,3287.0,3659.0,2978.0,3365.0,2789.0,404.0,84.0,16.0,6.0,0.0,0.0,0.0,0.0,0.0,0.0,0.0,0.0,0.0,0.0,0.0,0.0,0.0,0.0,0.0,0.0,0.0,0.0,0.0,0.0
40.1378587963,118172.0,17841.0,6.62361975226,726.0,64447.0,87.0,6.0,1222.0,3174.0,3711.0,3054.0,3266.0,2885.0,431.0,69.0,20.0,9.0,0.0,0.0,0.0,0.0,0.0,0.0,0.0,0.0,0.0,0.0,0.0,0.0,0.0,0.0,0.0,0.0,0.0,0.0,0.0,0.0
40.1399421296,114738.0,17835.0,6.43330529857,724.0,64441.0,88.0,6.0,1268.0,3284.0,3701.0,2991.0,3331.0,2736.0,435.0,69.0,14.0,6.0,0.0,0.0,0.0,0.0,0.0,0.0,0.0,0.0,0.0,0.0,0.0,0.0,0.0,0.0,0.0,0.0,0.0,0.0,0.0,0.0
40.142025463,120723.0,17840.0,6.76698430493,723.0,64443.0,88.0,8.0,1175.0,3135.0,3604.0,2987.0,3372.0,3044.0,435.0,64.0,11.0,13.0,0.0,0.0,0.0,0.0,0.0,0.0,0.0,0.0,0.0,0.0,0.0,0.0,0.0,0.0,0.0,0.0,0.0,0.0,0.0,0.0
40.1441087963,119014.0,17843.0,6.67006669282,724.0,64440.0,89.0,6.0,1216.0,3108.0,3683.0,3025.0,3363.0,2900.0,449.0,67.0,29.0,3.0,0.0,0.0,0.0,0.0,0.0,0.0,0.0,0.0,0.0,0.0,0.0,0.0,0.0,0.0,0.0,0.0,0.0,0.0,0.0,0.0
40.1461921296,121092.0,17837.0,6.78880977743,723.0,64443.0,88.0,8.0,1131.0,3136.0,3614.0,3014.0,3420.0,2943.0,483.0,75.0,11.0,10.0,0.0,0.0,0.0,0.0,0.0,0.0,0.0,0.0,0.0,0.0,0.0,0.0,0.0,0.0,0.0,0.0,0.0,0.0,0.0,0.0
40.148275463,122576.0,17838.0,6.87162237919,723.0,64446.0,86.0,8.0,1178.0,3008.0,3696.0,2956.0,3476.0,2898.0,510.0,92.0,17.0,7.0,0.0,0.0,0.0,0.0,0.0,0.0,0.0,0.0,0.0,0.0,0.0,0.0,0.0,0.0,0.0,0.0,0.0,0.0,0.0,0.0
40.1503587963,121449.0,17837.0,6.80882435387,724.0,64444.0,88.0,7.0,1151.0,3027.0,3489.0,2991.0,3589.0,3063.0,434.0,71.0,18.0,4.0,0.0,0.0,0.0,0.0,0.0,0.0,0.0,0.0,0.0,0.0,0.0,0.0,0.0,0.0,0.0,0.0,0.0,0.0,0.0,0.0
40.1524421296,120512.0,17840.0,6.75515695067,723.0,64441.0,87.0,6.0,1219.0,3024.0,3502.0,3043.0,3521.0,3032.0,398.0,75.0,20.0,6.0,0.0,0.0,0.0,0.0,0.0,0.0,0.0,0.0,0.0,0.0,0.0,0.0,0.0,0.0,0.0,0.0,0.0,0.0,0.0,0.0
40.154525463,121108.0,17841.0,6.78818451881,723.0,64440.0,88.0,9.0,1145.0,3066.0,3453.0,2988.0,3604.0,3037.0,462.0,67.0,17.0,2.0,0.0,0.0,0.0,0.0,0.0,0.0,0.0,0.0,0.0,0.0,0.0,0.0,0.0,0.0,0.0,0.0,0.0,0.0,0.0,0.0
40.1566087963,122952.0,17844.0,6.89038332213,723.0,64435.0,96.0,3.0,1103.0,3022.0,3447.0,3059.0,3572.0,3070.0,470.0,84.0,13.0,4.0,0.0,0.0,0.0,0.0,0.0,0.0,0.0,0.0,0.0,0.0,0.0,0.0,0.0,0.0,0.0,0.0,0.0,0.0,0.0,0.0
40.1586921296,124198.0,17842.0,6.9609909203,723.0,64441.0,88.0,12.0,1182.0,2966.0,3498.0,2977.0,3583.0,3042.0,481.0,88.0,19.0,6.0,0.0,0.0,0.0,0.0,0.0,0.0,0.0,0.0,0.0,0.0,0.0,0.0,0.0,0.0,0.0,0.0,0.0,0.0,0.0,0.0
40.160775463,122064.0,17842.0,6.8413854949,723.0,64444.0,88.0,3.0,1104.0,2978.0,3523.0,2990.0,3768.0,2931.0,440.0,86.0,17.0,5.0,0.0,0.0,0.0,0.0,0.0,0.0,0.0,0.0,0.0,0.0,0.0,0.0,0.0,0.0,0.0,0.0,0.0,0.0,0.0,0.0
40.1628587963,127612.0,17838.0,7.15394102478,721.0,64441.0,88.0,11.0,1068.0,2918.0,3381.0,2933.0,3779.0,3166.0,485.0,79.0,21.0,8.0,0.0,0.0,0.0,0.0,0.0,0.0,0.0,0.0,0.0,0.0,0.0,0.0,0.0,0.0,0.0,0.0,0.0,0.0,0.0,0.0
40.1649421296,126239.0,17842.0,7.07538392557,723.0,64440.0,88.0,9.0,1103.0,2877.0,3321.0,3020.0,3822.0,3103.0,495.0,78.0,18.0,5.0,0.0,0.0,0.0,0.0,0.0,0.0,0.0,0.0,0.0,0.0,0.0,0.0,0.0,0.0,0.0,0.0,0.0,0.0,0.0,0.0
40.167025463,124313.0,17838.0,6.96899876668,723.0,64443.0,88.0,7.0,1067.0,2933.0,3372.0,3021.0,3883.0,2986.0,471.0,85.0,15.0,5.0,0.0,0.0,0.0,0.0,0.0,0.0,0.0,0.0,0.0,0.0,0.0,0.0,0.0,0.0,0.0,0.0,0.0,0.0,0.0,0.0
40.1691087963,127049.0,17839.0,7.12197993161,723.0,64440.0,88.0,4.0,1061.0,2869.0,3376.0,2969.0,3770.0,3194.0,493.0,87.0,17.0,3.0,0.0,0.0,0.0,0.0,0.0,0.0,0.0,0.0,0.0,0.0,0.0,0.0,0.0,0.0,0.0,0.0,0.0,0.0,0.0,0.0
40.1711921296,125155.0,17839.0,7.01580806099,724.0,64444.0,86.0,7.0,1061.0,2927.0,3298.0,2898.0,3949.0,3168.0,448.0,74.0,11.0,5.0,0.0,0.0,0.0,0.0,0.0,0.0,0.0,0.0,0.0,0.0,0.0,0.0,0.0,0.0,0.0,0.0,0.0,0.0,0.0,0.0
40.173275463,124785.0,17836.0,6.99624355237,723.0,64441.0,89.0,7.0,1056.0,2871.0,3197.0,3126.0,3975.0,3069.0,447.0,76.0,15.0,4.0,0.0,0.0,0.0,0.0,0.0,0.0,0.0,0.0,0.0,0.0,0.0,0.0,0.0,0.0,0.0,0.0,0.0,0.0,0.0,0.0
40.1753587963,126826.0,17843.0,7.10788544527,723.0,64441.0,88.0,3.0,1066.0,2878.0,3154.0,2986.0,3992.0,3178.0,500.0,74.0,13.0,2.0,0.0,0.0,0.0,0.0,0.0,0.0,0.0,0.0,0.0,0.0,0.0,0.0,0.0,0.0,0.0,0.0,0.0,0.0,0.0,0.0
40.1774421296,130179.0,17846.0,7.29457581531,723.0,64444.0,88.0,4.0,983.0,2681.0,3225.0,3006.0,4066.0,3267.0,521.0,76.0,21.0,0.0,0.0,0.0,0.0,0.0,0.0,0.0,0.0,0.0,0.0,0.0,0.0,0.0,0.0,0.0,0.0,0.0,0.0,0.0,0.0,0.0
40.179525463,129822.0,17840.0,7.27701793722,723.0,64441.0,89.0,6.0,1037.0,2676.0,3203.0,2967.0,4149.0,3258.0,454.0,67.0,21.0,8.0,0.0,0.0,0.0,0.0,0.0,0.0,0.0,0.0,0.0,0.0,0.0,0.0,0.0,0.0,0.0,0.0,0.0,0.0,0.0,0.0
40.1816087963,130038.0,17837.0,7.29035151651,723.0,64444.0,87.0,7.0,989.0,2706.0,3174.0,2978.0,4152.0,3239.0,501.0,79.0,15.0,4.0,0.0,0.0,0.0,0.0,0.0,0.0,0.0,0.0,0.0,0.0,0.0,0.0,0.0,0.0,0.0,0.0,0.0,0.0,0.0,0.0
40.1836921296,133768.0,17839.0,7.49862660463,723.0,64441.0,88.0,4.0,948.0,2628.0,3046.0,3072.0,4167.0,3332.0,556.0,68.0,13.0,9.0,0.0,0.0,0.0,0.0,0.0,0.0,0.0,0.0,0.0,0.0,0.0,0.0,0.0,0.0,0.0,0.0,0.0,0.0,0.0,0.0
40.185775463,129878.0,17839.0,7.28056505409,723.0,64440.0,92.0,3.0,998.0,2800.0,3125.0,2995.0,4092.0,3247.0,491.0,66.0,17.0,8.0,0.0,0.0,0.0,0.0,0.0,0.0,0.0,0.0,0.0,0.0,0.0,0.0,0.0,0.0,0.0,0.0,0.0,0.0,0.0,0.0
40.1878587963,134784.0,17838.0,7.55600403633,724.0,64447.0,83.0,8.0,981.0,2512.0,3098.0,2929.0,4345.0,3335.0,526.0,89.0,17.0,6.0,0.0,0.0,0.0,0.0,0.0,0.0,0.0,0.0,0.0,0.0,0.0,0.0,0.0,0.0,0.0,0.0,0.0,0.0,0.0,0.0
40.1899421296,136328.0,17837.0,7.64298929192,723.0,64440.0,88.0,6.0,910.0,2616.0,3088.0,2860.0,4322.0,3341.0,605.0,74.0,11.0,10.0,0.0,0.0,0.0,0.0,0.0,0.0,0.0,0.0,0.0,0.0,0.0,0.0,0.0,0.0,0.0,0.0,0.0,0.0,0.0,0.0
40.192025463,136955.0,17840.0,7.67684977578,723.0,64440.0,88.0,9.0,902.0,2487.0,2912.0,3019.0,4439.0,3438.0,546.0,70.0,22.0,5.0,0.0,0.0,0.0,0.0,0.0,0.0,0.0,0.0,0.0,0.0,0.0,0.0,0.0,0.0,0.0,0.0,0.0,0.0,0.0,0.0
40.1941087963,139181.0,17843.0,7.80031384857,723.0,64440.0,89.0,3.0,932.0,2473.0,2886.0,2932.0,4481.0,3474.0,544.0,98.0,14.0,9.0,0.0,0.0,0.0,0.0,0.0,0.0,0.0,0.0,0.0,0.0,0.0,0.0,0.0,0.0,0.0,0.0,0.0,0.0,0.0,0.0
40.1961921296,135422.0,17837.0,7.59219599708,721.0,64444.0,89.0,8.0,945.0,2412.0,2987.0,2989.0,4529.0,3402.0,471.0,72.0,23.0,7.0,0.0,0.0,0.0,0.0,0.0,0.0,0.0,0.0,0.0,0.0,0.0,0.0,0.0,0.0,0.0,0.0,0.0,0.0,0.0,0.0
40.198275463,138890.0,17832.0,7.78880663975,723.0,64444.0,89.0,6.0,960.0,2454.0,2796.0,2913.0,4563.0,3494.0,549.0,76.0,20.0,7.0,0.0,0.0,0.0,0.0,0.0,0.0,0.0,0.0,0.0,0.0,0.0,0.0,0.0,0.0,0.0,0.0,0.0,0.0,0.0,0.0
40.2003587963,136539.0,17832.0,7.65696500673,721.0,64444.0,89.0,7.0,909.0,2429.0,2825.0,2929.0,4717.0,3370.0,572.0,64.0,13.0,4.0,0.0,0.0,0.0,0.0,0.0,0.0,0.0,0.0,0.0,0.0,0.0,0.0,0.0,0.0,0.0,0.0,0.0,0.0,0.0,0.0
40.2024421296,138590.0,17835.0,7.77067563779,723.0,64440.0,89.0,7.0,856.0,2380.0,2825.0,2948.0,4720.0,3441.0,573.0,71.0,18.0,3.0,0.0,0.0,0.0,0.0,0.0,0.0,0.0,0.0,0.0,0.0,0.0,0.0,0.0,0.0,0.0,0.0,0.0,0.0,0.0,0.0
40.204525463,140335.0,17835.0,7.86851696103,721.0,64444.0,89.0,6.0,868.0,2265.0,2877.0,2979.0,4580.0,3599.0,554.0,98.0,13.0,2.0,0.0,0.0,0.0,0.0,0.0,0.0,0.0,0.0,0.0,0.0,0.0,0.0,0.0,0.0,0.0,0.0,0.0,0.0,0.0,0.0
40.2066087963,138815.0,17836.0,7.7828549002,721.0,64440.0,88.0,8.0,915.0,2471.0,2808.0,2920.0,4595.0,3447.0,582.0,73.0,20.0,5.0,0.0,0.0,0.0,0.0,0.0,0.0,0.0,0.0,0.0,0.0,0.0,0.0,0.0,0.0,0.0,0.0,0.0,0.0,0.0,0.0
40.2086921296,140929.0,17832.0,7.90315163751,723.0,64440.0,88.0,7.0,876.0,2345.0,2756.0,2966.0,4709.0,3523.0,559.0,69.0,20.0,9.0,0.0,0.0,0.0,0.0,0.0,0.0,0.0,0.0,0.0,0.0,0.0,0.0,0.0,0.0,0.0,0.0,0.0,0.0,0.0,0.0
40.210775463,142781.0,17839.0,8.00386792982,721.0,64440.0,91.0,8.0,873.0,2383.0,2745.0,3005.0,4631.0,3483.0,611.0,75.0,21.0,12.0,0.0,0.0,0.0,0.0,0.0,0.0,0.0,0.0,0.0,0.0,0.0,0.0,0.0,0.0,0.0,0.0,0.0,0.0,0.0,0.0
40.2128587963,140758.0,17839.0,7.89046471215,723.0,64444.0,87.0,7.0,907.0,2336.0,2695.0,2952.0,4775.0,3483.0,601.0,66.0,18.0,6.0,0.0,0.0,0.0,0.0,0.0,0.0,0.0,0.0,0.0,0.0,0.0,0.0,0.0,0.0,0.0,0.0,0.0,0.0,0.0,0.0
40.2149421296,140738.0,17841.0,7.88845916709,723.0,64446.0,88.0,7.0,833.0,2298.0,2850.0,2971.0,4651.0,3550.0,585.0,85.0,15.0,3.0,0.0,0.0,0.0,0.0,0.0,0.0,0.0,0.0,0.0,0.0,0.0,0.0,0.0,0.0,0.0,0.0,0.0,0.0,0.0,0.0
40.217025463,143455.0,17836.0,8.04300291545,723.0,64447.0,87.0,6.0,865.0,2343.0,2606.0,2927.0,4802.0,3563.0,619.0,90.0,17.0,4.0,0.0,0.0,0.0,0.0,0.0,0.0,0.0,0.0,0.0,0.0,0.0,0.0,0.0,0.0,0.0,0.0,0.0,0.0,0.0,0.0
40.2191087963,141576.0,17836.0,7.93765418255,718.0,64440.0,88.0,7.0,835.0,2362.0,2671.0,2998.0,4803.0,3480.0,582.0,79.0,20.0,6.0,0.0,0.0,0.0,0.0,0.0,0.0,0.0,0.0,0.0,0.0,0.0,0.0,0.0,0.0,0.0,0.0,0.0,0.0,0.0,0.0
40.2211921296,145048.0,17841.0,8.13003755395,723.0,64446.0,89.0,3.0,816.0,2246.0,2597.0,3102.0,4716.0,3635.0,632.0,66.0,24.0,7.0,0.0,0.0,0.0,0.0,0.0,0.0,0.0,0.0,0.0,0.0,0.0,0.0,0.0,0.0,0.0,0.0,0.0,0.0,0.0,0.0
40.223275463,141739.0,17837.0,7.94634747996,723.0,64444.0,83.0,7.0,805.0,2301.0,2591.0,2948.0,4904.0,3618.0,584.0,72.0,12.0,2.0,0.0,0.0,0.0,0.0,0.0,0.0,0.0,0.0,0.0,0.0,0.0,0.0,0.0,0.0,0.0,0.0,0.0,0.0,0.0,0.0
40.2253587963,145450.0,17837.0,8.15439816113,723.0,64441.0,87.0,6.0,847.0,2268.0,2553.0,2893.0,4951.0,3583.0,636.0,80.0,20.0,6.0,0.0,0.0,0.0,0.0,0.0,0.0,0.0,0.0,0.0,0.0,0.0,0.0,0.0,0.0,0.0,0.0,0.0,0.0,0.0,0.0
40.2274421296,142130.0,17833.0,7.97005551506,723.0,64443.0,88.0,7.0,890.0,2310.0,2606.0,2926.0,4881.0,3531.0,613.0,47.0,21.0,8.0,0.0,0.0,0.0,0.0,0.0,0.0,0.0,0.0,0.0,0.0,0.0,0.0,0.0,0.0,0.0,0.0,0.0,0.0,0.0,0.0
40.229525463,141838.0,17835.0,7.95278945893,723.0,64440.0,94.0,7.0,879.0,2228.0,2555.0,2979.0,5035.0,3484.0,584.0,69.0,17.0,5.0,0.0,0.0,0.0,0.0,0.0,0.0,0.0,0.0,0.0,0.0,0.0,0.0,0.0,0.0,0.0,0.0,0.0,0.0,0.0,0.0
40.2358101852,146054.0,17837.0,8.18826035768,723.0,64440.0,95.0,1.0,854.0,2194.0,2506.0,2920.0,5034.0,3599.0,632.0,68.0,23.0,7.0,0.0,0.0,0.0,0.0,0.0,0.0,0.0,0.0,0.0,0.0,0.0,0.0,0.0,0.0,0.0,0.0,0.0,0.0,0.0,0.0
40.2378935185,144667.0,17827.0,8.11505020475,723.0,64440.0,88.0,4.0,874.0,2221.0,2589.0,2853.0,4986.0,3559.0,645.0,79.0,16.0,5.0,0.0,0.0,0.0,0.0,0.0,0.0,0.0,0.0,0.0,0.0,0.0,0.0,0.0,0.0,0.0,0.0,0.0,0.0,0.0,0.0
40.2399768519,149089.0,17834.0,8.35981832455,720.0,64443.0,87.0,12.0,791.0,2253.0,2446.0,2818.0,5040.0,3653.0,715.0,99.0,17.0,2.0,0.0,0.0,0.0,0.0,0.0,0.0,0.0,0.0,0.0,0.0,0.0,0.0,0.0,0.0,0.0,0.0,0.0,0.0,0.0,0.0
40.2420601852,144914.0,17831.0,8.12708204812,723.0,64440.0,88.0,6.0,879.0,2178.0,2480.0,2904.0,5072.0,3585.0,638.0,78.0,12.0,5.0,0.0,0.0,0.0,0.0,0.0,0.0,0.0,0.0,0.0,0.0,0.0,0.0,0.0,0.0,0.0,0.0,0.0,0.0,0.0,0.0
40.2441435185,143004.0,17831.0,8.0199652291,727.0,64441.0,92.0,3.0,836.0,2244.0,2432.0,3024.0,5127.0,3452.0,619.0,79.0,15.0,3.0,0.0,0.0,0.0,0.0,0.0,0.0,0.0,0.0,0.0,0.0,0.0,0.0,0.0,0.0,0.0,0.0,0.0,0.0,0.0,0.0
40.2462268519,143318.0,17828.0,8.03892752973,720.0,64447.0,88.0,3.0,840.0,2260.0,2529.0,2984.0,4998.0,3477.0,655.0,67.0,11.0,7.0,0.0,0.0,0.0,0.0,0.0,0.0,0.0,0.0,0.0,0.0,0.0,0.0,0.0,0.0,0.0,0.0,0.0,0.0,0.0,0.0
40.2483101852,143110.0,17830.0,8.0263600673,720.0,64440.0,91.0,4.0,880.0,2242.0,2462.0,2924.0,5071.0,3552.0,619.0,58.0,18.0,4.0,0.0,0.0,0.0,0.0,0.0,0.0,0.0,0.0,0.0,0.0,0.0,0.0,0.0,0.0,0.0,0.0,0.0,0.0,0.0,0.0
40.2503935185,144656.0,17827.0,8.11443316318,723.0,64440.0,92.0,7.0,891.0,2272.0,2454.0,2857.0,5136.0,3520.0,591.0,80.0,16.0,10.0,0.0,0.0,0.0,0.0,0.0,0.0,0.0,0.0,0.0,0.0,0.0,0.0,0.0,0.0,0.0,0.0,0.0,0.0,0.0,0.0
40.2524768519,140851.0,17830.0,7.8996634885,724.0,64440.0,92.0,4.0,948.0,2329.0,2429.0,2940.0,5076.0,3405.0,608.0,81.0,11.0,3.0,0.0,0.0,0.0,0.0,0.0,0.0,0.0,0.0,0.0,0.0,0.0,0.0,0.0,0.0,0.0,0.0,0.0,0.0,0.0,0.0
40.2545601852,143893.0,17830.0,8.07027481772,721.0,64440.0,88.0,7.0,897.0,2373.0,2408.0,2986.0,4987.0,3438.0,633.0,80.0,21.0,7.0,0.0,0.0,0.0,0.0,0.0,0.0,0.0,0.0,0.0,0.0,0.0,0.0,0.0,0.0,0.0,0.0,0.0,0.0,0.0,0.0
40.2566435185,145429.0,17834.0,8.15459235169,723.0,64440.0,89.0,7.0,904.0,2247.0,2469.0,2809.0,5116.0,3512.0,682.0,76.0,13.0,6.0,0.0,0.0,0.0,0.0,0.0,0.0,0.0,0.0,0.0,0.0,0.0,0.0,0.0,0.0,0.0,0.0,0.0,0.0,0.0,0.0
40.2587268519,144788.0,17828.0,8.12138209558,723.0,64447.0,88.0,3.0,881.0,2292.0,2494.0,2869.0,5042.0,3486.0,661.0,79.0,19.0,5.0,0.0,0.0,0.0,0.0,0.0,0.0,0.0,0.0,0.0,0.0,0.0,0.0,0.0,0.0,0.0,0.0,0.0,0.0,0.0,0.0
40.2608101852,142777.0,17835.0,8.00543874404,723.0,64441.0,89.0,3.0,931.0,2313.0,2434.0,2899.0,5102.0,3427.0,634.0,72.0,19.0,4.0,0.0,0.0,0.0,0.0,0.0,0.0,0.0,0.0,0.0,0.0,0.0,0.0,0.0,0.0,0.0,0.0,0.0,0.0,0.0,0.0
40.2628935185,144448.0,17834.0,8.09958506224,721.0,64441.0,92.0,3.0,892.0,2338.0,2411.0,2888.0,5113.0,3414.0,672.0,84.0,18.0,4.0,0.0,0.0,0.0,0.0,0.0,0.0,0.0,0.0,0.0,0.0,0.0,0.0,0.0,0.0,0.0,0.0,0.0,0.0,0.0,0.0
40.2649768519,146285.0,17827.0,8.20581140966,721.0,64443.0,88.0,7.0,891.0,2307.0,2347.0,2937.0,5042.0,3540.0,649.0,85.0,24.0,5.0,0.0,0.0,0.0,0.0,0.0,0.0,0.0,0.0,0.0,0.0,0.0,0.0,0.0,0.0,0.0,0.0,0.0,0.0,0.0,0.0
40.2670601852,146389.0,17830.0,8.21026360067,721.0,64443.0,88.0,8.0,828.0,2275.0,2419.0,2911.0,5190.0,3414.0,682.0,87.0,16.0,8.0,0.0,0.0,0.0,0.0,0.0,0.0,0.0,0.0,0.0,0.0,0.0,0.0,0.0,0.0,0.0,0.0,0.0,0.0,0.0,0.0
40.2691435185,142922.0,17835.0,8.01356882534,721.0,64443.0,88.0,6.0,966.0,2224.0,2481.0,2924.0,5151.0,3315.0,667.0,92.0,10.0,5.0,0.0,0.0,0.0,0.0,0.0,0.0,0.0,0.0,0.0,0.0,0.0,0.0,0.0,0.0,0.0,0.0,0.0,0.0,0.0,0.0
40.2712268519,145702.0,17838.0,8.16806816908,723.0,64443.0,89.0,7.0,893.0,2276.0,2339.0,2967.0,5188.0,3414.0,665.0,70.0,13.0,13.0,0.0,0.0,0.0,0.0,0.0,0.0,0.0,0.0,0.0,0.0,0.0,0.0,0.0,0.0,0.0,0.0,0.0,0.0,0.0,0.0
40.2733101852,143209.0,17833.0,8.0305613189,720.0,64446.0,92.0,3.0,956.0,2371.0,2457.0,2841.0,5052.0,3381.0,671.0,80.0,21.0,3.0,0.0,0.0,0.0,0.0,0.0,0.0,0.0,0.0,0.0,0.0,0.0,0.0,0.0,0.0,0.0,0.0,0.0,0.0,0.0,0.0
40.2753935185,141805.0,17829.0,7.95361489708,720.0,64441.0,88.0,7.0,990.0,2335.0,2373.0,2943.0,5135.0,3281.0,670.0,88.0,10.0,4.0,0.0,0.0,0.0,0.0,0.0,0.0,0.0,0.0,0.0,0.0,0.0,0.0,0.0,0.0,0.0,0.0,0.0,0.0,0.0,0.0
40.2774768519,140887.0,17832.0,7.90079632122,720.0,64440.0,91.0,6.0,976.0,2461.0,2457.0,2876.0,5049.0,3293.0,624.0,72.0,14.0,10.0,0.0,0.0,0.0,0.0,0.0,0.0,0.0,0.0,0.0,0.0,0.0,0.0,0.0,0.0,0.0,0.0,0.0,0.0,0.0,0.0
40.2795601852,141008.0,17831.0,7.90802534911,720.0,64441.0,88.0,6.0,1026.0,2470.0,2433.0,2854.0,5024.0,3287.0,633.0,80.0,16.0,8.0,0.0,0.0,0.0,0.0,0.0,0.0,0.0,0.0,0.0,0.0,0.0,0.0,0.0,0.0,0.0,0.0,0.0,0.0,0.0,0.0
40.2816435185,142215.0,17828.0,7.97705855957,721.0,64447.0,88.0,6.0,978.0,2349.0,2553.0,2882.0,5102.0,3163.0,686.0,80.0,33.0,2.0,0.0,0.0,0.0,0.0,0.0,0.0,0.0,0.0,0.0,0.0,0.0,0.0,0.0,0.0,0.0,0.0,0.0,0.0,0.0,0.0
40.2837268519,138471.0,17827.0,7.76748751893,721.0,64447.0,92.0,3.0,1040.0,2441.0,2515.0,2900.0,5031.0,3151.0,646.0,84.0,17.0,2.0,0.0,0.0,0.0,0.0,0.0,0.0,0.0,0.0,0.0,0.0,0.0,0.0,0.0,0.0,0.0,0.0,0.0,0.0,0.0,0.0
40.2858101852,137853.0,17829.0,7.73195355881,723.0,64440.0,88.0,8.0,1058.0,2483.0,2441.0,2922.0,5130.0,3044.0,650.0,81.0,16.0,4.0,0.0,0.0,0.0,0.0,0.0,0.0,0.0,0.0,0.0,0.0,0.0,0.0,0.0,0.0,0.0,0.0,0.0,0.0,0.0,0.0
40.2878935185,139473.0,17822.0,7.82588935024,721.0,64443.0,92.0,65535.0,1047.0,2561.0,2448.0,2922.0,4949.0,3136.0,649.0,85.0,16.0,9.0,0.0,0.0,0.0,0.0,0.0,0.0,0.0,0.0,0.0,0.0,0.0,0.0,0.0,0.0,0.0,0.0,0.0,0.0,0.0,0.0
40.2899768519,136547.0,17823.0,7.66128036806,723.0,64446.0,89.0,65535.0,1067.0,2491.0,2424.0,2990.0,5022.0,3135.0,597.0,82.0,10.0,5.0,0.0,0.0,0.0,0.0,0.0,0.0,0.0,0.0,0.0,0.0,0.0,0.0,0.0,0.0,0.0,0.0,0.0,0.0,0.0,0.0
40.2920601852,137952.0,17829.0,7.73750630994,720.0,64440.0,88.0,7.0,1015.0,2500.0,2462.0,2958.0,5057.0,3110.0,622.0,82.0,20.0,3.0,0.0,0.0,0.0,0.0,0.0,0.0,0.0,0.0,0.0,0.0,0.0,0.0,0.0,0.0,0.0,0.0,0.0,0.0,0.0,0.0
40.2941435185,134923.0,17833.0,7.56591711995,718.0,64441.0,92.0,7.0,1164.0,2545.0,2497.0,3006.0,4936.0,2980.0,605.0,80.0,11.0,9.0,0.0,0.0,0.0,0.0,0.0,0.0,0.0,0.0,0.0,0.0,0.0,0.0,0.0,0.0,0.0,0.0,0.0,0.0,0.0,0.0
40.2962268519,133267.0,17827.0,7.47557076345,720.0,64444.0,89.0,3.0,1202.0,2579.0,2422.0,3149.0,4758.0,3021.0,605.0,73.0,14.0,4.0,0.0,0.0,0.0,0.0,0.0,0.0,0.0,0.0,0.0,0.0,0.0,0.0,0.0,0.0,0.0,0.0,0.0,0.0,0.0,0.0
40.2983101852,136783.0,17835.0,7.66935800392,721.0,64443.0,88.0,6.0,1121.0,2569.0,2523.0,2924.0,4910.0,3039.0,624.0,106.0,16.0,3.0,0.0,0.0,0.0,0.0,0.0,0.0,0.0,0.0,0.0,0.0,0.0,0.0,0.0,0.0,0.0,0.0,0.0,0.0,0.0,0.0
40.3003935185,134664.0,17830.0,7.55266404936,720.0,64444.0,92.0,7.0,1185.0,2778.0,2439.0,3014.0,4717.0,2960.0,635.0,69.0,26.0,7.0,0.0,0.0,0.0,0.0,0.0,0.0,0.0,0.0,0.0,0.0,0.0,0.0,0.0,0.0,0.0,0.0,0.0,0.0,0.0,0.0
40.3024768519,136203.0,17833.0,7.63769416251,721.0,64446.0,89.0,7.0,1062.0,2615.0,2476.0,3029.0,4933.0,2954.0,663.0,76.0,21.0,4.0,0.0,0.0,0.0,0.0,0.0,0.0,0.0,0.0,0.0,0.0,0.0,0.0,0.0,0.0,0.0,0.0,0.0,0.0,0.0,0.0
40.3045601852,136475.0,17833.0,7.65294678405,720.0,64443.0,92.0,7.0,1077.0,2541.0,2441.0,3085.0,4943.0,2989.0,661.0,76.0,14.0,6.0,0.0,0.0,0.0,0.0,0.0,0.0,0.0,0.0,0.0,0.0,0.0,0.0,0.0,0.0,0.0,0.0,0.0,0.0,0.0,0.0
40.3066435185,132257.0,17828.0,7.41849899035,721.0,64441.0,88.0,7.0,1243.0,2763.0,2427.0,3024.0,4770.0,2899.0,591.0,90.0,16.0,5.0,0.0,0.0,0.0,0.0,0.0,0.0,0.0,0.0,0.0,0.0,0.0,0.0,0.0,0.0,0.0,0.0,0.0,0.0,0.0,0.0
40.3087268519,133527.0,17831.0,7.48847512759,723.0,64443.0,92.0,3.0,1229.0,2703.0,2466.0,3145.0,4660.0,2878.0,647.0,81.0,12.0,10.0,0.0,0.0,0.0,0.0,0.0,0.0,0.0,0.0,0.0,0.0,0.0,0.0,0.0,0.0,0.0,0.0,0.0,0.0,0.0,0.0
40.3108101852,132278.0,17830.0,7.41884464386,717.0,64440.0,96.0,3.0,1208.0,2694.0,2412.0,3160.0,4747.0,2880.0,635.0,77.0,12.0,5.0,0.0,0.0,0.0,0.0,0.0,0.0,0.0,0.0,0.0,0.0,0.0,0.0,0.0,0.0,0.0,0.0,0.0,0.0,0.0,0.0
40.3128935185,135183.0,17826.0,7.58347357792,717.0,64440.0,89.0,7.0,1181.0,2647.0,2418.0,3071.0,4801.0,2943.0,671.0,66.0,23.0,5.0,0.0,0.0,0.0,0.0,0.0,0.0,0.0,0.0,0.0,0.0,0.0,0.0,0.0,0.0,0.0,0.0,0.0,0.0,0.0,0.0
40.3149768519,131764.0,17830.0,7.39001682557,721.0,64440.0,92.0,65535.0,1194.0,2610.0,2459.0,3293.0,4687.0,2874.0,602.0,92.0,19.0,0.0,0.0,0.0,0.0,0.0,0.0,0.0,0.0,0.0,0.0,0.0,0.0,0.0,0.0,0.0,0.0,0.0,0.0,0.0,0.0,0.0
40.3170601852,133808.0,17831.0,7.50423419887,717.0,64440.0,89.0,7.0,1171.0,2692.0,2466.0,3260.0,4675.0,2788.0,659.0,95.0,19.0,6.0,0.0,0.0,0.0,0.0,0.0,0.0,0.0,0.0,0.0,0.0,0.0,0.0,0.0,0.0,0.0,0.0,0.0,0.0,0.0,0.0
40.3191435185,130212.0,17830.0,7.30297251823,720.0,64443.0,88.0,8.0,1299.0,2814.0,2447.0,3150.0,4570.0,2820.0,636.0,73.0,17.0,4.0,0.0,0.0,0.0,0.0,0.0,0.0,0.0,0.0,0.0,0.0,0.0,0.0,0.0,0.0,0.0,0.0,0.0,0.0,0.0,0.0
40.3212268519,130803.0,17828.0,7.33694188916,721.0,64444.0,89.0,7.0,1253.0,2865.0,2435.0,3185.0,4595.0,2738.0,638.0,98.0,18.0,3.0,0.0,0.0,0.0,0.0,0.0,0.0,0.0,0.0,0.0,0.0,0.0,0.0,0.0,0.0,0.0,0.0,0.0,0.0,0.0,0.0
40.3233101852,132102.0,17823.0,7.41188352129,720.0,64444.0,92.0,7.0,1296.0,2834.0,2312.0,3301.0,4548.0,2779.0,646.0,77.0,21.0,9.0,0.0,0.0,0.0,0.0,0.0,0.0,0.0,0.0,0.0,0.0,0.0,0.0,0.0,0.0,0.0,0.0,0.0,0.0,0.0,0.0
40.3253935185,126983.0,17824.0,7.12427064632,718.0,64444.0,92.0,11.0,1333.0,2793.0,2417.0,3289.0,4647.0,2676.0,569.0,79.0,19.0,2.0,0.0,0.0,0.0,0.0,0.0,0.0,0.0,0.0,0.0,0.0,0.0,0.0,0.0,0.0,0.0,0.0,0.0,0.0,0.0,0.0
40.3274768519,128292.0,17825.0,7.19730715288,720.0,64444.0,89.0,6.0,1314.0,2848.0,2432.0,3307.0,4429.0,2813.0,575.0,91.0,11.0,5.0,0.0,0.0,0.0,0.0,0.0,0.0,0.0,0.0,0.0,0.0,0.0,0.0,0.0,0.0,0.0,0.0,0.0,0.0,0.0,0.0
40.3295601852,127145.0,17827.0,7.13215908453,714.0,64444.0,88.0,7.0,1281.0,2893.0,2470.0,3404.0,4396.0,2630.0,641.0,102.0,9.0,1.0,0.0,0.0,0.0,0.0,0.0,0.0,0.0,0.0,0.0,0.0,0.0,0.0,0.0,0.0,0.0,0.0,0.0,0.0,0.0,0.0
40.3316435185,126990.0,17827.0,7.12346440792,718.0,64440.0,92.0,7.0,1360.0,2834.0,2368.0,3407.0,4444.0,2698.0,618.0,84.0,13.0,1.0,0.0,0.0,0.0,0.0,0.0,0.0,0.0,0.0,0.0,0.0,0.0,0.0,0.0,0.0,0.0,0.0,0.0,0.0,0.0,0.0
40.3337268519,128268.0,17835.0,7.19192598823,720.0,64432.0,95.0,8.0,1375.0,2918.0,2389.0,3275.0,4486.0,2720.0,567.0,75.0,20.0,10.0,0.0,0.0,0.0,0.0,0.0,0.0,0.0,0.0,0.0,0.0,0.0,0.0,0.0,0.0,0.0,0.0,0.0,0.0,0.0,0.0
40.3358101852,125278.0,17838.0,7.02309675973,718.0,64443.0,88.0,6.0,1385.0,2922.0,2448.0,3383.0,4461.0,2519.0,613.0,86.0,20.0,1.0,0.0,0.0,0.0,0.0,0.0,0.0,0.0,0.0,0.0,0.0,0.0,0.0,0.0,0.0,0.0,0.0,0.0,0.0,0.0,0.0
40.3378935185,128524.0,17829.0,7.20870491895,718.0,64443.0,88.0,7.0,1362.0,2904.0,2372.0,3347.0,4482.0,2609.0,646.0,84.0,16.0,7.0,0.0,0.0,0.0,0.0,0.0,0.0,0.0,0.0,0.0,0.0,0.0,0.0,0.0,0.0,0.0,0.0,0.0,0.0,0.0,0.0
40.3399768519,123469.0,17831.0,6.92440132354,717.0,64446.0,88.0,7.0,1396.0,2917.0,2390.0,3449.0,4441.0,2565.0,588.0,69.0,15.0,1.0,0.0,0.0,0.0,0.0,0.0,0.0,0.0,0.0,0.0,0.0,0.0,0.0,0.0,0.0,0.0,0.0,0.0,0.0,0.0,0.0
40.3420601852,126262.0,17835.0,7.07945051864,717.0,64440.0,92.0,3.0,1389.0,2958.0,2390.0,3495.0,4282.0,2605.0,612.0,81.0,16.0,7.0,0.0,0.0,0.0,0.0,0.0,0.0,0.0,0.0,0.0,0.0,0.0,0.0,0.0,0.0,0.0,0.0,0.0,0.0,0.0,0.0
40.3441435185,125482.0,17838.0,7.0345330194,717.0,64440.0,89.0,12.0,1416.0,2816.0,2339.0,3665.0,4410.0,2461.0,626.0,81.0,21.0,3.0,0.0,0.0,0.0,0.0,0.0,0.0,0.0,0.0,0.0,0.0,0.0,0.0,0.0,0.0,0.0,0.0,0.0,0.0,0.0,0.0
40.3462268519,124002.0,17833.0,6.95351314978,718.0,64444.0,88.0,7.0,1364.0,2990.0,2434.0,3494.0,4365.0,2529.0,547.0,87.0,17.0,6.0,0.0,0.0,0.0,0.0,0.0,0.0,0.0,0.0,0.0,0.0,0.0,0.0,0.0,0.0,0.0,0.0,0.0,0.0,0.0,0.0
40.3483101852,124522.0,17830.0,6.98384744812,718.0,64444.0,91.0,7.0,1451.0,3016.0,2397.0,3478.0,4234.0,2548.0,596.0,92.0,11.0,7.0,0.0,0.0,0.0,0.0,0.0,0.0,0.0,0.0,0.0,0.0,0.0,0.0,0.0,0.0,0.0,0.0,0.0,0.0,0.0,0.0
40.3503935185,125143.0,17831.0,7.01828276597,717.0,64444.0,88.0,7.0,1422.0,2901.0,2301.0,3582.0,4352.0,2597.0,566.0,84.0,25.0,1.0,0.0,0.0,0.0,0.0,0.0,0.0,0.0,0.0,0.0,0.0,0.0,0.0,0.0,0.0,0.0,0.0,0.0,0.0,0.0,0.0
40.3524768519,124185.0,17835.0,6.9629941127,720.0,64439.0,89.0,8.0,1422.0,2955.0,2355.0,3580.0,4321.0,2553.0,549.0,68.0,26.0,6.0,0.0,0.0,0.0,0.0,0.0,0.0,0.0,0.0,0.0,0.0,0.0,0.0,0.0,0.0,0.0,0.0,0.0,0.0,0.0,0.0
40.3545601852,123226.0,17825.0,6.91309957924,720.0,64440.0,92.0,6.0,1449.0,2992.0,2269.0,3620.0,4294.0,2511.0,596.0,77.0,13.0,4.0,0.0,0.0,0.0,0.0,0.0,0.0,0.0,0.0,0.0,0.0,0.0,0.0,0.0,0.0,0.0,0.0,0.0,0.0,0.0,0.0
40.3566435185,121788.0,17829.0,6.83089348814,717.0,64443.0,91.0,4.0,1554.0,2986.0,2279.0,3639.0,4323.0,2397.0,558.0,65.0,19.0,9.0,0.0,0.0,0.0,0.0,0.0,0.0,0.0,0.0,0.0,0.0,0.0,0.0,0.0,0.0,0.0,0.0,0.0,0.0,0.0,0.0
40.3587268519,119378.0,17832.0,6.69459398834,718.0,64444.0,89.0,6.0,1482.0,3006.0,2330.0,3844.0,4222.0,2270.0,586.0,77.0,10.0,5.0,0.0,0.0,0.0,0.0,0.0,0.0,0.0,0.0,0.0,0.0,0.0,0.0,0.0,0.0,0.0,0.0,0.0,0.0,0.0,0.0
40.3608101852,124248.0,17830.0,6.96848008974,718.0,64441.0,88.0,8.0,1498.0,2976.0,2212.0,3830.0,4109.0,2487.0,598.0,96.0,20.0,4.0,0.0,0.0,0.0,0.0,0.0,0.0,0.0,0.0,0.0,0.0,0.0,0.0,0.0,0.0,0.0,0.0,0.0,0.0,0.0,0.0
40.3628935185,124777.0,17831.0,6.99775671583,720.0,64444.0,91.0,10.0,1437.0,3007.0,2271.0,3709.0,4315.0,2412.0,565.0,81.0,21.0,13.0,0.0,0.0,0.0,0.0,0.0,0.0,0.0,0.0,0.0,0.0,0.0,0.0,0.0,0.0,0.0,0.0,0.0,0.0,0.0,0.0
40.3649768519,121516.0,17832.0,6.81449080305,713.0,64441.0,88.0,7.0,1528.0,2956.0,2198.0,3971.0,4137.0,2382.0,544.0,93.0,17.0,6.0,0.0,0.0,0.0,0.0,0.0,0.0,0.0,0.0,0.0,0.0,0.0,0.0,0.0,0.0,0.0,0.0,0.0,0.0,0.0,0.0
40.3670601852,125706.0,17821.0,7.05381291734,717.0,64444.0,92.0,7.0,1427.0,2900.0,2211.0,3848.0,4244.0,2449.0,627.0,89.0,20.0,6.0,0.0,0.0,0.0,0.0,0.0,0.0,0.0,0.0,0.0,0.0,0.0,0.0,0.0,0.0,0.0,0.0,0.0,0.0,0.0,0.0
40.3691435185,121692.0,17829.0,6.82550900219,717.0,64440.0,92.0,4.0,1423.0,2980.0,2200.0,4030.0,4186.0,2316.0,588.0,82.0,20.0,4.0,0.0,0.0,0.0,0.0,0.0,0.0,0.0,0.0,0.0,0.0,0.0,0.0,0.0,0.0,0.0,0.0,0.0,0.0,0.0,0.0
40.3712268519,124249.0,17823.0,6.97127307412,716.0,64440.0,94.0,3.0,1472.0,2879.0,2099.0,3975.0,4221.0,2483.0,588.0,84.0,16.0,6.0,0.0,0.0,0.0,0.0,0.0,0.0,0.0,0.0,0.0,0.0,0.0,0.0,0.0,0.0,0.0,0.0,0.0,0.0,0.0,0.0
40.3733101852,121872.0,17835.0,6.83330529857,718.0,64443.0,92.0,3.0,1422.0,2882.0,2309.0,3949.0,4136.0,2443.0,589.0,94.0,10.0,1.0,0.0,0.0,0.0,0.0,0.0,0.0,0.0,0.0,0.0,0.0,0.0,0.0,0.0,0.0,0.0,0.0,0.0,0.0,0.0,0.0
40.3753935185,123629.0,17836.0,6.93143081408,717.0,64440.0,88.0,7.0,1476.0,2863.0,2095.0,4124.0,4210.0,2368.0,593.0,83.0,15.0,9.0,0.0,0.0,0.0,0.0,0.0,0.0,0.0,0.0,0.0,0.0,0.0,0.0,0.0,0.0,0.0,0.0,0.0,0.0,0.0,0.0
40.3774768519,124352.0,17835.0,6.97235772358,713.0,64443.0,92.0,7.0,1391.0,2882.0,2163.0,4080.0,4183.0,2432.0,589.0,86.0,26.0,3.0,0.0,0.0,0.0,0.0,0.0,0.0,0.0,0.0,0.0,0.0,0.0,0.0,0.0,0.0,0.0,0.0,0.0,0.0,0.0,0.0
40.3795601852,121548.0,17824.0,6.81934470377,717.0,64443.0,92.0,0.0,1405.0,2930.0,2073.0,4222.0,4198.0,2328.0,560.0,84.0,21.0,3.0,0.0,0.0,0.0,0.0,0.0,0.0,0.0,0.0,0.0,0.0,0.0,0.0,0.0,0.0,0.0,0.0,0.0,0.0,0.0,0.0
40.3816435185,120375.0,17838.0,6.74823410696,717.0,64440.0,92.0,7.0,1439.0,2843.0,2150.0,4130.0,4277.0,2358.0,558.0,66.0,13.0,4.0,0.0,0.0,0.0,0.0,0.0,0.0,0.0,0.0,0.0,0.0,0.0,0.0,0.0,0.0,0.0,0.0,0.0,0.0,0.0,0.0
40.3837268519,120400.0,17842.0,6.7481224078,716.0,64439.0,89.0,8.0,1428.0,2898.0,2157.0,4281.0,4142.0,2299.0,531.0,83.0,16.0,7.0,0.0,0.0,0.0,0.0,0.0,0.0,0.0,0.0,0.0,0.0,0.0,0.0,0.0,0.0,0.0,0.0,0.0,0.0,0.0,0.0
40.3858101852,123687.0,17833.0,6.93584926821,713.0,64441.0,92.0,7.0,1461.0,2753.0,2073.0,4321.0,4110.0,2406.0,593.0,95.0,18.0,3.0,0.0,0.0,0.0,0.0,0.0,0.0,0.0,0.0,0.0,0.0,0.0,0.0,0.0,0.0,0.0,0.0,0.0,0.0,0.0,0.0
40.3878935185,121955.0,17831.0,6.83949301778,716.0,64440.0,88.0,8.0,1431.0,2831.0,2078.0,4332.0,4135.0,2329.0,591.0,81.0,21.0,2.0,0.0,0.0,0.0,0.0,0.0,0.0,0.0,0.0,0.0,0.0,0.0,0.0,0.0,0.0,0.0,0.0,0.0,0.0,0.0,0.0
40.3899768519,123162.0,17826.0,6.90912150791,717.0,64444.0,89.0,8.0,1419.0,2832.0,2047.0,4353.0,4147.0,2351.0,572.0,78.0,17.0,10.0,0.0,0.0,0.0,0.0,0.0,0.0,0.0,0.0,0.0,0.0,0.0,0.0,0.0,0.0,0.0,0.0,0.0,0.0,0.0,0.0
40.3920601852,124247.0,17835.0,6.96647042332,716.0,64444.0,88.0,6.0,1380.0,2777.0,2103.0,4316.0,4144.0,2434.0,564.0,90.0,22.0,5.0,0.0,0.0,0.0,0.0,0.0,0.0,0.0,0.0,0.0,0.0,0.0,0.0,0.0,0.0,0.0,0.0,0.0,0.0,0.0,0.0
40.3941435185,121532.0,17836.0,6.81385960978,716.0,64440.0,92.0,8.0,1365.0,2772.0,2096.0,4528.0,4125.0,2280.0,551.0,98.0,18.0,3.0,0.0,0.0,0.0,0.0,0.0,0.0,0.0,0.0,0.0,0.0,0.0,0.0,0.0,0.0,0.0,0.0,0.0,0.0,0.0,0.0
40.3962268519,119684.0,17832.0,6.71175414984,717.0,64440.0,91.0,7.0,1418.0,2694.0,1895.0,4770.0,4169.0,2278.0,510.0,73.0,24.0,1.0,0.0,0.0,0.0,0.0,0.0,0.0,0.0,0.0,0.0,0.0,0.0,0.0,0.0,0.0,0.0,0.0,0.0,0.0,0.0,0.0
40.4025,121750.0,17842.0,6.82378657101,717.0,64440.0,92.0,8.0,1422.0,2792.0,1943.0,4650.0,4127.0,2272.0,513.0,91.0,26.0,6.0,0.0,0.0,0.0,0.0,0.0,0.0,0.0,0.0,0.0,0.0,0.0,0.0,0.0,0.0,0.0,0.0,0.0,0.0,0.0,0.0
40.4045833333,120848.0,17834.0,6.77627004598,716.0,64440.0,89.0,7.0,1484.0,2734.0,1911.0,4587.0,4151.0,2355.0,511.0,76.0,20.0,5.0,0.0,0.0,0.0,0.0,0.0,0.0,0.0,0.0,0.0,0.0,0.0,0.0,0.0,0.0,0.0,0.0,0.0,0.0,0.0,0.0
40.4066666667,123509.0,17829.0,6.92742161647,717.0,64440.0,92.0,65535.0,1408.0,2761.0,1844.0,4643.0,4163.0,2338.0,574.0,67.0,22.0,9.0,0.0,0.0,0.0,0.0,0.0,0.0,0.0,0.0,0.0,0.0,0.0,0.0,0.0,0.0,0.0,0.0,0.0,0.0,0.0,0.0
40.40875,122360.0,17829.0,6.86297605026,714.0,64444.0,89.0,8.0,1353.0,2608.0,1954.0,4693.0,4284.0,2295.0,529.0,95.0,12.0,6.0,0.0,0.0,0.0,0.0,0.0,0.0,0.0,0.0,0.0,0.0,0.0,0.0,0.0,0.0,0.0,0.0,0.0,0.0,0.0,0.0
40.4108333333,119587.0,17833.0,6.70593842876,717.0,64440.0,92.0,7.0,1374.0,2771.0,1862.0,4747.0,4211.0,2238.0,543.0,69.0,14.0,4.0,0.0,0.0,0.0,0.0,0.0,0.0,0.0,0.0,0.0,0.0,0.0,0.0,0.0,0.0,0.0,0.0,0.0,0.0,0.0,0.0
40.4129166667,124045.0,17835.0,6.95514437903,713.0,64439.0,92.0,7.0,1272.0,2657.0,1894.0,4840.0,4190.0,2303.0,579.0,74.0,16.0,10.0,0.0,0.0,0.0,0.0,0.0,0.0,0.0,0.0,0.0,0.0,0.0,0.0,0.0,0.0,0.0,0.0,0.0,0.0,0.0,0.0
40.415,121753.0,17835.0,6.82663302495,716.0,64444.0,92.0,3.0,1350.0,2689.0,1838.0,4761.0,4211.0,2342.0,553.0,73.0,14.0,4.0,0.0,0.0,0.0,0.0,0.0,0.0,0.0,0.0,0.0,0.0,0.0,0.0,0.0,0.0,0.0,0.0,0.0,0.0,0.0,0.0
40.4170833333,122997.0,17838.0,6.89522367978,713.0,64439.0,92.0,4.0,1307.0,2727.0,1877.0,4775.0,4241.0,2258.0,539.0,84.0,23.0,7.0,0.0,0.0,0.0,0.0,0.0,0.0,0.0,0.0,0.0,0.0,0.0,0.0,0.0,0.0,0.0,0.0,0.0,0.0,0.0,0.0
40.4191666667,121683.0,17835.0,6.82270815812,718.0,64441.0,92.0,65535.0,1367.0,2725.0,1865.0,4745.0,4251.0,2228.0,541.0,85.0,26.0,2.0,0.0,0.0,0.0,0.0,0.0,0.0,0.0,0.0,0.0,0.0,0.0,0.0,0.0,0.0,0.0,0.0,0.0,0.0,0.0,0.0
40.42125,122299.0,17834.0,6.85763149041,716.0,64444.0,88.0,7.0,1374.0,2599.0,1836.0,4767.0,4328.0,2284.0,560.0,65.0,13.0,8.0,0.0,0.0,0.0,0.0,0.0,0.0,0.0,0.0,0.0,0.0,0.0,0.0,0.0,0.0,0.0,0.0,0.0,0.0,0.0,0.0
40.4233333333,124039.0,17838.0,6.95363830026,716.0,64444.0,92.0,6.0,1227.0,2571.0,1836.0,4857.0,4346.0,2357.0,551.0,67.0,21.0,5.0,0.0,0.0,0.0,0.0,0.0,0.0,0.0,0.0,0.0,0.0,0.0,0.0,0.0,0.0,0.0,0.0,0.0,0.0,0.0,0.0
40.4254166667,123164.0,17836.0,6.90535994618,713.0,64441.0,92.0,7.0,1294.0,2608.0,1814.0,4892.0,4274.0,2302.0,545.0,89.0,11.0,7.0,0.0,0.0,0.0,0.0,0.0,0.0,0.0,0.0,0.0,0.0,0.0,0.0,0.0,0.0,0.0,0.0,0.0,0.0,0.0,0.0
40.4275,124574.0,17836.0,6.98441354564,711.0,64439.0,92.0,7.0,1261.0,2582.0,1874.0,4855.0,4239.0,2391.0,529.0,82.0,11.0,12.0,0.0,0.0,0.0,0.0,0.0,0.0,0.0,0.0,0.0,0.0,0.0,0.0,0.0,0.0,0.0,0.0,0.0,0.0,0.0,0.0
40.4295833333,124257.0,17834.0,6.96742177863,713.0,64443.0,92.0,7.0,1186.0,2531.0,1867.0,5030.0,4266.0,2312.0,524.0,92.0,20.0,6.0,0.0,0.0,0.0,0.0,0.0,0.0,0.0,0.0,0.0,0.0,0.0,0.0,0.0,0.0,0.0,0.0,0.0,0.0,0.0,0.0
40.4316666667,124472.0,17827.0,6.98221798396,717.0,64445.0,92.0,7.0,1193.0,2522.0,1889.0,4927.0,4322.0,2345.0,534.0,69.0,14.0,12.0,0.0,0.0,0.0,0.0,0.0,0.0,0.0,0.0,0.0,0.0,0.0,0.0,0.0,0.0,0.0,0.0,0.0,0.0,0.0,0.0
40.43375,124066.0,17833.0,6.95710200191,717.0,64440.0,92.0,7.0,1114.0,2498.0,1820.0,4978.0,4342.0,2455.0,528.0,87.0,10.0,1.0,0.0,0.0,0.0,0.0,0.0,0.0,0.0,0.0,0.0,0.0,0.0,0.0,0.0,0.0,0.0,0.0,0.0,0.0,0.0,0.0
40.4358333333,123826.0,17836.0,6.94247589146,714.0,64442.0,89.0,7.0,1197.0,2432.0,1829.0,5078.0,4364.0,2289.0,527.0,103.0,15.0,2.0,0.0,0.0,0.0,0.0,0.0,0.0,0.0,0.0,0.0,0.0,0.0,0.0,0.0,0.0,0.0,0.0,0.0,0.0,0.0,0.0
40.4379166667,126182.0,17834.0,7.07536166872,716.0,64444.0,89.0,6.0,1137.0,2400.0,1797.0,4999.0,4462.0,2413.0,515.0,91.0,12.0,8.0,0.0,0.0,0.0,0.0,0.0,0.0,0.0,0.0,0.0,0.0,0.0,0.0,0.0,0.0,0.0,0.0,0.0,0.0,0.0,0.0
40.44,124142.0,17839.0,6.95902236672,711.0,64447.0,92.0,6.0,1137.0,2408.0,1845.0,5117.0,4301.0,2406.0,533.0,73.0,15.0,4.0,0.0,0.0,0.0,0.0,0.0,0.0,0.0,0.0,0.0,0.0,0.0,0.0,0.0,0.0,0.0,0.0,0.0,0.0,0.0,0.0
40.4420833333,125498.0,17837.0,7.03582440993,713.0,64440.0,92.0,65535.0,1212.0,2470.0,1750.0,4976.0,4381.0,2412.0,536.0,76.0,17.0,7.0,0.0,0.0,0.0,0.0,0.0,0.0,0.0,0.0,0.0,0.0,0.0,0.0,0.0,0.0,0.0,0.0,0.0,0.0,0.0,0.0
40.4441666667,127986.0,17833.0,7.17691919475,717.0,64440.0,92.0,6.0,1130.0,2338.0,1838.0,5073.0,4296.0,2509.0,537.0,84.0,20.0,8.0,0.0,0.0,0.0,0.0,0.0,0.0,0.0,0.0,0.0,0.0,0.0,0.0,0.0,0.0,0.0,0.0,0.0,0.0,0.0,0.0
40.44625,125216.0,17836.0,7.02040816327,713.0,64443.0,92.0,7.0,1137.0,2288.0,1858.0,5089.0,4417.0,2430.0,516.0,81.0,17.0,3.0,0.0,0.0,0.0,0.0,0.0,0.0,0.0,0.0,0.0,0.0,0.0,0.0,0.0,0.0,0.0,0.0,0.0,0.0,0.0,0.0
40.4483333333,125763.0,17832.0,7.05265814266,713.0,64441.0,92.0,3.0,1098.0,2319.0,1870.0,5030.0,4508.0,2390.0,522.0,68.0,21.0,6.0,0.0,0.0,0.0,0.0,0.0,0.0,0.0,0.0,0.0,0.0,0.0,0.0,0.0,0.0,0.0,0.0,0.0,0.0,0.0,0.0
40.4504166667,126535.0,17841.0,7.09237150384,713.0,64444.0,89.0,6.0,1081.0,2265.0,1867.0,5222.0,4348.0,2418.0,540.0,71.0,24.0,5.0,0.0,0.0,0.0,0.0,0.0,0.0,0.0,0.0,0.0,0.0,0.0,0.0,0.0,0.0,0.0,0.0,0.0,0.0,0.0,0.0
40.4525,124439.0,17836.0,6.97684458399,716.0,64440.0,94.0,6.0,1107.0,2373.0,1867.0,5117.0,4409.0,2342.0,523.0,77.0,15.0,6.0,0.0,0.0,0.0,0.0,0.0,0.0,0.0,0.0,0.0,0.0,0.0,0.0,0.0,0.0,0.0,0.0,0.0,0.0,0.0,0.0
40.4545833333,126823.0,17833.0,7.11170302249,713.0,64441.0,88.0,7.0,1049.0,2305.0,1821.0,4993.0,4535.0,2513.0,523.0,74.0,17.0,3.0,0.0,0.0,0.0,0.0,0.0,0.0,0.0,0.0,0.0,0.0,0.0,0.0,0.0,0.0,0.0,0.0,0.0,0.0,0.0,0.0
40.4566666667,127838.0,17825.0,7.17183730715,711.0,64441.0,92.0,9.0,968.0,2256.0,1925.0,5065.0,4494.0,2503.0,506.0,81.0,22.0,5.0,0.0,0.0,0.0,0.0,0.0,0.0,0.0,0.0,0.0,0.0,0.0,0.0,0.0,0.0,0.0,0.0,0.0,0.0,0.0,0.0
40.45875,127177.0,17825.0,7.1347545582,713.0,64438.0,96.0,6.0,1051.0,2259.0,1901.0,5003.0,4494.0,2490.0,509.0,97.0,20.0,1.0,0.0,0.0,0.0,0.0,0.0,0.0,0.0,0.0,0.0,0.0,0.0,0.0,0.0,0.0,0.0,0.0,0.0,0.0,0.0,0.0
40.4608333333,127638.0,17830.0,7.15860908581,714.0,64439.0,94.0,8.0,1037.0,2230.0,1946.0,5025.0,4533.0,2428.0,514.0,94.0,16.0,7.0,0.0,0.0,0.0,0.0,0.0,0.0,0.0,0.0,0.0,0.0,0.0,0.0,0.0,0.0,0.0,0.0,0.0,0.0,0.0,0.0
40.4629166667,126422.0,17828.0,7.09120484631,711.0,64439.0,92.0,7.0,981.0,2260.0,1995.0,5103.0,4450.0,2442.0,484.0,88.0,19.0,6.0,0.0,0.0,0.0,0.0,0.0,0.0,0.0,0.0,0.0,0.0,0.0,0.0,0.0,0.0,0.0,0.0,0.0,0.0,0.0,0.0
40.465,126313.0,17827.0,7.08548830426,711.0,64446.0,95.0,7.0,1022.0,2281.0,1996.0,5044.0,4523.0,2374.0,479.0,76.0,21.0,11.0,0.0,0.0,0.0,0.0,0.0,0.0,0.0,0.0,0.0,0.0,0.0,0.0,0.0,0.0,0.0,0.0,0.0,0.0,0.0,0.0
40.4670833333,127307.0,17822.0,7.14324991583,716.0,64440.0,89.0,3.0,1039.0,2265.0,1945.0,4822.0,4569.0,2564.0,513.0,91.0,12.0,2.0,0.0,0.0,0.0,0.0,0.0,0.0,0.0,0.0,0.0,0.0,0.0,0.0,0.0,0.0,0.0,0.0,0.0,0.0,0.0,0.0
40.4691666667,125299.0,17828.0,7.02821404532,714.0,64440.0,95.0,4.0,1031.0,2159.0,2046.0,5004.0,4481.0,2533.0,484.0,72.0,16.0,2.0,0.0,0.0,0.0,0.0,0.0,0.0,0.0,0.0,0.0,0.0,0.0,0.0,0.0,0.0,0.0,0.0,0.0,0.0,0.0,0.0
40.47125,125637.0,17822.0,7.04954550555,716.0,64439.0,91.0,8.0,983.0,2295.0,2071.0,5032.0,4406.0,2465.0,470.0,72.0,19.0,9.0,0.0,0.0,0.0,0.0,0.0,0.0,0.0,0.0,0.0,0.0,0.0,0.0,0.0,0.0,0.0,0.0,0.0,0.0,0.0,0.0
40.4733333333,127874.0,17823.0,7.17466195366,711.0,64441.0,88.0,15.0,996.0,2272.0,2113.0,4848.0,4368.0,2618.0,500.0,87.0,14.0,7.0,0.0,0.0,0.0,0.0,0.0,0.0,0.0,0.0,0.0,0.0,0.0,0.0,0.0,0.0,0.0,0.0,0.0,0.0,0.0,0.0
40.4754166667,127054.0,17825.0,7.12785413745,716.0,64439.0,96.0,6.0,911.0,2264.0,2183.0,4840.0,4429.0,2582.0,508.0,90.0,18.0,0.0,0.0,0.0,0.0,0.0,0.0,0.0,0.0,0.0,0.0,0.0,0.0,0.0,0.0,0.0,0.0,0.0,0.0,0.0,0.0,0.0
40.4775,126321.0,17824.0,7.08712971275,711.0,64441.0,92.0,6.0,986.0,2155.0,2151.0,5008.0,4403.0,2556.0,467.0,69.0,24.0,5.0,0.0,0.0,0.0,0.0,0.0,0.0,0.0,0.0,0.0,0.0,0.0,0.0,0.0,0.0,0.0,0.0,0.0,0.0,0.0,0.0
40.4795833333,127087.0,17827.0,7.12890559264,713.0,64436.0,99.0,3.0,929.0,2207.0,2138.0,5031.0,4378.0,2597.0,441.0,83.0,11.0,12.0,0.0,0.0,0.0,0.0,0.0,0.0,0.0,0.0,0.0,0.0,0.0,0.0,0.0,0.0,0.0,0.0,0.0,0.0,0.0,0.0
40.4816666667,129960.0,17820.0,7.29292929293,716.0,64441.0,92.0,7.0,944.0,2234.0,2191.0,4808.0,4292.0,2711.0,533.0,86.0,12.0,9.0,0.0,0.0,0.0,0.0,0.0,0.0,0.0,0.0,0.0,0.0,0.0,0.0,0.0,0.0,0.0,0.0,0.0,0.0,0.0,0.0
40.48375,129246.0,17829.0,7.24920074037,714.0,64440.0,92.0,8.0,889.0,2072.0,2235.0,4890.0,4515.0,2621.0,502.0,83.0,15.0,7.0,0.0,0.0,0.0,0.0,0.0,0.0,0.0,0.0,0.0,0.0,0.0,0.0,0.0,0.0,0.0,0.0,0.0,0.0,0.0,0.0
40.4858333333,129264.0,17829.0,7.25021033148,713.0,64440.0,94.0,15.0,927.0,2164.0,2370.0,4744.0,4339.0,2674.0,501.0,86.0,14.0,10.0,0.0,0.0,0.0,0.0,0.0,0.0,0.0,0.0,0.0,0.0,0.0,0.0,0.0,0.0,0.0,0.0,0.0,0.0,0.0,0.0
40.4879166667,132123.0,17821.0,7.41389372089,713.0,64440.0,95.0,0.0,901.0,2091.0,2308.0,4608.0,4465.0,2794.0,548.0,73.0,32.0,1.0,0.0,0.0,0.0,0.0,0.0,0.0,0.0,0.0,0.0,0.0,0.0,0.0,0.0,0.0,0.0,0.0,0.0,0.0,0.0,0.0
40.49,131077.0,17822.0,7.35478621928,713.0,64444.0,91.0,6.0,836.0,2175.0,2313.0,4617.0,4296.0,2929.0,572.0,74.0,8.0,2.0,0.0,0.0,0.0,0.0,0.0,0.0,0.0,0.0,0.0,0.0,0.0,0.0,0.0,0.0,0.0,0.0,0.0,0.0,0.0,0.0
40.4920833333,131844.0,17825.0,7.39657784011,713.0,64442.0,92.0,12.0,849.0,2194.0,2453.0,4590.0,4262.0,2812.0,547.0,93.0,20.0,5.0,0.0,0.0,0.0,0.0,0.0,0.0,0.0,0.0,0.0,0.0,0.0,0.0,0.0,0.0,0.0,0.0,0.0,0.0,0.0,0.0
40.4941666667,131419.0,17826.0,7.3723213284,713.0,64446.0,92.0,65535.0,843.0,2293.0,2381.0,4591.0,4234.0,2858.0,507.0,91.0,22.0,6.0,0.0,0.0,0.0,0.0,0.0,0.0,0.0,0.0,0.0,0.0,0.0,0.0,0.0,0.0,0.0,0.0,0.0,0.0,0.0,0.0
40.49625,124366.0,17829.0,6.97548937125,716.0,64444.0,94.0,6.0,925.0,2256.0,2485.0,4763.0,4179.0,2693.0,436.0,75.0,12.0,5.0,0.0,0.0,0.0,0.0,0.0,0.0,0.0,0.0,0.0,0.0,0.0,0.0,0.0,0.0,0.0,0.0,0.0,0.0,0.0,0.0
40.4983333333,125737.0,17824.0,7.05436490126,713.0,64444.0,95.0,3.0,897.0,2285.0,2458.0,4762.0,4232.0,2674.0,406.0,86.0,14.0,10.0,0.0,0.0,0.0,0.0,0.0,0.0,0.0,0.0,0.0,0.0,0.0,0.0,0.0,0.0,0.0,0.0,0.0,0.0,0.0,0.0
40.5004166667,124444.0,17824.0,6.98182226212,713.0,64441.0,88.0,9.0,931.0,2284.0,2556.0,4666.0,4224.0,2611.0,439.0,97.0,12.0,4.0,0.0,0.0,0.0,0.0,0.0,0.0,0.0,0.0,0.0,0.0,0.0,0.0,0.0,0.0,0.0,0.0,0.0,0.0,0.0,0.0
40.5025,121129.0,17826.0,6.79507461012,711.0,64441.0,92.0,7.0,934.0,2439.0,2537.0,4666.0,4141.0,2624.0,394.0,73.0,16.0,2.0,0.0,0.0,0.0,0.0,0.0,0.0,0.0,0.0,0.0,0.0,0.0,0.0,0.0,0.0,0.0,0.0,0.0,0.0,0.0,0.0
40.5045833333,120849.0,17830.0,6.77784632642,714.0,64439.0,88.0,15.0,964.0,2423.0,2559.0,4703.0,4098.0,2597.0,392.0,71.0,22.0,1.0,0.0,0.0,0.0,0.0,0.0,0.0,0.0,0.0,0.0,0.0,0.0,0.0,0.0,0.0,0.0,0.0,0.0,0.0,0.0,0.0
40.5066666667,120487.0,17825.0,6.75943899018,713.0,64447.0,92.0,3.0,895.0,2435.0,2660.0,4661.0,4113.0,2574.0,395.0,73.0,17.0,2.0,0.0,0.0,0.0,0.0,0.0,0.0,0.0,0.0,0.0,0.0,0.0,0.0,0.0,0.0,0.0,0.0,0.0,0.0,0.0,0.0
40.50875,119427.0,17825.0,6.69997194951,713.0,64441.0,95.0,3.0,1006.0,2527.0,2782.0,4492.0,4051.0,2458.0,402.0,85.0,18.0,4.0,0.0,0.0,0.0,0.0,0.0,0.0,0.0,0.0,0.0,0.0,0.0,0.0,0.0,0.0,0.0,0.0,0.0,0.0,0.0,0.0
40.5108333333,120769.0,17832.0,6.77259982055,713.0,64440.0,95.0,3.0,956.0,2521.0,2684.0,4516.0,4100.0,2566.0,391.0,74.0,19.0,5.0,0.0,0.0,0.0,0.0,0.0,0.0,0.0,0.0,0.0,0.0,0.0,0.0,0.0,0.0,0.0,0.0,0.0,0.0,0.0,0.0
40.5129166667,121115.0,17824.0,6.7950516158,711.0,64438.0,89.0,15.0,940.0,2509.0,2797.0,4497.0,3964.0,2629.0,388.0,74.0,20.0,6.0,0.0,0.0,0.0,0.0,0.0,0.0,0.0,0.0,0.0,0.0,0.0,0.0,0.0,0.0,0.0,0.0,0.0,0.0,0.0,0.0
40.515,119009.0,17824.0,6.67689631957,711.0,64440.0,95.0,4.0,933.0,2475.0,2877.0,4467.0,3938.0,2672.0,381.0,69.0,8.0,4.0,0.0,0.0,0.0,0.0,0.0,0.0,0.0,0.0,0.0,0.0,0.0,0.0,0.0,0.0,0.0,0.0,0.0,0.0,0.0,0.0
40.5170833333,122141.0,17828.0,6.85107695759,713.0,64443.0,92.0,8.0,930.0,2459.0,2941.0,4320.0,4013.0,2646.0,410.0,92.0,10.0,7.0,0.0,0.0,0.0,0.0,0.0,0.0,0.0,0.0,0.0,0.0,0.0,0.0,0.0,0.0,0.0,0.0,0.0,0.0,0.0,0.0
40.5191666667,118912.0,17829.0,6.66958326322,713.0,64440.0,95.0,8.0,959.0,2488.0,2848.0,4592.0,3873.0,2568.0,414.0,68.0,17.0,2.0,0.0,0.0,0.0,0.0,0.0,0.0,0.0,0.0,0.0,0.0,0.0,0.0,0.0,0.0,0.0,0.0,0.0,0.0,0.0,0.0
40.52125,121640.0,17822.0,6.82527213556,711.0,64440.0,95.0,7.0,913.0,2476.0,2882.0,4402.0,3944.0,2705.0,409.0,69.0,17.0,5.0,0.0,0.0,0.0,0.0,0.0,0.0,0.0,0.0,0.0,0.0,0.0,0.0,0.0,0.0,0.0,0.0,0.0,0.0,0.0,0.0
40.5233333333,121074.0,17828.0,6.79122728293,713.0,64444.0,92.0,6.0,919.0,2456.0,2957.0,4424.0,3880.0,2678.0,412.0,82.0,19.0,1.0,0.0,0.0,0.0,0.0,0.0,0.0,0.0,0.0,0.0,0.0,0.0,0.0,0.0,0.0,0.0,0.0,0.0,0.0,0.0,0.0
40.5254166667,121545.0,17824.0,6.81917639138,713.0,64440.0,92.0,6.0,919.0,2521.0,3072.0,4340.0,3838.0,2671.0,352.0,73.0,28.0,10.0,0.0,0.0,0.0,0.0,0.0,0.0,0.0,0.0,0.0,0.0,0.0,0.0,0.0,0.0,0.0,0.0,0.0,0.0,0.0,0.0
40.5275,119320.0,17823.0,6.69472030522,713.0,64454.0,89.0,7.0,958.0,2654.0,3119.0,4259.0,3700.0,2637.0,391.0,82.0,16.0,7.0,0.0,0.0,0.0,0.0,0.0,0.0,0.0,0.0,0.0,0.0,0.0,0.0,0.0,0.0,0.0,0.0,0.0,0.0,0.0,0.0
40.5295833333,118411.0,17829.0,6.64148297717,713.0,64440.0,92.0,7.0,949.0,2557.0,3031.0,4456.0,3786.0,2577.0,379.0,64.0,27.0,3.0,0.0,0.0,0.0,0.0,0.0,0.0,0.0,0.0,0.0,0.0,0.0,0.0,0.0,0.0,0.0,0.0,0.0,0.0,0.0,0.0
40.5316666667,118917.0,17831.0,6.66911558522,717.0,64440.0,95.0,7.0,947.0,2589.0,3120.0,4258.0,3794.0,2635.0,386.0,84.0,14.0,4.0,0.0,0.0,0.0,0.0,0.0,0.0,0.0,0.0,0.0,0.0,0.0,0.0,0.0,0.0,0.0,0.0,0.0,0.0,0.0,0.0
40.53375,117233.0,17823.0,6.57762441789,713.0,64444.0,92.0,6.0,1012.0,2695.0,3199.0,4289.0,3591.0,2565.0,347.0,100.0,21.0,4.0,0.0,0.0,0.0,0.0,0.0,0.0,0.0,0.0,0.0,0.0,0.0,0.0,0.0,0.0,0.0,0.0,0.0,0.0,0.0,0.0
40.5358333333,118418.0,17829.0,6.64187559594,716.0,64440.0,94.0,7.0,961.0,2560.0,3147.0,4441.0,3597.0,2623.0,406.0,74.0,14.0,6.0,0.0,0.0,0.0,0.0,0.0,0.0,0.0,0.0,0.0,0.0,0.0,0.0,0.0,0.0,0.0,0.0,0.0,0.0,0.0,0.0
40.5379166667,118314.0,17823.0,6.63827638445,713.0,64440.0,92.0,8.0,951.0,2686.0,3112.0,4255.0,3692.0,2670.0,357.0,80.0,12.0,8.0,0.0,0.0,0.0,0.0,0.0,0.0,0.0,0.0,0.0,0.0,0.0,0.0,0.0,0.0,0.0,0.0,0.0,0.0,0.0,0.0
40.54,115245.0,17821.0,6.46680882105,713.0,64444.0,92.0,7.0,972.0,2733.0,3274.0,4305.0,3475.0,2583.0,383.0,81.0,13.0,2.0,0.0,0.0,0.0,0.0,0.0,0.0,0.0,0.0,0.0,0.0,0.0,0.0,0.0,0.0,0.0,0.0,0.0,0.0,0.0,0.0
40.5420833333,115775.0,17815.0,6.49873701937,714.0,64440.0,92.0,7.0,977.0,2701.0,3293.0,4270.0,3486.0,2629.0,366.0,73.0,16.0,4.0,0.0,0.0,0.0,0.0,0.0,0.0,0.0,0.0,0.0,0.0,0.0,0.0,0.0,0.0,0.0,0.0,0.0,0.0,0.0,0.0
40.5441666667,116389.0,17826.0,6.529170874,717.0,64442.0,92.0,3.0,975.0,2649.0,3322.0,4234.0,3496.0,2695.0,364.0,70.0,19.0,2.0,0.0,0.0,0.0,0.0,0.0,0.0,0.0,0.0,0.0,0.0,0.0,0.0,0.0,0.0,0.0,0.0,0.0,0.0,0.0,0.0
40.54625,117075.0,17820.0,6.56986531987,716.0,64440.0,89.0,8.0,878.0,2637.0,3355.0,4260.0,3508.0,2728.0,383.0,51.0,13.0,7.0,0.0,0.0,0.0,0.0,0.0,0.0,0.0,0.0,0.0,0.0,0.0,0.0,0.0,0.0,0.0,0.0,0.0,0.0,0.0,0.0
40.5483333333,114589.0,17824.0,6.42891606822,711.0,64440.0,94.0,7.0,949.0,2725.0,3448.0,4194.0,3438.0,2609.0,376.0,66.0,17.0,2.0,0.0,0.0,0.0,0.0,0.0,0.0,0.0,0.0,0.0,0.0,0.0,0.0,0.0,0.0,0.0,0.0,0.0,0.0,0.0,0.0
40.5504166667,114275.0,17821.0,6.4123786544,716.0,64440.0,96.0,3.0,857.0,2753.0,3447.0,4255.0,3443.0,2636.0,345.0,69.0,13.0,3.0,0.0,0.0,0.0,0.0,0.0,0.0,0.0,0.0,0.0,0.0,0.0,0.0,0.0,0.0,0.0,0.0,0.0,0.0,0.0,0.0
40.5525,114352.0,17821.0,6.41669939958,711.0,64445.0,94.0,7.0,929.0,2784.0,3416.0,4260.0,3444.0,2553.0,339.0,70.0,21.0,5.0,0.0,0.0,0.0,0.0,0.0,0.0,0.0,0.0,0.0,0.0,0.0,0.0,0.0,0.0,0.0,0.0,0.0,0.0,0.0,0.0
40.5545833333,118701.0,17826.0,6.65886906765,717.0,64443.0,92.0,7.0,984.0,2673.0,3394.0,4174.0,3394.0,2711.0,398.0,67.0,23.0,8.0,0.0,0.0,0.0,0.0,0.0,0.0,0.0,0.0,0.0,0.0,0.0,0.0,0.0,0.0,0.0,0.0,0.0,0.0,0.0,0.0
40.5566666667,117501.0,17826.0,6.59155166611,716.0,64440.0,92.0,6.0,947.0,2629.0,3350.0,4351.0,3370.0,2732.0,352.0,68.0,19.0,8.0,0.0,0.0,0.0,0.0,0.0,0.0,0.0,0.0,0.0,0.0,0.0,0.0,0.0,0.0,0.0,0.0,0.0,0.0,0.0,0.0
40.55875,115046.0,17821.0,6.45564221985,716.0,64440.0,94.0,4.0,886.0,2728.0,3487.0,4310.0,3363.0,2601.0,344.0,78.0,20.0,4.0,0.0,0.0,0.0,0.0,0.0,0.0,0.0,0.0,0.0,0.0,0.0,0.0,0.0,0.0,0.0,0.0,0.0,0.0,0.0,0.0
40.5608333333,115979.0,17822.0,6.50763101784,711.0,64441.0,96.0,7.0,938.0,2799.0,3490.0,4248.0,3207.0,2692.0,362.0,59.0,14.0,13.0,0.0,0.0,0.0,0.0,0.0,0.0,0.0,0.0,0.0,0.0,0.0,0.0,0.0,0.0,0.0,0.0,0.0,0.0,0.0,0.0
40.5629166667,113665.0,17828.0,6.37564505273,713.0,64440.0,95.0,7.0,1002.0,2721.0,3520.0,4178.0,3419.0,2532.0,372.0,60.0,20.0,4.0,0.0,0.0,0.0,0.0,0.0,0.0,0.0,0.0,0.0,0.0,0.0,0.0,0.0,0.0,0.0,0.0,0.0,0.0,0.0,0.0
40.5691666667,112423.0,17827.0,6.30633309026,713.0,64440.0,94.0,7.0,995.0,2825.0,3665.0,4249.0,3133.0,2539.0,318.0,79.0,14.0,10.0,0.0,0.0,0.0,0.0,0.0,0.0,0.0,0.0,0.0,0.0,0.0,0.0,0.0,0.0,0.0,0.0,0.0,0.0,0.0,0.0
40.57125,112658.0,17818.0,6.32270737457,711.0,64443.0,92.0,7.0,904.0,2838.0,3768.0,4259.0,3054.0,2527.0,371.0,75.0,15.0,7.0,0.0,0.0,0.0,0.0,0.0,0.0,0.0,0.0,0.0,0.0,0.0,0.0,0.0,0.0,0.0,0.0,0.0,0.0,0.0,0.0
40.5733333333,112330.0,17825.0,6.30182328191,711.0,64440.0,94.0,3.0,968.0,2868.0,3611.0,4238.0,3101.0,2606.0,343.0,72.0,11.0,7.0,0.0,0.0,0.0,0.0,0.0,0.0,0.0,0.0,0.0,0.0,0.0,0.0,0.0,0.0,0.0,0.0,0.0,0.0,0.0,0.0
40.5754166667,108481.0,17823.0,6.08657352859,711.0,64441.0,92.0,7.0,1040.0,2941.0,3844.0,4151.0,3046.0,2391.0,318.0,60.0,28.0,4.0,0.0,0.0,0.0,0.0,0.0,0.0,0.0,0.0,0.0,0.0,0.0,0.0,0.0,0.0,0.0,0.0,0.0,0.0,0.0,0.0
40.5775,111192.0,17827.0,6.23728052953,713.0,64441.0,92.0,9.0,950.0,2878.0,3747.0,4279.0,3017.0,2553.0,313.0,64.0,16.0,10.0,0.0,0.0,0.0,0.0,0.0,0.0,0.0,0.0,0.0,0.0,0.0,0.0,0.0,0.0,0.0,0.0,0.0,0.0,0.0,0.0
40.5795833333,109445.0,17823.0,6.14066094372,711.0,64444.0,94.0,3.0,965.0,2903.0,3823.0,4132.0,3100.0,2508.0,301.0,68.0,19.0,4.0,0.0,0.0,0.0,0.0,0.0,0.0,0.0,0.0,0.0,0.0,0.0,0.0,0.0,0.0,0.0,0.0,0.0,0.0,0.0,0.0
40.5816666667,108061.0,17834.0,6.05926881238,714.0,64443.0,94.0,7.0,951.0,3015.0,3953.0,4279.0,2771.0,2444.0,324.0,79.0,10.0,8.0,0.0,0.0,0.0,0.0,0.0,0.0,0.0,0.0,0.0,0.0,0.0,0.0,0.0,0.0,0.0,0.0,0.0,0.0,0.0,0.0
40.58375,109795.0,17827.0,6.15891625063,711.0,64441.0,95.0,65535.0,930.0,2963.0,3878.0,4247.0,2867.0,2501.0,350.0,68.0,18.0,5.0,0.0,0.0,0.0,0.0,0.0,0.0,0.0,0.0,0.0,0.0,0.0,0.0,0.0,0.0,0.0,0.0,0.0,0.0,0.0,0.0
40.5858333333,109624.0,17834.0,6.14691039587,711.0,64441.0,92.0,3.0,989.0,2962.0,3821.0,4211.0,2946.0,2485.0,317.0,84.0,12.0,7.0,0.0,0.0,0.0,0.0,0.0,0.0,0.0,0.0,0.0,0.0,0.0,0.0,0.0,0.0,0.0,0.0,0.0,0.0,0.0,0.0
40.5879166667,108219.0,17832.0,6.06880888291,711.0,64440.0,92.0,7.0,973.0,3007.0,3840.0,4179.0,2920.0,2503.0,330.0,59.0,18.0,3.0,0.0,0.0,0.0,0.0,0.0,0.0,0.0,0.0,0.0,0.0,0.0,0.0,0.0,0.0,0.0,0.0,0.0,0.0,0.0,0.0
40.59,107354.0,17828.0,6.02165133498,713.0,64446.0,92.0,6.0,978.0,3048.0,3855.0,4197.0,2920.0,2416.0,316.0,82.0,13.0,3.0,0.0,0.0,0.0,0.0,0.0,0.0,0.0,0.0,0.0,0.0,0.0,0.0,0.0,0.0,0.0,0.0,0.0,0.0,0.0,0.0
40.5920833333,107990.0,17829.0,6.05698580964,711.0,64441.0,94.0,7.0,977.0,3044.0,4015.0,4081.0,2734.0,2566.0,320.0,72.0,18.0,2.0,0.0,0.0,0.0,0.0,0.0,0.0,0.0,0.0,0.0,0.0,0.0,0.0,0.0,0.0,0.0,0.0,0.0,0.0,0.0,0.0
40.5941666667,106303.0,17832.0,5.96136159713,716.0,64441.0,94.0,7.0,984.0,3035.0,4012.0,4251.0,2746.0,2407.0,309.0,67.0,14.0,7.0,0.0,0.0,0.0,0.0,0.0,0.0,0.0,0.0,0.0,0.0,0.0,0.0,0.0,0.0,0.0,0.0,0.0,0.0,0.0,0.0
40.59625,107780.0,17828.0,6.04554633161,711.0,64441.0,94.0,6.0,969.0,3038.0,4045.0,4211.0,2670.0,2513.0,282.0,76.0,14.0,10.0,0.0,0.0,0.0,0.0,0.0,0.0,0.0,0.0,0.0,0.0,0.0,0.0,0.0,0.0,0.0,0.0,0.0,0.0,0.0,0.0
40.5983333333,106716.0,17820.0,5.98855218855,711.0,64440.0,94.0,7.0,983.0,3058.0,4113.0,4152.0,2679.0,2421.0,311.0,80.0,18.0,5.0,0.0,0.0,0.0,0.0,0.0,0.0,0.0,0.0,0.0,0.0,0.0,0.0,0.0,0.0,0.0,0.0,0.0,0.0,0.0,0.0
40.6004166667,106365.0,17829.0,5.96584216726,713.0,64442.0,94.0,7.0,1016.0,3201.0,4002.0,4098.0,2674.0,2462.0,264.0,89.0,16.0,7.0,0.0,0.0,0.0,0.0,0.0,0.0,0.0,0.0,0.0,0.0,0.0,0.0,0.0,0.0,0.0,0.0,0.0,0.0,0.0,0.0
40.6025,103864.0,17826.0,5.82654549534,711.0,64440.0,96.0,7.0,1037.0,3108.0,4174.0,4160.0,2643.0,2284.0,313.0,90.0,16.0,1.0,0.0,0.0,0.0,0.0,0.0,0.0,0.0,0.0,0.0,0.0,0.0,0.0,0.0,0.0,0.0,0.0,0.0,0.0,0.0,0.0
40.6045833333,104189.0,17830.0,5.84346606842,711.0,64447.0,94.0,7.0,1047.0,3073.0,4106.0,4170.0,2618.0,2447.0,282.0,69.0,15.0,3.0,0.0,0.0,0.0,0.0,0.0,0.0,0.0,0.0,0.0,0.0,0.0,0.0,0.0,0.0,0.0,0.0,0.0,0.0,0.0,0.0
40.6066666667,103818.0,17829.0,5.8229850244,713.0,64444.0,94.0,3.0,1108.0,3282.0,4232.0,4062.0,2520.0,2243.0,260.0,89.0,21.0,12.0,0.0,0.0,0.0,0.0,0.0,0.0,0.0,0.0,0.0,0.0,0.0,0.0,0.0,0.0,0.0,0.0,0.0,0.0,0.0,0.0
40.60875,102072.0,17834.0,5.72344959067,713.0,64440.0,96.0,9.0,1101.0,3178.0,4219.0,4158.0,2482.0,2327.0,263.0,84.0,21.0,1.0,0.0,0.0,0.0,0.0,0.0,0.0,0.0,0.0,0.0,0.0,0.0,0.0,0.0,0.0,0.0,0.0,0.0,0.0,0.0,0.0
40.6108333333,101906.0,17826.0,5.71670593515,716.0,64444.0,96.0,7.0,1074.0,3322.0,4202.0,4049.0,2522.0,2253.0,313.0,69.0,18.0,4.0,0.0,0.0,0.0,0.0,0.0,0.0,0.0,0.0,0.0,0.0,0.0,0.0,0.0,0.0,0.0,0.0,0.0,0.0,0.0,0.0
40.6129166667,101222.0,17825.0,5.67865357644,711.0,64440.0,94.0,12.0,1119.0,3430.0,4176.0,4040.0,2412.0,2264.0,289.0,73.0,14.0,8.0,0.0,0.0,0.0,0.0,0.0,0.0,0.0,0.0,0.0,0.0,0.0,0.0,0.0,0.0,0.0,0.0,0.0,0.0,0.0,0.0
40.615,99639.0,17831.0,5.58796478044,711.0,64446.0,92.0,7.0,1092.0,3481.0,4243.0,4048.0,2331.0,2254.0,304.0,58.0,14.0,6.0,0.0,0.0,0.0,0.0,0.0,0.0,0.0,0.0,0.0,0.0,0.0,0.0,0.0,0.0,0.0,0.0,0.0,0.0,0.0,0.0
40.6170833333,101265.0,17830.0,5.67947279865,711.0,64444.0,94.0,6.0,1152.0,3445.0,4176.0,4025.0,2431.0,2252.0,249.0,67.0,22.0,11.0,0.0,0.0,0.0,0.0,0.0,0.0,0.0,0.0,0.0,0.0,0.0,0.0,0.0,0.0,0.0,0.0,0.0,0.0,0.0,0.0
40.6191666667,99032.0,17826.0,5.55548075844,711.0,64440.0,95.0,7.0,1144.0,3366.0,4351.0,4063.0,2381.0,2167.0,259.0,68.0,20.0,7.0,0.0,0.0,0.0,0.0,0.0,0.0,0.0,0.0,0.0,0.0,0.0,0.0,0.0,0.0,0.0,0.0,0.0,0.0,0.0,0.0
40.62125,97701.0,17823.0,5.4817370813,711.0,64439.0,96.0,7.0,1202.0,3477.0,4346.0,3833.0,2359.0,2250.0,271.0,70.0,13.0,2.0,0.0,0.0,0.0,0.0,0.0,0.0,0.0,0.0,0.0,0.0,0.0,0.0,0.0,0.0,0.0,0.0,0.0,0.0,0.0,0.0
40.6233333333,95297.0,17833.0,5.34385689452,711.0,64440.0,96.0,65535.0,1236.0,3527.0,4371.0,3989.0,2232.0,2144.0,252.0,63.0,16.0,3.0,0.0,0.0,0.0,0.0,0.0,0.0,0.0,0.0,0.0,0.0,0.0,0.0,0.0,0.0,0.0,0.0,0.0,0.0,0.0,0.0
40.6254166667,98129.0,17822.0,5.50605992593,711.0,64440.0,95.0,4.0,1271.0,3453.0,4312.0,3931.0,2357.0,2163.0,235.0,66.0,28.0,6.0,0.0,0.0,0.0,0.0,0.0,0.0,0.0,0.0,0.0,0.0,0.0,0.0,0.0,0.0,0.0,0.0,0.0,0.0,0.0,0.0
40.6275,95450.0,17825.0,5.35483870968,710.0,64443.0,94.0,7.0,1305.0,3542.0,4294.0,3846.0,2400.0,2098.0,260.0,67.0,6.0,7.0,0.0,0.0,0.0,0.0,0.0,0.0,0.0,0.0,0.0,0.0,0.0,0.0,0.0,0.0,0.0,0.0,0.0,0.0,0.0,0.0
40.6295833333,94979.0,17827.0,5.3278173557,716.0,64444.0,96.0,3.0,1253.0,3545.0,4325.0,3872.0,2390.0,2121.0,245.0,62.0,9.0,5.0,0.0,0.0,0.0,0.0,0.0,0.0,0.0,0.0,0.0,0.0,0.0,0.0,0.0,0.0,0.0,0.0,0.0,0.0,0.0,0.0
40.6316666667,96674.0,17827.0,5.42289785157,711.0,64441.0,95.0,4.0,1297.0,3586.0,4422.0,3765.0,2334.0,2065.0,256.0,81.0,10.0,11.0,0.0,0.0,0.0,0.0,0.0,0.0,0.0,0.0,0.0,0.0,0.0,0.0,0.0,0.0,0.0,0.0,0.0,0.0,0.0,0.0
40.63375,95621.0,17824.0,5.36473294434,714.0,64444.0,94.0,3.0,1368.0,3649.0,4380.0,3729.0,2185.0,2188.0,230.0,70.0,19.0,6.0,0.0,0.0,0.0,0.0,0.0,0.0,0.0,0.0,0.0,0.0,0.0,0.0,0.0,0.0,0.0,0.0,0.0,0.0,0.0,0.0
40.6358333333,94146.0,17831.0,5.27990578206,711.0,64440.0,94.0,11.0,1294.0,3840.0,4269.0,3854.0,2194.0,2034.0,254.0,63.0,26.0,3.0,0.0,0.0,0.0,0.0,0.0,0.0,0.0,0.0,0.0,0.0,0.0,0.0,0.0,0.0,0.0,0.0,0.0,0.0,0.0,0.0
40.6379166667,92947.0,17824.0,5.21471050269,713.0,64445.0,91.0,8.0,1367.0,3813.0,4331.0,3724.0,2219.0,2029.0,262.0,59.0,15.0,5.0,0.0,0.0,0.0,0.0,0.0,0.0,0.0,0.0,0.0,0.0,0.0,0.0,0.0,0.0,0.0,0.0,0.0,0.0,0.0,0.0
40.64,93631.0,17832.0,5.25072902647,713.0,64444.0,95.0,7.0,1400.0,3769.0,4243.0,3740.0,2278.0,2036.0,276.0,76.0,13.0,1.0,0.0,0.0,0.0,0.0,0.0,0.0,0.0,0.0,0.0,0.0,0.0,0.0,0.0,0.0,0.0,0.0,0.0,0.0,0.0,0.0
40.6420833333,92110.0,17832.0,5.16543292956,713.0,64444.0,95.0,7.0,1437.0,3746.0,4312.0,3777.0,2219.0,2010.0,252.0,62.0,13.0,4.0,0.0,0.0,0.0,0.0,0.0,0.0,0.0,0.0,0.0,0.0,0.0,0.0,0.0,0.0,0.0,0.0,0.0,0.0,0.0,0.0
40.6441666667,93878.0,17824.0,5.26694344704,711.0,64444.0,92.0,7.0,1383.0,3738.0,4302.0,3728.0,2300.0,2028.0,257.0,66.0,18.0,4.0,0.0,0.0,0.0,0.0,0.0,0.0,0.0,0.0,0.0,0.0,0.0,0.0,0.0,0.0,0.0,0.0,0.0,0.0,0.0,0.0
40.64625,91358.0,17831.0,5.12354887555,711.0,64444.0,96.0,3.0,1460.0,3866.0,4278.0,3708.0,2233.0,1934.0,262.0,76.0,12.0,2.0,0.0,0.0,0.0,0.0,0.0,0.0,0.0,0.0,0.0,0.0,0.0,0.0,0.0,0.0,0.0,0.0,0.0,0.0,0.0,0.0
40.6483333333,92155.0,17823.0,5.17056612243,710.0,64444.0,92.0,7.0,1458.0,3885.0,4235.0,3614.0,2280.0,2014.0,249.0,76.0,8.0,4.0,0.0,0.0,0.0,0.0,0.0,0.0,0.0,0.0,0.0,0.0,0.0,0.0,0.0,0.0,0.0,0.0,0.0,0.0,0.0,0.0
40.6504166667,94705.0,17827.0,5.31244741123,716.0,64440.0,94.0,7.0,1539.0,3755.0,4145.0,3631.0,2349.0,2068.0,244.0,68.0,24.0,4.0,0.0,0.0,0.0,0.0,0.0,0.0,0.0,0.0,0.0,0.0,0.0,0.0,0.0,0.0,0.0,0.0,0.0,0.0,0.0,0.0
40.6525,93766.0,17827.0,5.25977449935,711.0,64444.0,96.0,6.0,1488.0,3888.0,4333.0,3541.0,2217.0,2022.0,248.0,59.0,21.0,10.0,0.0,0.0,0.0,0.0,0.0,0.0,0.0,0.0,0.0,0.0,0.0,0.0,0.0,0.0,0.0,0.0,0.0,0.0,0.0,0.0
40.6545833333,94758.0,17822.0,5.31691168219,716.0,64441.0,94.0,6.0,1547.0,3830.0,4090.0,3459.0,2434.0,2102.0,266.0,78.0,14.0,2.0,0.0,0.0,0.0,0.0,0.0,0.0,0.0,0.0,0.0,0.0,0.0,0.0,0.0,0.0,0.0,0.0,0.0,0.0,0.0,0.0
40.6566666667,93245.0,17824.0,5.23142953321,711.0,64440.0,95.0,3.0,1483.0,3927.0,4293.0,3497.0,2249.0,2017.0,259.0,78.0,17.0,4.0,0.0,0.0,0.0,0.0,0.0,0.0,0.0,0.0,0.0,0.0,0.0,0.0,0.0,0.0,0.0,0.0,0.0,0.0,0.0,0.0
40.65875,94727.0,17818.0,5.31636547312,711.0,64440.0,95.0,9.0,1513.0,3905.0,4185.0,3469.0,2368.0,2044.0,235.0,75.0,12.0,12.0,0.0,0.0,0.0,0.0,0.0,0.0,0.0,0.0,0.0,0.0,0.0,0.0,0.0,0.0,0.0,0.0,0.0,0.0,0.0,0.0
40.6608333333,91678.0,17825.0,5.14322580645,711.0,64439.0,96.0,65534.0,1595.0,3984.0,4279.0,3398.0,2231.0,2017.0,228.0,67.0,22.0,4.0,0.0,0.0,0.0,0.0,0.0,0.0,0.0,0.0,0.0,0.0,0.0,0.0,0.0,0.0,0.0,0.0,0.0,0.0,0.0,0.0
40.6629166667,94040.0,17820.0,5.27721661055,710.0,64444.0,95.0,7.0,1504.0,3864.0,4166.0,3457.0,2424.0,2055.0,262.0,71.0,12.0,5.0,0.0,0.0,0.0,0.0,0.0,0.0,0.0,0.0,0.0,0.0,0.0,0.0,0.0,0.0,0.0,0.0,0.0,0.0,0.0,0.0
40.665,92378.0,17818.0,5.18453249523,714.0,64440.0,97.0,7.0,1646.0,3966.0,4222.0,3264.0,2394.0,1987.0,245.0,71.0,18.0,5.0,0.0,0.0,0.0,0.0,0.0,0.0,0.0,0.0,0.0,0.0,0.0,0.0,0.0,0.0,0.0,0.0,0.0,0.0,0.0,0.0
40.6670833333,91821.0,17825.0,5.15124824684,711.0,64440.0,96.0,3.0,1637.0,4013.0,4180.0,3318.0,2340.0,2002.0,244.0,75.0,10.0,6.0,0.0,0.0,0.0,0.0,0.0,0.0,0.0,0.0,0.0,0.0,0.0,0.0,0.0,0.0,0.0,0.0,0.0,0.0,0.0,0.0
40.6691666667,91868.0,17820.0,5.15533108866,711.0,64440.0,96.0,9.0,1669.0,4066.0,4189.0,3268.0,2314.0,1950.0,266.0,75.0,20.0,3.0,0.0,0.0,0.0,0.0,0.0,0.0,0.0,0.0,0.0,0.0,0.0,0.0,0.0,0.0,0.0,0.0,0.0,0.0,0.0,0.0
40.67125,91249.0,17819.0,5.12088220439,711.0,64440.0,99.0,65535.0,1736.0,4107.0,4041.0,3269.0,2408.0,1920.0,244.0,68.0,22.0,4.0,0.0,0.0,0.0,0.0,0.0,0.0,0.0,0.0,0.0,0.0,0.0,0.0,0.0,0.0,0.0,0.0,0.0,0.0,0.0,0.0
40.6733333333,92800.0,17813.0,5.20967832482,710.0,64443.0,92.0,6.0,1646.0,4120.0,4052.0,3226.0,2449.0,1973.0,240.0,86.0,16.0,5.0,0.0,0.0,0.0,0.0,0.0,0.0,0.0,0.0,0.0,0.0,0.0,0.0,0.0,0.0,0.0,0.0,0.0,0.0,0.0,0.0
40.6754166667,94408.0,17821.0,5.29757028225,711.0,64441.0,96.0,3.0,1665.0,4102.0,4019.0,3297.0,2337.0,2039.0,257.0,79.0,17.0,9.0,0.0,0.0,0.0,0.0,0.0,0.0,0.0,0.0,0.0,0.0,0.0,0.0,0.0,0.0,0.0,0.0,0.0,0.0,0.0,0.0
40.6775,93337.0,17820.0,5.23776655443,711.0,64442.0,94.0,7.0,1729.0,3923.0,4113.0,3173.0,2490.0,2054.0,257.0,61.0,12.0,8.0,0.0,0.0,0.0,0.0,0.0,0.0,0.0,0.0,0.0,0.0,0.0,0.0,0.0,0.0,0.0,0.0,0.0,0.0,0.0,0.0
40.6795833333,92687.0,17822.0,5.20070699136,710.0,64448.0,94.0,3.0,1743.0,3995.0,4150.0,3254.0,2408.0,1933.0,245.0,64.0,19.0,11.0,0.0,0.0,0.0,0.0,0.0,0.0,0.0,0.0,0.0,0.0,0.0,0.0,0.0,0.0,0.0,0.0,0.0,0.0,0.0,0.0
40.6816666667,92424.0,17819.0,5.18682305404,711.0,64447.0,95.0,3.0,1663.0,4000.0,4116.0,3242.0,2463.0,2002.0,242.0,73.0,12.0,6.0,0.0,0.0,0.0,0.0,0.0,0.0,0.0,0.0,0.0,0.0,0.0,0.0,0.0,0.0,0.0,0.0,0.0,0.0,0.0,0.0
40.68375,91323.0,17826.0,5.12302255133,710.0,64443.0,94.0,3.0,1687.0,4133.0,4079.0,3184.0,2395.0,2014.0,254.0,64.0,11.0,5.0,0.0,0.0,0.0,0.0,0.0,0.0,0.0,0.0,0.0,0.0,0.0,0.0,0.0,0.0,0.0,0.0,0.0,0.0,0.0,0.0
40.6858333333,93662.0,17822.0,5.25541465604,710.0,64443.0,96.0,3.0,1666.0,4080.0,4145.0,3097.0,2481.0,2006.0,248.0,77.0,12.0,10.0,0.0,0.0,0.0,0.0,0.0,0.0,0.0,0.0,0.0,0.0,0.0,0.0,0.0,0.0,0.0,0.0,0.0,0.0,0.0,0.0
40.6879166667,93768.0,17818.0,5.26254349534,711.0,64441.0,94.0,6.0,1615.0,4022.0,4121.0,3186.0,2499.0,2032.0,246.0,77.0,13.0,7.0,0.0,0.0,0.0,0.0,0.0,0.0,0.0,0.0,0.0,0.0,0.0,0.0,0.0,0.0,0.0,0.0,0.0,0.0,0.0,0.0
40.69,93104.0,17821.0,5.22439818192,711.0,64441.0,96.0,9.0,1753.0,3966.0,4027.0,3223.0,2464.0,2044.0,261.0,62.0,15.0,6.0,0.0,0.0,0.0,0.0,0.0,0.0,0.0,0.0,0.0,0.0,0.0,0.0,0.0,0.0,0.0,0.0,0.0,0.0,0.0,0.0
40.6920833333,94492.0,17824.0,5.30139138241,711.0,64444.0,95.0,7.0,1639.0,4066.0,4105.0,3102.0,2540.0,1997.0,286.0,67.0,12.0,10.0,0.0,0.0,0.0,0.0,0.0,0.0,0.0,0.0,0.0,0.0,0.0,0.0,0.0,0.0,0.0,0.0,0.0,0.0,0.0,0.0
40.6941666667,95390.0,17822.0,5.35237347099,710.0,64440.0,99.0,4.0,1711.0,3966.0,3992.0,3088.0,2628.0,2065.0,272.0,72.0,27.0,1.0,0.0,0.0,0.0,0.0,0.0,0.0,0.0,0.0,0.0,0.0,0.0,0.0,0.0,0.0,0.0,0.0,0.0,0.0,0.0,0.0
40.69625,91996.0,17825.0,5.16106591865,711.0,64444.0,96.0,3.0,1671.0,3998.0,4105.0,3063.0,2612.0,2045.0,247.0,74.0,10.0,0.0,0.0,0.0,0.0,0.0,0.0,0.0,0.0,0.0,0.0,0.0,0.0,0.0,0.0,0.0,0.0,0.0,0.0,0.0,0.0,0.0
40.6983333333,94924.0,17822.0,5.32622601279,711.0,64440.0,96.0,6.0,1724.0,4048.0,3946.0,3048.0,2627.0,2111.0,218.0,75.0,17.0,8.0,0.0,0.0,0.0,0.0,0.0,0.0,0.0,0.0,0.0,0.0,0.0,0.0,0.0,0.0,0.0,0.0,0.0,0.0,0.0,0.0
40.7004166667,92525.0,17818.0,5.19278257941,711.0,64438.0,96.0,7.0,1765.0,4137.0,3992.0,2845.0,2670.0,2101.0,227.0,64.0,13.0,4.0,0.0,0.0,0.0,0.0,0.0,0.0,0.0,0.0,0.0,0.0,0.0,0.0,0.0,0.0,0.0,0.0,0.0,0.0,0.0,0.0
40.7025,92785.0,17821.0,5.20649795185,711.0,64444.0,96.0,6.0,1781.0,4045.0,4062.0,2978.0,2632.0,1990.0,240.0,67.0,22.0,4.0,0.0,0.0,0.0,0.0,0.0,0.0,0.0,0.0,0.0,0.0,0.0,0.0,0.0,0.0,0.0,0.0,0.0,0.0,0.0,0.0
40.7045833333,97238.0,17821.0,5.45637169631,713.0,64440.0,96.0,65535.0,1775.0,4080.0,3787.0,2980.0,2754.0,2075.0,252.0,90.0,20.0,8.0,0.0,0.0,0.0,0.0,0.0,0.0,0.0,0.0,0.0,0.0,0.0,0.0,0.0,0.0,0.0,0.0,0.0,0.0,0.0,0.0
40.7066666667,92629.0,17821.0,5.19774423433,711.0,64444.0,96.0,7.0,1759.0,4085.0,4068.0,2884.0,2723.0,1961.0,253.0,63.0,22.0,3.0,0.0,0.0,0.0,0.0,0.0,0.0,0.0,0.0,0.0,0.0,0.0,0.0,0.0,0.0,0.0,0.0,0.0,0.0,0.0,0.0
40.70875,96665.0,17821.0,5.42421861848,711.0,64443.0,96.0,7.0,1637.0,4065.0,3956.0,2922.0,2755.0,2129.0,256.0,78.0,17.0,6.0,0.0,0.0,0.0,0.0,0.0,0.0,0.0,0.0,0.0,0.0,0.0,0.0,0.0,0.0,0.0,0.0,0.0,0.0,0.0,0.0
40.7108333333,98340.0,17820.0,5.51851851852,704.0,64444.0,96.0,6.0,1664.0,4092.0,3868.0,2820.0,2834.0,2185.0,252.0,77.0,20.0,8.0,0.0,0.0,0.0,0.0,0.0,0.0,0.0,0.0,0.0,0.0,0.0,0.0,0.0,0.0,0.0,0.0,0.0,0.0,0.0,0.0
40.7129166667,94815.0,17817.0,5.32160296346,710.0,64441.0,96.0,7.0,1672.0,3991.0,3970.0,2989.0,2722.0,2126.0,267.0,65.0,11.0,4.0,0.0,0.0,0.0,0.0,0.0,0.0,0.0,0.0,0.0,0.0,0.0,0.0,0.0,0.0,0.0,0.0,0.0,0.0,0.0,0.0
40.715,95912.0,17820.0,5.3822671156,711.0,64440.0,95.0,6.0,1637.0,4062.0,4029.0,2876.0,2782.0,2087.0,272.0,50.0,13.0,12.0,0.0,0.0,0.0,0.0,0.0,0.0,0.0,0.0,0.0,0.0,0.0,0.0,0.0,0.0,0.0,0.0,0.0,0.0,0.0,0.0
40.7170833333,97005.0,17814.0,5.4454361738,708.0,64439.0,96.0,7.0,1606.0,3899.0,3967.0,3011.0,2835.0,2131.0,269.0,77.0,16.0,3.0,0.0,0.0,0.0,0.0,0.0,0.0,0.0,0.0,0.0,0.0,0.0,0.0,0.0,0.0,0.0,0.0,0.0,0.0,0.0,0.0
40.7191666667,96815.0,17810.0,5.43599101628,708.0,64440.0,94.0,3.0,1668.0,4013.0,3841.0,2860.0,2868.0,2217.0,267.0,57.0,14.0,5.0,0.0,0.0,0.0,0.0,0.0,0.0,0.0,0.0,0.0,0.0,0.0,0.0,0.0,0.0,0.0,0.0,0.0,0.0,0.0,0.0
40.72125,99602.0,17814.0,5.59122038846,705.0,64438.0,99.0,3.0,1635.0,3812.0,3863.0,2954.0,2961.0,2183.0,317.0,67.0,19.0,3.0,0.0,0.0,0.0,0.0,0.0,0.0,0.0,0.0,0.0,0.0,0.0,0.0,0.0,0.0,0.0,0.0,0.0,0.0,0.0,0.0
40.7233333333,98712.0,17819.0,5.53970480947,710.0,64444.0,95.0,7.0,1591.0,3784.0,3984.0,2926.0,2983.0,2162.0,299.0,71.0,17.0,2.0,0.0,0.0,0.0,0.0,0.0,0.0,0.0,0.0,0.0,0.0,0.0,0.0,0.0,0.0,0.0,0.0,0.0,0.0,0.0,0.0
40.7254166667,102135.0,17819.0,5.73180313149,710.0,64443.0,96.0,3.0,1548.0,3859.0,3706.0,2806.0,3325.0,2143.0,336.0,75.0,17.0,4.0,0.0,0.0,0.0,0.0,0.0,0.0,0.0,0.0,0.0,0.0,0.0,0.0,0.0,0.0,0.0,0.0,0.0,0.0,0.0,0.0
40.7275,100657.0,17811.0,5.65139520521,710.0,64444.0,94.0,7.0,1599.0,3809.0,3816.0,2824.0,3172.0,2206.0,295.0,66.0,20.0,4.0,0.0,0.0,0.0,0.0,0.0,0.0,0.0,0.0,0.0,0.0,0.0,0.0,0.0,0.0,0.0,0.0,0.0,0.0,0.0,0.0
40.7295833333,99519.0,17817.0,5.58562047483,710.0,64444.0,94.0,6.0,1633.0,3757.0,3849.0,2796.0,3212.0,2217.0,255.0,78.0,20.0,0.0,0.0,0.0,0.0,0.0,0.0,0.0,0.0,0.0,0.0,0.0,0.0,0.0,0.0,0.0,0.0,0.0,0.0,0.0,0.0,0.0
40.7358796296,100735.0,17813.0,5.65513950486,710.0,64443.0,95.0,6.0,1454.0,3825.0,3923.0,2742.0,3280.0,2227.0,281.0,59.0,17.0,5.0,0.0,0.0,0.0,0.0,0.0,0.0,0.0,0.0,0.0,0.0,0.0,0.0,0.0,0.0,0.0,0.0,0.0,0.0,0.0,0.0
40.737962963,102486.0,17816.0,5.75246969017,708.0,64440.0,97.0,6.0,1460.0,3730.0,3792.0,2879.0,3311.0,2253.0,299.0,74.0,14.0,4.0,0.0,0.0,0.0,0.0,0.0,0.0,0.0,0.0,0.0,0.0,0.0,0.0,0.0,0.0,0.0,0.0,0.0,0.0,0.0,0.0
40.7400462963,99291.0,17814.0,5.5737622095,708.0,64440.0,96.0,7.0,1431.0,3685.0,3927.0,2856.0,3395.0,2143.0,311.0,57.0,8.0,1.0,0.0,0.0,0.0,0.0,0.0,0.0,0.0,0.0,0.0,0.0,0.0,0.0,0.0,0.0,0.0,0.0,0.0,0.0,0.0,0.0
40.7421296296,105620.0,17815.0,5.92871175975,708.0,64441.0,96.0,3.0,1373.0,3544.0,3834.0,2912.0,3503.0,2245.0,304.0,72.0,21.0,7.0,0.0,0.0,0.0,0.0,0.0,0.0,0.0,0.0,0.0,0.0,0.0,0.0,0.0,0.0,0.0,0.0,0.0,0.0,0.0,0.0
40.744212963,107197.0,17812.0,6.01824612621,710.0,64447.0,96.0,4.0,1460.0,3515.0,3693.0,2862.0,3602.0,2268.0,313.0,68.0,20.0,11.0,0.0,0.0,0.0,0.0,0.0,0.0,0.0,0.0,0.0,0.0,0.0,0.0,0.0,0.0,0.0,0.0,0.0,0.0,0.0,0.0
40.7462962963,105009.0,17809.0,5.89640069628,708.0,64444.0,96.0,7.0,1330.0,3507.0,3779.0,2770.0,3760.0,2259.0,326.0,63.0,13.0,2.0,0.0,0.0,0.0,0.0,0.0,0.0,0.0,0.0,0.0,0.0,0.0,0.0,0.0,0.0,0.0,0.0,0.0,0.0,0.0,0.0
40.7483796296,106755.0,17814.0,5.99275850455,708.0,64443.0,96.0,3.0,1376.0,3421.0,3587.0,2900.0,3842.0,2304.0,290.0,74.0,17.0,3.0,0.0,0.0,0.0,0.0,0.0,0.0,0.0,0.0,0.0,0.0,0.0,0.0,0.0,0.0,0.0,0.0,0.0,0.0,0.0,0.0
40.750462963,105095.0,17811.0,5.9005670653,710.0,64454.0,94.0,0.0,1347.0,3385.0,3763.0,2946.0,3676.0,2324.0,294.0,62.0,9.0,5.0,0.0,0.0,0.0,0.0,0.0,0.0,0.0,0.0,0.0,0.0,0.0,0.0,0.0,0.0,0.0,0.0,0.0,0.0,0.0,0.0
40.7525462963,109604.0,17815.0,6.15234353073,708.0,64444.0,96.0,7.0,1333.0,3328.0,3552.0,2949.0,3870.0,2376.0,311.0,74.0,15.0,7.0,0.0,0.0,0.0,0.0,0.0,0.0,0.0,0.0,0.0,0.0,0.0,0.0,0.0,0.0,0.0,0.0,0.0,0.0,0.0,0.0
40.7546296296,107879.0,17817.0,6.05483526969,708.0,64440.0,99.0,65534.0,1352.0,3353.0,3525.0,2955.0,4029.0,2169.0,329.0,88.0,14.0,3.0,0.0,0.0,0.0,0.0,0.0,0.0,0.0,0.0,0.0,0.0,0.0,0.0,0.0,0.0,0.0,0.0,0.0,0.0,0.0,0.0
40.756712963,106612.0,17813.0,5.98506708584,708.0,64440.0,96.0,7.0,1375.0,3374.0,3545.0,2929.0,3972.0,2235.0,292.0,66.0,24.0,1.0,0.0,0.0,0.0,0.0,0.0,0.0,0.0,0.0,0.0,0.0,0.0,0.0,0.0,0.0,0.0,0.0,0.0,0.0,0.0,0.0
40.7587962963,108239.0,17817.0,6.07504069147,708.0,64441.0,95.0,7.0,1304.0,3253.0,3743.0,2947.0,3938.0,2212.0,322.0,79.0,11.0,8.0,0.0,0.0,0.0,0.0,0.0,0.0,0.0,0.0,0.0,0.0,0.0,0.0,0.0,0.0,0.0,0.0,0.0,0.0,0.0,0.0
40.7608796296,106234.0,17811.0,5.96451631015,708.0,64443.0,94.0,8.0,1375.0,3230.0,3554.0,3000.0,4113.0,2161.0,301.0,58.0,14.0,5.0,0.0,0.0,0.0,0.0,0.0,0.0,0.0,0.0,0.0,0.0,0.0,0.0,0.0,0.0,0.0,0.0,0.0,0.0,0.0,0.0
40.762962963,108974.0,17811.0,6.11835382629,704.0,64440.0,96.0,7.0,1273.0,3196.0,3315.0,3157.0,4253.0,2261.0,260.0,77.0,14.0,5.0,0.0,0.0,0.0,0.0,0.0,0.0,0.0,0.0,0.0,0.0,0.0,0.0,0.0,0.0,0.0,0.0,0.0,0.0,0.0,0.0
40.7650462963,110129.0,17812.0,6.18285425556,705.0,64443.0,97.0,4.0,1269.0,3013.0,3498.0,3086.0,4274.0,2267.0,321.0,68.0,11.0,5.0,0.0,0.0,0.0,0.0,0.0,0.0,0.0,0.0,0.0,0.0,0.0,0.0,0.0,0.0,0.0,0.0,0.0,0.0,0.0,0.0
40.7671296296,112393.0,17813.0,6.30960534441,708.0,64440.0,99.0,6.0,1284.0,3009.0,3196.0,3132.0,4474.0,2309.0,316.0,75.0,14.0,4.0,0.0,0.0,0.0,0.0,0.0,0.0,0.0,0.0,0.0,0.0,0.0,0.0,0.0,0.0,0.0,0.0,0.0,0.0,0.0,0.0
40.769212963,112397.0,17813.0,6.30982989951,707.0,64440.0,96.0,7.0,1192.0,3093.0,3256.0,3216.0,4419.0,2223.0,320.0,73.0,10.0,11.0,0.0,0.0,0.0,0.0,0.0,0.0,0.0,0.0,0.0,0.0,0.0,0.0,0.0,0.0,0.0,0.0,0.0,0.0,0.0,0.0
40.7712962963,110907.0,17813.0,6.22618312468,704.0,64441.0,96.0,7.0,1158.0,2995.0,3218.0,3357.0,4540.0,2161.0,314.0,47.0,14.0,9.0,0.0,0.0,0.0,0.0,0.0,0.0,0.0,0.0,0.0,0.0,0.0,0.0,0.0,0.0,0.0,0.0,0.0,0.0,0.0,0.0
40.7733796296,111328.0,17813.0,6.24981754898,707.0,64441.0,95.0,7.0,1164.0,3050.0,3109.0,3307.0,4636.0,2154.0,296.0,82.0,10.0,5.0,0.0,0.0,0.0,0.0,0.0,0.0,0.0,0.0,0.0,0.0,0.0,0.0,0.0,0.0,0.0,0.0,0.0,0.0,0.0,0.0
40.775462963,110740.0,17806.0,6.21925193755,708.0,64443.0,96.0,3.0,1208.0,2990.0,3165.0,3405.0,4551.0,2112.0,294.0,52.0,20.0,9.0,0.0,0.0,0.0,0.0,0.0,0.0,0.0,0.0,0.0,0.0,0.0,0.0,0.0,0.0,0.0,0.0,0.0,0.0,0.0,0.0
40.7775462963,110957.0,17815.0,6.22829076621,705.0,64441.0,94.0,6.0,1139.0,2925.0,3082.0,3503.0,4686.0,2062.0,339.0,64.0,11.0,4.0,0.0,0.0,0.0,0.0,0.0,0.0,0.0,0.0,0.0,0.0,0.0,0.0,0.0,0.0,0.0,0.0,0.0,0.0,0.0,0.0
40.7796296296,111398.0,17812.0,6.25409836066,708.0,64443.0,99.0,1.0,1169.0,2888.0,3085.0,3535.0,4577.0,2154.0,327.0,58.0,15.0,4.0,0.0,0.0,0.0,0.0,0.0,0.0,0.0,0.0,0.0,0.0,0.0,0.0,0.0,0.0,0.0,0.0,0.0,0.0,0.0,0.0
40.781712963,113146.0,17804.0,6.3550887441,704.0,64447.0,95.0,7.0,1081.0,2916.0,2829.0,3685.0,4721.0,2160.0,331.0,62.0,15.0,4.0,0.0,0.0,0.0,0.0,0.0,0.0,0.0,0.0,0.0,0.0,0.0,0.0,0.0,0.0,0.0,0.0,0.0,0.0,0.0,0.0
40.7837962963,115026.0,17816.0,6.45633138752,704.0,64440.0,97.0,8.0,1141.0,2808.0,2833.0,3702.0,4756.0,2154.0,325.0,66.0,26.0,5.0,0.0,0.0,0.0,0.0,0.0,0.0,0.0,0.0,0.0,0.0,0.0,0.0,0.0,0.0,0.0,0.0,0.0,0.0,0.0,0.0
40.7858796296,114445.0,17807.0,6.42696692312,704.0,64441.0,96.0,6.0,1164.0,2721.0,2728.0,3763.0,4878.0,2114.0,354.0,66.0,16.0,3.0,0.0,0.0,0.0,0.0,0.0,0.0,0.0,0.0,0.0,0.0,0.0,0.0,0.0,0.0,0.0,0.0,0.0,0.0,0.0,0.0
40.787962963,116392.0,17813.0,6.53410430584,704.0,64444.0,97.0,3.0,1124.0,2674.0,2675.0,3888.0,4890.0,2090.0,373.0,78.0,16.0,5.0,0.0,0.0,0.0,0.0,0.0,0.0,0.0,0.0,0.0,0.0,0.0,0.0,0.0,0.0,0.0,0.0,0.0,0.0,0.0,0.0
40.7900462963,115859.0,17811.0,6.5049126944,704.0,64440.0,96.0,8.0,1085.0,2649.0,2691.0,3891.0,4833.0,2228.0,353.0,66.0,11.0,4.0,0.0,0.0,0.0,0.0,0.0,0.0,0.0,0.0,0.0,0.0,0.0,0.0,0.0,0.0,0.0,0.0,0.0,0.0,0.0,0.0
40.7921296296,116987.0,17808.0,6.56935085355,705.0,64444.0,99.0,6.0,1088.0,2641.0,2611.0,4055.0,4867.0,2079.0,361.0,83.0,16.0,7.0,0.0,0.0,0.0,0.0,0.0,0.0,0.0,0.0,0.0,0.0,0.0,0.0,0.0,0.0,0.0,0.0,0.0,0.0,0.0,0.0
40.794212963,115420.0,17812.0,6.47990119021,704.0,64441.0,97.0,6.0,1147.0,2622.0,2581.0,4109.0,4878.0,2017.0,364.0,69.0,20.0,5.0,0.0,0.0,0.0,0.0,0.0,0.0,0.0,0.0,0.0,0.0,0.0,0.0,0.0,0.0,0.0,0.0,0.0,0.0,0.0,0.0
40.7962962963,118555.0,17813.0,6.65553247628,704.0,64444.0,97.0,8.0,1109.0,2611.0,2538.0,4065.0,4890.0,2112.0,390.0,66.0,25.0,7.0,0.0,0.0,0.0,0.0,0.0,0.0,0.0,0.0,0.0,0.0,0.0,0.0,0.0,0.0,0.0,0.0,0.0,0.0,0.0,0.0
40.7983796296,117965.0,17815.0,6.62166713444,702.0,64444.0,95.0,7.0,1080.0,2563.0,2399.0,4195.0,4918.0,2207.0,369.0,65.0,13.0,6.0,0.0,0.0,0.0,0.0,0.0,0.0,0.0,0.0,0.0,0.0,0.0,0.0,0.0,0.0,0.0,0.0,0.0,0.0,0.0,0.0
40.800462963,120828.0,17805.0,6.78618365628,704.0,64451.0,94.0,4.0,1071.0,2522.0,2399.0,4121.0,4966.0,2221.0,420.0,64.0,9.0,12.0,0.0,0.0,0.0,0.0,0.0,0.0,0.0,0.0,0.0,0.0,0.0,0.0,0.0,0.0,0.0,0.0,0.0,0.0,0.0,0.0
40.8025462963,116711.0,17800.0,6.55679775281,702.0,64443.0,95.0,8.0,1124.0,2533.0,2423.0,4109.0,5016.0,2170.0,340.0,62.0,21.0,2.0,0.0,0.0,0.0,0.0,0.0,0.0,0.0,0.0,0.0,0.0,0.0,0.0,0.0,0.0,0.0,0.0,0.0,0.0,0.0,0.0
40.8046296296,118394.0,17797.0,6.65246951733,704.0,64441.0,96.0,3.0,1090.0,2490.0,2362.0,4179.0,5020.0,2184.0,399.0,55.0,12.0,6.0,0.0,0.0,0.0,0.0,0.0,0.0,0.0,0.0,0.0,0.0,0.0,0.0,0.0,0.0,0.0,0.0,0.0,0.0,0.0,0.0
40.806712963,118390.0,17813.0,6.6462695784,701.0,64443.0,95.0,3.0,1051.0,2558.0,2370.0,4303.0,4983.0,2076.0,376.0,65.0,26.0,5.0,0.0,0.0,0.0,0.0,0.0,0.0,0.0,0.0,0.0,0.0,0.0,0.0,0.0,0.0,0.0,0.0,0.0,0.0,0.0,0.0
40.8087962963,118467.0,17808.0,6.65245956873,701.0,64439.0,99.0,3.0,1146.0,2519.0,2250.0,4350.0,4972.0,2090.0,373.0,87.0,16.0,5.0,0.0,0.0,0.0,0.0,0.0,0.0,0.0,0.0,0.0,0.0,0.0,0.0,0.0,0.0,0.0,0.0,0.0,0.0,0.0,0.0
40.8108796296,118102.0,17814.0,6.62972942629,705.0,64443.0,96.0,7.0,1168.0,2528.0,2209.0,4345.0,4962.0,2118.0,397.0,67.0,15.0,5.0,0.0,0.0,0.0,0.0,0.0,0.0,0.0,0.0,0.0,0.0,0.0,0.0,0.0,0.0,0.0,0.0,0.0,0.0,0.0,0.0
40.812962963,118323.0,17804.0,6.64586609751,702.0,64440.0,99.0,7.0,1133.0,2551.0,2094.0,4618.0,4789.0,2125.0,400.0,67.0,25.0,2.0,0.0,0.0,0.0,0.0,0.0,0.0,0.0,0.0,0.0,0.0,0.0,0.0,0.0,0.0,0.0,0.0,0.0,0.0,0.0,0.0
40.8150462963,120108.0,17810.0,6.74385176867,702.0,64444.0,97.0,7.0,1169.0,2498.0,2049.0,4500.0,4881.0,2183.0,433.0,80.0,14.0,3.0,0.0,0.0,0.0,0.0,0.0,0.0,0.0,0.0,0.0,0.0,0.0,0.0,0.0,0.0,0.0,0.0,0.0,0.0,0.0,0.0
40.8171296296,117566.0,17802.0,6.60408942815,701.0,64443.0,96.0,7.0,1108.0,2520.0,2165.0,4457.0,4953.0,2087.0,437.0,66.0,5.0,4.0,0.0,0.0,0.0,0.0,0.0,0.0,0.0,0.0,0.0,0.0,0.0,0.0,0.0,0.0,0.0,0.0,0.0,0.0,0.0,0.0
40.819212963,119899.0,17805.0,6.73400730132,701.0,64446.0,96.0,8.0,1071.0,2437.0,2093.0,4635.0,4922.0,2166.0,387.0,72.0,15.0,7.0,0.0,0.0,0.0,0.0,0.0,0.0,0.0,0.0,0.0,0.0,0.0,0.0,0.0,0.0,0.0,0.0,0.0,0.0,0.0,0.0
40.8212962963,120863.0,17805.0,6.78814939624,704.0,64441.0,97.0,7.0,1138.0,2461.0,2017.0,4688.0,4824.0,2178.0,397.0,74.0,19.0,9.0,0.0,0.0,0.0,0.0,0.0,0.0,0.0,0.0,0.0,0.0,0.0,0.0,0.0,0.0,0.0,0.0,0.0,0.0,0.0,0.0
40.8233796296,123691.0,17807.0,6.94620093222,708.0,64443.0,99.0,7.0,1104.0,2429.0,1925.0,4611.0,4995.0,2192.0,448.0,72.0,23.0,8.0,0.0,0.0,0.0,0.0,0.0,0.0,0.0,0.0,0.0,0.0,0.0,0.0,0.0,0.0,0.0,0.0,0.0,0.0,0.0,0.0
40.825462963,117506.0,17799.0,6.60183156357,704.0,64440.0,97.0,9.0,1154.0,2528.0,1951.0,4745.0,4904.0,2018.0,405.0,75.0,16.0,3.0,0.0,0.0,0.0,0.0,0.0,0.0,0.0,0.0,0.0,0.0,0.0,0.0,0.0,0.0,0.0,0.0,0.0,0.0,0.0,0.0
40.8275462963,119667.0,17803.0,6.72173229231,699.0,64444.0,96.0,7.0,1124.0,2413.0,2025.0,4673.0,4942.0,2138.0,393.0,74.0,15.0,6.0,0.0,0.0,0.0,0.0,0.0,0.0,0.0,0.0,0.0,0.0,0.0,0.0,0.0,0.0,0.0,0.0,0.0,0.0,0.0,0.0
40.8296296296,119715.0,17801.0,6.72518397843,698.0,64441.0,99.0,3.0,1160.0,2405.0,2067.0,4714.0,4728.0,2183.0,464.0,63.0,13.0,4.0,0.0,0.0,0.0,0.0,0.0,0.0,0.0,0.0,0.0,0.0,0.0,0.0,0.0,0.0,0.0,0.0,0.0,0.0,0.0,0.0
40.831712963,119402.0,17806.0,6.70571717399,701.0,64444.0,97.0,6.0,1259.0,2494.0,1936.0,4773.0,4715.0,2072.0,453.0,84.0,15.0,5.0,0.0,0.0,0.0,0.0,0.0,0.0,0.0,0.0,0.0,0.0,0.0,0.0,0.0,0.0,0.0,0.0,0.0,0.0,0.0,0.0
40.8337962963,118636.0,17805.0,6.66307217074,699.0,64443.0,96.0,7.0,1234.0,2604.0,1758.0,4797.0,4752.0,2095.0,491.0,59.0,12.0,3.0,0.0,0.0,0.0,0.0,0.0,0.0,0.0,0.0,0.0,0.0,0.0,0.0,0.0,0.0,0.0,0.0,0.0,0.0,0.0,0.0
40.8358796296,121187.0,17801.0,6.80787596202,698.0,64444.0,96.0,3.0,1249.0,2485.0,1887.0,4778.0,4659.0,2169.0,471.0,79.0,19.0,5.0,0.0,0.0,0.0,0.0,0.0,0.0,0.0,0.0,0.0,0.0,0.0,0.0,0.0,0.0,0.0,0.0,0.0,0.0,0.0,0.0
40.837962963,118643.0,17802.0,6.66458824851,699.0,64438.0,99.0,1.0,1235.0,2669.0,1747.0,4874.0,4709.0,1997.0,482.0,66.0,17.0,6.0,0.0,0.0,0.0,0.0,0.0,0.0,0.0,0.0,0.0,0.0,0.0,0.0,0.0,0.0,0.0,0.0,0.0,0.0,0.0,0.0
40.8400462963,117151.0,17799.0,6.58188662284,699.0,64440.0,97.0,6.0,1296.0,2589.0,1821.0,4802.0,4620.0,2136.0,463.0,58.0,12.0,2.0,0.0,0.0,0.0,0.0,0.0,0.0,0.0,0.0,0.0,0.0,0.0,0.0,0.0,0.0,0.0,0.0,0.0,0.0,0.0,0.0
40.8421296296,119040.0,17801.0,6.68726476041,699.0,64441.0,96.0,7.0,1301.0,2580.0,1794.0,4756.0,4581.0,2191.0,530.0,55.0,13.0,0.0,0.0,0.0,0.0,0.0,0.0,0.0,0.0,0.0,0.0,0.0,0.0,0.0,0.0,0.0,0.0,0.0,0.0,0.0,0.0,0.0
40.844212963,120117.0,17806.0,6.74587217792,702.0,64441.0,96.0,6.0,1249.0,2543.0,1801.0,4887.0,4629.0,2129.0,473.0,72.0,18.0,5.0,0.0,0.0,0.0,0.0,0.0,0.0,0.0,0.0,0.0,0.0,0.0,0.0,0.0,0.0,0.0,0.0,0.0,0.0,0.0,0.0
40.8462962963,118311.0,17808.0,6.64369946092,699.0,64447.0,95.0,7.0,1326.0,2601.0,1749.0,4837.0,4688.0,2040.0,484.0,59.0,21.0,3.0,0.0,0.0,0.0,0.0,0.0,0.0,0.0,0.0,0.0,0.0,0.0,0.0,0.0,0.0,0.0,0.0,0.0,0.0,0.0,0.0
40.8483796296,120558.0,17805.0,6.77101937658,701.0,64447.0,96.0,7.0,1312.0,2534.0,1870.0,4803.0,4596.0,2142.0,441.0,79.0,18.0,10.0,0.0,0.0,0.0,0.0,0.0,0.0,0.0,0.0,0.0,0.0,0.0,0.0,0.0,0.0,0.0,0.0,0.0,0.0,0.0,0.0
40.850462963,118415.0,17805.0,6.65065992699,698.0,64444.0,99.0,6.0,1306.0,2557.0,1795.0,4947.0,4508.0,2148.0,459.0,67.0,12.0,6.0,0.0,0.0,0.0,0.0,0.0,0.0,0.0,0.0,0.0,0.0,0.0,0.0,0.0,0.0,0.0,0.0,0.0,0.0,0.0,0.0
40.8525462963,118389.0,17798.0,6.65181481065,698.0,64444.0,99.0,4.0,1336.0,2555.0,1809.0,4816.0,4575.0,2132.0,503.0,60.0,6.0,6.0,0.0,0.0,0.0,0.0,0.0,0.0,0.0,0.0,0.0,0.0,0.0,0.0,0.0,0.0,0.0,0.0,0.0,0.0,0.0,0.0
40.8546296296,117715.0,17797.0,6.61431701972,698.0,64444.0,96.0,7.0,1311.0,2617.0,1813.0,4826.0,4599.0,2091.0,455.0,63.0,18.0,4.0,0.0,0.0,0.0,0.0,0.0,0.0,0.0,0.0,0.0,0.0,0.0,0.0,0.0,0.0,0.0,0.0,0.0,0.0,0.0,0.0
40.856712963,121536.0,17805.0,6.82594776748,699.0,64444.0,96.0,7.0,1326.0,2568.0,1862.0,4791.0,4468.0,2187.0,508.0,66.0,20.0,9.0,0.0,0.0,0.0,0.0,0.0,0.0,0.0,0.0,0.0,0.0,0.0,0.0,0.0,0.0,0.0,0.0,0.0,0.0,0.0,0.0
40.8587962963,118896.0,17798.0,6.68030115743,698.0,64440.0,97.0,7.0,1351.0,2562.0,1819.0,4904.0,4427.0,2170.0,465.0,82.0,14.0,4.0,0.0,0.0,0.0,0.0,0.0,0.0,0.0,0.0,0.0,0.0,0.0,0.0,0.0,0.0,0.0,0.0,0.0,0.0,0.0,0.0
40.8608796296,118102.0,17799.0,6.63531659082,701.0,64446.0,97.0,6.0,1357.0,2564.0,1863.0,4851.0,4539.0,2054.0,480.0,65.0,23.0,3.0,0.0,0.0,0.0,0.0,0.0,0.0,0.0,0.0,0.0,0.0,0.0,0.0,0.0,0.0,0.0,0.0,0.0,0.0,0.0,0.0
40.862962963,120213.0,17805.0,6.75164279697,698.0,64440.0,99.0,7.0,1283.0,2655.0,1797.0,4797.0,4489.0,2189.0,517.0,58.0,12.0,8.0,0.0,0.0,0.0,0.0,0.0,0.0,0.0,0.0,0.0,0.0,0.0,0.0,0.0,0.0,0.0,0.0,0.0,0.0,0.0,0.0
40.8650462963,120957.0,17804.0,6.79381037969,698.0,64440.0,96.0,14.0,1333.0,2645.0,1796.0,4792.0,4330.0,2315.0,508.0,63.0,16.0,6.0,0.0,0.0,0.0,0.0,0.0,0.0,0.0,0.0,0.0,0.0,0.0,0.0,0.0,0.0,0.0,0.0,0.0,0.0,0.0,0.0
40.8671296296,120777.0,17805.0,6.78331929233,698.0,64443.0,96.0,7.0,1359.0,2725.0,1750.0,4768.0,4405.0,2221.0,472.0,78.0,18.0,9.0,0.0,0.0,0.0,0.0,0.0,0.0,0.0,0.0,0.0,0.0,0.0,0.0,0.0,0.0,0.0,0.0,0.0,0.0,0.0,0.0
40.869212963,118299.0,17808.0,6.64302560647,698.0,64444.0,97.0,7.0,1326.0,2679.0,1834.0,4858.0,4383.0,2165.0,471.0,73.0,14.0,5.0,0.0,0.0,0.0,0.0,0.0,0.0,0.0,0.0,0.0,0.0,0.0,0.0,0.0,0.0,0.0,0.0,0.0,0.0,0.0,0.0
40.8712962963,119069.0,17807.0,6.68664008536,699.0,64440.0,96.0,7.0,1398.0,2617.0,1830.0,4756.0,4341.0,2280.0,497.0,74.0,13.0,1.0,0.0,0.0,0.0,0.0,0.0,0.0,0.0,0.0,0.0,0.0,0.0,0.0,0.0,0.0,0.0,0.0,0.0,0.0,0.0,0.0
40.8733796296,118586.0,17799.0,6.66250912973,698.0,64441.0,96.0,7.0,1409.0,2718.0,1862.0,4758.0,4289.0,2137.0,535.0,69.0,20.0,2.0,0.0,0.0,0.0,0.0,0.0,0.0,0.0,0.0,0.0,0.0,0.0,0.0,0.0,0.0,0.0,0.0,0.0,0.0,0.0,0.0
40.875462963,120323.0,17799.0,6.76009888196,698.0,64439.0,97.0,7.0,1445.0,2747.0,1840.0,4612.0,4309.0,2225.0,517.0,82.0,16.0,6.0,0.0,0.0,0.0,0.0,0.0,0.0,0.0,0.0,0.0,0.0,0.0,0.0,0.0,0.0,0.0,0.0,0.0,0.0,0.0,0.0
40.8775462963,123057.0,17801.0,6.9129262401,696.0,64440.0,96.0,7.0,1420.0,2721.0,1772.0,4618.0,4358.0,2250.0,550.0,80.0,27.0,5.0,0.0,0.0,0.0,0.0,0.0,0.0,0.0,0.0,0.0,0.0,0.0,0.0,0.0,0.0,0.0,0.0,0.0,0.0,0.0,0.0
40.8796296296,121953.0,17806.0,6.84898348871,698.0,64440.0,99.0,6.0,1429.0,2773.0,1808.0,4619.0,4298.0,2229.0,543.0,73.0,29.0,5.0,0.0,0.0,0.0,0.0,0.0,0.0,0.0,0.0,0.0,0.0,0.0,0.0,0.0,0.0,0.0,0.0,0.0,0.0,0.0,0.0
40.881712963,118252.0,17803.0,6.64225130596,698.0,64439.0,102.0,7.0,1435.0,2716.0,1820.0,4708.0,4303.0,2195.0,541.0,73.0,12.0,0.0,0.0,0.0,0.0,0.0,0.0,0.0,0.0,0.0,0.0,0.0,0.0,0.0,0.0,0.0,0.0,0.0,0.0,0.0,0.0,0.0
40.8837962963,121125.0,17801.0,6.80439301163,698.0,64441.0,99.0,0.0,1394.0,2669.0,1908.0,4652.0,4304.0,2212.0,567.0,74.0,16.0,5.0,0.0,0.0,0.0,0.0,0.0,0.0,0.0,0.0,0.0,0.0,0.0,0.0,0.0,0.0,0.0,0.0,0.0,0.0,0.0,0.0
40.8858796296,119737.0,17800.0,6.72679775281,698.0,64439.0,99.0,6.0,1391.0,2671.0,1931.0,4677.0,4286.0,2221.0,525.0,77.0,19.0,2.0,0.0,0.0,0.0,0.0,0.0,0.0,0.0,0.0,0.0,0.0,0.0,0.0,0.0,0.0,0.0,0.0,0.0,0.0,0.0,0.0
40.887962963,120989.0,17804.0,6.7956077286,698.0,64444.0,99.0,4.0,1413.0,2769.0,1908.0,4495.0,4335.0,2217.0,565.0,84.0,14.0,4.0,0.0,0.0,0.0,0.0,0.0,0.0,0.0,0.0,0.0,0.0,0.0,0.0,0.0,0.0,0.0,0.0,0.0,0.0,0.0,0.0
40.8900462963,122472.0,17802.0,6.87967644085,698.0,64440.0,96.0,7.0,1352.0,2788.0,1896.0,4511.0,4387.0,2200.0,563.0,71.0,29.0,5.0,0.0,0.0,0.0,0.0,0.0,0.0,0.0,0.0,0.0,0.0,0.0,0.0,0.0,0.0,0.0,0.0,0.0,0.0,0.0,0.0
40.8921296296,119076.0,17799.0,6.69003876622,698.0,64440.0,97.0,3.0,1403.0,2858.0,1887.0,4485.0,4367.0,2189.0,507.0,82.0,18.0,3.0,0.0,0.0,0.0,0.0,0.0,0.0,0.0,0.0,0.0,0.0,0.0,0.0,0.0,0.0,0.0,0.0,0.0,0.0,0.0,0.0
40.894212963,122877.0,17777.0,6.91213365585,698.0,64440.0,99.0,7.0,1312.0,2867.0,1915.0,4387.0,4299.0,2347.0,554.0,70.0,17.0,9.0,0.0,0.0,0.0,0.0,0.0,0.0,0.0,0.0,0.0,0.0,0.0,0.0,0.0,0.0,0.0,0.0,0.0,0.0,0.0,0.0
40.8962962963,117800.0,17807.0,6.61537597574,696.0,64442.0,99.0,6.0,1471.0,2870.0,1947.0,4393.0,4185.0,2343.0,525.0,59.0,13.0,1.0,0.0,0.0,0.0,0.0,0.0,0.0,0.0,0.0,0.0,0.0,0.0,0.0,0.0,0.0,0.0,0.0,0.0,0.0,0.0,0.0
40.9025810185,114743.0,17798.0,6.44696033262,698.0,64440.0,96.0,7.0,1507.0,2957.0,1995.0,4441.0,4120.0,2197.0,519.0,49.0,9.0,4.0,0.0,0.0,0.0,0.0,0.0,0.0,0.0,0.0,0.0,0.0,0.0,0.0,0.0,0.0,0.0,0.0,0.0,0.0,0.0,0.0
40.9046643519,120825.0,17805.0,6.78601516428,698.0,64440.0,97.0,9.0,1529.0,2859.0,1909.0,4309.0,4172.0,2371.0,568.0,72.0,10.0,6.0,0.0,0.0,0.0,0.0,0.0,0.0,0.0,0.0,0.0,0.0,0.0,0.0,0.0,0.0,0.0,0.0,0.0,0.0,0.0,0.0
40.9067476852,122377.0,17790.0,6.87897695334,698.0,64441.0,97.0,7.0,1456.0,2931.0,1947.0,4292.0,4186.0,2256.0,608.0,90.0,20.0,4.0,0.0,0.0,0.0,0.0,0.0,0.0,0.0,0.0,0.0,0.0,0.0,0.0,0.0,0.0,0.0,0.0,0.0,0.0,0.0,0.0
40.9088310185,122403.0,17790.0,6.88043844857,698.0,64440.0,99.0,3.0,1407.0,2905.0,2039.0,4251.0,4208.0,2301.0,563.0,87.0,24.0,5.0,0.0,0.0,0.0,0.0,0.0,0.0,0.0,0.0,0.0,0.0,0.0,0.0,0.0,0.0,0.0,0.0,0.0,0.0,0.0,0.0
40.9109143519,118804.0,17795.0,6.67625737567,696.0,64444.0,97.0,7.0,1488.0,2920.0,2054.0,4268.0,4116.0,2265.0,592.0,81.0,11.0,0.0,0.0,0.0,0.0,0.0,0.0,0.0,0.0,0.0,0.0,0.0,0.0,0.0,0.0,0.0,0.0,0.0,0.0,0.0,0.0,0.0
40.9129976852,122257.0,17800.0,6.86837078652,695.0,64444.0,96.0,7.0,1465.0,2897.0,2060.0,4144.0,4165.0,2370.0,609.0,68.0,16.0,6.0,0.0,0.0,0.0,0.0,0.0,0.0,0.0,0.0,0.0,0.0,0.0,0.0,0.0,0.0,0.0,0.0,0.0,0.0,0.0,0.0
40.9150810185,123560.0,17805.0,6.93962370121,698.0,64440.0,97.0,17.0,1487.0,2852.0,2030.0,4164.0,4211.0,2370.0,583.0,80.0,20.0,8.0,0.0,0.0,0.0,0.0,0.0,0.0,0.0,0.0,0.0,0.0,0.0,0.0,0.0,0.0,0.0,0.0,0.0,0.0,0.0,0.0
40.9171643519,124303.0,17806.0,6.98096147366,696.0,64441.0,102.0,8.0,1467.0,2943.0,2052.0,4044.0,4095.0,2510.0,594.0,73.0,21.0,7.0,0.0,0.0,0.0,0.0,0.0,0.0,0.0,0.0,0.0,0.0,0.0,0.0,0.0,0.0,0.0,0.0,0.0,0.0,0.0,0.0
40.9192476852,118853.0,17790.0,6.6808881394,698.0,64441.0,102.0,3.0,1561.0,2917.0,2074.0,4151.0,4008.0,2435.0,575.0,56.0,9.0,4.0,0.0,0.0,0.0,0.0,0.0,0.0,0.0,0.0,0.0,0.0,0.0,0.0,0.0,0.0,0.0,0.0,0.0,0.0,0.0,0.0
40.9213310185,121102.0,17795.0,6.80539477381,698.0,64440.0,96.0,7.0,1485.0,2922.0,1996.0,4209.0,4111.0,2381.0,612.0,58.0,18.0,3.0,0.0,0.0,0.0,0.0,0.0,0.0,0.0,0.0,0.0,0.0,0.0,0.0,0.0,0.0,0.0,0.0,0.0,0.0,0.0,0.0
40.9234143519,124817.0,17801.0,7.01179709005,693.0,64443.0,95.0,7.0,1522.0,2999.0,2051.0,3933.0,4202.0,2383.0,579.0,99.0,24.0,9.0,0.0,0.0,0.0,0.0,0.0,0.0,0.0,0.0,0.0,0.0,0.0,0.0,0.0,0.0,0.0,0.0,0.0,0.0,0.0,0.0
40.9254976852,121505.0,17805.0,6.82420668352,696.0,64443.0,96.0,9.0,1497.0,2901.0,2120.0,4003.0,4254.0,2314.0,625.0,76.0,11.0,4.0,0.0,0.0,0.0,0.0,0.0,0.0,0.0,0.0,0.0,0.0,0.0,0.0,0.0,0.0,0.0,0.0,0.0,0.0,0.0,0.0
40.9275810185,121458.0,17796.0,6.82501685772,696.0,64441.0,96.0,9.0,1514.0,2960.0,2181.0,3968.0,4189.0,2301.0,575.0,81.0,20.0,7.0,0.0,0.0,0.0,0.0,0.0,0.0,0.0,0.0,0.0,0.0,0.0,0.0,0.0,0.0,0.0,0.0,0.0,0.0,0.0,0.0
40.9296643519,122268.0,17793.0,6.87169111448,693.0,64441.0,99.0,11.0,1546.0,3000.0,2164.0,3889.0,4093.0,2395.0,591.0,91.0,20.0,4.0,0.0,0.0,0.0,0.0,0.0,0.0,0.0,0.0,0.0,0.0,0.0,0.0,0.0,0.0,0.0,0.0,0.0,0.0,0.0,0.0
40.9317476852,118238.0,17806.0,6.6403459508,693.0,64433.0,103.0,7.0,1457.0,2984.0,2133.0,4029.0,4123.0,2420.0,600.0,58.0,2.0,0.0,0.0,0.0,0.0,0.0,0.0,0.0,0.0,0.0,0.0,0.0,0.0,0.0,0.0,0.0,0.0,0.0,0.0,0.0,0.0,0.0
40.9338310185,120286.0,17775.0,6.76714486639,696.0,64440.0,99.0,7.0,1516.0,2992.0,2089.0,3847.0,4254.0,2407.0,587.0,66.0,17.0,0.0,0.0,0.0,0.0,0.0,0.0,0.0,0.0,0.0,0.0,0.0,0.0,0.0,0.0,0.0,0.0,0.0,0.0,0.0,0.0,0.0
40.9359143519,118959.0,17787.0,6.6879743633,696.0,64444.0,99.0,3.0,1445.0,2933.0,2121.0,3952.0,4339.0,2387.0,539.0,53.0,17.0,1.0,0.0,0.0,0.0,0.0,0.0,0.0,0.0,0.0,0.0,0.0,0.0,0.0,0.0,0.0,0.0,0.0,0.0,0.0,0.0,0.0
40.9379976852,120352.0,17804.0,6.75982925185,696.0,64440.0,96.0,7.0,1539.0,2942.0,2205.0,3872.0,4181.0,2362.0,613.0,78.0,11.0,1.0,0.0,0.0,0.0,0.0,0.0,0.0,0.0,0.0,0.0,0.0,0.0,0.0,0.0,0.0,0.0,0.0,0.0,0.0,0.0,0.0
40.9400810185,127695.0,17790.0,7.17790893761,696.0,64438.0,105.0,3.0,1412.0,2979.0,2260.0,3707.0,4293.0,2409.0,573.0,105.0,46.0,6.0,0.0,0.0,0.0,0.0,0.0,0.0,0.0,0.0,0.0,0.0,0.0,0.0,0.0,0.0,0.0,0.0,0.0,0.0,0.0,0.0
40.9421643519,119840.0,17795.0,6.7344759764,696.0,64441.0,99.0,3.0,1567.0,3048.0,2266.0,3663.0,4269.0,2360.0,543.0,48.0,21.0,10.0,0.0,0.0,0.0,0.0,0.0,0.0,0.0,0.0,0.0,0.0,0.0,0.0,0.0,0.0,0.0,0.0,0.0,0.0,0.0,0.0
40.9442476852,123741.0,17779.0,6.95995275325,693.0,64445.0,97.0,7.0,1468.0,3031.0,2289.0,3511.0,4403.0,2407.0,562.0,76.0,21.0,11.0,0.0,0.0,0.0,0.0,0.0,0.0,0.0,0.0,0.0,0.0,0.0,0.0,0.0,0.0,0.0,0.0,0.0,0.0,0.0,0.0
40.9463310185,119833.0,17814.0,6.72690019086,695.0,64443.0,97.0,7.0,1552.0,3007.0,2239.0,3577.0,4291.0,2492.0,585.0,62.0,9.0,0.0,0.0,0.0,0.0,0.0,0.0,0.0,0.0,0.0,0.0,0.0,0.0,0.0,0.0,0.0,0.0,0.0,0.0,0.0,0.0,0.0
40.9484143519,124569.0,17818.0,6.9911886856,692.0,64441.0,100.0,11.0,1525.0,3003.0,2219.0,3596.0,4189.0,2549.0,625.0,96.0,14.0,2.0,0.0,0.0,0.0,0.0,0.0,0.0,0.0,0.0,0.0,0.0,0.0,0.0,0.0,0.0,0.0,0.0,0.0,0.0,0.0,0.0
40.9504976852,123060.0,17794.0,6.91581431943,693.0,64444.0,96.0,7.0,1455.0,2916.0,2308.0,3634.0,4272.0,2486.0,633.0,74.0,16.0,0.0,0.0,0.0,0.0,0.0,0.0,0.0,0.0,0.0,0.0,0.0,0.0,0.0,0.0,0.0,0.0,0.0,0.0,0.0,0.0,0.0
40.9525810185,124467.0,17812.0,6.98781720189,693.0,64443.0,99.0,7.0,1546.0,2993.0,2297.0,3582.0,4339.0,2336.0,596.0,88.0,25.0,10.0,0.0,0.0,0.0,0.0,0.0,0.0,0.0,0.0,0.0,0.0,0.0,0.0,0.0,0.0,0.0,0.0,0.0,0.0,0.0,0.0
40.9546643519,123743.0,17796.0,6.95341649809,693.0,64436.0,108.0,3.0,1601.0,3025.0,2265.0,3489.0,4237.0,2507.0,558.0,84.0,21.0,9.0,0.0,0.0,0.0,0.0,0.0,0.0,0.0,0.0,0.0,0.0,0.0,0.0,0.0,0.0,0.0,0.0,0.0,0.0,0.0,0.0
40.9567476852,128630.0,17799.0,7.22681049497,693.0,64447.0,97.0,6.0,1463.0,2892.0,2245.0,3440.0,4412.0,2590.0,657.0,68.0,22.0,10.0,0.0,0.0,0.0,0.0,0.0,0.0,0.0,0.0,0.0,0.0,0.0,0.0,0.0,0.0,0.0,0.0,0.0,0.0,0.0,0.0
40.9588310185,126719.0,17809.0,7.11544724577,693.0,64444.0,99.0,6.0,1458.0,3093.0,2231.0,3449.0,4397.0,2403.0,646.0,97.0,32.0,3.0,0.0,0.0,0.0,0.0,0.0,0.0,0.0,0.0,0.0,0.0,0.0,0.0,0.0,0.0,0.0,0.0,0.0,0.0,0.0,0.0
40.9609143519,121523.0,17805.0,6.8252176355,693.0,64444.0,97.0,7.0,1465.0,2987.0,2352.0,3456.0,4349.0,2504.0,626.0,58.0,5.0,3.0,0.0,0.0,0.0,0.0,0.0,0.0,0.0,0.0,0.0,0.0,0.0,0.0,0.0,0.0,0.0,0.0,0.0,0.0,0.0,0.0
40.9629976852,125985.0,17810.0,7.0738349242,692.0,64441.0,99.0,6.0,1449.0,3075.0,2289.0,3397.0,4365.0,2502.0,623.0,82.0,20.0,8.0,0.0,0.0,0.0,0.0,0.0,0.0,0.0,0.0,0.0,0.0,0.0,0.0,0.0,0.0,0.0,0.0,0.0,0.0,0.0,0.0
40.9650810185,122698.0,17797.0,6.89430802944,693.0,64440.0,99.0,7.0,1526.0,2952.0,2283.0,3325.0,4435.0,2594.0,608.0,67.0,5.0,2.0,0.0,0.0,0.0,0.0,0.0,0.0,0.0,0.0,0.0,0.0,0.0,0.0,0.0,0.0,0.0,0.0,0.0,0.0,0.0,0.0
40.9671643519,124801.0,17787.0,7.01641648395,692.0,64444.0,99.0,7.0,1448.0,2931.0,2275.0,3446.0,4532.0,2471.0,585.0,69.0,24.0,6.0,0.0,0.0,0.0,0.0,0.0,0.0,0.0,0.0,0.0,0.0,0.0,0.0,0.0,0.0,0.0,0.0,0.0,0.0,0.0,0.0
40.9692476852,125784.0,17778.0,7.07526155923,692.0,64440.0,97.0,8.0,1444.0,2946.0,2379.0,3298.0,4443.0,2534.0,632.0,74.0,26.0,2.0,0.0,0.0,0.0,0.0,0.0,0.0,0.0,0.0,0.0,0.0,0.0,0.0,0.0,0.0,0.0,0.0,0.0,0.0,0.0,0.0
40.9713310185,128224.0,17786.0,7.20926571461,693.0,64440.0,97.0,6.0,1404.0,2952.0,2394.0,3257.0,4438.0,2611.0,607.0,94.0,21.0,8.0,0.0,0.0,0.0,0.0,0.0,0.0,0.0,0.0,0.0,0.0,0.0,0.0,0.0,0.0,0.0,0.0,0.0,0.0,0.0,0.0
40.9734143519,127152.0,17781.0,7.15100388055,692.0,64443.0,97.0,7.0,1437.0,2858.0,2373.0,3103.0,4700.0,2606.0,624.0,57.0,13.0,10.0,0.0,0.0,0.0,0.0,0.0,0.0,0.0,0.0,0.0,0.0,0.0,0.0,0.0,0.0,0.0,0.0,0.0,0.0,0.0,0.0
40.9754976852,128379.0,17786.0,7.21798043405,693.0,64447.0,97.0,7.0,1381.0,2955.0,2268.0,3192.0,4555.0,2688.0,642.0,89.0,13.0,3.0,0.0,0.0,0.0,0.0,0.0,0.0,0.0,0.0,0.0,0.0,0.0,0.0,0.0,0.0,0.0,0.0,0.0,0.0,0.0,0.0
40.9775810185,130716.0,17783.0,7.35061575662,693.0,64440.0,99.0,8.0,1406.0,2796.0,2364.0,3036.0,4589.0,2846.0,650.0,75.0,17.0,4.0,0.0,0.0,0.0,0.0,0.0,0.0,0.0,0.0,0.0,0.0,0.0,0.0,0.0,0.0,0.0,0.0,0.0,0.0,0.0,0.0
40.9796643519,129837.0,17785.0,7.30036547653,693.0,64446.0,99.0,6.0,1389.0,2771.0,2361.0,3182.0,4540.0,2839.0,603.0,78.0,16.0,6.0,0.0,0.0,0.0,0.0,0.0,0.0,0.0,0.0,0.0,0.0,0.0,0.0,0.0,0.0,0.0,0.0,0.0,0.0,0.0,0.0
40.9817476852,129884.0,17788.0,7.30177647852,690.0,64441.0,99.0,7.0,1386.0,2926.0,2273.0,3083.0,4658.0,2723.0,640.0,71.0,23.0,5.0,0.0,0.0,0.0,0.0,0.0,0.0,0.0,0.0,0.0,0.0,0.0,0.0,0.0,0.0,0.0,0.0,0.0,0.0,0.0,0.0
40.9838310185,131038.0,17777.0,7.37120999044,692.0,64446.0,97.0,6.0,1316.0,2812.0,2351.0,3063.0,4649.0,2844.0,649.0,72.0,17.0,4.0,0.0,0.0,0.0,0.0,0.0,0.0,0.0,0.0,0.0,0.0,0.0,0.0,0.0,0.0,0.0,0.0,0.0,0.0,0.0,0.0
40.9859143519,129023.0,17775.0,7.25867791842,692.0,64440.0,99.0,9.0,1324.0,2787.0,2362.0,3208.0,4601.0,2806.0,601.0,63.0,17.0,6.0,0.0,0.0,0.0,0.0,0.0,0.0,0.0,0.0,0.0,0.0,0.0,0.0,0.0,0.0,0.0,0.0,0.0,0.0,0.0,0.0
40.9879976852,132452.0,17789.0,7.44572488617,692.0,64444.0,97.0,7.0,1315.0,2862.0,2259.0,3176.0,4610.0,2806.0,656.0,76.0,21.0,8.0,0.0,0.0,0.0,0.0,0.0,0.0,0.0,0.0,0.0,0.0,0.0,0.0,0.0,0.0,0.0,0.0,0.0,0.0,0.0,0.0
40.9900810185,131001.0,17789.0,7.3641576255,692.0,64443.0,96.0,7.0,1277.0,2895.0,2295.0,3139.0,4674.0,2746.0,660.0,85.0,12.0,6.0,0.0,0.0,0.0,0.0,0.0,0.0,0.0,0.0,0.0,0.0,0.0,0.0,0.0,0.0,0.0,0.0,0.0,0.0,0.0,0.0
40.9921643519,130083.0,17777.0,7.31748889014,693.0,64447.0,97.0,7.0,1308.0,2801.0,2349.0,3120.0,4749.0,2737.0,621.0,66.0,19.0,7.0,0.0,0.0,0.0,0.0,0.0,0.0,0.0,0.0,0.0,0.0,0.0,0.0,0.0,0.0,0.0,0.0,0.0,0.0,0.0,0.0
40.9942476852,132954.0,17780.0,7.47772778403,692.0,64440.0,99.0,3.0,1304.0,2716.0,2335.0,3138.0,4757.0,2781.0,634.0,85.0,23.0,7.0,0.0,0.0,0.0,0.0,0.0,0.0,0.0,0.0,0.0,0.0,0.0,0.0,0.0,0.0,0.0,0.0,0.0,0.0,0.0,0.0
40.9963310185,133249.0,17777.0,7.49558418181,692.0,64447.0,96.0,6.0,1223.0,2707.0,2427.0,3000.0,4785.0,2887.0,661.0,60.0,21.0,6.0,0.0,0.0,0.0,0.0,0.0,0.0,0.0,0.0,0.0,0.0,0.0,0.0,0.0,0.0,0.0,0.0,0.0,0.0,0.0,0.0
40.9984143519,135369.0,17776.0,7.61526777678,690.0,64441.0,97.0,6.0,1166.0,2709.0,2396.0,3003.0,4796.0,2947.0,652.0,80.0,20.0,7.0,0.0,0.0,0.0,0.0,0.0,0.0,0.0,0.0,0.0,0.0,0.0,0.0,0.0,0.0,0.0,0.0,0.0,0.0,0.0,0.0
41.0004976852,131718.0,17776.0,7.40987848785,689.0,64440.0,99.0,9.0,1252.0,2720.0,2459.0,3000.0,4854.0,2778.0,600.0,90.0,16.0,7.0,0.0,0.0,0.0,0.0,0.0,0.0,0.0,0.0,0.0,0.0,0.0,0.0,0.0,0.0,0.0,0.0,0.0,0.0,0.0,0.0
41.0025810185,133420.0,17768.0,7.50900495272,689.0,64444.0,99.0,4.0,1239.0,2574.0,2409.0,2967.0,4862.0,3038.0,587.0,69.0,19.0,4.0,0.0,0.0,0.0,0.0,0.0,0.0,0.0,0.0,0.0,0.0,0.0,0.0,0.0,0.0,0.0,0.0,0.0,0.0,0.0,0.0
41.0046643519,135573.0,17776.0,7.62674392439,693.0,64441.0,99.0,4.0,1189.0,2707.0,2427.0,2945.0,4797.0,2928.0,671.0,85.0,22.0,5.0,0.0,0.0,0.0,0.0,0.0,0.0,0.0,0.0,0.0,0.0,0.0,0.0,0.0,0.0,0.0,0.0,0.0,0.0,0.0,0.0
41.0067476852,133718.0,17775.0,7.52281293952,689.0,64441.0,99.0,10.0,1168.0,2626.0,2428.0,3067.0,4800.0,2933.0,663.0,70.0,17.0,3.0,0.0,0.0,0.0,0.0,0.0,0.0,0.0,0.0,0.0,0.0,0.0,0.0,0.0,0.0,0.0,0.0,0.0,0.0,0.0,0.0
41.0088310185,135831.0,17775.0,7.64168776371,689.0,64444.0,99.0,7.0,1162.0,2615.0,2326.0,2927.0,4973.0,3019.0,675.0,52.0,22.0,4.0,0.0,0.0,0.0,0.0,0.0,0.0,0.0,0.0,0.0,0.0,0.0,0.0,0.0,0.0,0.0,0.0,0.0,0.0,0.0,0.0
41.0109143519,135671.0,17772.0,7.63397479181,692.0,64440.0,97.0,12.0,1164.0,2611.0,2356.0,2941.0,4945.0,2970.0,692.0,73.0,19.0,1.0,0.0,0.0,0.0,0.0,0.0,0.0,0.0,0.0,0.0,0.0,0.0,0.0,0.0,0.0,0.0,0.0,0.0,0.0,0.0,0.0
41.0129976852,137667.0,17770.0,7.74715813168,689.0,64444.0,99.0,4.0,1129.0,2569.0,2425.0,2918.0,4824.0,3135.0,682.0,63.0,19.0,6.0,0.0,0.0,0.0,0.0,0.0,0.0,0.0,0.0,0.0,0.0,0.0,0.0,0.0,0.0,0.0,0.0,0.0,0.0,0.0,0.0
41.0150810185,137023.0,17770.0,7.71091727631,693.0,64440.0,97.0,7.0,1119.0,2607.0,2400.0,2888.0,4960.0,3079.0,614.0,76.0,18.0,9.0,0.0,0.0,0.0,0.0,0.0,0.0,0.0,0.0,0.0,0.0,0.0,0.0,0.0,0.0,0.0,0.0,0.0,0.0,0.0,0.0
41.0171643519,138919.0,17770.0,7.81761395611,686.0,64447.0,96.0,3.0,1023.0,2501.0,2375.0,2913.0,4996.0,3207.0,656.0,83.0,13.0,3.0,0.0,0.0,0.0,0.0,0.0,0.0,0.0,0.0,0.0,0.0,0.0,0.0,0.0,0.0,0.0,0.0,0.0,0.0,0.0,0.0
41.0192476852,140953.0,17771.0,7.93163018401,690.0,64440.0,99.0,6.0,1011.0,2445.0,2384.0,2873.0,5155.0,3117.0,687.0,77.0,11.0,11.0,0.0,0.0,0.0,0.0,0.0,0.0,0.0,0.0,0.0,0.0,0.0,0.0,0.0,0.0,0.0,0.0,0.0,0.0,0.0,0.0
41.0213310185,138547.0,17766.0,7.79843521333,687.0,64443.0,96.0,7.0,1012.0,2613.0,2429.0,2817.0,5040.0,3106.0,643.0,84.0,14.0,8.0,0.0,0.0,0.0,0.0,0.0,0.0,0.0,0.0,0.0,0.0,0.0,0.0,0.0,0.0,0.0,0.0,0.0,0.0,0.0,0.0
41.0234143519,141635.0,17774.0,7.96866209069,686.0,64440.0,97.0,9.0,1041.0,2439.0,2406.0,2860.0,5016.0,3212.0,692.0,79.0,25.0,4.0,0.0,0.0,0.0,0.0,0.0,0.0,0.0,0.0,0.0,0.0,0.0,0.0,0.0,0.0,0.0,0.0,0.0,0.0,0.0,0.0
41.0254976852,138430.0,17769.0,7.7905340762,692.0,64441.0,97.0,6.0,1062.0,2468.0,2455.0,2909.0,4999.0,3158.0,623.0,64.0,24.0,7.0,0.0,0.0,0.0,0.0,0.0,0.0,0.0,0.0,0.0,0.0,0.0,0.0,0.0,0.0,0.0,0.0,0.0,0.0,0.0,0.0
41.0275810185,140922.0,17778.0,7.92676341546,687.0,64443.0,99.0,7.0,1009.0,2494.0,2266.0,2918.0,5116.0,3267.0,597.0,83.0,20.0,8.0,0.0,0.0,0.0,0.0,0.0,0.0,0.0,0.0,0.0,0.0,0.0,0.0,0.0,0.0,0.0,0.0,0.0,0.0,0.0,0.0
41.0296643519,141073.0,17768.0,7.9397230977,686.0,64443.0,96.0,9.0,998.0,2379.0,2453.0,2917.0,5075.0,3187.0,638.0,98.0,16.0,7.0,0.0,0.0,0.0,0.0,0.0,0.0,0.0,0.0,0.0,0.0,0.0,0.0,0.0,0.0,0.0,0.0,0.0,0.0,0.0,0.0
41.0317476852,139124.0,17770.0,7.82915025324,687.0,64441.0,96.0,7.0,1010.0,2470.0,2419.0,2848.0,5167.0,3135.0,626.0,69.0,17.0,9.0,0.0,0.0,0.0,0.0,0.0,0.0,0.0,0.0,0.0,0.0,0.0,0.0,0.0,0.0,0.0,0.0,0.0,0.0,0.0,0.0
41.0338310185,144096.0,17767.0,8.11031687961,690.0,64455.0,96.0,4.0,1000.0,2386.0,2339.0,2838.0,5128.0,3307.0,656.0,78.0,25.0,10.0,0.0,0.0,0.0,0.0,0.0,0.0,0.0,0.0,0.0,0.0,0.0,0.0,0.0,0.0,0.0,0.0,0.0,0.0,0.0,0.0
41.0359143519,140812.0,17774.0,7.92235850118,686.0,64441.0,96.0,7.0,1021.0,2436.0,2416.0,2738.0,5136.0,3268.0,649.0,90.0,19.0,1.0,0.0,0.0,0.0,0.0,0.0,0.0,0.0,0.0,0.0,0.0,0.0,0.0,0.0,0.0,0.0,0.0,0.0,0.0,0.0,0.0
41.0379976852,141841.0,17775.0,7.97980309423,686.0,64440.0,97.0,6.0,976.0,2395.0,2343.0,2894.0,5090.0,3316.0,653.0,91.0,13.0,4.0,0.0,0.0,0.0,0.0,0.0,0.0,0.0,0.0,0.0,0.0,0.0,0.0,0.0,0.0,0.0,0.0,0.0,0.0,0.0,0.0
41.0400810185,142606.0,17770.0,8.02509848059,687.0,64443.0,97.0,9.0,1002.0,2350.0,2428.0,2814.0,5082.0,3308.0,675.0,92.0,14.0,5.0,0.0,0.0,0.0,0.0,0.0,0.0,0.0,0.0,0.0,0.0,0.0,0.0,0.0,0.0,0.0,0.0,0.0,0.0,0.0,0.0
41.0421643519,141565.0,17770.0,7.96651660101,686.0,64446.0,103.0,3.0,1020.0,2411.0,2337.0,2796.0,5218.0,3259.0,613.0,91.0,19.0,6.0,0.0,0.0,0.0,0.0,0.0,0.0,0.0,0.0,0.0,0.0,0.0,0.0,0.0,0.0,0.0,0.0,0.0,0.0,0.0,0.0
41.0442476852,141705.0,17764.0,7.97708849358,687.0,64442.0,99.0,7.0,928.0,2387.0,2465.0,2783.0,5193.0,3281.0,633.0,72.0,10.0,12.0,0.0,0.0,0.0,0.0,0.0,0.0,0.0,0.0,0.0,0.0,0.0,0.0,0.0,0.0,0.0,0.0,0.0,0.0,0.0,0.0
41.0463310185,142795.0,17771.0,8.03528220134,686.0,64441.0,99.0,7.0,985.0,2305.0,2373.0,2916.0,5102.0,3298.0,687.0,81.0,22.0,2.0,0.0,0.0,0.0,0.0,0.0,0.0,0.0,0.0,0.0,0.0,0.0,0.0,0.0,0.0,0.0,0.0,0.0,0.0,0.0,0.0
41.0484143519,141914.0,17758.0,7.99155310283,686.0,64440.0,99.0,7.0,964.0,2338.0,2454.0,2757.0,5149.0,3349.0,652.0,69.0,24.0,2.0,0.0,0.0,0.0,0.0,0.0,0.0,0.0,0.0,0.0,0.0,0.0,0.0,0.0,0.0,0.0,0.0,0.0,0.0,0.0,0.0
41.0504976852,142147.0,17767.0,8.00061912534,690.0,64440.0,103.0,7.0,955.0,2281.0,2391.0,2887.0,5156.0,3357.0,637.0,82.0,19.0,2.0,0.0,0.0,0.0,0.0,0.0,0.0,0.0,0.0,0.0,0.0,0.0,0.0,0.0,0.0,0.0,0.0,0.0,0.0,0.0,0.0
41.0525810185,144543.0,17773.0,8.13272942103,687.0,64447.0,96.0,8.0,881.0,2311.0,2402.0,2785.0,5192.0,3455.0,645.0,82.0,12.0,8.0,0.0,0.0,0.0,0.0,0.0,0.0,0.0,0.0,0.0,0.0,0.0,0.0,0.0,0.0,0.0,0.0,0.0,0.0,0.0,0.0
41.0546643519,143448.0,17767.0,8.07384476839,687.0,64441.0,99.0,3.0,902.0,2306.0,2455.0,2802.0,5152.0,3422.0,634.0,69.0,16.0,9.0,0.0,0.0,0.0,0.0,0.0,0.0,0.0,0.0,0.0,0.0,0.0,0.0,0.0,0.0,0.0,0.0,0.0,0.0,0.0,0.0
41.0567476852,145637.0,17763.0,8.19889658278,686.0,64444.0,97.0,8.0,884.0,2209.0,2384.0,2831.0,5171.0,3507.0,681.0,76.0,15.0,5.0,0.0,0.0,0.0,0.0,0.0,0.0,0.0,0.0,0.0,0.0,0.0,0.0,0.0,0.0,0.0,0.0,0.0,0.0,0.0,0.0
41.0588310185,146351.0,17769.0,8.23631042827,686.0,64441.0,97.0,6.0,884.0,2183.0,2358.0,2749.0,5241.0,3568.0,696.0,72.0,16.0,2.0,0.0,0.0,0.0,0.0,0.0,0.0,0.0,0.0,0.0,0.0,0.0,0.0,0.0,0.0,0.0,0.0,0.0,0.0,0.0,0.0
41.0609143519,142877.0,17772.0,8.03944406932,687.0,64443.0,99.0,65535.0,898.0,2217.0,2506.0,2820.0,5120.0,3485.0,638.0,71.0,13.0,4.0,0.0,0.0,0.0,0.0,0.0,0.0,0.0,0.0,0.0,0.0,0.0,0.0,0.0,0.0,0.0,0.0,0.0,0.0,0.0,0.0
41.0629976852,146277.0,17765.0,8.2339994371,686.0,64444.0,99.0,7.0,874.0,2171.0,2329.0,2898.0,5234.0,3464.0,695.0,74.0,24.0,2.0,0.0,0.0,0.0,0.0,0.0,0.0,0.0,0.0,0.0,0.0,0.0,0.0,0.0,0.0,0.0,0.0,0.0,0.0,0.0,0.0
41.0692824074,145830.0,17766.0,8.2083755488,686.0,64443.0,96.0,7.0,858.0,2210.0,2406.0,2816.0,5189.0,3507.0,685.0,77.0,12.0,6.0,0.0,0.0,0.0,0.0,0.0,0.0,0.0,0.0,0.0,0.0,0.0,0.0,0.0,0.0,0.0,0.0,0.0,0.0,0.0,0.0
41.0713657407,146728.0,17766.0,8.25892153552,686.0,64444.0,99.0,7.0,844.0,2192.0,2450.0,2783.0,5113.0,3631.0,648.0,81.0,20.0,4.0,0.0,0.0,0.0,0.0,0.0,0.0,0.0,0.0,0.0,0.0,0.0,0.0,0.0,0.0,0.0,0.0,0.0,0.0,0.0,0.0
41.0734490741,144749.0,17771.0,8.14523662146,686.0,64440.0,99.0,7.0,884.0,2205.0,2480.0,2862.0,5053.0,3555.0,633.0,74.0,20.0,5.0,0.0,0.0,0.0,0.0,0.0,0.0,0.0,0.0,0.0,0.0,0.0,0.0,0.0,0.0,0.0,0.0,0.0,0.0,0.0,0.0
41.0755324074,144388.0,17770.0,8.12537985369,686.0,64436.0,100.0,7.0,886.0,2176.0,2440.0,2875.0,5111.0,3541.0,644.0,76.0,20.0,1.0,0.0,0.0,0.0,0.0,0.0,0.0,0.0,0.0,0.0,0.0,0.0,0.0,0.0,0.0,0.0,0.0,0.0,0.0,0.0,0.0
41.0776157407,144420.0,17769.0,8.12763802127,686.0,64444.0,99.0,4.0,849.0,2212.0,2464.0,2930.0,5029.0,3557.0,638.0,67.0,17.0,6.0,0.0,0.0,0.0,0.0,0.0,0.0,0.0,0.0,0.0,0.0,0.0,0.0,0.0,0.0,0.0,0.0,0.0,0.0,0.0,0.0
41.0796990741,144308.0,17770.0,8.12087788407,686.0,64444.0,96.0,7.0,839.0,2226.0,2495.0,2885.0,5048.0,3585.0,599.0,69.0,15.0,9.0,0.0,0.0,0.0,0.0,0.0,0.0,0.0,0.0,0.0,0.0,0.0,0.0,0.0,0.0,0.0,0.0,0.0,0.0,0.0,0.0
41.0817824074,143353.0,17776.0,8.06441269127,686.0,64444.0,98.0,7.0,848.0,2207.0,2475.0,2843.0,5137.0,3577.0,598.0,71.0,18.0,2.0,0.0,0.0,0.0,0.0,0.0,0.0,0.0,0.0,0.0,0.0,0.0,0.0,0.0,0.0,0.0,0.0,0.0,0.0,0.0,0.0
41.0838657407,144502.0,17774.0,8.12996511759,686.0,64440.0,96.0,10.0,884.0,2298.0,2434.0,2806.0,5080.0,3548.0,623.0,73.0,24.0,4.0,0.0,0.0,0.0,0.0,0.0,0.0,0.0,0.0,0.0,0.0,0.0,0.0,0.0,0.0,0.0,0.0,0.0,0.0,0.0,0.0
41.0859490741,144001.0,17768.0,8.10451373255,686.0,64440.0,102.0,7.0,859.0,2267.0,2457.0,2859.0,5097.0,3536.0,598.0,63.0,26.0,6.0,0.0,0.0,0.0,0.0,0.0,0.0,0.0,0.0,0.0,0.0,0.0,0.0,0.0,0.0,0.0,0.0,0.0,0.0,0.0,0.0
41.0880324074,146558.0,17776.0,8.2447119712,686.0,64444.0,103.0,1.0,884.0,2116.0,2521.0,2902.0,4980.0,3653.0,604.0,87.0,22.0,7.0,0.0,0.0,0.0,0.0,0.0,0.0,0.0,0.0,0.0,0.0,0.0,0.0,0.0,0.0,0.0,0.0,0.0,0.0,0.0,0.0
41.0901157407,144167.0,17768.0,8.113856371,686.0,64440.0,99.0,7.0,783.0,2155.0,2636.0,2879.0,4969.0,3624.0,623.0,82.0,16.0,1.0,0.0,0.0,0.0,0.0,0.0,0.0,0.0,0.0,0.0,0.0,0.0,0.0,0.0,0.0,0.0,0.0,0.0,0.0,0.0,0.0
41.0921990741,146949.0,17767.0,8.27089548038,686.0,64446.0,97.0,3.0,824.0,2195.0,2567.0,2835.0,4951.0,3634.0,642.0,90.0,25.0,4.0,0.0,0.0,0.0,0.0,0.0,0.0,0.0,0.0,0.0,0.0,0.0,0.0,0.0,0.0,0.0,0.0,0.0,0.0,0.0,0.0
41.0942824074,146191.0,17775.0,8.22452883263,685.0,64444.0,100.0,6.0,813.0,2221.0,2555.0,2841.0,4911.0,3711.0,609.0,90.0,20.0,4.0,0.0,0.0,0.0,0.0,0.0,0.0,0.0,0.0,0.0,0.0,0.0,0.0,0.0,0.0,0.0,0.0,0.0,0.0,0.0,0.0
41.0963657407,146090.0,17767.0,8.22254741937,683.0,64446.0,99.0,6.0,794.0,2208.0,2585.0,2884.0,4869.0,3662.0,662.0,82.0,17.0,4.0,0.0,0.0,0.0,0.0,0.0,0.0,0.0,0.0,0.0,0.0,0.0,0.0,0.0,0.0,0.0,0.0,0.0,0.0,0.0,0.0
41.0984490741,143830.0,17765.0,8.09625668449,686.0,64441.0,96.0,14.0,883.0,2336.0,2549.0,2861.0,4843.0,3588.0,592.0,88.0,17.0,8.0,0.0,0.0,0.0,0.0,0.0,0.0,0.0,0.0,0.0,0.0,0.0,0.0,0.0,0.0,0.0,0.0,0.0,0.0,0.0,0.0
41.1005324074,144463.0,17765.0,8.13188854489,682.0,64441.0,99.0,15.0,836.0,2311.0,2624.0,2886.0,4718.0,3692.0,600.0,72.0,15.0,11.0,0.0,0.0,0.0,0.0,0.0,0.0,0.0,0.0,0.0,0.0,0.0,0.0,0.0,0.0,0.0,0.0,0.0,0.0,0.0,0.0
41.1026157407,142573.0,17760.0,8.02775900901,686.0,64441.0,99.0,3.0,837.0,2241.0,2644.0,2885.0,4820.0,3683.0,543.0,89.0,13.0,5.0,0.0,0.0,0.0,0.0,0.0,0.0,0.0,0.0,0.0,0.0,0.0,0.0,0.0,0.0,0.0,0.0,0.0,0.0,0.0,0.0
41.1046990741,140164.0,17773.0,7.88634445507,686.0,64440.0,99.0,7.0,903.0,2272.0,2712.0,2937.0,4816.0,3461.0,576.0,69.0,23.0,4.0,0.0,0.0,0.0,0.0,0.0,0.0,0.0,0.0,0.0,0.0,0.0,0.0,0.0,0.0,0.0,0.0,0.0,0.0,0.0,0.0
41.1067824074,140229.0,17764.0,7.8939990993,685.0,64448.0,97.0,6.0,872.0,2285.0,2802.0,2881.0,4724.0,3567.0,531.0,78.0,17.0,7.0,0.0,0.0,0.0,0.0,0.0,0.0,0.0,0.0,0.0,0.0,0.0,0.0,0.0,0.0,0.0,0.0,0.0,0.0,0.0,0.0
41.1088657407,141405.0,17768.0,7.95840837461,685.0,64439.0,102.0,7.0,894.0,2331.0,2659.0,2913.0,4739.0,3590.0,542.0,69.0,23.0,8.0,0.0,0.0,0.0,0.0,0.0,0.0,0.0,0.0,0.0,0.0,0.0,0.0,0.0,0.0,0.0,0.0,0.0,0.0,0.0,0.0
41.1109490741,141234.0,17772.0,7.94699527346,686.0,64440.0,103.0,1.0,855.0,2236.0,2787.0,2986.0,4667.0,3563.0,562.0,97.0,15.0,4.0,0.0,0.0,0.0,0.0,0.0,0.0,0.0,0.0,0.0,0.0,0.0,0.0,0.0,0.0,0.0,0.0,0.0,0.0,0.0,0.0
41.1130324074,137692.0,17770.0,7.74856499719,686.0,64441.0,102.0,7.0,861.0,2350.0,2695.0,2940.0,4828.0,3495.0,509.0,71.0,20.0,1.0,0.0,0.0,0.0,0.0,0.0,0.0,0.0,0.0,0.0,0.0,0.0,0.0,0.0,0.0,0.0,0.0,0.0,0.0,0.0,0.0
41.1151157407,141364.0,17766.0,7.95699651019,686.0,64441.0,99.0,9.0,890.0,2254.0,2735.0,2836.0,4759.0,3592.0,596.0,88.0,16.0,0.0,0.0,0.0,0.0,0.0,0.0,0.0,0.0,0.0,0.0,0.0,0.0,0.0,0.0,0.0,0.0,0.0,0.0,0.0,0.0,0.0
41.1171990741,142228.0,17769.0,8.00427711182,685.0,64448.0,99.0,8.0,879.0,2276.0,2676.0,2972.0,4615.0,3654.0,606.0,68.0,18.0,5.0,0.0,0.0,0.0,0.0,0.0,0.0,0.0,0.0,0.0,0.0,0.0,0.0,0.0,0.0,0.0,0.0,0.0,0.0,0.0,0.0
41.1192824074,143051.0,17764.0,8.05285971628,686.0,64447.0,99.0,3.0,893.0,2335.0,2760.0,2859.0,4646.0,3586.0,567.0,77.0,34.0,7.0,0.0,0.0,0.0,0.0,0.0,0.0,0.0,0.0,0.0,0.0,0.0,0.0,0.0,0.0,0.0,0.0,0.0,0.0,0.0,0.0
41.1213657407,140215.0,17767.0,7.89187820116,685.0,64444.0,100.0,4.0,874.0,2339.0,2788.0,2905.0,4649.0,3562.0,548.0,70.0,29.0,3.0,0.0,0.0,0.0,0.0,0.0,0.0,0.0,0.0,0.0,0.0,0.0,0.0,0.0,0.0,0.0,0.0,0.0,0.0,0.0,0.0
41.1234490741,138815.0,17765.0,7.81396003377,683.0,64444.0,99.0,4.0,866.0,2441.0,2755.0,2890.0,4637.0,3514.0,554.0,89.0,18.0,1.0,0.0,0.0,0.0,0.0,0.0,0.0,0.0,0.0,0.0,0.0,0.0,0.0,0.0,0.0,0.0,0.0,0.0,0.0,0.0,0.0
41.1255324074,139217.0,17764.0,7.83702994821,683.0,64444.0,102.0,6.0,899.0,2325.0,2844.0,2901.0,4642.0,3534.0,516.0,73.0,23.0,7.0,0.0,0.0,0.0,0.0,0.0,0.0,0.0,0.0,0.0,0.0,0.0,0.0,0.0,0.0,0.0,0.0,0.0,0.0,0.0,0.0
41.1276157407,138334.0,17766.0,7.78644602049,685.0,64444.0,97.0,7.0,848.0,2386.0,2830.0,2950.0,4561.0,3515.0,579.0,83.0,13.0,1.0,0.0,0.0,0.0,0.0,0.0,0.0,0.0,0.0,0.0,0.0,0.0,0.0,0.0,0.0,0.0,0.0,0.0,0.0,0.0,0.0
41.1296990741,138244.0,17762.0,7.78313253012,685.0,64441.0,99.0,8.0,873.0,2454.0,2883.0,2844.0,4547.0,3512.0,543.0,88.0,12.0,6.0,0.0,0.0,0.0,0.0,0.0,0.0,0.0,0.0,0.0,0.0,0.0,0.0,0.0,0.0,0.0,0.0,0.0,0.0,0.0,0.0
41.1317824074,137363.0,17769.0,7.7304856773,685.0,64443.0,102.0,7.0,867.0,2471.0,2936.0,2913.0,4397.0,3517.0,584.0,71.0,5.0,8.0,0.0,0.0,0.0,0.0,0.0,0.0,0.0,0.0,0.0,0.0,0.0,0.0,0.0,0.0,0.0,0.0,0.0,0.0,0.0,0.0
41.1338657407,135976.0,17763.0,7.65501322975,685.0,64444.0,99.0,7.0,886.0,2562.0,2969.0,2971.0,4259.0,3475.0,536.0,83.0,17.0,5.0,0.0,0.0,0.0,0.0,0.0,0.0,0.0,0.0,0.0,0.0,0.0,0.0,0.0,0.0,0.0,0.0,0.0,0.0,0.0,0.0
41.1359490741,136139.0,17761.0,7.66505264343,686.0,64440.0,99.0,7.0,900.0,2475.0,3022.0,2947.0,4295.0,3510.0,515.0,64.0,29.0,4.0,0.0,0.0,0.0,0.0,0.0,0.0,0.0,0.0,0.0,0.0,0.0,0.0,0.0,0.0,0.0,0.0,0.0,0.0,0.0,0.0
41.1380324074,131685.0,17767.0,7.41177463837,683.0,64440.0,103.0,3.0,952.0,2511.0,3021.0,2971.0,4318.0,3420.0,503.0,54.0,15.0,2.0,0.0,0.0,0.0,0.0,0.0,0.0,0.0,0.0,0.0,0.0,0.0,0.0,0.0,0.0,0.0,0.0,0.0,0.0,0.0,0.0
41.1401157407,134990.0,17766.0,7.59822132163,685.0,64446.0,97.0,6.0,903.0,2524.0,3053.0,2932.0,4289.0,3438.0,509.0,101.0,14.0,3.0,0.0,0.0,0.0,0.0,0.0,0.0,0.0,0.0,0.0,0.0,0.0,0.0,0.0,0.0,0.0,0.0,0.0,0.0,0.0,0.0
41.1421990741,134162.0,17770.0,7.54991558807,682.0,64441.0,103.0,3.0,936.0,2604.0,3011.0,2924.0,4206.0,3472.0,528.0,69.0,14.0,6.0,0.0,0.0,0.0,0.0,0.0,0.0,0.0,0.0,0.0,0.0,0.0,0.0,0.0,0.0,0.0,0.0,0.0,0.0,0.0,0.0
41.1442824074,133687.0,17763.0,7.52614986207,685.0,64444.0,96.0,9.0,919.0,2547.0,3130.0,2908.0,4140.0,3518.0,505.0,72.0,24.0,0.0,0.0,0.0,0.0,0.0,0.0,0.0,0.0,0.0,0.0,0.0,0.0,0.0,0.0,0.0,0.0,0.0,0.0,0.0,0.0,0.0
41.1463657407,134933.0,17763.0,7.59629567078,685.0,64446.0,99.0,6.0,935.0,2655.0,3031.0,2888.0,4169.0,3452.0,527.0,78.0,23.0,5.0,0.0,0.0,0.0,0.0,0.0,0.0,0.0,0.0,0.0,0.0,0.0,0.0,0.0,0.0,0.0,0.0,0.0,0.0,0.0,0.0
41.1484490741,132352.0,17764.0,7.450574195,682.0,64441.0,102.0,3.0,921.0,2622.0,3091.0,3013.0,4123.0,3349.0,559.0,68.0,15.0,3.0,0.0,0.0,0.0,0.0,0.0,0.0,0.0,0.0,0.0,0.0,0.0,0.0,0.0,0.0,0.0,0.0,0.0,0.0,0.0,0.0
41.1505324074,131398.0,17763.0,7.3972864944,682.0,64440.0,99.0,7.0,929.0,2640.0,3159.0,2954.0,4192.0,3312.0,471.0,77.0,26.0,3.0,0.0,0.0,0.0,0.0,0.0,0.0,0.0,0.0,0.0,0.0,0.0,0.0,0.0,0.0,0.0,0.0,0.0,0.0,0.0,0.0
41.1526157407,128540.0,17764.0,7.23598288674,680.0,64441.0,99.0,7.0,963.0,2748.0,3142.0,2973.0,4068.0,3302.0,479.0,74.0,13.0,2.0,0.0,0.0,0.0,0.0,0.0,0.0,0.0,0.0,0.0,0.0,0.0,0.0,0.0,0.0,0.0,0.0,0.0,0.0,0.0,0.0
41.1546990741,128523.0,17762.0,7.2358405585,685.0,64444.0,96.0,6.0,940.0,2701.0,3317.0,3007.0,3957.0,3255.0,502.0,63.0,14.0,6.0,0.0,0.0,0.0,0.0,0.0,0.0,0.0,0.0,0.0,0.0,0.0,0.0,0.0,0.0,0.0,0.0,0.0,0.0,0.0,0.0
41.1567824074,128201.0,17765.0,7.21649310442,680.0,64440.0,102.0,8.0,1041.0,2709.0,3228.0,3051.0,3902.0,3278.0,454.0,79.0,18.0,5.0,0.0,0.0,0.0,0.0,0.0,0.0,0.0,0.0,0.0,0.0,0.0,0.0,0.0,0.0,0.0,0.0,0.0,0.0,0.0,0.0
41.1588657407,127365.0,17770.0,7.16741699494,682.0,64440.0,99.0,7.0,981.0,2849.0,3384.0,2967.0,3795.0,3230.0,469.0,68.0,19.0,8.0,0.0,0.0,0.0,0.0,0.0,0.0,0.0,0.0,0.0,0.0,0.0,0.0,0.0,0.0,0.0,0.0,0.0,0.0,0.0,0.0
41.1609490741,124800.0,17760.0,7.02702702703,680.0,64441.0,99.0,4.0,1059.0,2866.0,3271.0,3034.0,3833.0,3143.0,461.0,76.0,13.0,4.0,0.0,0.0,0.0,0.0,0.0,0.0,0.0,0.0,0.0,0.0,0.0,0.0,0.0,0.0,0.0,0.0,0.0,0.0,0.0,0.0
41.1630324074,131197.0,17762.0,7.38638666817,680.0,64440.0,99.0,6.0,951.0,2719.0,3255.0,2964.0,3860.0,3384.0,536.0,74.0,13.0,6.0,0.0,0.0,0.0,0.0,0.0,0.0,0.0,0.0,0.0,0.0,0.0,0.0,0.0,0.0,0.0,0.0,0.0,0.0,0.0,0.0
41.1651157407,129218.0,17764.0,7.27414996622,680.0,64444.0,99.0,8.0,1016.0,2684.0,3205.0,3067.0,3900.0,3301.0,487.0,81.0,22.0,1.0,0.0,0.0,0.0,0.0,0.0,0.0,0.0,0.0,0.0,0.0,0.0,0.0,0.0,0.0,0.0,0.0,0.0,0.0,0.0,0.0
41.1671990741,126154.0,17760.0,7.10326576577,682.0,64440.0,99.0,7.0,1026.0,2820.0,3325.0,3053.0,3713.0,3261.0,480.0,55.0,25.0,2.0,0.0,0.0,0.0,0.0,0.0,0.0,0.0,0.0,0.0,0.0,0.0,0.0,0.0,0.0,0.0,0.0,0.0,0.0,0.0,0.0
41.1692824074,125363.0,17769.0,7.05515223141,682.0,64440.0,103.0,7.0,1024.0,2777.0,3433.0,3078.0,3636.0,3253.0,480.0,72.0,14.0,2.0,0.0,0.0,0.0,0.0,0.0,0.0,0.0,0.0,0.0,0.0,0.0,0.0,0.0,0.0,0.0,0.0,0.0,0.0,0.0,0.0
41.1713657407,123264.0,17765.0,6.93858710948,680.0,64443.0,99.0,7.0,1014.0,2936.0,3428.0,2958.0,3769.0,3106.0,471.0,65.0,16.0,2.0,0.0,0.0,0.0,0.0,0.0,0.0,0.0,0.0,0.0,0.0,0.0,0.0,0.0,0.0,0.0,0.0,0.0,0.0,0.0,0.0
41.1734490741,125938.0,17766.0,7.08870876956,680.0,64441.0,99.0,7.0,988.0,2796.0,3541.0,3023.0,3666.0,3195.0,461.0,71.0,17.0,8.0,0.0,0.0,0.0,0.0,0.0,0.0,0.0,0.0,0.0,0.0,0.0,0.0,0.0,0.0,0.0,0.0,0.0,0.0,0.0,0.0
41.1755324074,121796.0,17771.0,6.85363794947,680.0,64439.0,103.0,7.0,1033.0,2830.0,3551.0,3134.0,3588.0,3112.0,445.0,59.0,16.0,3.0,0.0,0.0,0.0,0.0,0.0,0.0,0.0,0.0,0.0,0.0,0.0,0.0,0.0,0.0,0.0,0.0,0.0,0.0,0.0,0.0
41.1776157407,121375.0,17773.0,6.82917909188,680.0,64444.0,99.0,7.0,1069.0,2935.0,3542.0,3059.0,3466.0,3156.0,471.0,63.0,10.0,2.0,0.0,0.0,0.0,0.0,0.0,0.0,0.0,0.0,0.0,0.0,0.0,0.0,0.0,0.0,0.0,0.0,0.0,0.0,0.0,0.0
41.1796990741,122179.0,17770.0,6.87557681486,680.0,64443.0,103.0,3.0,1041.0,3011.0,3568.0,2968.0,3522.0,3121.0,449.0,72.0,12.0,6.0,0.0,0.0,0.0,0.0,0.0,0.0,0.0,0.0,0.0,0.0,0.0,0.0,0.0,0.0,0.0,0.0,0.0,0.0,0.0,0.0
41.1817824074,120207.0,17769.0,6.76498396083,685.0,64440.0,103.0,3.0,1150.0,3053.0,3637.0,2960.0,3443.0,2978.0,450.0,74.0,19.0,5.0,0.0,0.0,0.0,0.0,0.0,0.0,0.0,0.0,0.0,0.0,0.0,0.0,0.0,0.0,0.0,0.0,0.0,0.0,0.0,0.0
41.1838657407,118030.0,17766.0,6.64358887763,680.0,64440.0,102.0,6.0,1153.0,3176.0,3755.0,3010.0,3159.0,2975.0,443.0,69.0,22.0,4.0,0.0,0.0,0.0,0.0,0.0,0.0,0.0,0.0,0.0,0.0,0.0,0.0,0.0,0.0,0.0,0.0,0.0,0.0,0.0,0.0
41.1859490741,117598.0,17767.0,6.61890020825,680.0,64447.0,100.0,7.0,1138.0,3090.0,3756.0,3071.0,3281.0,2939.0,396.0,67.0,23.0,6.0,0.0,0.0,0.0,0.0,0.0,0.0,0.0,0.0,0.0,0.0,0.0,0.0,0.0,0.0,0.0,0.0,0.0,0.0,0.0,0.0
41.1880324074,115148.0,17766.0,6.4813689069,677.0,64441.0,100.0,8.0,1185.0,3142.0,3695.0,3064.0,3265.0,2912.0,424.0,67.0,10.0,2.0,0.0,0.0,0.0,0.0,0.0,0.0,0.0,0.0,0.0,0.0,0.0,0.0,0.0,0.0,0.0,0.0,0.0,0.0,0.0,0.0
41.1901157407,118764.0,17765.0,6.68528004503,679.0,64441.0,102.0,7.0,1141.0,3170.0,3851.0,2997.0,3106.0,2957.0,432.0,83.0,20.0,8.0,0.0,0.0,0.0,0.0,0.0,0.0,0.0,0.0,0.0,0.0,0.0,0.0,0.0,0.0,0.0,0.0,0.0,0.0,0.0,0.0
41.1921990741,118434.0,17775.0,6.6629535865,680.0,64440.0,102.0,7.0,1193.0,3102.0,3752.0,3089.0,3112.0,3045.0,387.0,62.0,23.0,10.0,0.0,0.0,0.0,0.0,0.0,0.0,0.0,0.0,0.0,0.0,0.0,0.0,0.0,0.0,0.0,0.0,0.0,0.0,0.0,0.0
41.1942824074,115215.0,17768.0,6.4844101756,677.0,64447.0,99.0,3.0,1208.0,3135.0,3656.0,3180.0,3190.0,2912.0,407.0,64.0,10.0,6.0,0.0,0.0,0.0,0.0,0.0,0.0,0.0,0.0,0.0,0.0,0.0,0.0,0.0,0.0,0.0,0.0,0.0,0.0,0.0,0.0
41.1963657407,115617.0,17764.0,6.50850033776,680.0,64440.0,103.0,8.0,1116.0,3183.0,3841.0,3096.0,3050.0,2988.0,400.0,73.0,13.0,4.0,0.0,0.0,0.0,0.0,0.0,0.0,0.0,0.0,0.0,0.0,0.0,0.0,0.0,0.0,0.0,0.0,0.0,0.0,0.0,0.0
41.1984490741,112359.0,17767.0,6.32402769179,680.0,64440.0,102.0,8.0,1159.0,3273.0,3919.0,3116.0,3022.0,2804.0,381.0,70.0,22.0,1.0,0.0,0.0,0.0,0.0,0.0,0.0,0.0,0.0,0.0,0.0,0.0,0.0,0.0,0.0,0.0,0.0,0.0,0.0,0.0,0.0
41.2005324074,115626.0,17762.0,6.50973989416,677.0,64440.0,102.0,9.0,1087.0,3236.0,3805.0,3183.0,3046.0,2900.0,421.0,64.0,11.0,9.0,0.0,0.0,0.0,0.0,0.0,0.0,0.0,0.0,0.0,0.0,0.0,0.0,0.0,0.0,0.0,0.0,0.0,0.0,0.0,0.0
41.2026157407,113874.0,17757.0,6.41290758574,677.0,64440.0,97.0,6.0,1193.0,3226.0,3882.0,3105.0,2970.0,2893.0,388.0,79.0,19.0,2.0,0.0,0.0,0.0,0.0,0.0,0.0,0.0,0.0,0.0,0.0,0.0,0.0,0.0,0.0,0.0,0.0,0.0,0.0,0.0,0.0
41.2046990741,113928.0,17765.0,6.41305938643,677.0,64446.0,102.0,7.0,1217.0,3340.0,3654.0,3194.0,3071.0,2779.0,415.0,70.0,21.0,4.0,0.0,0.0,0.0,0.0,0.0,0.0,0.0,0.0,0.0,0.0,0.0,0.0,0.0,0.0,0.0,0.0,0.0,0.0,0.0,0.0
41.2067824074,111298.0,17767.0,6.26431023808,680.0,64441.0,102.0,7.0,1249.0,3340.0,3815.0,3306.0,2860.0,2708.0,389.0,76.0,20.0,4.0,0.0,0.0,0.0,0.0,0.0,0.0,0.0,0.0,0.0,0.0,0.0,0.0,0.0,0.0,0.0,0.0,0.0,0.0,0.0,0.0
41.2088657407,110215.0,17762.0,6.20510077694,679.0,64440.0,103.0,7.0,1185.0,3333.0,3987.0,3159.0,2944.0,2696.0,364.0,76.0,12.0,6.0,0.0,0.0,0.0,0.0,0.0,0.0,0.0,0.0,0.0,0.0,0.0,0.0,0.0,0.0,0.0,0.0,0.0,0.0,0.0,0.0
41.2109490741,109634.0,17771.0,6.1692645321,680.0,64440.0,103.0,3.0,1189.0,3430.0,3908.0,3197.0,2930.0,2655.0,383.0,60.0,10.0,9.0,0.0,0.0,0.0,0.0,0.0,0.0,0.0,0.0,0.0,0.0,0.0,0.0,0.0,0.0,0.0,0.0,0.0,0.0,0.0,0.0
41.2130324074,110493.0,17765.0,6.21970166057,677.0,64443.0,102.0,8.0,1306.0,3255.0,3887.0,3162.0,2946.0,2747.0,373.0,71.0,14.0,4.0,0.0,0.0,0.0,0.0,0.0,0.0,0.0,0.0,0.0,0.0,0.0,0.0,0.0,0.0,0.0,0.0,0.0,0.0,0.0,0.0
41.2151157407,109361.0,17764.0,6.15632740374,679.0,64444.0,100.0,7.0,1196.0,3413.0,4066.0,3164.0,2775.0,2671.0,394.0,65.0,13.0,7.0,0.0,0.0,0.0,0.0,0.0,0.0,0.0,0.0,0.0,0.0,0.0,0.0,0.0,0.0,0.0,0.0,0.0,0.0,0.0,0.0
41.2171990741,106264.0,17766.0,5.98131261961,677.0,64440.0,102.0,8.0,1324.0,3484.0,3948.0,3223.0,2733.0,2608.0,361.0,71.0,10.0,4.0,0.0,0.0,0.0,0.0,0.0,0.0,0.0,0.0,0.0,0.0,0.0,0.0,0.0,0.0,0.0,0.0,0.0,0.0,0.0,0.0
41.2192824074,105183.0,17763.0,5.92146596859,676.0,64440.0,99.0,10.0,1257.0,3537.0,4019.0,3262.0,2706.0,2548.0,345.0,75.0,10.0,4.0,0.0,0.0,0.0,0.0,0.0,0.0,0.0,0.0,0.0,0.0,0.0,0.0,0.0,0.0,0.0,0.0,0.0,0.0,0.0,0.0
41.2213657407,108354.0,17764.0,6.09963972078,674.0,64440.0,100.0,14.0,1224.0,3524.0,3963.0,3230.0,2660.0,2695.0,376.0,70.0,20.0,2.0,0.0,0.0,0.0,0.0,0.0,0.0,0.0,0.0,0.0,0.0,0.0,0.0,0.0,0.0,0.0,0.0,0.0,0.0,0.0,0.0
41.2234490741,110651.0,17761.0,6.22999831091,677.0,64444.0,102.0,8.0,1199.0,3363.0,3996.0,3368.0,2738.0,2603.0,378.0,91.0,16.0,9.0,0.0,0.0,0.0,0.0,0.0,0.0,0.0,0.0,0.0,0.0,0.0,0.0,0.0,0.0,0.0,0.0,0.0,0.0,0.0,0.0
41.2255324074,108685.0,17762.0,6.11896182862,677.0,64444.0,99.0,6.0,1205.0,3383.0,4021.0,3235.0,2722.0,2719.0,389.0,77.0,9.0,2.0,0.0,0.0,0.0,0.0,0.0,0.0,0.0,0.0,0.0,0.0,0.0,0.0,0.0,0.0,0.0,0.0,0.0,0.0,0.0,0.0
41.2276157407,108281.0,17761.0,6.09655987839,677.0,64444.0,100.0,8.0,1248.0,3487.0,4009.0,3232.0,2709.0,2612.0,369.0,68.0,21.0,6.0,0.0,0.0,0.0,0.0,0.0,0.0,0.0,0.0,0.0,0.0,0.0,0.0,0.0,0.0,0.0,0.0,0.0,0.0,0.0,0.0
41.2296990741,108066.0,17753.0,6.08719653016,683.0,64441.0,99.0,9.0,1284.0,3554.0,3978.0,3197.0,2669.0,2597.0,382.0,69.0,13.0,10.0,0.0,0.0,0.0,0.0,0.0,0.0,0.0,0.0,0.0,0.0,0.0,0.0,0.0,0.0,0.0,0.0,0.0,0.0,0.0,0.0
41.2359606481,98915.0,17758.0,5.57016555918,674.0,64444.0,102.0,7.0,1478.0,3775.0,4210.0,3308.0,2238.0,2338.0,318.0,69.0,20.0,4.0,0.0,0.0,0.0,0.0,0.0,0.0,0.0,0.0,0.0,0.0,0.0,0.0,0.0,0.0,0.0,0.0,0.0,0.0,0.0,0.0
41.2380439815,98331.0,17754.0,5.53852652923,674.0,64444.0,102.0,8.0,1525.0,3847.0,4052.0,3267.0,2364.0,2310.0,307.0,59.0,16.0,7.0,0.0,0.0,0.0,0.0,0.0,0.0,0.0,0.0,0.0,0.0,0.0,0.0,0.0,0.0,0.0,0.0,0.0,0.0,0.0,0.0
41.2401273148,97502.0,17747.0,5.49399898574,674.0,64443.0,97.0,7.0,1505.0,3910.0,4052.0,3400.0,2210.0,2280.0,294.0,70.0,22.0,4.0,0.0,0.0,0.0,0.0,0.0,0.0,0.0,0.0,0.0,0.0,0.0,0.0,0.0,0.0,0.0,0.0,0.0,0.0,0.0,0.0
41.2422106481,97860.0,17754.0,5.51199729638,674.0,64441.0,100.0,7.0,1512.0,3828.0,4116.0,3290.0,2372.0,2232.0,321.0,62.0,13.0,8.0,0.0,0.0,0.0,0.0,0.0,0.0,0.0,0.0,0.0,0.0,0.0,0.0,0.0,0.0,0.0,0.0,0.0,0.0,0.0,0.0
41.2442939815,98612.0,17748.0,5.55623168808,673.0,64441.0,99.0,3.0,1527.0,3856.0,4032.0,3461.0,2230.0,2214.0,314.0,85.0,26.0,3.0,0.0,0.0,0.0,0.0,0.0,0.0,0.0,0.0,0.0,0.0,0.0,0.0,0.0,0.0,0.0,0.0,0.0,0.0,0.0,0.0
41.2463773148,97715.0,17759.0,5.50228053381,674.0,64440.0,102.0,7.0,1561.0,3919.0,4032.0,3337.0,2182.0,2321.0,324.0,62.0,15.0,6.0,0.0,0.0,0.0,0.0,0.0,0.0,0.0,0.0,0.0,0.0,0.0,0.0,0.0,0.0,0.0,0.0,0.0,0.0,0.0,0.0
41.2484606481,96214.0,17753.0,5.41959105503,674.0,64441.0,103.0,8.0,1563.0,3978.0,4056.0,3425.0,2161.0,2197.0,288.0,55.0,19.0,11.0,0.0,0.0,0.0,0.0,0.0,0.0,0.0,0.0,0.0,0.0,0.0,0.0,0.0,0.0,0.0,0.0,0.0,0.0,0.0,0.0
41.2505439815,95291.0,17759.0,5.36578636184,674.0,64444.0,102.0,2.0,1501.0,3933.0,4115.0,3520.0,2077.0,2235.0,287.0,71.0,17.0,3.0,0.0,0.0,0.0,0.0,0.0,0.0,0.0,0.0,0.0,0.0,0.0,0.0,0.0,0.0,0.0,0.0,0.0,0.0,0.0,0.0
41.2526273148,96261.0,17750.0,5.42315492958,674.0,64440.0,99.0,7.0,1593.0,3917.0,4000.0,3532.0,2125.0,2156.0,319.0,91.0,13.0,4.0,0.0,0.0,0.0,0.0,0.0,0.0,0.0,0.0,0.0,0.0,0.0,0.0,0.0,0.0,0.0,0.0,0.0,0.0,0.0,0.0
41.2547106481,97134.0,17752.0,5.47172149617,670.0,64443.0,100.0,9.0,1613.0,3942.0,4016.0,3434.0,2108.0,2254.0,276.0,79.0,24.0,6.0,0.0,0.0,0.0,0.0,0.0,0.0,0.0,0.0,0.0,0.0,0.0,0.0,0.0,0.0,0.0,0.0,0.0,0.0,0.0,0.0
41.2567939815,97497.0,17749.0,5.49309820272,673.0,64441.0,103.0,7.0,1576.0,3961.0,3984.0,3512.0,2084.0,2240.0,286.0,78.0,18.0,10.0,0.0,0.0,0.0,0.0,0.0,0.0,0.0,0.0,0.0,0.0,0.0,0.0,0.0,0.0,0.0,0.0,0.0,0.0,0.0,0.0
41.2588773148,95559.0,17753.0,5.38269588239,674.0,64440.0,103.0,6.0,1593.0,3959.0,4114.0,3457.0,2049.0,2172.0,307.0,80.0,17.0,5.0,0.0,0.0,0.0,0.0,0.0,0.0,0.0,0.0,0.0,0.0,0.0,0.0,0.0,0.0,0.0,0.0,0.0,0.0,0.0,0.0
41.2609606481,92590.0,17744.0,5.2181018936,674.0,64441.0,102.0,11.0,1633.0,3958.0,4094.0,3515.0,2030.0,2134.0,292.0,78.0,7.0,3.0,0.0,0.0,0.0,0.0,0.0,0.0,0.0,0.0,0.0,0.0,0.0,0.0,0.0,0.0,0.0,0.0,0.0,0.0,0.0,0.0
41.2630439815,92192.0,17750.0,5.19391549296,671.0,64440.0,102.0,3.0,1593.0,3984.0,4038.0,3633.0,2078.0,2057.0,294.0,52.0,16.0,5.0,0.0,0.0,0.0,0.0,0.0,0.0,0.0,0.0,0.0,0.0,0.0,0.0,0.0,0.0,0.0,0.0,0.0,0.0,0.0,0.0
41.2651273148,90215.0,17754.0,5.08139010927,674.0,64447.0,102.0,3.0,1620.0,3967.0,4158.0,3651.0,1990.0,2001.0,287.0,69.0,8.0,3.0,0.0,0.0,0.0,0.0,0.0,0.0,0.0,0.0,0.0,0.0,0.0,0.0,0.0,0.0,0.0,0.0,0.0,0.0,0.0,0.0
41.2672106481,95103.0,17744.0,5.35972723174,673.0,64440.0,103.0,6.0,1571.0,3911.0,4100.0,3536.0,2134.0,2096.0,306.0,64.0,18.0,8.0,0.0,0.0,0.0,0.0,0.0,0.0,0.0,0.0,0.0,0.0,0.0,0.0,0.0,0.0,0.0,0.0,0.0,0.0,0.0,0.0
41.2692939815,93070.0,17749.0,5.24367570004,673.0,64441.0,103.0,8.0,1632.0,3940.0,4115.0,3591.0,2071.0,2017.0,281.0,74.0,25.0,3.0,0.0,0.0,0.0,0.0,0.0,0.0,0.0,0.0,0.0,0.0,0.0,0.0,0.0,0.0,0.0,0.0,0.0,0.0,0.0,0.0
41.2713773148,94139.0,17751.0,5.30330685595,673.0,64440.0,103.0,4.0,1574.0,3957.0,4017.0,3689.0,1986.0,2125.0,301.0,85.0,15.0,2.0,0.0,0.0,0.0,0.0,0.0,0.0,0.0,0.0,0.0,0.0,0.0,0.0,0.0,0.0,0.0,0.0,0.0,0.0,0.0,0.0
41.2734606481,91198.0,17749.0,5.13820496929,670.0,64439.0,103.0,7.0,1730.0,4110.0,4054.0,3489.0,1946.0,2047.0,274.0,78.0,19.0,2.0,0.0,0.0,0.0,0.0,0.0,0.0,0.0,0.0,0.0,0.0,0.0,0.0,0.0,0.0,0.0,0.0,0.0,0.0,0.0,0.0
41.2755439815,89507.0,17752.0,5.04207976566,673.0,64440.0,99.0,8.0,1705.0,4111.0,4030.0,3646.0,1938.0,1953.0,290.0,59.0,17.0,3.0,0.0,0.0,0.0,0.0,0.0,0.0,0.0,0.0,0.0,0.0,0.0,0.0,0.0,0.0,0.0,0.0,0.0,0.0,0.0,0.0
41.2776273148,91324.0,17750.0,5.14501408451,671.0,64447.0,104.0,65534.0,1718.0,4038.0,4055.0,3664.0,1859.0,2031.0,292.0,74.0,14.0,5.0,0.0,0.0,0.0,0.0,0.0,0.0,0.0,0.0,0.0,0.0,0.0,0.0,0.0,0.0,0.0,0.0,0.0,0.0,0.0,0.0
41.2797106481,95768.0,17747.0,5.3962923311,670.0,64443.0,99.0,8.0,1550.0,4010.0,4089.0,3629.0,2005.0,2066.0,278.0,89.0,20.0,11.0,0.0,0.0,0.0,0.0,0.0,0.0,0.0,0.0,0.0,0.0,0.0,0.0,0.0,0.0,0.0,0.0,0.0,0.0,0.0,0.0
41.2817939815,94176.0,17755.0,5.30419600113,670.0,64439.0,102.0,7.0,1586.0,4006.0,3965.0,3780.0,1938.0,2078.0,302.0,74.0,21.0,5.0,0.0,0.0,0.0,0.0,0.0,0.0,0.0,0.0,0.0,0.0,0.0,0.0,0.0,0.0,0.0,0.0,0.0,0.0,0.0,0.0
41.2838773148,91053.0,17755.0,5.12830188679,671.0,64441.0,103.0,3.0,1695.0,3981.0,4144.0,3698.0,1907.0,1976.0,261.0,63.0,23.0,7.0,0.0,0.0,0.0,0.0,0.0,0.0,0.0,0.0,0.0,0.0,0.0,0.0,0.0,0.0,0.0,0.0,0.0,0.0,0.0,0.0
41.2859606481,91244.0,17744.0,5.14224526601,668.0,64440.0,103.0,7.0,1666.0,4126.0,4013.0,3699.0,1877.0,1958.0,301.0,80.0,23.0,1.0,0.0,0.0,0.0,0.0,0.0,0.0,0.0,0.0,0.0,0.0,0.0,0.0,0.0,0.0,0.0,0.0,0.0,0.0,0.0,0.0
41.2880439815,90900.0,17749.0,5.121415291,670.0,64440.0,103.0,7.0,1673.0,4040.0,4078.0,3704.0,1876.0,2001.0,269.0,93.0,12.0,3.0,0.0,0.0,0.0,0.0,0.0,0.0,0.0,0.0,0.0,0.0,0.0,0.0,0.0,0.0,0.0,0.0,0.0,0.0,0.0,0.0
41.2901273148,92194.0,17750.0,5.19402816901,670.0,64440.0,99.0,6.0,1660.0,4064.0,4097.0,3596.0,1892.0,2079.0,264.0,72.0,20.0,6.0,0.0,0.0,0.0,0.0,0.0,0.0,0.0,0.0,0.0,0.0,0.0,0.0,0.0,0.0,0.0,0.0,0.0,0.0,0.0,0.0
41.2922106481,92848.0,17746.0,5.23205229347,667.0,64440.0,99.0,14.0,1681.0,3902.0,4021.0,3722.0,2004.0,2068.0,250.0,69.0,23.0,6.0,0.0,0.0,0.0,0.0,0.0,0.0,0.0,0.0,0.0,0.0,0.0,0.0,0.0,0.0,0.0,0.0,0.0,0.0,0.0,0.0
41.2942939815,94267.0,17743.0,5.31291213436,673.0,64440.0,103.0,7.0,1676.0,3985.0,3973.0,3796.0,1938.0,1986.0,279.0,75.0,22.0,13.0,0.0,0.0,0.0,0.0,0.0,0.0,0.0,0.0,0.0,0.0,0.0,0.0,0.0,0.0,0.0,0.0,0.0,0.0,0.0,0.0
41.2963773148,91688.0,17745.0,5.16697661313,671.0,64443.0,103.0,8.0,1679.0,3956.0,4070.0,3716.0,1907.0,2056.0,270.0,72.0,12.0,7.0,0.0,0.0,0.0,0.0,0.0,0.0,0.0,0.0,0.0,0.0,0.0,0.0,0.0,0.0,0.0,0.0,0.0,0.0,0.0,0.0
41.2984606481,92928.0,17748.0,5.23597025017,668.0,64440.0,103.0,8.0,1675.0,4056.0,4148.0,3622.0,1899.0,1921.0,316.0,81.0,22.0,8.0,0.0,0.0,0.0,0.0,0.0,0.0,0.0,0.0,0.0,0.0,0.0,0.0,0.0,0.0,0.0,0.0,0.0,0.0,0.0,0.0
41.3005439815,87526.0,17740.0,4.93382187148,670.0,64441.0,102.0,6.0,1747.0,4136.0,3931.0,3820.0,1771.0,1978.0,279.0,70.0,8.0,0.0,0.0,0.0,0.0,0.0,0.0,0.0,0.0,0.0,0.0,0.0,0.0,0.0,0.0,0.0,0.0,0.0,0.0,0.0,0.0,0.0
41.3026273148,91334.0,17742.0,5.14789764401,671.0,64446.0,107.0,4.0,1665.0,4038.0,3988.0,3760.0,1939.0,1966.0,285.0,80.0,18.0,3.0,0.0,0.0,0.0,0.0,0.0,0.0,0.0,0.0,0.0,0.0,0.0,0.0,0.0,0.0,0.0,0.0,0.0,0.0,0.0,0.0
41.3047106481,89714.0,17742.0,5.05658888513,670.0,64440.0,99.0,7.0,1694.0,4028.0,4099.0,3802.0,1873.0,1848.0,304.0,73.0,16.0,5.0,0.0,0.0,0.0,0.0,0.0,0.0,0.0,0.0,0.0,0.0,0.0,0.0,0.0,0.0,0.0,0.0,0.0,0.0,0.0,0.0
41.3067939815,93213.0,17747.0,5.25232433651,670.0,64443.0,102.0,3.0,1653.0,4021.0,3950.0,3765.0,1937.0,2023.0,294.0,82.0,15.0,7.0,0.0,0.0,0.0,0.0,0.0,0.0,0.0,0.0,0.0,0.0,0.0,0.0,0.0,0.0,0.0,0.0,0.0,0.0,0.0,0.0
41.3088773148,90073.0,17743.0,5.07653722595,670.0,64440.0,104.0,9.0,1656.0,4049.0,4048.0,3808.0,1833.0,1972.0,281.0,77.0,18.0,1.0,0.0,0.0,0.0,0.0,0.0,0.0,0.0,0.0,0.0,0.0,0.0,0.0,0.0,0.0,0.0,0.0,0.0,0.0,0.0,0.0
41.3109606481,90321.0,17746.0,5.08965400654,670.0,64441.0,99.0,8.0,1618.0,4053.0,4060.0,3909.0,1758.0,1984.0,274.0,62.0,25.0,3.0,0.0,0.0,0.0,0.0,0.0,0.0,0.0,0.0,0.0,0.0,0.0,0.0,0.0,0.0,0.0,0.0,0.0,0.0,0.0,0.0
41.3130439815,88945.0,17743.0,5.01296285859,664.0,64440.0,99.0,8.0,1603.0,3993.0,4140.0,3940.0,1892.0,1807.0,271.0,74.0,19.0,4.0,0.0,0.0,0.0,0.0,0.0,0.0,0.0,0.0,0.0,0.0,0.0,0.0,0.0,0.0,0.0,0.0,0.0,0.0,0.0,0.0
41.3151273148,92114.0,17741.0,5.19215376811,670.0,64440.0,103.0,7.0,1584.0,3994.0,4028.0,3910.0,1881.0,1964.0,283.0,73.0,15.0,9.0,0.0,0.0,0.0,0.0,0.0,0.0,0.0,0.0,0.0,0.0,0.0,0.0,0.0,0.0,0.0,0.0,0.0,0.0,0.0,0.0
41.3172106481,89435.0,17745.0,5.04001127078,668.0,64440.0,104.0,1.0,1599.0,3987.0,3980.0,3956.0,1898.0,1977.0,262.0,73.0,12.0,1.0,0.0,0.0,0.0,0.0,0.0,0.0,0.0,0.0,0.0,0.0,0.0,0.0,0.0,0.0,0.0,0.0,0.0,0.0,0.0,0.0
41.3192939815,90733.0,17743.0,5.11373499408,667.0,64444.0,103.0,4.0,1601.0,3985.0,4020.0,3933.0,1808.0,2010.0,309.0,61.0,12.0,4.0,0.0,0.0,0.0,0.0,0.0,0.0,0.0,0.0,0.0,0.0,0.0,0.0,0.0,0.0,0.0,0.0,0.0,0.0,0.0,0.0
41.3213773148,91359.0,17746.0,5.14814606108,668.0,64440.0,103.0,6.0,1514.0,3977.0,4013.0,4009.0,1867.0,2002.0,277.0,65.0,18.0,4.0,0.0,0.0,0.0,0.0,0.0,0.0,0.0,0.0,0.0,0.0,0.0,0.0,0.0,0.0,0.0,0.0,0.0,0.0,0.0,0.0
41.3234606481,92599.0,17747.0,5.21772693976,665.0,64440.0,99.0,12.0,1586.0,3867.0,4102.0,4034.0,1839.0,1935.0,275.0,85.0,13.0,11.0,0.0,0.0,0.0,0.0,0.0,0.0,0.0,0.0,0.0,0.0,0.0,0.0,0.0,0.0,0.0,0.0,0.0,0.0,0.0,0.0
41.3255439815,89342.0,17743.0,5.03533787973,668.0,64444.0,103.0,7.0,1435.0,3942.0,4124.0,4050.0,1835.0,2018.0,277.0,50.0,9.0,3.0,0.0,0.0,0.0,0.0,0.0,0.0,0.0,0.0,0.0,0.0,0.0,0.0,0.0,0.0,0.0,0.0,0.0,0.0,0.0,0.0
41.3276273148,91534.0,17747.0,5.15771679721,664.0,64444.0,103.0,2.0,1580.0,3868.0,4013.0,4040.0,1885.0,2005.0,274.0,62.0,12.0,8.0,0.0,0.0,0.0,0.0,0.0,0.0,0.0,0.0,0.0,0.0,0.0,0.0,0.0,0.0,0.0,0.0,0.0,0.0,0.0,0.0
41.3297106481,90475.0,17745.0,5.09861932939,665.0,64441.0,103.0,6.0,1579.0,3983.0,4088.0,3973.0,1731.0,2006.0,291.0,78.0,15.0,1.0,0.0,0.0,0.0,0.0,0.0,0.0,0.0,0.0,0.0,0.0,0.0,0.0,0.0,0.0,0.0,0.0,0.0,0.0,0.0,0.0
41.3317939815,92332.0,17746.0,5.20297531838,665.0,64440.0,103.0,7.0,1567.0,3786.0,4043.0,4119.0,1846.0,2006.0,279.0,78.0,19.0,3.0,0.0,0.0,0.0,0.0,0.0,0.0,0.0,0.0,0.0,0.0,0.0,0.0,0.0,0.0,0.0,0.0,0.0,0.0,0.0,0.0
41.3338773148,98014.0,17745.0,5.52347140039,665.0,64441.0,103.0,7.0,1456.0,3854.0,3964.0,4000.0,1917.0,2119.0,320.0,88.0,14.0,13.0,0.0,0.0,0.0,0.0,0.0,0.0,0.0,0.0,0.0,0.0,0.0,0.0,0.0,0.0,0.0,0.0,0.0,0.0,0.0,0.0
41.3359606481,90738.0,17750.0,5.112,668.0,64443.0,103.0,6.0,1537.0,3860.0,4137.0,4115.0,1806.0,1925.0,284.0,62.0,18.0,6.0,0.0,0.0,0.0,0.0,0.0,0.0,0.0,0.0,0.0,0.0,0.0,0.0,0.0,0.0,0.0,0.0,0.0,0.0,0.0,0.0
41.3380439815,91987.0,17745.0,5.18382642998,665.0,64440.0,103.0,4.0,1511.0,3861.0,4043.0,4126.0,1812.0,2027.0,279.0,62.0,19.0,5.0,0.0,0.0,0.0,0.0,0.0,0.0,0.0,0.0,0.0,0.0,0.0,0.0,0.0,0.0,0.0,0.0,0.0,0.0,0.0,0.0
41.3401273148,90146.0,17749.0,5.07893402445,665.0,64440.0,103.0,0.0,1499.0,3862.0,4120.0,4049.0,1885.0,1953.0,301.0,68.0,12.0,0.0,0.0,0.0,0.0,0.0,0.0,0.0,0.0,0.0,0.0,0.0,0.0,0.0,0.0,0.0,0.0,0.0,0.0,0.0,0.0,0.0
41.3422106481,95423.0,17748.0,5.37654947036,665.0,64440.0,103.0,12.0,1430.0,3771.0,4086.0,4076.0,1931.0,2039.0,303.0,85.0,23.0,4.0,0.0,0.0,0.0,0.0,0.0,0.0,0.0,0.0,0.0,0.0,0.0,0.0,0.0,0.0,0.0,0.0,0.0,0.0,0.0,0.0
41.3442939815,92812.0,17743.0,5.2309079637,665.0,64441.0,103.0,6.0,1516.0,3840.0,4112.0,4085.0,1789.0,1981.0,333.0,63.0,19.0,5.0,0.0,0.0,0.0,0.0,0.0,0.0,0.0,0.0,0.0,0.0,0.0,0.0,0.0,0.0,0.0,0.0,0.0,0.0,0.0,0.0
41.3463773148,96654.0,17745.0,5.44683009298,665.0,64441.0,103.0,7.0,1468.0,3696.0,4063.0,4120.0,1940.0,2022.0,326.0,77.0,26.0,7.0,0.0,0.0,0.0,0.0,0.0,0.0,0.0,0.0,0.0,0.0,0.0,0.0,0.0,0.0,0.0,0.0,0.0,0.0,0.0,0.0
41.3484606481,95022.0,17742.0,5.35576597903,664.0,64446.0,103.0,0.0,1478.0,3716.0,4181.0,4106.0,1819.0,2036.0,298.0,82.0,16.0,10.0,0.0,0.0,0.0,0.0,0.0,0.0,0.0,0.0,0.0,0.0,0.0,0.0,0.0,0.0,0.0,0.0,0.0,0.0,0.0,0.0
41.3505439815,95252.0,17742.0,5.36872956826,667.0,64441.0,104.0,4.0,1395.0,3716.0,4154.0,4081.0,1873.0,2149.0,274.0,77.0,16.0,7.0,0.0,0.0,0.0,0.0,0.0,0.0,0.0,0.0,0.0,0.0,0.0,0.0,0.0,0.0,0.0,0.0,0.0,0.0,0.0,0.0
41.3526273148,93320.0,17743.0,5.25953897312,664.0,64443.0,100.0,6.0,1391.0,3730.0,4113.0,4141.0,1938.0,2061.0,272.0,77.0,19.0,1.0,0.0,0.0,0.0,0.0,0.0,0.0,0.0,0.0,0.0,0.0,0.0,0.0,0.0,0.0,0.0,0.0,0.0,0.0,0.0,0.0
41.3547106481,92220.0,17741.0,5.1981286286,664.0,64441.0,103.0,7.0,1417.0,3690.0,4139.0,4225.0,1881.0,2031.0,276.0,59.0,21.0,2.0,0.0,0.0,0.0,0.0,0.0,0.0,0.0,0.0,0.0,0.0,0.0,0.0,0.0,0.0,0.0,0.0,0.0,0.0,0.0,0.0
41.3567939815,96021.0,17744.0,5.41146302976,664.0,64444.0,103.0,7.0,1467.0,3651.0,4049.0,4308.0,1814.0,2053.0,277.0,89.0,32.0,4.0,0.0,0.0,0.0,0.0,0.0,0.0,0.0,0.0,0.0,0.0,0.0,0.0,0.0,0.0,0.0,0.0,0.0,0.0,0.0,0.0
41.3588773148,91903.0,17741.0,5.18026041373,664.0,64440.0,104.0,8.0,1461.0,3675.0,4182.0,4114.0,1916.0,2023.0,277.0,79.0,14.0,0.0,0.0,0.0,0.0,0.0,0.0,0.0,0.0,0.0,0.0,0.0,0.0,0.0,0.0,0.0,0.0,0.0,0.0,0.0,0.0,0.0
41.3609606481,92178.0,17738.0,5.19663998196,664.0,64440.0,103.0,8.0,1425.0,3764.0,4125.0,4169.0,1840.0,2046.0,283.0,67.0,17.0,2.0,0.0,0.0,0.0,0.0,0.0,0.0,0.0,0.0,0.0,0.0,0.0,0.0,0.0,0.0,0.0,0.0,0.0,0.0,0.0,0.0
41.3630439815,93747.0,17747.0,5.28241392911,664.0,64443.0,104.0,65535.0,1428.0,3661.0,4075.0,4362.0,1847.0,1985.0,289.0,78.0,15.0,7.0,0.0,0.0,0.0,0.0,0.0,0.0,0.0,0.0,0.0,0.0,0.0,0.0,0.0,0.0,0.0,0.0,0.0,0.0,0.0,0.0
41.3651273148,94484.0,17743.0,5.32514230964,667.0,64440.0,111.0,6.0,1384.0,3666.0,4035.0,4257.0,1965.0,2057.0,266.0,96.0,15.0,2.0,0.0,0.0,0.0,0.0,0.0,0.0,0.0,0.0,0.0,0.0,0.0,0.0,0.0,0.0,0.0,0.0,0.0,0.0,0.0,0.0
41.3672106481,96007.0,17748.0,5.40945458643,664.0,64440.0,103.0,7.0,1311.0,3577.0,4055.0,4334.0,1959.0,2141.0,269.0,78.0,21.0,3.0,0.0,0.0,0.0,0.0,0.0,0.0,0.0,0.0,0.0,0.0,0.0,0.0,0.0,0.0,0.0,0.0,0.0,0.0,0.0,0.0
41.3692939815,95069.0,17740.0,5.35901916573,664.0,64447.0,99.0,6.0,1343.0,3509.0,4240.0,4260.0,1883.0,2140.0,271.0,70.0,20.0,4.0,0.0,0.0,0.0,0.0,0.0,0.0,0.0,0.0,0.0,0.0,0.0,0.0,0.0,0.0,0.0,0.0,0.0,0.0,0.0,0.0
41.3713773148,95366.0,17745.0,5.37424626655,664.0,64443.0,99.0,9.0,1397.0,3632.0,4201.0,4289.0,1824.0,1986.0,315.0,72.0,18.0,11.0,0.0,0.0,0.0,0.0,0.0,0.0,0.0,0.0,0.0,0.0,0.0,0.0,0.0,0.0,0.0,0.0,0.0,0.0,0.0,0.0
41.3734606481,91585.0,17739.0,5.16291786459,664.0,64441.0,103.0,3.0,1405.0,3541.0,4210.0,4396.0,1919.0,1930.0,260.0,51.0,21.0,6.0,0.0,0.0,0.0,0.0,0.0,0.0,0.0,0.0,0.0,0.0,0.0,0.0,0.0,0.0,0.0,0.0,0.0,0.0,0.0,0.0
41.3755439815,96099.0,17745.0,5.41555367709,664.0,64441.0,110.0,65532.0,1385.0,3581.0,4083.0,4386.0,1871.0,2022.0,315.0,69.0,27.0,6.0,0.0,0.0,0.0,0.0,0.0,0.0,0.0,0.0,0.0,0.0,0.0,0.0,0.0,0.0,0.0,0.0,0.0,0.0,0.0,0.0
41.3776273148,93366.0,17747.0,5.26094551192,664.0,64441.0,103.0,7.0,1354.0,3616.0,4193.0,4241.0,1884.0,2063.0,306.0,78.0,12.0,0.0,0.0,0.0,0.0,0.0,0.0,0.0,0.0,0.0,0.0,0.0,0.0,0.0,0.0,0.0,0.0,0.0,0.0,0.0,0.0,0.0
41.3797106481,96667.0,17744.0,5.44786970243,664.0,64438.0,103.0,7.0,1406.0,3665.0,4029.0,4320.0,1874.0,2048.0,296.0,73.0,21.0,12.0,0.0,0.0,0.0,0.0,0.0,0.0,0.0,0.0,0.0,0.0,0.0,0.0,0.0,0.0,0.0,0.0,0.0,0.0,0.0,0.0
41.3817939815,96819.0,17746.0,5.45582103009,661.0,64441.0,103.0,7.0,1324.0,3555.0,4118.0,4341.0,1920.0,2037.0,348.0,76.0,25.0,2.0,0.0,0.0,0.0,0.0,0.0,0.0,0.0,0.0,0.0,0.0,0.0,0.0,0.0,0.0,0.0,0.0,0.0,0.0,0.0,0.0
41.3838773148,99619.0,17742.0,5.6148686732,662.0,64441.0,102.0,7.0,1285.0,3451.0,4114.0,4329.0,1946.0,2187.0,327.0,72.0,23.0,8.0,0.0,0.0,0.0,0.0,0.0,0.0,0.0,0.0,0.0,0.0,0.0,0.0,0.0,0.0,0.0,0.0,0.0,0.0,0.0,0.0
41.3859606481,100245.0,17744.0,5.64951532913,664.0,64441.0,102.0,6.0,1280.0,3493.0,4074.0,4233.0,1983.0,2244.0,336.0,75.0,18.0,8.0,0.0,0.0,0.0,0.0,0.0,0.0,0.0,0.0,0.0,0.0,0.0,0.0,0.0,0.0,0.0,0.0,0.0,0.0,0.0,0.0
41.3880439815,96385.0,17746.0,5.43136481461,664.0,64439.0,104.0,6.0,1263.0,3513.0,4194.0,4333.0,1886.0,2142.0,312.0,86.0,16.0,1.0,0.0,0.0,0.0,0.0,0.0,0.0,0.0,0.0,0.0,0.0,0.0,0.0,0.0,0.0,0.0,0.0,0.0,0.0,0.0,0.0
41.3901273148,100256.0,17742.0,5.65077217901,664.0,64444.0,103.0,6.0,1262.0,3462.0,4119.0,4317.0,1979.0,2170.0,322.0,79.0,22.0,10.0,0.0,0.0,0.0,0.0,0.0,0.0,0.0,0.0,0.0,0.0,0.0,0.0,0.0,0.0,0.0,0.0,0.0,0.0,0.0,0.0
41.3922106481,99995.0,17745.0,5.63510848126,664.0,64440.0,102.0,7.0,1263.0,3265.0,4171.0,4343.0,2021.0,2224.0,364.0,75.0,16.0,3.0,0.0,0.0,0.0,0.0,0.0,0.0,0.0,0.0,0.0,0.0,0.0,0.0,0.0,0.0,0.0,0.0,0.0,0.0,0.0,0.0
41.3942939815,102835.0,17740.0,5.79678692221,662.0,64444.0,103.0,6.0,1175.0,3339.0,4074.0,4467.0,1961.0,2250.0,359.0,87.0,19.0,9.0,0.0,0.0,0.0,0.0,0.0,0.0,0.0,0.0,0.0,0.0,0.0,0.0,0.0,0.0,0.0,0.0,0.0,0.0,0.0,0.0
41.3963773148,99730.0,17744.0,5.62049143372,662.0,64441.0,103.0,8.0,1255.0,3250.0,4080.0,4512.0,2024.0,2208.0,318.0,76.0,13.0,8.0,0.0,0.0,0.0,0.0,0.0,0.0,0.0,0.0,0.0,0.0,0.0,0.0,0.0,0.0,0.0,0.0,0.0,0.0,0.0,0.0
41.402662037,103064.0,17745.0,5.80805860806,664.0,64443.0,103.0,6.0,1128.0,3080.0,4062.0,4519.0,2113.0,2405.0,345.0,79.0,10.0,4.0,0.0,0.0,0.0,0.0,0.0,0.0,0.0,0.0,0.0,0.0,0.0,0.0,0.0,0.0,0.0,0.0,0.0,0.0,0.0,0.0
41.4047453704,102858.0,17748.0,5.7954699121,662.0,64444.0,103.0,6.0,1144.0,3226.0,4188.0,4422.0,1962.0,2337.0,360.0,88.0,16.0,5.0,0.0,0.0,0.0,0.0,0.0,0.0,0.0,0.0,0.0,0.0,0.0,0.0,0.0,0.0,0.0,0.0,0.0,0.0,0.0,0.0
41.4068287037,101610.0,17739.0,5.72805682395,664.0,64444.0,103.0,11.0,1142.0,3138.0,4190.0,4519.0,2030.0,2280.0,345.0,71.0,19.0,5.0,0.0,0.0,0.0,0.0,0.0,0.0,0.0,0.0,0.0,0.0,0.0,0.0,0.0,0.0,0.0,0.0,0.0,0.0,0.0,0.0
41.408912037,102807.0,17742.0,5.79455529253,662.0,64441.0,103.0,6.0,1170.0,3245.0,4115.0,4469.0,2036.0,2235.0,377.0,62.0,24.0,9.0,0.0,0.0,0.0,0.0,0.0,0.0,0.0,0.0,0.0,0.0,0.0,0.0,0.0,0.0,0.0,0.0,0.0,0.0,0.0,0.0
41.4109953704,103854.0,17737.0,5.85521790607,662.0,64440.0,104.0,7.0,1066.0,3108.0,4157.0,4550.0,2033.0,2349.0,373.0,82.0,13.0,6.0,0.0,0.0,0.0,0.0,0.0,0.0,0.0,0.0,0.0,0.0,0.0,0.0,0.0,0.0,0.0,0.0,0.0,0.0,0.0,0.0
41.4130787037,103731.0,17738.0,5.84795354606,664.0,64441.0,102.0,9.0,1062.0,3113.0,4155.0,4491.0,2069.0,2400.0,336.0,91.0,20.0,1.0,0.0,0.0,0.0,0.0,0.0,0.0,0.0,0.0,0.0,0.0,0.0,0.0,0.0,0.0,0.0,0.0,0.0,0.0,0.0,0.0
41.415162037,104653.0,17742.0,5.8986021869,664.0,64440.0,104.0,6.0,1070.0,3099.0,4027.0,4549.0,2141.0,2366.0,403.0,68.0,14.0,5.0,0.0,0.0,0.0,0.0,0.0,0.0,0.0,0.0,0.0,0.0,0.0,0.0,0.0,0.0,0.0,0.0,0.0,0.0,0.0,0.0
41.4172453704,104871.0,17740.0,5.91155580609,662.0,64441.0,103.0,6.0,1000.0,3141.0,4093.0,4514.0,2168.0,2338.0,374.0,91.0,19.0,2.0,0.0,0.0,0.0,0.0,0.0,0.0,0.0,0.0,0.0,0.0,0.0,0.0,0.0,0.0,0.0,0.0,0.0,0.0,0.0,0.0
41.4193287037,105476.0,17735.0,5.94733577671,664.0,64440.0,107.0,3.0,1082.0,3050.0,4021.0,4530.0,2145.0,2438.0,370.0,73.0,24.0,2.0,0.0,0.0,0.0,0.0,0.0,0.0,0.0,0.0,0.0,0.0,0.0,0.0,0.0,0.0,0.0,0.0,0.0,0.0,0.0,0.0
41.421412037,105854.0,17742.0,5.96629466802,662.0,64440.0,103.0,7.0,1033.0,2966.0,4046.0,4529.0,2215.0,2459.0,393.0,92.0,9.0,0.0,0.0,0.0,0.0,0.0,0.0,0.0,0.0,0.0,0.0,0.0,0.0,0.0,0.0,0.0,0.0,0.0,0.0,0.0,0.0,0.0
41.4234953704,107882.0,17743.0,6.08025700276,662.0,64439.0,104.0,65535.0,995.0,3020.0,3989.0,4595.0,2197.0,2452.0,386.0,84.0,19.0,6.0,0.0,0.0,0.0,0.0,0.0,0.0,0.0,0.0,0.0,0.0,0.0,0.0,0.0,0.0,0.0,0.0,0.0,0.0,0.0,0.0
41.4255787037,106229.0,17738.0,5.98878114782,664.0,64441.0,105.0,7.0,976.0,2897.0,4128.0,4585.0,2196.0,2524.0,341.0,69.0,17.0,5.0,0.0,0.0,0.0,0.0,0.0,0.0,0.0,0.0,0.0,0.0,0.0,0.0,0.0,0.0,0.0,0.0,0.0,0.0,0.0,0.0
41.427662037,111039.0,17739.0,6.25959749704,661.0,64440.0,103.0,3.0,979.0,2885.0,3905.0,4612.0,2225.0,2610.0,422.0,76.0,19.0,6.0,0.0,0.0,0.0,0.0,0.0,0.0,0.0,0.0,0.0,0.0,0.0,0.0,0.0,0.0,0.0,0.0,0.0,0.0,0.0,0.0
41.4297453704,109814.0,17734.0,6.19228600429,661.0,64444.0,103.0,7.0,922.0,2886.0,4086.0,4559.0,2219.0,2563.0,402.0,73.0,15.0,9.0,0.0,0.0,0.0,0.0,0.0,0.0,0.0,0.0,0.0,0.0,0.0,0.0,0.0,0.0,0.0,0.0,0.0,0.0,0.0,0.0
41.4318287037,110837.0,17734.0,6.24997180557,662.0,64441.0,103.0,9.0,888.0,2881.0,3956.0,4583.0,2338.0,2584.0,409.0,68.0,21.0,6.0,0.0,0.0,0.0,0.0,0.0,0.0,0.0,0.0,0.0,0.0,0.0,0.0,0.0,0.0,0.0,0.0,0.0,0.0,0.0,0.0
41.433912037,116070.0,17738.0,6.54357875747,664.0,64447.0,104.0,6.0,827.0,2814.0,3826.0,4621.0,2292.0,2771.0,482.0,77.0,24.0,4.0,0.0,0.0,0.0,0.0,0.0,0.0,0.0,0.0,0.0,0.0,0.0,0.0,0.0,0.0,0.0,0.0,0.0,0.0,0.0,0.0
41.4359953704,116715.0,17743.0,6.57808713295,662.0,64444.0,103.0,8.0,857.0,2723.0,3880.0,4614.0,2340.0,2776.0,444.0,77.0,21.0,11.0,0.0,0.0,0.0,0.0,0.0,0.0,0.0,0.0,0.0,0.0,0.0,0.0,0.0,0.0,0.0,0.0,0.0,0.0,0.0,0.0
41.4380787037,120641.0,17743.0,6.7993574931,661.0,64444.0,103.0,7.0,827.0,2665.0,3848.0,4572.0,2383.0,2838.0,494.0,77.0,25.0,14.0,0.0,0.0,0.0,0.0,0.0,0.0,0.0,0.0,0.0,0.0,0.0,0.0,0.0,0.0,0.0,0.0,0.0,0.0,0.0,0.0
41.440162037,116105.0,17739.0,6.54518293027,661.0,64444.0,100.0,12.0,847.0,2651.0,3781.0,4669.0,2424.0,2789.0,487.0,73.0,13.0,5.0,0.0,0.0,0.0,0.0,0.0,0.0,0.0,0.0,0.0,0.0,0.0,0.0,0.0,0.0,0.0,0.0,0.0,0.0,0.0,0.0
41.4422453704,118431.0,17738.0,6.67668282783,664.0,64440.0,103.0,6.0,774.0,2491.0,4070.0,4488.0,2439.0,2874.0,485.0,100.0,15.0,2.0,0.0,0.0,0.0,0.0,0.0,0.0,0.0,0.0,0.0,0.0,0.0,0.0,0.0,0.0,0.0,0.0,0.0,0.0,0.0,0.0
41.4443287037,119070.0,17735.0,6.71384268396,662.0,64444.0,103.0,7.0,791.0,2560.0,3875.0,4554.0,2460.0,2891.0,497.0,84.0,20.0,3.0,0.0,0.0,0.0,0.0,0.0,0.0,0.0,0.0,0.0,0.0,0.0,0.0,0.0,0.0,0.0,0.0,0.0,0.0,0.0,0.0
41.446412037,120819.0,17736.0,6.81207713126,662.0,64447.0,99.0,6.0,727.0,2483.0,3930.0,4627.0,2460.0,2938.0,458.0,74.0,32.0,7.0,0.0,0.0,0.0,0.0,0.0,0.0,0.0,0.0,0.0,0.0,0.0,0.0,0.0,0.0,0.0,0.0,0.0,0.0,0.0,0.0
41.4484953704,120871.0,17738.0,6.81424061337,662.0,64441.0,103.0,6.0,798.0,2495.0,3872.0,4588.0,2397.0,2963.0,513.0,93.0,12.0,7.0,0.0,0.0,0.0,0.0,0.0,0.0,0.0,0.0,0.0,0.0,0.0,0.0,0.0,0.0,0.0,0.0,0.0,0.0,0.0,0.0
41.4505787037,124132.0,17735.0,6.99926698619,662.0,64440.0,99.0,9.0,725.0,2482.0,3881.0,4494.0,2489.0,3036.0,499.0,97.0,23.0,9.0,0.0,0.0,0.0,0.0,0.0,0.0,0.0,0.0,0.0,0.0,0.0,0.0,0.0,0.0,0.0,0.0,0.0,0.0,0.0,0.0
41.452662037,122932.0,17741.0,6.92925990643,659.0,64444.0,103.0,11.0,762.0,2422.0,3849.0,4477.0,2553.0,3061.0,495.0,99.0,20.0,3.0,0.0,0.0,0.0,0.0,0.0,0.0,0.0,0.0,0.0,0.0,0.0,0.0,0.0,0.0,0.0,0.0,0.0,0.0,0.0,0.0
41.4547453704,123649.0,17730.0,6.97399887197,662.0,64443.0,103.0,7.0,743.0,2437.0,3802.0,4558.0,2488.0,3065.0,532.0,73.0,27.0,5.0,0.0,0.0,0.0,0.0,0.0,0.0,0.0,0.0,0.0,0.0,0.0,0.0,0.0,0.0,0.0,0.0,0.0,0.0,0.0,0.0
41.4568287037,124106.0,17744.0,6.994251578,662.0,64440.0,104.0,7.0,721.0,2516.0,3901.0,4353.0,2535.0,3064.0,528.0,109.0,9.0,8.0,0.0,0.0,0.0,0.0,0.0,0.0,0.0,0.0,0.0,0.0,0.0,0.0,0.0,0.0,0.0,0.0,0.0,0.0,0.0,0.0
41.458912037,123562.0,17745.0,6.96320090166,662.0,64443.0,105.0,8.0,698.0,2456.0,3803.0,4513.0,2631.0,3058.0,486.0,65.0,25.0,10.0,0.0,0.0,0.0,0.0,0.0,0.0,0.0,0.0,0.0,0.0,0.0,0.0,0.0,0.0,0.0,0.0,0.0,0.0,0.0,0.0
41.4609953704,124521.0,17743.0,7.01803528152,661.0,64440.0,99.0,9.0,705.0,2481.0,3710.0,4449.0,2643.0,3126.0,530.0,80.0,10.0,9.0,0.0,0.0,0.0,0.0,0.0,0.0,0.0,0.0,0.0,0.0,0.0,0.0,0.0,0.0,0.0,0.0,0.0,0.0,0.0,0.0
41.4630787037,125556.0,17744.0,7.07596934175,662.0,64441.0,103.0,4.0,726.0,2394.0,3775.0,4445.0,2545.0,3208.0,545.0,84.0,18.0,4.0,0.0,0.0,0.0,0.0,0.0,0.0,0.0,0.0,0.0,0.0,0.0,0.0,0.0,0.0,0.0,0.0,0.0,0.0,0.0,0.0
41.465162037,128253.0,17736.0,7.23122462788,661.0,64441.0,103.0,7.0,656.0,2407.0,3665.0,4417.0,2630.0,3304.0,560.0,71.0,17.0,9.0,0.0,0.0,0.0,0.0,0.0,0.0,0.0,0.0,0.0,0.0,0.0,0.0,0.0,0.0,0.0,0.0,0.0,0.0,0.0,0.0
41.4672453704,126431.0,17742.0,7.12608499605,662.0,64443.0,99.0,7.0,672.0,2363.0,3726.0,4412.0,2703.0,3206.0,554.0,84.0,21.0,1.0,0.0,0.0,0.0,0.0,0.0,0.0,0.0,0.0,0.0,0.0,0.0,0.0,0.0,0.0,0.0,0.0,0.0,0.0,0.0,0.0
41.4693287037,125387.0,17738.0,7.06883526891,662.0,64443.0,102.0,4.0,661.0,2345.0,3837.0,4526.0,2550.0,3160.0,550.0,90.0,15.0,4.0,0.0,0.0,0.0,0.0,0.0,0.0,0.0,0.0,0.0,0.0,0.0,0.0,0.0,0.0,0.0,0.0,0.0,0.0,0.0,0.0
41.471412037,126475.0,17732.0,7.13258515678,662.0,64440.0,103.0,6.0,666.0,2351.0,3822.0,4432.0,2670.0,3101.0,572.0,100.0,12.0,6.0,0.0,0.0,0.0,0.0,0.0,0.0,0.0,0.0,0.0,0.0,0.0,0.0,0.0,0.0,0.0,0.0,0.0,0.0,0.0,0.0
41.4734953704,126243.0,17732.0,7.11950146628,661.0,64441.0,103.0,8.0,617.0,2295.0,3810.0,4452.0,2705.0,3197.0,560.0,78.0,14.0,4.0,0.0,0.0,0.0,0.0,0.0,0.0,0.0,0.0,0.0,0.0,0.0,0.0,0.0,0.0,0.0,0.0,0.0,0.0,0.0,0.0
41.4755787037,128053.0,17739.0,7.21872709848,662.0,64444.0,102.0,7.0,675.0,2341.0,3738.0,4521.0,2665.0,3087.0,590.0,93.0,22.0,7.0,0.0,0.0,0.0,0.0,0.0,0.0,0.0,0.0,0.0,0.0,0.0,0.0,0.0,0.0,0.0,0.0,0.0,0.0,0.0,0.0
41.477662037,128637.0,17730.0,7.25532994924,662.0,64439.0,103.0,7.0,661.0,2325.0,3740.0,4462.0,2585.0,3261.0,591.0,78.0,21.0,6.0,0.0,0.0,0.0,0.0,0.0,0.0,0.0,0.0,0.0,0.0,0.0,0.0,0.0,0.0,0.0,0.0,0.0,0.0,0.0,0.0
41.4797453704,126876.0,17741.0,7.15156981004,658.0,64440.0,103.0,8.0,651.0,2304.0,3670.0,4564.0,2716.0,3126.0,617.0,75.0,15.0,3.0,0.0,0.0,0.0,0.0,0.0,0.0,0.0,0.0,0.0,0.0,0.0,0.0,0.0,0.0,0.0,0.0,0.0,0.0,0.0,0.0
41.4818287037,128333.0,17738.0,7.23491938212,659.0,64440.0,102.0,7.0,653.0,2293.0,3696.0,4380.0,2811.0,3215.0,590.0,80.0,15.0,5.0,0.0,0.0,0.0,0.0,0.0,0.0,0.0,0.0,0.0,0.0,0.0,0.0,0.0,0.0,0.0,0.0,0.0,0.0,0.0,0.0
41.483912037,127677.0,17746.0,7.19469176152,662.0,64443.0,104.0,8.0,670.0,2377.0,3684.0,4483.0,2642.0,3217.0,562.0,87.0,18.0,6.0,0.0,0.0,0.0,0.0,0.0,0.0,0.0,0.0,0.0,0.0,0.0,0.0,0.0,0.0,0.0,0.0,0.0,0.0,0.0,0.0
41.4859953704,130797.0,17743.0,7.37175224032,661.0,64442.0,105.0,6.0,622.0,2275.0,3609.0,4490.0,2706.0,3334.0,598.0,86.0,17.0,6.0,0.0,0.0,0.0,0.0,0.0,0.0,0.0,0.0,0.0,0.0,0.0,0.0,0.0,0.0,0.0,0.0,0.0,0.0,0.0,0.0
41.4880787037,128764.0,17745.0,7.25635390251,656.0,64440.0,103.0,7.0,698.0,2420.0,3582.0,4431.0,2642.0,3260.0,600.0,88.0,22.0,2.0,0.0,0.0,0.0,0.0,0.0,0.0,0.0,0.0,0.0,0.0,0.0,0.0,0.0,0.0,0.0,0.0,0.0,0.0,0.0,0.0
41.490162037,128224.0,17735.0,7.22999718072,658.0,64441.0,103.0,8.0,680.0,2260.0,3680.0,4459.0,2740.0,3238.0,561.0,98.0,16.0,3.0,0.0,0.0,0.0,0.0,0.0,0.0,0.0,0.0,0.0,0.0,0.0,0.0,0.0,0.0,0.0,0.0,0.0,0.0,0.0,0.0
41.4922453704,129716.0,17741.0,7.31165097796,661.0,64440.0,103.0,8.0,654.0,2356.0,3700.0,4326.0,2766.0,3205.0,624.0,83.0,23.0,4.0,0.0,0.0,0.0,0.0,0.0,0.0,0.0,0.0,0.0,0.0,0.0,0.0,0.0,0.0,0.0,0.0,0.0,0.0,0.0,0.0
41.4943287037,133386.0,17734.0,7.52148415473,661.0,64440.0,103.0,7.0,667.0,2246.0,3498.0,4390.0,2721.0,3455.0,657.0,77.0,18.0,5.0,0.0,0.0,0.0,0.0,0.0,0.0,0.0,0.0,0.0,0.0,0.0,0.0,0.0,0.0,0.0,0.0,0.0,0.0,0.0,0.0
41.496412037,129667.0,17738.0,7.31012515503,661.0,64439.0,104.0,3.0,678.0,2245.0,3573.0,4473.0,2838.0,3274.0,555.0,77.0,18.0,5.0,2.0,0.0,0.0,0.0,0.0,0.0,0.0,0.0,0.0,0.0,0.0,0.0,0.0,0.0,0.0,0.0,0.0,0.0,0.0,0.0
41.4984953704,130881.0,17742.0,7.37690226581,662.0,64441.0,103.0,3.0,654.0,2239.0,3509.0,4448.0,2887.0,3326.0,582.0,69.0,21.0,7.0,0.0,0.0,0.0,0.0,0.0,0.0,0.0,0.0,0.0,0.0,0.0,0.0,0.0,0.0,0.0,0.0,0.0,0.0,0.0,0.0
41.5005787037,134094.0,17740.0,7.55885005637,661.0,64444.0,107.0,3.0,657.0,2226.0,3460.0,4395.0,2797.0,3466.0,623.0,88.0,25.0,3.0,0.0,0.0,0.0,0.0,0.0,0.0,0.0,0.0,0.0,0.0,0.0,0.0,0.0,0.0,0.0,0.0,0.0,0.0,0.0,0.0
41.502662037,135033.0,17742.0,7.61092323301,662.0,64441.0,102.0,7.0,665.0,2203.0,3475.0,4332.0,2785.0,3526.0,651.0,83.0,15.0,7.0,0.0,0.0,0.0,0.0,0.0,0.0,0.0,0.0,0.0,0.0,0.0,0.0,0.0,0.0,0.0,0.0,0.0,0.0,0.0,0.0
41.5047453704,133343.0,17737.0,7.51778767548,661.0,64448.0,102.0,3.0,660.0,2251.0,3470.0,4316.0,2869.0,3434.0,628.0,89.0,15.0,5.0,0.0,0.0,0.0,0.0,0.0,0.0,0.0,0.0,0.0,0.0,0.0,0.0,0.0,0.0,0.0,0.0,0.0,0.0,0.0,0.0
41.5068287037,134713.0,17738.0,7.59459916563,661.0,64440.0,103.0,9.0,605.0,2271.0,3553.0,4322.0,2916.0,3211.0,738.0,96.0,24.0,2.0,0.0,0.0,0.0,0.0,0.0,0.0,0.0,0.0,0.0,0.0,0.0,0.0,0.0,0.0,0.0,0.0,0.0,0.0,0.0,0.0
41.508912037,135733.0,17738.0,7.65210283008,659.0,64441.0,105.0,1.0,651.0,2277.0,3378.0,4217.0,2957.0,3518.0,626.0,82.0,28.0,4.0,0.0,0.0,0.0,0.0,0.0,0.0,0.0,0.0,0.0,0.0,0.0,0.0,0.0,0.0,0.0,0.0,0.0,0.0,0.0,0.0
41.5109953704,133957.0,17737.0,7.552404578,656.0,64441.0,104.0,7.0,647.0,2177.0,3442.0,4314.0,2967.0,3498.0,577.0,90.0,21.0,4.0,0.0,0.0,0.0,0.0,0.0,0.0,0.0,0.0,0.0,0.0,0.0,0.0,0.0,0.0,0.0,0.0,0.0,0.0,0.0,0.0
41.5130787037,137057.0,17738.0,7.72674484158,662.0,64440.0,104.0,7.0,675.0,2269.0,3350.0,4176.0,2949.0,3573.0,623.0,91.0,26.0,6.0,0.0,0.0,0.0,0.0,0.0,0.0,0.0,0.0,0.0,0.0,0.0,0.0,0.0,0.0,0.0,0.0,0.0,0.0,0.0,0.0
41.515162037,139933.0,17739.0,7.88843790518,662.0,64440.0,104.0,7.0,672.0,2169.0,3256.0,4199.0,3089.0,3533.0,708.0,85.0,16.0,12.0,0.0,0.0,0.0,0.0,0.0,0.0,0.0,0.0,0.0,0.0,0.0,0.0,0.0,0.0,0.0,0.0,0.0,0.0,0.0,0.0
41.5172453704,143224.0,17737.0,8.07487173705,661.0,64441.0,104.0,7.0,614.0,2070.0,3261.0,4082.0,3080.0,3738.0,784.0,85.0,20.0,3.0,0.0,0.0,0.0,0.0,0.0,0.0,0.0,0.0,0.0,0.0,0.0,0.0,0.0,0.0,0.0,0.0,0.0,0.0,0.0,0.0
41.5193287037,144507.0,17740.0,8.14582863585,661.0,64440.0,103.0,8.0,637.0,2029.0,3263.0,4154.0,3079.0,3709.0,745.0,92.0,20.0,12.0,0.0,0.0,0.0,0.0,0.0,0.0,0.0,0.0,0.0,0.0,0.0,0.0,0.0,0.0,0.0,0.0,0.0,0.0,0.0,0.0
41.521412037,145839.0,17737.0,8.22230365902,662.0,64440.0,103.0,7.0,644.0,2123.0,3126.0,3994.0,3178.0,3772.0,762.0,109.0,24.0,5.0,0.0,0.0,0.0,0.0,0.0,0.0,0.0,0.0,0.0,0.0,0.0,0.0,0.0,0.0,0.0,0.0,0.0,0.0,0.0,0.0
41.5234953704,140978.0,17737.0,7.94824378418,661.0,64443.0,103.0,9.0,622.0,2100.0,3247.0,4184.0,3096.0,3710.0,643.0,107.0,24.0,4.0,0.0,0.0,0.0,0.0,0.0,0.0,0.0,0.0,0.0,0.0,0.0,0.0,0.0,0.0,0.0,0.0,0.0,0.0,0.0,0.0
41.5255787037,139009.0,17739.0,7.83634928688,658.0,64440.0,103.0,7.0,635.0,2169.0,3288.0,4142.0,3056.0,3666.0,674.0,85.0,20.0,4.0,0.0,0.0,0.0,0.0,0.0,0.0,0.0,0.0,0.0,0.0,0.0,0.0,0.0,0.0,0.0,0.0,0.0,0.0,0.0,0.0
41.527662037,140255.0,17735.0,7.90837327319,662.0,64444.0,105.0,3.0,621.0,2163.0,3312.0,3973.0,3191.0,3668.0,714.0,71.0,13.0,9.0,0.0,0.0,0.0,0.0,0.0,0.0,0.0,0.0,0.0,0.0,0.0,0.0,0.0,0.0,0.0,0.0,0.0,0.0,0.0,0.0
41.5297453704,138347.0,17740.0,7.79859075536,662.0,64440.0,102.0,15.0,611.0,2127.0,3270.0,4194.0,3153.0,3626.0,655.0,86.0,11.0,7.0,0.0,0.0,0.0,0.0,0.0,0.0,0.0,0.0,0.0,0.0,0.0,0.0,0.0,0.0,0.0,0.0,0.0,0.0,0.0,0.0
41.5318287037,143568.0,17737.0,8.09426622315,662.0,64444.0,103.0,7.0,585.0,2158.0,3097.0,3996.0,3290.0,3769.0,723.0,96.0,20.0,3.0,0.0,0.0,0.0,0.0,0.0,0.0,0.0,0.0,0.0,0.0,0.0,0.0,0.0,0.0,0.0,0.0,0.0,0.0,0.0,0.0
41.533912037,143947.0,17730.0,8.11883812747,664.0,64439.0,110.0,6.0,670.0,2169.0,3119.0,4107.0,3115.0,3683.0,736.0,99.0,22.0,10.0,0.0,0.0,0.0,0.0,0.0,0.0,0.0,0.0,0.0,0.0,0.0,0.0,0.0,0.0,0.0,0.0,0.0,0.0,0.0,0.0
41.5359953704,138801.0,17736.0,7.82594722598,656.0,64441.0,108.0,8.0,633.0,2147.0,3271.0,4112.0,3176.0,3602.0,691.0,81.0,20.0,3.0,0.0,0.0,0.0,0.0,0.0,0.0,0.0,0.0,0.0,0.0,0.0,0.0,0.0,0.0,0.0,0.0,0.0,0.0,0.0,0.0
41.5380787037,141347.0,17741.0,7.96725100051,658.0,64439.0,104.0,7.0,676.0,2167.0,3174.0,4080.0,3180.0,3696.0,648.0,85.0,25.0,10.0,0.0,0.0,0.0,0.0,0.0,0.0,0.0,0.0,0.0,0.0,0.0,0.0,0.0,0.0,0.0,0.0,0.0,0.0,0.0,0.0
41.540162037,144709.0,17742.0,8.15629579529,661.0,64443.0,104.0,11.0,629.0,2113.0,3032.0,3989.0,3274.0,3855.0,732.0,95.0,21.0,2.0,0.0,0.0,0.0,0.0,0.0,0.0,0.0,0.0,0.0,0.0,0.0,0.0,0.0,0.0,0.0,0.0,0.0,0.0,0.0,0.0
41.5422453704,143591.0,17744.0,8.09236925158,661.0,64440.0,105.0,7.0,654.0,2163.0,3146.0,4032.0,3272.0,3676.0,685.0,73.0,28.0,15.0,0.0,0.0,0.0,0.0,0.0,0.0,0.0,0.0,0.0,0.0,0.0,0.0,0.0,0.0,0.0,0.0,0.0,0.0,0.0,0.0
41.5443287037,140163.0,17741.0,7.90051293614,661.0,64447.0,105.0,6.0,622.0,2195.0,3196.0,4026.0,3288.0,3607.0,691.0,96.0,15.0,5.0,0.0,0.0,0.0,0.0,0.0,0.0,0.0,0.0,0.0,0.0,0.0,0.0,0.0,0.0,0.0,0.0,0.0,0.0,0.0,0.0
41.546412037,141267.0,17743.0,7.96184410754,662.0,64440.0,107.0,1.0,696.0,2137.0,3133.0,4010.0,3195.0,3756.0,710.0,86.0,17.0,3.0,0.0,0.0,0.0,0.0,0.0,0.0,0.0,0.0,0.0,0.0,0.0,0.0,0.0,0.0,0.0,0.0,0.0,0.0,0.0,0.0
41.5484953704,147799.0,17740.0,8.33139797069,662.0,64447.0,103.0,7.0,662.0,2081.0,3025.0,3855.0,3361.0,3829.0,802.0,93.0,29.0,3.0,0.0,0.0,0.0,0.0,0.0,0.0,0.0,0.0,0.0,0.0,0.0,0.0,0.0,0.0,0.0,0.0,0.0,0.0,0.0,0.0
41.5505787037,145104.0,17740.0,8.17948139797,662.0,64444.0,103.0,12.0,658.0,2042.0,3087.0,3964.0,3415.0,3701.0,750.0,96.0,20.0,7.0,0.0,0.0,0.0,0.0,0.0,0.0,0.0,0.0,0.0,0.0,0.0,0.0,0.0,0.0,0.0,0.0,0.0,0.0,0.0,0.0
41.552662037,142691.0,17741.0,8.04300772223,662.0,64443.0,103.0,7.0,653.0,2081.0,3059.0,3971.0,3432.0,3737.0,682.0,109.0,14.0,3.0,0.0,0.0,0.0,0.0,0.0,0.0,0.0,0.0,0.0,0.0,0.0,0.0,0.0,0.0,0.0,0.0,0.0,0.0,0.0,0.0
41.5547453704,142886.0,17738.0,8.05536137107,664.0,64441.0,104.0,65535.0,636.0,2120.0,3079.0,3840.0,3522.0,3724.0,708.0,90.0,14.0,5.0,0.0,0.0,0.0,0.0,0.0,0.0,0.0,0.0,0.0,0.0,0.0,0.0,0.0,0.0,0.0,0.0,0.0,0.0,0.0,0.0
41.5568287037,144234.0,17740.0,8.13043968433,659.0,64444.0,102.0,9.0,635.0,2098.0,3064.0,3956.0,3413.0,3767.0,685.0,89.0,27.0,6.0,0.0,0.0,0.0,0.0,0.0,0.0,0.0,0.0,0.0,0.0,0.0,0.0,0.0,0.0,0.0,0.0,0.0,0.0,0.0,0.0
41.558912037,147208.0,17736.0,8.299954894,662.0,64440.0,105.0,9.0,604.0,1994.0,2805.0,4017.0,3596.0,3877.0,731.0,86.0,22.0,4.0,0.0,0.0,0.0,0.0,0.0,0.0,0.0,0.0,0.0,0.0,0.0,0.0,0.0,0.0,0.0,0.0,0.0,0.0,0.0,0.0
41.5609953704,144563.0,17740.0,8.14898534386,662.0,64447.0,104.0,6.0,645.0,2049.0,3011.0,3863.0,3624.0,3693.0,740.0,91.0,21.0,3.0,0.0,0.0,0.0,0.0,0.0,0.0,0.0,0.0,0.0,0.0,0.0,0.0,0.0,0.0,0.0,0.0,0.0,0.0,0.0,0.0
41.5630787037,144247.0,17737.0,8.13254778147,662.0,64440.0,103.0,7.0,624.0,2083.0,3006.0,3880.0,3547.0,3768.0,707.0,104.0,15.0,3.0,0.0,0.0,0.0,0.0,0.0,0.0,0.0,0.0,0.0,0.0,0.0,0.0,0.0,0.0,0.0,0.0,0.0,0.0,0.0,0.0
41.5693402778,150718.0,17746.0,8.49306886059,662.0,64444.0,103.0,7.0,676.0,2054.0,2788.0,3662.0,3647.0,3984.0,808.0,105.0,21.0,1.0,0.0,0.0,0.0,0.0,0.0,0.0,0.0,0.0,0.0,0.0,0.0,0.0,0.0,0.0,0.0,0.0,0.0,0.0,0.0,0.0
41.5714236111,149373.0,17743.0,8.41870033253,664.0,64440.0,107.0,3.0,656.0,1915.0,2877.0,3794.0,3666.0,3889.0,849.0,78.0,16.0,3.0,0.0,0.0,0.0,0.0,0.0,0.0,0.0,0.0,0.0,0.0,0.0,0.0,0.0,0.0,0.0,0.0,0.0,0.0,0.0,0.0
41.5735069444,146387.0,17745.0,8.2494787264,662.0,64444.0,103.0,9.0,654.0,2043.0,2850.0,3921.0,3522.0,3922.0,721.0,88.0,22.0,2.0,0.0,0.0,0.0,0.0,0.0,0.0,0.0,0.0,0.0,0.0,0.0,0.0,0.0,0.0,0.0,0.0,0.0,0.0,0.0,0.0
41.5755902778,153288.0,17742.0,8.63983767332,662.0,64446.0,103.0,6.0,648.0,1990.0,2669.0,3646.0,3800.0,4067.0,800.0,89.0,30.0,3.0,0.0,0.0,0.0,0.0,0.0,0.0,0.0,0.0,0.0,0.0,0.0,0.0,0.0,0.0,0.0,0.0,0.0,0.0,0.0,0.0
41.5776736111,148160.0,17749.0,8.34751253592,664.0,64439.0,104.0,6.0,612.0,1986.0,2891.0,3886.0,3710.0,3822.0,719.0,88.0,28.0,7.0,0.0,0.0,0.0,0.0,0.0,0.0,0.0,0.0,0.0,0.0,0.0,0.0,0.0,0.0,0.0,0.0,0.0,0.0,0.0,0.0
41.5797569444,149065.0,17741.0,8.4022884843,670.0,64440.0,108.0,7.0,679.0,1995.0,2723.0,3758.0,3700.0,4026.0,750.0,94.0,12.0,4.0,0.0,0.0,0.0,0.0,0.0,0.0,0.0,0.0,0.0,0.0,0.0,0.0,0.0,0.0,0.0,0.0,0.0,0.0,0.0,0.0
41.5818402778,147824.0,17749.0,8.32858189194,664.0,64440.0,102.0,12.0,586.0,1972.0,2864.0,3749.0,3791.0,3963.0,715.0,91.0,15.0,3.0,0.0,0.0,0.0,0.0,0.0,0.0,0.0,0.0,0.0,0.0,0.0,0.0,0.0,0.0,0.0,0.0,0.0,0.0,0.0,0.0
41.5839236111,153905.0,17739.0,8.67608095158,665.0,64440.0,104.0,7.0,629.0,2071.0,2741.0,3560.0,3852.0,3901.0,837.0,121.0,20.0,7.0,0.0,0.0,0.0,0.0,0.0,0.0,0.0,0.0,0.0,0.0,0.0,0.0,0.0,0.0,0.0,0.0,0.0,0.0,0.0,0.0
41.5860069444,149927.0,17740.0,8.45135287486,664.0,64440.0,105.0,9.0,595.0,2035.0,2772.0,3739.0,3838.0,3885.0,743.0,106.0,23.0,4.0,0.0,0.0,0.0,0.0,0.0,0.0,0.0,0.0,0.0,0.0,0.0,0.0,0.0,0.0,0.0,0.0,0.0,0.0,0.0,0.0
41.5880902778,150286.0,17739.0,8.47206719657,658.0,64439.0,103.0,7.0,638.0,1930.0,2798.0,3702.0,3872.0,3905.0,790.0,74.0,25.0,5.0,0.0,0.0,0.0,0.0,0.0,0.0,0.0,0.0,0.0,0.0,0.0,0.0,0.0,0.0,0.0,0.0,0.0,0.0,0.0,0.0
41.5901736111,147163.0,17744.0,8.2936767358,664.0,64440.0,105.0,7.0,631.0,2057.0,2715.0,3785.0,3895.0,3826.0,727.0,85.0,19.0,4.0,0.0,0.0,0.0,0.0,0.0,0.0,0.0,0.0,0.0,0.0,0.0,0.0,0.0,0.0,0.0,0.0,0.0,0.0,0.0,0.0
41.5922569444,147268.0,17742.0,8.30052981626,662.0,64442.0,103.0,7.0,619.0,2026.0,2839.0,3769.0,3845.0,3834.0,702.0,81.0,17.0,10.0,0.0,0.0,0.0,0.0,0.0,0.0,0.0,0.0,0.0,0.0,0.0,0.0,0.0,0.0,0.0,0.0,0.0,0.0,0.0,0.0
41.5943402778,149133.0,17741.0,8.40612141367,662.0,64441.0,103.0,7.0,635.0,2037.0,2762.0,3667.0,3853.0,3969.0,706.0,80.0,26.0,6.0,0.0,0.0,0.0,0.0,0.0,0.0,0.0,0.0,0.0,0.0,0.0,0.0,0.0,0.0,0.0,0.0,0.0,0.0,0.0,0.0
41.5964236111,148253.0,17739.0,8.35746096172,664.0,64441.0,111.0,1.0,661.0,1941.0,2714.0,3725.0,3998.0,3869.0,725.0,83.0,18.0,5.0,0.0,0.0,0.0,0.0,0.0,0.0,0.0,0.0,0.0,0.0,0.0,0.0,0.0,0.0,0.0,0.0,0.0,0.0,0.0,0.0
41.5985069444,152620.0,17751.0,8.59782547462,664.0,64441.0,105.0,3.0,675.0,2004.0,2714.0,3537.0,4080.0,3844.0,759.0,101.0,26.0,11.0,0.0,0.0,0.0,0.0,0.0,0.0,0.0,0.0,0.0,0.0,0.0,0.0,0.0,0.0,0.0,0.0,0.0,0.0,0.0,0.0
41.6005902778,149280.0,17737.0,8.41630489936,664.0,64439.0,103.0,14.0,654.0,1976.0,2670.0,3667.0,4068.0,3846.0,734.0,96.0,24.0,2.0,0.0,0.0,0.0,0.0,0.0,0.0,0.0,0.0,0.0,0.0,0.0,0.0,0.0,0.0,0.0,0.0,0.0,0.0,0.0,0.0
41.6026736111,146214.0,17743.0,8.24065828778,664.0,64443.0,103.0,8.0,625.0,2056.0,2661.0,3629.0,4204.0,3732.0,730.0,99.0,4.0,3.0,0.0,0.0,0.0,0.0,0.0,0.0,0.0,0.0,0.0,0.0,0.0,0.0,0.0,0.0,0.0,0.0,0.0,0.0,0.0,0.0
41.6047569444,149087.0,17743.0,8.40258129967,664.0,64440.0,104.0,12.0,675.0,1955.0,2618.0,3642.0,4202.0,3797.0,738.0,96.0,15.0,5.0,0.0,0.0,0.0,0.0,0.0,0.0,0.0,0.0,0.0,0.0,0.0,0.0,0.0,0.0,0.0,0.0,0.0,0.0,0.0,0.0
41.6068402778,151143.0,17733.0,8.52326171545,664.0,64441.0,103.0,9.0,645.0,1987.0,2570.0,3568.0,4200.0,3909.0,738.0,88.0,22.0,6.0,0.0,0.0,0.0,0.0,0.0,0.0,0.0,0.0,0.0,0.0,0.0,0.0,0.0,0.0,0.0,0.0,0.0,0.0,0.0,0.0
41.6089236111,152442.0,17743.0,8.59166995435,664.0,64444.0,103.0,8.0,589.0,1924.0,2589.0,3615.0,4236.0,3930.0,742.0,92.0,17.0,9.0,0.0,0.0,0.0,0.0,0.0,0.0,0.0,0.0,0.0,0.0,0.0,0.0,0.0,0.0,0.0,0.0,0.0,0.0,0.0,0.0
41.6110069444,154530.0,17748.0,8.70689655172,664.0,64440.0,104.0,7.0,659.0,1938.0,2628.0,3404.0,4189.0,3969.0,829.0,109.0,21.0,2.0,0.0,0.0,0.0,0.0,0.0,0.0,0.0,0.0,0.0,0.0,0.0,0.0,0.0,0.0,0.0,0.0,0.0,0.0,0.0,0.0
41.6130902778,154373.0,17740.0,8.7019729425,664.0,64441.0,104.0,7.0,615.0,1899.0,2533.0,3488.0,4302.0,4020.0,769.0,90.0,14.0,10.0,0.0,0.0,0.0,0.0,0.0,0.0,0.0,0.0,0.0,0.0,0.0,0.0,0.0,0.0,0.0,0.0,0.0,0.0,0.0,0.0
41.6151736111,154637.0,17741.0,8.71636322642,664.0,64441.0,108.0,7.0,665.0,1899.0,2517.0,3412.0,4315.0,4033.0,768.0,109.0,19.0,4.0,0.0,0.0,0.0,0.0,0.0,0.0,0.0,0.0,0.0,0.0,0.0,0.0,0.0,0.0,0.0,0.0,0.0,0.0,0.0,0.0
41.6172569444,154558.0,17737.0,8.71387495067,664.0,64440.0,103.0,12.0,639.0,1836.0,2515.0,3515.0,4284.0,4064.0,765.0,90.0,26.0,3.0,0.0,0.0,0.0,0.0,0.0,0.0,0.0,0.0,0.0,0.0,0.0,0.0,0.0,0.0,0.0,0.0,0.0,0.0,0.0,0.0
41.6193402778,161567.0,17742.0,9.10647052193,664.0,64444.0,105.0,11.0,645.0,1843.0,2382.0,3376.0,4252.0,4227.0,882.0,105.0,22.0,8.0,0.0,0.0,0.0,0.0,0.0,0.0,0.0,0.0,0.0,0.0,0.0,0.0,0.0,0.0,0.0,0.0,0.0,0.0,0.0,0.0
41.6214236111,154248.0,17747.0,8.69149715445,664.0,64441.0,105.0,7.0,650.0,1912.0,2502.0,3637.0,4164.0,3973.0,788.0,99.0,10.0,12.0,0.0,0.0,0.0,0.0,0.0,0.0,0.0,0.0,0.0,0.0,0.0,0.0,0.0,0.0,0.0,0.0,0.0,0.0,0.0,0.0
41.6235069444,152909.0,17746.0,8.61653330328,665.0,64444.0,103.0,6.0,633.0,1969.0,2464.0,3439.0,4366.0,4025.0,737.0,86.0,24.0,3.0,0.0,0.0,0.0,0.0,0.0,0.0,0.0,0.0,0.0,0.0,0.0,0.0,0.0,0.0,0.0,0.0,0.0,0.0,0.0,0.0
41.6255902778,156286.0,17746.0,8.8068297081,664.0,64444.0,104.0,7.0,624.0,1862.0,2428.0,3478.0,4377.0,4070.0,776.0,109.0,15.0,7.0,0.0,0.0,0.0,0.0,0.0,0.0,0.0,0.0,0.0,0.0,0.0,0.0,0.0,0.0,0.0,0.0,0.0,0.0,0.0,0.0
41.6276736111,155987.0,17746.0,8.78998084075,664.0,64440.0,103.0,6.0,659.0,1913.0,2511.0,3359.0,4394.0,3961.0,831.0,88.0,22.0,8.0,0.0,0.0,0.0,0.0,0.0,0.0,0.0,0.0,0.0,0.0,0.0,0.0,0.0,0.0,0.0,0.0,0.0,0.0,0.0,0.0
41.6297569444,151940.0,17740.0,8.56482525366,664.0,64444.0,103.0,8.0,655.0,1974.0,2485.0,3575.0,4367.0,3789.0,770.0,90.0,33.0,2.0,0.0,0.0,0.0,0.0,0.0,0.0,0.0,0.0,0.0,0.0,0.0,0.0,0.0,0.0,0.0,0.0,0.0,0.0,0.0,0.0
41.6318402778,155796.0,17748.0,8.77822853279,664.0,64449.0,103.0,3.0,683.0,1880.0,2396.0,3401.0,4422.0,4039.0,806.0,98.0,19.0,4.0,0.0,0.0,0.0,0.0,0.0,0.0,0.0,0.0,0.0,0.0,0.0,0.0,0.0,0.0,0.0,0.0,0.0,0.0,0.0,0.0
41.6339236111,154604.0,17740.0,8.71499436302,664.0,64440.0,103.0,7.0,683.0,1938.0,2325.0,3394.0,4511.0,4013.0,759.0,90.0,22.0,5.0,0.0,0.0,0.0,0.0,0.0,0.0,0.0,0.0,0.0,0.0,0.0,0.0,0.0,0.0,0.0,0.0,0.0,0.0,0.0,0.0
41.6360069444,151646.0,17736.0,8.550180424,664.0,64439.0,103.0,7.0,660.0,1946.0,2444.0,3463.0,4550.0,3838.0,722.0,89.0,14.0,10.0,0.0,0.0,0.0,0.0,0.0,0.0,0.0,0.0,0.0,0.0,0.0,0.0,0.0,0.0,0.0,0.0,0.0,0.0,0.0,0.0
41.6380902778,151960.0,17745.0,8.56353902508,665.0,64441.0,103.0,12.0,701.0,1928.0,2376.0,3428.0,4600.0,3873.0,729.0,86.0,17.0,7.0,0.0,0.0,0.0,0.0,0.0,0.0,0.0,0.0,0.0,0.0,0.0,0.0,0.0,0.0,0.0,0.0,0.0,0.0,0.0,0.0
41.6401736111,151074.0,17744.0,8.51408926961,665.0,64441.0,103.0,6.0,664.0,1898.0,2534.0,3387.0,4600.0,3856.0,694.0,82.0,22.0,7.0,0.0,0.0,0.0,0.0,0.0,0.0,0.0,0.0,0.0,0.0,0.0,0.0,0.0,0.0,0.0,0.0,0.0,0.0,0.0,0.0
41.6422569444,160657.0,17742.0,9.05517979935,665.0,64440.0,103.0,7.0,611.0,1869.0,2290.0,3326.0,4521.0,4064.0,945.0,94.0,17.0,5.0,0.0,0.0,0.0,0.0,0.0,0.0,0.0,0.0,0.0,0.0,0.0,0.0,0.0,0.0,0.0,0.0,0.0,0.0,0.0,0.0
41.6443402778,162105.0,17739.0,9.13833925249,665.0,64440.0,105.0,7.0,609.0,1815.0,2319.0,3275.0,4563.0,4152.0,878.0,98.0,19.0,11.0,0.0,0.0,0.0,0.0,0.0,0.0,0.0,0.0,0.0,0.0,0.0,0.0,0.0,0.0,0.0,0.0,0.0,0.0,0.0,0.0
41.6464236111,153447.0,17741.0,8.6492869624,668.0,64443.0,103.0,6.0,680.0,1999.0,2328.0,3298.0,4650.0,3907.0,759.0,98.0,18.0,4.0,0.0,0.0,0.0,0.0,0.0,0.0,0.0,0.0,0.0,0.0,0.0,0.0,0.0,0.0,0.0,0.0,0.0,0.0,0.0,0.0
41.6485069444,162103.0,17738.0,9.13874168452,670.0,64440.0,105.0,8.0,579.0,1779.0,2260.0,3193.0,4725.0,4217.0,868.0,88.0,24.0,5.0,0.0,0.0,0.0,0.0,0.0,0.0,0.0,0.0,0.0,0.0,0.0,0.0,0.0,0.0,0.0,0.0,0.0,0.0,0.0,0.0
41.6505902778,161582.0,17741.0,9.10782932191,667.0,64440.0,104.0,7.0,606.0,1796.0,2359.0,3261.0,4601.0,4134.0,839.0,115.0,22.0,8.0,0.0,0.0,0.0,0.0,0.0,0.0,0.0,0.0,0.0,0.0,0.0,0.0,0.0,0.0,0.0,0.0,0.0,0.0,0.0,0.0
41.6526736111,161038.0,17746.0,9.07460836245,665.0,64440.0,105.0,8.0,674.0,1784.0,2241.0,3211.0,4733.0,4116.0,864.0,97.0,18.0,8.0,0.0,0.0,0.0,0.0,0.0,0.0,0.0,0.0,0.0,0.0,0.0,0.0,0.0,0.0,0.0,0.0,0.0,0.0,0.0,0.0
41.6547569444,156286.0,17746.0,8.8068297081,665.0,64443.0,108.0,7.0,695.0,1888.0,2287.0,3314.0,4671.0,3928.0,836.0,112.0,11.0,4.0,0.0,0.0,0.0,0.0,0.0,0.0,0.0,0.0,0.0,0.0,0.0,0.0,0.0,0.0,0.0,0.0,0.0,0.0,0.0,0.0
41.6568402778,159245.0,17745.0,8.97407720485,667.0,64444.0,103.0,6.0,675.0,1817.0,2284.0,3243.0,4730.0,4010.0,866.0,93.0,21.0,6.0,0.0,0.0,0.0,0.0,0.0,0.0,0.0,0.0,0.0,0.0,0.0,0.0,0.0,0.0,0.0,0.0,0.0,0.0,0.0,0.0
41.6589236111,154534.0,17751.0,8.70565038589,665.0,64440.0,105.0,9.0,637.0,1910.0,2306.0,3299.0,4834.0,3843.0,819.0,82.0,17.0,4.0,0.0,0.0,0.0,0.0,0.0,0.0,0.0,0.0,0.0,0.0,0.0,0.0,0.0,0.0,0.0,0.0,0.0,0.0,0.0,0.0
41.6610069444,156992.0,17752.0,8.84362325372,664.0,64440.0,105.0,7.0,687.0,1854.0,2375.0,3235.0,4725.0,3948.0,812.0,82.0,27.0,7.0,0.0,0.0,0.0,0.0,0.0,0.0,0.0,0.0,0.0,0.0,0.0,0.0,0.0,0.0,0.0,0.0,0.0,0.0,0.0,0.0
41.6630902778,152970.0,17748.0,8.61899932387,664.0,64444.0,108.0,10.0,662.0,1938.0,2346.0,3315.0,4777.0,3813.0,798.0,72.0,25.0,2.0,0.0,0.0,0.0,0.0,0.0,0.0,0.0,0.0,0.0,0.0,0.0,0.0,0.0,0.0,0.0,0.0,0.0,0.0,0.0,0.0
41.6651736111,152378.0,17748.0,8.58564345278,667.0,64445.0,107.0,3.0,699.0,1980.0,2371.0,3228.0,4777.0,3816.0,782.0,72.0,16.0,7.0,0.0,0.0,0.0,0.0,0.0,0.0,0.0,0.0,0.0,0.0,0.0,0.0,0.0,0.0,0.0,0.0,0.0,0.0,0.0,0.0
41.6672569444,155224.0,17749.0,8.74550678911,668.0,64440.0,103.0,4.0,680.0,1872.0,2306.0,3219.0,4865.0,3903.0,800.0,81.0,17.0,6.0,0.0,0.0,0.0,0.0,0.0,0.0,0.0,0.0,0.0,0.0,0.0,0.0,0.0,0.0,0.0,0.0,0.0,0.0,0.0,0.0
41.6693402778,155703.0,17752.0,8.77101171699,670.0,64444.0,103.0,9.0,699.0,1845.0,2273.0,3340.0,4830.0,3854.0,794.0,86.0,25.0,6.0,0.0,0.0,0.0,0.0,0.0,0.0,0.0,0.0,0.0,0.0,0.0,0.0,0.0,0.0,0.0,0.0,0.0,0.0,0.0,0.0
41.6714236111,154018.0,17747.0,8.67853721756,668.0,64440.0,105.0,6.0,695.0,1948.0,2399.0,3186.0,4772.0,3846.0,784.0,90.0,23.0,4.0,0.0,0.0,0.0,0.0,0.0,0.0,0.0,0.0,0.0,0.0,0.0,0.0,0.0,0.0,0.0,0.0,0.0,0.0,0.0,0.0
41.6735069444,154655.0,17754.0,8.71099470542,664.0,64444.0,104.0,7.0,710.0,1901.0,2313.0,3210.0,4859.0,3842.0,800.0,104.0,9.0,6.0,0.0,0.0,0.0,0.0,0.0,0.0,0.0,0.0,0.0,0.0,0.0,0.0,0.0,0.0,0.0,0.0,0.0,0.0,0.0,0.0
41.6755902778,154064.0,17749.0,8.68015099442,664.0,64440.0,105.0,9.0,683.0,1928.0,2274.0,3199.0,4917.0,3836.0,795.0,99.0,18.0,0.0,0.0,0.0,0.0,0.0,0.0,0.0,0.0,0.0,0.0,0.0,0.0,0.0,0.0,0.0,0.0,0.0,0.0,0.0,0.0,0.0
41.6776736111,155367.0,17749.0,8.75356358105,664.0,64440.0,108.0,65535.0,659.0,1889.0,2269.0,3259.0,4908.0,3844.0,800.0,99.0,19.0,3.0,0.0,0.0,0.0,0.0,0.0,0.0,0.0,0.0,0.0,0.0,0.0,0.0,0.0,0.0,0.0,0.0,0.0,0.0,0.0,0.0
41.6797569444,160228.0,17757.0,9.02337106493,674.0,64441.0,103.0,10.0,692.0,1878.0,2211.0,3126.0,4958.0,3876.0,892.0,93.0,21.0,10.0,0.0,0.0,0.0,0.0,0.0,0.0,0.0,0.0,0.0,0.0,0.0,0.0,0.0,0.0,0.0,0.0,0.0,0.0,0.0,0.0
41.6818402778,155357.0,17751.0,8.75201397104,664.0,64449.0,105.0,6.0,700.0,1941.0,2300.0,3146.0,4965.0,3736.0,834.0,103.0,25.0,1.0,0.0,0.0,0.0,0.0,0.0,0.0,0.0,0.0,0.0,0.0,0.0,0.0,0.0,0.0,0.0,0.0,0.0,0.0,0.0,0.0
41.6839236111,156398.0,17748.0,8.81214784764,664.0,64443.0,104.0,3.0,675.0,1924.0,2275.0,3163.0,4925.0,3863.0,797.0,97.0,24.0,5.0,0.0,0.0,0.0,0.0,0.0,0.0,0.0,0.0,0.0,0.0,0.0,0.0,0.0,0.0,0.0,0.0,0.0,0.0,0.0,0.0
41.6860069444,153984.0,17747.0,8.6766214008,665.0,64440.0,105.0,7.0,715.0,1962.0,2315.0,3160.0,4982.0,3679.0,810.0,104.0,13.0,7.0,0.0,0.0,0.0,0.0,0.0,0.0,0.0,0.0,0.0,0.0,0.0,0.0,0.0,0.0,0.0,0.0,0.0,0.0,0.0,0.0
41.6880902778,150880.0,17754.0,8.49836656528,670.0,64440.0,105.0,12.0,708.0,1992.0,2284.0,3226.0,4939.0,3734.0,773.0,80.0,18.0,0.0,0.0,0.0,0.0,0.0,0.0,0.0,0.0,0.0,0.0,0.0,0.0,0.0,0.0,0.0,0.0,0.0,0.0,0.0,0.0,0.0
41.6901736111,149939.0,17754.0,8.44536442492,665.0,64440.0,107.0,8.0,703.0,1961.0,2337.0,3286.0,5088.0,3541.0,719.0,93.0,22.0,4.0,0.0,0.0,0.0,0.0,0.0,0.0,0.0,0.0,0.0,0.0,0.0,0.0,0.0,0.0,0.0,0.0,0.0,0.0,0.0,0.0
41.6922569444,149442.0,17752.0,8.41831906264,668.0,64440.0,105.0,6.0,734.0,1940.0,2327.0,3330.0,4977.0,3613.0,733.0,76.0,16.0,6.0,0.0,0.0,0.0,0.0,0.0,0.0,0.0,0.0,0.0,0.0,0.0,0.0,0.0,0.0,0.0,0.0,0.0,0.0,0.0,0.0
41.6943402778,150603.0,17753.0,8.48324226891,664.0,64444.0,107.0,1.0,697.0,1983.0,2326.0,3202.0,5045.0,3625.0,777.0,84.0,8.0,6.0,0.0,0.0,0.0,0.0,0.0,0.0,0.0,0.0,0.0,0.0,0.0,0.0,0.0,0.0,0.0,0.0,0.0,0.0,0.0,0.0
41.6964236111,149880.0,17747.0,8.44537104863,664.0,64440.0,104.0,7.0,743.0,2076.0,2300.0,3215.0,5069.0,3484.0,730.0,103.0,22.0,5.0,0.0,0.0,0.0,0.0,0.0,0.0,0.0,0.0,0.0,0.0,0.0,0.0,0.0,0.0,0.0,0.0,0.0,0.0,0.0,0.0
41.6985069444,147922.0,17754.0,8.33175622395,665.0,64441.0,108.0,3.0,784.0,1990.0,2416.0,3161.0,4983.0,3585.0,740.0,78.0,14.0,3.0,0.0,0.0,0.0,0.0,0.0,0.0,0.0,0.0,0.0,0.0,0.0,0.0,0.0,0.0,0.0,0.0,0.0,0.0,0.0,0.0
41.7005902778,148006.0,17748.0,8.33930583728,667.0,64444.0,105.0,7.0,780.0,2082.0,2370.0,3150.0,5003.0,3523.0,726.0,94.0,17.0,3.0,0.0,0.0,0.0,0.0,0.0,0.0,0.0,0.0,0.0,0.0,0.0,0.0,0.0,0.0,0.0,0.0,0.0,0.0,0.0,0.0
41.7026736111,149501.0,17753.0,8.42116825325,670.0,64440.0,111.0,9.0,750.0,2013.0,2392.0,3182.0,5067.0,3514.0,710.0,96.0,24.0,5.0,0.0,0.0,0.0,0.0,0.0,0.0,0.0,0.0,0.0,0.0,0.0,0.0,0.0,0.0,0.0,0.0,0.0,0.0,0.0,0.0
41.7047569444,153584.0,17755.0,8.65018304703,664.0,64444.0,104.0,8.0,790.0,2006.0,2301.0,3178.0,4899.0,3720.0,743.0,68.0,42.0,8.0,0.0,0.0,0.0,0.0,0.0,0.0,0.0,0.0,0.0,0.0,0.0,0.0,0.0,0.0,0.0,0.0,0.0,0.0,0.0,0.0
41.7068402778,148888.0,17750.0,8.38805633803,665.0,64440.0,108.0,65535.0,699.0,2052.0,2404.0,3187.0,5026.0,3583.0,692.0,84.0,13.0,10.0,0.0,0.0,0.0,0.0,0.0,0.0,0.0,0.0,0.0,0.0,0.0,0.0,0.0,0.0,0.0,0.0,0.0,0.0,0.0,0.0
41.7089236111,149852.0,17741.0,8.44664900513,664.0,64444.0,105.0,3.0,737.0,2132.0,2358.0,3109.0,4977.0,3600.0,706.0,93.0,22.0,7.0,0.0,0.0,0.0,0.0,0.0,0.0,0.0,0.0,0.0,0.0,0.0,0.0,0.0,0.0,0.0,0.0,0.0,0.0,0.0,0.0
41.7110069444,145919.0,17752.0,8.2198625507,668.0,64440.0,105.0,6.0,834.0,2167.0,2384.0,3194.0,4970.0,3387.0,704.0,84.0,22.0,6.0,0.0,0.0,0.0,0.0,0.0,0.0,0.0,0.0,0.0,0.0,0.0,0.0,0.0,0.0,0.0,0.0,0.0,0.0,0.0,0.0
41.7130902778,146902.0,17752.0,8.27523659306,668.0,64444.0,104.0,6.0,872.0,2114.0,2306.0,3084.0,5012.0,3538.0,741.0,60.0,22.0,3.0,0.0,0.0,0.0,0.0,0.0,0.0,0.0,0.0,0.0,0.0,0.0,0.0,0.0,0.0,0.0,0.0,0.0,0.0,0.0,0.0
41.7151736111,147292.0,17747.0,8.29954358483,665.0,64440.0,108.0,65535.0,816.0,2210.0,2349.0,3152.0,5000.0,3400.0,709.0,79.0,20.0,12.0,0.0,0.0,0.0,0.0,0.0,0.0,0.0,0.0,0.0,0.0,0.0,0.0,0.0,0.0,0.0,0.0,0.0,0.0,0.0,0.0
41.7172569444,144469.0,17746.0,8.14093316804,665.0,64444.0,103.0,6.0,847.0,2123.0,2367.0,3083.0,5170.0,3357.0,700.0,82.0,14.0,3.0,0.0,0.0,0.0,0.0,0.0,0.0,0.0,0.0,0.0,0.0,0.0,0.0,0.0,0.0,0.0,0.0,0.0,0.0,0.0,0.0
41.7193402778,142886.0,17749.0,8.05036903488,665.0,64440.0,105.0,6.0,925.0,2292.0,2317.0,3054.0,5052.0,3334.0,663.0,93.0,16.0,3.0,0.0,0.0,0.0,0.0,0.0,0.0,0.0,0.0,0.0,0.0,0.0,0.0,0.0,0.0,0.0,0.0,0.0,0.0,0.0,0.0
41.7214236111,140558.0,17742.0,7.92233119152,670.0,64443.0,105.0,7.0,904.0,2270.0,2414.0,3187.0,5019.0,3191.0,636.0,99.0,22.0,0.0,0.0,0.0,0.0,0.0,0.0,0.0,0.0,0.0,0.0,0.0,0.0,0.0,0.0,0.0,0.0,0.0,0.0,0.0,0.0,0.0
41.7235069444,143396.0,17741.0,8.08274618116,668.0,64440.0,103.0,6.0,868.0,2172.0,2446.0,3147.0,5020.0,3302.0,679.0,81.0,22.0,4.0,0.0,0.0,0.0,0.0,0.0,0.0,0.0,0.0,0.0,0.0,0.0,0.0,0.0,0.0,0.0,0.0,0.0,0.0,0.0,0.0
41.7255902778,145686.0,17744.0,8.21043733093,670.0,64440.0,104.0,9.0,879.0,2252.0,2413.0,3082.0,5051.0,3251.0,692.0,89.0,23.0,12.0,0.0,0.0,0.0,0.0,0.0,0.0,0.0,0.0,0.0,0.0,0.0,0.0,0.0,0.0,0.0,0.0,0.0,0.0,0.0,0.0
41.7276736111,143875.0,17745.0,8.1079177233,664.0,64440.0,103.0,8.0,864.0,2113.0,2399.0,3193.0,5054.0,3301.0,719.0,84.0,16.0,2.0,0.0,0.0,0.0,0.0,0.0,0.0,0.0,0.0,0.0,0.0,0.0,0.0,0.0,0.0,0.0,0.0,0.0,0.0,0.0,0.0
41.7297569444,143053.0,17746.0,8.06114053871,671.0,64443.0,105.0,7.0,883.0,2303.0,2429.0,3071.0,4969.0,3273.0,712.0,88.0,12.0,6.0,0.0,0.0,0.0,0.0,0.0,0.0,0.0,0.0,0.0,0.0,0.0,0.0,0.0,0.0,0.0,0.0,0.0,0.0,0.0,0.0
41.7360300926,143870.0,17745.0,8.10763595379,670.0,64440.0,105.0,6.0,892.0,2248.0,2345.0,3105.0,5084.0,3286.0,667.0,91.0,22.0,5.0,0.0,0.0,0.0,0.0,0.0,0.0,0.0,0.0,0.0,0.0,0.0,0.0,0.0,0.0,0.0,0.0,0.0,0.0,0.0,0.0
41.7381134259,145347.0,17750.0,8.18856338028,665.0,64440.0,103.0,7.0,832.0,2149.0,2433.0,3211.0,4972.0,3327.0,709.0,91.0,21.0,5.0,0.0,0.0,0.0,0.0,0.0,0.0,0.0,0.0,0.0,0.0,0.0,0.0,0.0,0.0,0.0,0.0,0.0,0.0,0.0,0.0
41.7401967593,146248.0,17749.0,8.23978815708,665.0,64440.0,106.0,8.0,845.0,2214.0,2379.0,3167.0,4922.0,3388.0,706.0,103.0,20.0,5.0,0.0,0.0,0.0,0.0,0.0,0.0,0.0,0.0,0.0,0.0,0.0,0.0,0.0,0.0,0.0,0.0,0.0,0.0,0.0,0.0
41.7422800926,144578.0,17751.0,8.14478057574,667.0,64440.0,104.0,7.0,883.0,2258.0,2390.0,3211.0,5027.0,3186.0,673.0,89.0,19.0,15.0,0.0,0.0,0.0,0.0,0.0,0.0,0.0,0.0,0.0,0.0,0.0,0.0,0.0,0.0,0.0,0.0,0.0,0.0,0.0,0.0
41.7443634259,143415.0,17745.0,8.08199492815,668.0,64440.0,105.0,8.0,856.0,2303.0,2346.0,3105.0,5022.0,3309.0,695.0,93.0,11.0,5.0,0.0,0.0,0.0,0.0,0.0,0.0,0.0,0.0,0.0,0.0,0.0,0.0,0.0,0.0,0.0,0.0,0.0,0.0,0.0,0.0
41.7464467593,143695.0,17751.0,8.09503689933,670.0,64441.0,103.0,7.0,899.0,2351.0,2308.0,3120.0,5055.0,3264.0,635.0,84.0,24.0,11.0,0.0,0.0,0.0,0.0,0.0,0.0,0.0,0.0,0.0,0.0,0.0,0.0,0.0,0.0,0.0,0.0,0.0,0.0,0.0,0.0
41.7485300926,139968.0,17748.0,7.88640973631,670.0,64446.0,108.0,2.0,923.0,2372.0,2438.0,3248.0,4874.0,3116.0,657.0,96.0,19.0,5.0,0.0,0.0,0.0,0.0,0.0,0.0,0.0,0.0,0.0,0.0,0.0,0.0,0.0,0.0,0.0,0.0,0.0,0.0,0.0,0.0
41.7506134259,140304.0,17744.0,7.90712353472,668.0,64444.0,108.0,7.0,988.0,2342.0,2417.0,3076.0,4959.0,3220.0,616.0,107.0,14.0,5.0,0.0,0.0,0.0,0.0,0.0,0.0,0.0,0.0,0.0,0.0,0.0,0.0,0.0,0.0,0.0,0.0,0.0,0.0,0.0,0.0
41.7526967593,139516.0,17748.0,7.86094207798,670.0,64439.0,112.0,7.0,961.0,2352.0,2434.0,3130.0,4990.0,3153.0,629.0,71.0,19.0,9.0,0.0,0.0,0.0,0.0,0.0,0.0,0.0,0.0,0.0,0.0,0.0,0.0,0.0,0.0,0.0,0.0,0.0,0.0,0.0,0.0
41.7547800926,138908.0,17749.0,7.82624373204,668.0,64444.0,105.0,8.0,1033.0,2430.0,2439.0,3140.0,4842.0,3109.0,639.0,92.0,17.0,8.0,0.0,0.0,0.0,0.0,0.0,0.0,0.0,0.0,0.0,0.0,0.0,0.0,0.0,0.0,0.0,0.0,0.0,0.0,0.0,0.0
41.7568634259,138993.0,17744.0,7.83323940487,670.0,64443.0,103.0,7.0,961.0,2339.0,2417.0,3193.0,4911.0,3179.0,635.0,90.0,16.0,3.0,0.0,0.0,0.0,0.0,0.0,0.0,0.0,0.0,0.0,0.0,0.0,0.0,0.0,0.0,0.0,0.0,0.0,0.0,0.0,0.0
41.7589467593,137801.0,17746.0,7.76518652091,670.0,64441.0,107.0,7.0,997.0,2487.0,2293.0,3254.0,4920.0,3021.0,670.0,82.0,18.0,4.0,0.0,0.0,0.0,0.0,0.0,0.0,0.0,0.0,0.0,0.0,0.0,0.0,0.0,0.0,0.0,0.0,0.0,0.0,0.0,0.0
41.7610300926,145190.0,17747.0,8.18110103116,668.0,64440.0,104.0,7.0,868.0,2290.0,2422.0,3132.0,4995.0,3248.0,672.0,81.0,24.0,15.0,0.0,0.0,0.0,0.0,0.0,0.0,0.0,0.0,0.0,0.0,0.0,0.0,0.0,0.0,0.0,0.0,0.0,0.0,0.0,0.0
41.7631134259,139961.0,17751.0,7.8846825531,668.0,64443.0,104.0,8.0,915.0,2313.0,2454.0,3169.0,5018.0,3131.0,638.0,87.0,22.0,4.0,0.0,0.0,0.0,0.0,0.0,0.0,0.0,0.0,0.0,0.0,0.0,0.0,0.0,0.0,0.0,0.0,0.0,0.0,0.0,0.0
41.7651967593,139204.0,17752.0,7.8415953132,665.0,64443.0,108.0,7.0,937.0,2452.0,2442.0,3125.0,5027.0,3023.0,622.0,96.0,19.0,9.0,0.0,0.0,0.0,0.0,0.0,0.0,0.0,0.0,0.0,0.0,0.0,0.0,0.0,0.0,0.0,0.0,0.0,0.0,0.0,0.0
41.7672800926,139627.0,17749.0,7.86675305651,668.0,64444.0,108.0,1.0,974.0,2483.0,2346.0,3123.0,4873.0,3183.0,653.0,91.0,20.0,3.0,0.0,0.0,0.0,0.0,0.0,0.0,0.0,0.0,0.0,0.0,0.0,0.0,0.0,0.0,0.0,0.0,0.0,0.0,0.0,0.0
41.7693634259,139739.0,17751.0,7.87217621542,668.0,64441.0,105.0,7.0,955.0,2425.0,2467.0,3089.0,4829.0,3175.0,712.0,82.0,14.0,3.0,0.0,0.0,0.0,0.0,0.0,0.0,0.0,0.0,0.0,0.0,0.0,0.0,0.0,0.0,0.0,0.0,0.0,0.0,0.0,0.0
41.7714467593,140032.0,17749.0,7.88957124345,670.0,64440.0,108.0,65535.0,962.0,2404.0,2364.0,3209.0,4896.0,3132.0,680.0,77.0,18.0,7.0,0.0,0.0,0.0,0.0,0.0,0.0,0.0,0.0,0.0,0.0,0.0,0.0,0.0,0.0,0.0,0.0,0.0,0.0,0.0,0.0
41.7735300926,140314.0,17746.0,7.90679589767,670.0,64443.0,103.0,11.0,964.0,2450.0,2408.0,3104.0,4983.0,3012.0,684.0,121.0,17.0,3.0,0.0,0.0,0.0,0.0,0.0,0.0,0.0,0.0,0.0,0.0,0.0,0.0,0.0,0.0,0.0,0.0,0.0,0.0,0.0,0.0
41.7756134259,134857.0,17752.0,7.59672149617,670.0,64440.0,108.0,6.0,1031.0,2543.0,2389.0,3226.0,4881.0,2922.0,657.0,86.0,16.0,1.0,0.0,0.0,0.0,0.0,0.0,0.0,0.0,0.0,0.0,0.0,0.0,0.0,0.0,0.0,0.0,0.0,0.0,0.0,0.0,0.0
41.7776967593,135589.0,17758.0,7.63537560536,670.0,64435.0,112.0,7.0,1040.0,2491.0,2525.0,3212.0,4792.0,2918.0,675.0,80.0,23.0,2.0,0.0,0.0,0.0,0.0,0.0,0.0,0.0,0.0,0.0,0.0,0.0,0.0,0.0,0.0,0.0,0.0,0.0,0.0,0.0,0.0
41.7797800926,136811.0,17753.0,7.70635948854,668.0,64440.0,107.0,7.0,980.0,2499.0,2414.0,3221.0,4877.0,2981.0,678.0,84.0,16.0,3.0,0.0,0.0,0.0,0.0,0.0,0.0,0.0,0.0,0.0,0.0,0.0,0.0,0.0,0.0,0.0,0.0,0.0,0.0,0.0,0.0
41.7818634259,138498.0,17751.0,7.80226466115,670.0,64447.0,105.0,6.0,1060.0,2546.0,2496.0,3094.0,4797.0,2965.0,674.0,89.0,17.0,13.0,0.0,0.0,0.0,0.0,0.0,0.0,0.0,0.0,0.0,0.0,0.0,0.0,0.0,0.0,0.0,0.0,0.0,0.0,0.0,0.0
41.7839467593,138196.0,17751.0,7.78525153512,670.0,64454.0,102.0,7.0,1096.0,2482.0,2355.0,3211.0,4804.0,2997.0,683.0,101.0,17.0,5.0,0.0,0.0,0.0,0.0,0.0,0.0,0.0,0.0,0.0,0.0,0.0,0.0,0.0,0.0,0.0,0.0,0.0,0.0,0.0,0.0
41.7860300926,135103.0,17758.0,7.60800765852,670.0,64444.0,104.0,7.0,1061.0,2531.0,2448.0,3227.0,4808.0,2945.0,624.0,88.0,24.0,2.0,0.0,0.0,0.0,0.0,0.0,0.0,0.0,0.0,0.0,0.0,0.0,0.0,0.0,0.0,0.0,0.0,0.0,0.0,0.0,0.0
41.7881134259,136874.0,17755.0,7.70903970712,671.0,64444.0,103.0,4.0,1036.0,2520.0,2499.0,3235.0,4816.0,2878.0,649.0,89.0,24.0,9.0,0.0,0.0,0.0,0.0,0.0,0.0,0.0,0.0,0.0,0.0,0.0,0.0,0.0,0.0,0.0,0.0,0.0,0.0,0.0,0.0
41.7901967593,136289.0,17758.0,7.67479445884,670.0,64444.0,103.0,9.0,1039.0,2519.0,2517.0,3220.0,4772.0,2925.0,653.0,88.0,16.0,9.0,0.0,0.0,0.0,0.0,0.0,0.0,0.0,0.0,0.0,0.0,0.0,0.0,0.0,0.0,0.0,0.0,0.0,0.0,0.0,0.0
41.7922800926,133800.0,17747.0,7.53930241731,670.0,64441.0,103.0,15.0,1072.0,2674.0,2471.0,3164.0,4653.0,2927.0,679.0,95.0,11.0,1.0,0.0,0.0,0.0,0.0,0.0,0.0,0.0,0.0,0.0,0.0,0.0,0.0,0.0,0.0,0.0,0.0,0.0,0.0,0.0,0.0
41.7943634259,133274.0,17746.0,7.51008678012,670.0,64440.0,107.0,6.0,1099.0,2702.0,2490.0,3162.0,4650.0,2892.0,651.0,73.0,23.0,4.0,0.0,0.0,0.0,0.0,0.0,0.0,0.0,0.0,0.0,0.0,0.0,0.0,0.0,0.0,0.0,0.0,0.0,0.0,0.0,0.0
41.7964467593,133869.0,17746.0,7.54361546264,670.0,64443.0,103.0,3.0,1047.0,2633.0,2484.0,3281.0,4697.0,2835.0,670.0,73.0,20.0,6.0,0.0,0.0,0.0,0.0,0.0,0.0,0.0,0.0,0.0,0.0,0.0,0.0,0.0,0.0,0.0,0.0,0.0,0.0,0.0,0.0
41.7985300926,135866.0,17757.0,7.65140507969,670.0,64441.0,99.0,9.0,1098.0,2552.0,2439.0,3275.0,4707.0,2879.0,690.0,95.0,17.0,5.0,0.0,0.0,0.0,0.0,0.0,0.0,0.0,0.0,0.0,0.0,0.0,0.0,0.0,0.0,0.0,0.0,0.0,0.0,0.0,0.0
41.8006134259,134143.0,17754.0,7.55564943111,670.0,64441.0,105.0,7.0,1128.0,2659.0,2470.0,3096.0,4750.0,2870.0,661.0,102.0,16.0,2.0,0.0,0.0,0.0,0.0,0.0,0.0,0.0,0.0,0.0,0.0,0.0,0.0,0.0,0.0,0.0,0.0,0.0,0.0,0.0,0.0
41.8026967593,134447.0,17749.0,7.57490562849,670.0,64441.0,108.0,7.0,1142.0,2551.0,2470.0,3205.0,4671.0,2918.0,684.0,94.0,11.0,3.0,0.0,0.0,0.0,0.0,0.0,0.0,0.0,0.0,0.0,0.0,0.0,0.0,0.0,0.0,0.0,0.0,0.0,0.0,0.0,0.0
41.8047800926,135970.0,17752.0,7.65941865705,670.0,64440.0,105.0,8.0,1086.0,2574.0,2494.0,3206.0,4778.0,2845.0,629.0,109.0,25.0,6.0,0.0,0.0,0.0,0.0,0.0,0.0,0.0,0.0,0.0,0.0,0.0,0.0,0.0,0.0,0.0,0.0,0.0,0.0,0.0,0.0
41.8068634259,134367.0,17750.0,7.56997183099,670.0,64441.0,108.0,6.0,1098.0,2737.0,2385.0,3251.0,4620.0,2892.0,635.0,107.0,23.0,2.0,0.0,0.0,0.0,0.0,0.0,0.0,0.0,0.0,0.0,0.0,0.0,0.0,0.0,0.0,0.0,0.0,0.0,0.0,0.0,0.0
41.8089467593,137647.0,17762.0,7.74952145029,670.0,64443.0,104.0,11.0,1141.0,2565.0,2453.0,3170.0,4759.0,2898.0,637.0,106.0,20.0,13.0,0.0,0.0,0.0,0.0,0.0,0.0,0.0,0.0,0.0,0.0,0.0,0.0,0.0,0.0,0.0,0.0,0.0,0.0,0.0,0.0
41.8110300926,133870.0,17757.0,7.53899870474,668.0,64441.0,103.0,8.0,1145.0,2596.0,2483.0,3181.0,4720.0,2849.0,673.0,88.0,20.0,2.0,0.0,0.0,0.0,0.0,0.0,0.0,0.0,0.0,0.0,0.0,0.0,0.0,0.0,0.0,0.0,0.0,0.0,0.0,0.0,0.0
41.8131134259,135247.0,17749.0,7.61997859034,668.0,64443.0,104.0,11.0,1105.0,2673.0,2429.0,3241.0,4664.0,2838.0,675.0,97.0,21.0,6.0,0.0,0.0,0.0,0.0,0.0,0.0,0.0,0.0,0.0,0.0,0.0,0.0,0.0,0.0,0.0,0.0,0.0,0.0,0.0,0.0
41.8151967593,131557.0,17753.0,7.41040950825,668.0,64440.0,104.0,8.0,1117.0,2591.0,2493.0,3257.0,4753.0,2814.0,628.0,86.0,10.0,4.0,0.0,0.0,0.0,0.0,0.0,0.0,0.0,0.0,0.0,0.0,0.0,0.0,0.0,0.0,0.0,0.0,0.0,0.0,0.0,0.0
41.8172800926,136308.0,17749.0,7.67975660601,670.0,64440.0,105.0,8.0,1122.0,2612.0,2460.0,3254.0,4634.0,2806.0,740.0,98.0,16.0,7.0,0.0,0.0,0.0,0.0,0.0,0.0,0.0,0.0,0.0,0.0,0.0,0.0,0.0,0.0,0.0,0.0,0.0,0.0,0.0,0.0
41.8193634259,140004.0,17755.0,7.8853280766,670.0,64440.0,108.0,7.0,1808.0,1808.0,2460.0,3253.0,4637.0,2926.0,716.0,110.0,28.0,7.0,0.0,1.0,0.0,0.0,0.0,0.0,0.0,0.0,0.0,0.0,0.0,0.0,0.0,0.0,0.0,0.0,0.0,0.0,0.0,0.0
41.8214467593,138214.0,17751.0,7.7862655625,670.0,64440.0,108.0,8.0,1111.0,2592.0,2491.0,3340.0,4498.0,2847.0,717.0,118.0,33.0,4.0,0.0,0.0,0.0,0.0,0.0,0.0,0.0,0.0,0.0,0.0,0.0,0.0,0.0,0.0,0.0,0.0,0.0,0.0,0.0,0.0
41.8235300926,147145.0,17753.0,8.28845828874,665.0,64446.0,108.0,7.0,2383.0,2383.0,2383.0,2383.0,4426.0,2889.0,720.0,131.0,30.0,15.0,3.0,2.0,1.0,1.0,0.0,0.0,0.0,0.0,0.0,0.0,0.0,0.0,0.0,0.0,0.0,0.0,0.0,0.0,0.0,0.0
41.8256134259,131372.0,17749.0,7.40165643135,670.0,64440.0,107.0,6.0,1238.0,2630.0,2411.0,3476.0,4488.0,2700.0,694.0,94.0,15.0,3.0,0.0,0.0,0.0,0.0,0.0,0.0,0.0,0.0,0.0,0.0,0.0,0.0,0.0,0.0,0.0,0.0,0.0,0.0,0.0,0.0
41.8276967593,132273.0,17753.0,7.45074071988,670.0,64443.0,111.0,6.0,1162.0,2649.0,2372.0,3496.0,4528.0,2765.0,669.0,93.0,14.0,5.0,0.0,0.0,0.0,0.0,0.0,0.0,0.0,0.0,0.0,0.0,0.0,0.0,0.0,0.0,0.0,0.0,0.0,0.0,0.0,0.0
41.8297800926,129744.0,17750.0,7.30952112676,668.0,64444.0,105.0,7.0,1187.0,2760.0,2502.0,3417.0,4481.0,2665.0,614.0,97.0,23.0,4.0,0.0,0.0,0.0,0.0,0.0,0.0,0.0,0.0,0.0,0.0,0.0,0.0,0.0,0.0,0.0,0.0,0.0,0.0,0.0,0.0
41.8318634259,129932.0,17753.0,7.31887568298,670.0,64440.0,104.0,7.0,1262.0,2778.0,2489.0,3414.0,4373.0,2640.0,690.0,86.0,13.0,8.0,0.0,0.0,0.0,0.0,0.0,0.0,0.0,0.0,0.0,0.0,0.0,0.0,0.0,0.0,0.0,0.0,0.0,0.0,0.0,0.0
41.8339467593,128408.0,17745.0,7.23629191321,670.0,64444.0,103.0,12.0,1180.0,2790.0,2447.0,3483.0,4507.0,2611.0,621.0,82.0,18.0,6.0,0.0,0.0,0.0,0.0,0.0,0.0,0.0,0.0,0.0,0.0,0.0,0.0,0.0,0.0,0.0,0.0,0.0,0.0,0.0,0.0
41.8360300926,129366.0,17754.0,7.28658330517,668.0,64441.0,105.0,7.0,1246.0,2706.0,2454.0,3440.0,4461.0,2705.0,633.0,91.0,13.0,5.0,0.0,0.0,0.0,0.0,0.0,0.0,0.0,0.0,0.0,0.0,0.0,0.0,0.0,0.0,0.0,0.0,0.0,0.0,0.0,0.0
41.8381134259,127494.0,17758.0,7.17952472125,670.0,64440.0,105.0,12.0,1233.0,2808.0,2469.0,3461.0,4428.0,2625.0,622.0,96.0,13.0,3.0,0.0,0.0,0.0,0.0,0.0,0.0,0.0,0.0,0.0,0.0,0.0,0.0,0.0,0.0,0.0,0.0,0.0,0.0,0.0,0.0
41.8401967593,129412.0,17752.0,7.28999549347,670.0,64444.0,104.0,7.0,1198.0,2804.0,2418.0,3545.0,4465.0,2572.0,610.0,107.0,32.0,1.0,0.0,0.0,0.0,0.0,0.0,0.0,0.0,0.0,0.0,0.0,0.0,0.0,0.0,0.0,0.0,0.0,0.0,0.0,0.0,0.0
41.8422800926,133385.0,17752.0,7.51380126183,670.0,64447.0,108.0,6.0,1102.0,2781.0,2478.0,3416.0,4480.0,2711.0,648.0,102.0,25.0,9.0,0.0,0.0,0.0,0.0,0.0,0.0,0.0,0.0,0.0,0.0,0.0,0.0,0.0,0.0,0.0,0.0,0.0,0.0,0.0,0.0
41.8443634259,129004.0,17742.0,7.27110810506,670.0,64443.0,105.0,12.0,1260.0,2722.0,2473.0,3472.0,4415.0,2642.0,647.0,89.0,17.0,5.0,0.0,0.0,0.0,0.0,0.0,0.0,0.0,0.0,0.0,0.0,0.0,0.0,0.0,0.0,0.0,0.0,0.0,0.0,0.0,0.0
41.8464467593,129976.0,17743.0,7.32548047117,668.0,64440.0,107.0,7.0,1217.0,2742.0,2455.0,3445.0,4466.0,2671.0,638.0,83.0,18.0,8.0,0.0,0.0,0.0,0.0,0.0,0.0,0.0,0.0,0.0,0.0,0.0,0.0,0.0,0.0,0.0,0.0,0.0,0.0,0.0,0.0
41.8485300926,129831.0,17755.0,7.31236271473,670.0,64440.0,108.0,8.0,1187.0,2703.0,2356.0,3602.0,4489.0,2692.0,611.0,88.0,24.0,3.0,0.0,0.0,0.0,0.0,0.0,0.0,0.0,0.0,0.0,0.0,0.0,0.0,0.0,0.0,0.0,0.0,0.0,0.0,0.0,0.0
41.8506134259,130987.0,17750.0,7.37954929577,667.0,64440.0,104.0,7.0,1265.0,2683.0,2410.0,3651.0,4368.0,2583.0,661.0,99.0,20.0,10.0,0.0,0.0,0.0,0.0,0.0,0.0,0.0,0.0,0.0,0.0,0.0,0.0,0.0,0.0,0.0,0.0,0.0,0.0,0.0,0.0
41.8526967593,128269.0,17746.0,7.22805139186,670.0,64444.0,108.0,4.0,1273.0,2793.0,2342.0,3650.0,4366.0,2584.0,623.0,86.0,23.0,6.0,0.0,0.0,0.0,0.0,0.0,0.0,0.0,0.0,0.0,0.0,0.0,0.0,0.0,0.0,0.0,0.0,0.0,0.0,0.0,0.0
41.8547800926,128460.0,17741.0,7.24085451778,670.0,64440.0,105.0,12.0,1245.0,2812.0,2474.0,3451.0,4480.0,2519.0,643.0,89.0,21.0,7.0,0.0,0.0,0.0,0.0,0.0,0.0,0.0,0.0,0.0,0.0,0.0,0.0,0.0,0.0,0.0,0.0,0.0,0.0,0.0,0.0
41.8568634259,128592.0,17750.0,7.24461971831,668.0,64440.0,108.0,8.0,1261.0,2694.0,2453.0,3604.0,4332.0,2655.0,642.0,85.0,21.0,3.0,0.0,0.0,0.0,0.0,0.0,0.0,0.0,0.0,0.0,0.0,0.0,0.0,0.0,0.0,0.0,0.0,0.0,0.0,0.0,0.0
41.8589467593,130506.0,17747.0,7.35369358201,670.0,64440.0,108.0,6.0,1248.0,2782.0,2396.0,3575.0,4367.0,2544.0,721.0,87.0,20.0,7.0,0.0,0.0,0.0,0.0,0.0,0.0,0.0,0.0,0.0,0.0,0.0,0.0,0.0,0.0,0.0,0.0,0.0,0.0,0.0,0.0
41.8610300926,127060.0,17748.0,7.15911652017,670.0,64444.0,104.0,7.0,1233.0,2764.0,2446.0,3593.0,4379.0,2627.0,602.0,80.0,20.0,4.0,0.0,0.0,0.0,0.0,0.0,0.0,0.0,0.0,0.0,0.0,0.0,0.0,0.0,0.0,0.0,0.0,0.0,0.0,0.0,0.0
41.8631134259,129482.0,17753.0,7.29352785445,665.0,64444.0,107.0,7.0,1285.0,2776.0,2393.0,3638.0,4309.0,2598.0,645.0,75.0,22.0,12.0,0.0,0.0,0.0,0.0,0.0,0.0,0.0,0.0,0.0,0.0,0.0,0.0,0.0,0.0,0.0,0.0,0.0,0.0,0.0,0.0
41.8651967593,130744.0,17749.0,7.36627415629,668.0,64439.0,108.0,7.0,1291.0,2798.0,2379.0,3565.0,4322.0,2577.0,685.0,103.0,22.0,7.0,0.0,0.0,0.0,0.0,0.0,0.0,0.0,0.0,0.0,0.0,0.0,0.0,0.0,0.0,0.0,0.0,0.0,0.0,0.0,0.0
41.8672800926,128494.0,17749.0,7.23950645107,670.0,64440.0,108.0,6.0,1280.0,2742.0,2272.0,3668.0,4423.0,2629.0,599.0,117.0,19.0,0.0,0.0,0.0,0.0,0.0,0.0,0.0,0.0,0.0,0.0,0.0,0.0,0.0,0.0,0.0,0.0,0.0,0.0,0.0,0.0,0.0
41.8693634259,126404.0,17749.0,7.12175333822,670.0,64440.0,103.0,12.0,1272.0,2776.0,2296.0,3719.0,4372.0,2606.0,603.0,90.0,11.0,4.0,0.0,0.0,0.0,0.0,0.0,0.0,0.0,0.0,0.0,0.0,0.0,0.0,0.0,0.0,0.0,0.0,0.0,0.0,0.0,0.0
41.8714467593,126472.0,17738.0,7.13000338257,670.0,64443.0,108.0,6.0,1237.0,2840.0,2296.0,3776.0,4272.0,2586.0,617.0,93.0,21.0,0.0,0.0,0.0,0.0,0.0,0.0,0.0,0.0,0.0,0.0,0.0,0.0,0.0,0.0,0.0,0.0,0.0,0.0,0.0,0.0,0.0
41.8735300926,128793.0,17746.0,7.25757917277,670.0,64446.0,108.0,3.0,1253.0,2833.0,2358.0,3715.0,4288.0,2501.0,666.0,102.0,27.0,3.0,0.0,0.0,0.0,0.0,0.0,0.0,0.0,0.0,0.0,0.0,0.0,0.0,0.0,0.0,0.0,0.0,0.0,0.0,0.0,0.0
41.8756134259,127456.0,17755.0,7.17859757815,670.0,64444.0,110.0,65535.0,1232.0,2846.0,2305.0,3796.0,4226.0,2614.0,618.0,95.0,20.0,3.0,0.0,0.0,0.0,0.0,0.0,0.0,0.0,0.0,0.0,0.0,0.0,0.0,0.0,0.0,0.0,0.0,0.0,0.0,0.0,0.0
41.8776967593,126413.0,17745.0,7.12386587771,670.0,64443.0,108.0,3.0,1268.0,2827.0,2361.0,3848.0,4246.0,2484.0,582.0,92.0,33.0,4.0,0.0,0.0,0.0,0.0,0.0,0.0,0.0,0.0,0.0,0.0,0.0,0.0,0.0,0.0,0.0,0.0,0.0,0.0,0.0,0.0
41.8797800926,126468.0,17752.0,7.12415502479,670.0,64443.0,105.0,7.0,1310.0,2808.0,2314.0,3794.0,4264.0,2545.0,593.0,103.0,15.0,6.0,0.0,0.0,0.0,0.0,0.0,0.0,0.0,0.0,0.0,0.0,0.0,0.0,0.0,0.0,0.0,0.0,0.0,0.0,0.0,0.0
41.8818634259,124449.0,17756.0,7.00884208155,671.0,64443.0,104.0,8.0,1283.0,2829.0,2296.0,3845.0,4250.0,2558.0,599.0,78.0,16.0,2.0,0.0,0.0,0.0,0.0,0.0,0.0,0.0,0.0,0.0,0.0,0.0,0.0,0.0,0.0,0.0,0.0,0.0,0.0,0.0,0.0
41.8839467593,124649.0,17748.0,7.02327022763,667.0,64441.0,103.0,8.0,1306.0,2807.0,2399.0,3839.0,4157.0,2499.0,633.0,94.0,11.0,3.0,0.0,0.0,0.0,0.0,0.0,0.0,0.0,0.0,0.0,0.0,0.0,0.0,0.0,0.0,0.0,0.0,0.0,0.0,0.0,0.0
41.8860300926,127174.0,17745.0,7.16675119752,668.0,64440.0,103.0,12.0,1283.0,2872.0,2377.0,3795.0,4084.0,2561.0,658.0,89.0,21.0,5.0,0.0,0.0,0.0,0.0,0.0,0.0,0.0,0.0,0.0,0.0,0.0,0.0,0.0,0.0,0.0,0.0,0.0,0.0,0.0,0.0
41.8881134259,124551.0,17756.0,7.01458661861,670.0,64446.0,105.0,4.0,1312.0,2909.0,2357.0,3830.0,4165.0,2454.0,617.0,89.0,18.0,5.0,0.0,0.0,0.0,0.0,0.0,0.0,0.0,0.0,0.0,0.0,0.0,0.0,0.0,0.0,0.0,0.0,0.0,0.0,0.0,0.0
41.8901967593,127483.0,17760.0,7.17809684685,670.0,64440.0,108.0,7.0,1307.0,2809.0,2221.0,3818.0,4286.0,2555.0,651.0,90.0,21.0,2.0,0.0,0.0,0.0,0.0,0.0,0.0,0.0,0.0,0.0,0.0,0.0,0.0,0.0,0.0,0.0,0.0,0.0,0.0,0.0,0.0
41.8922800926,122070.0,17753.0,6.8760209542,670.0,64440.0,108.0,6.0,1349.0,2846.0,2354.0,3867.0,4225.0,2426.0,574.0,98.0,14.0,0.0,0.0,0.0,0.0,0.0,0.0,0.0,0.0,0.0,0.0,0.0,0.0,0.0,0.0,0.0,0.0,0.0,0.0,0.0,0.0,0.0
41.8943634259,123485.0,17757.0,6.95415892324,670.0,64440.0,108.0,7.0,1304.0,2943.0,2383.0,3760.0,4208.0,2464.0,582.0,89.0,22.0,2.0,0.0,0.0,0.0,0.0,0.0,0.0,0.0,0.0,0.0,0.0,0.0,0.0,0.0,0.0,0.0,0.0,0.0,0.0,0.0,0.0
41.8964467593,122432.0,17753.0,6.89641187405,668.0,64444.0,105.0,3.0,1329.0,2790.0,2269.0,3962.0,4273.0,2489.0,543.0,79.0,16.0,3.0,0.0,0.0,0.0,0.0,0.0,0.0,0.0,0.0,0.0,0.0,0.0,0.0,0.0,0.0,0.0,0.0,0.0,0.0,0.0,0.0
41.9027199074,126308.0,17767.0,7.10913491304,670.0,64441.0,108.0,7.0,1308.0,2834.0,2231.0,4007.0,4149.0,2500.0,625.0,91.0,13.0,9.0,0.0,0.0,0.0,0.0,0.0,0.0,0.0,0.0,0.0,0.0,0.0,0.0,0.0,0.0,0.0,0.0,0.0,0.0,0.0,0.0
41.9048032407,122308.0,17757.0,6.88787520414,667.0,64440.0,108.0,7.0,1365.0,2802.0,2347.0,3945.0,4185.0,2435.0,575.0,84.0,16.0,3.0,0.0,0.0,0.0,0.0,0.0,0.0,0.0,0.0,0.0,0.0,0.0,0.0,0.0,0.0,0.0,0.0,0.0,0.0,0.0,0.0
41.9068865741,124868.0,17763.0,7.02966841187,670.0,64440.0,105.0,6.0,1346.0,2814.0,2249.0,3995.0,4183.0,2451.0,611.0,96.0,11.0,7.0,0.0,0.0,0.0,0.0,0.0,0.0,0.0,0.0,0.0,0.0,0.0,0.0,0.0,0.0,0.0,0.0,0.0,0.0,0.0,0.0
41.9089699074,125377.0,17771.0,7.05514602442,667.0,64444.0,107.0,6.0,1256.0,2785.0,2270.0,4069.0,4154.0,2524.0,584.0,110.0,19.0,0.0,0.0,0.0,0.0,0.0,0.0,0.0,0.0,0.0,0.0,0.0,0.0,0.0,0.0,0.0,0.0,0.0,0.0,0.0,0.0,0.0
41.9110532407,123868.0,17756.0,6.97612074792,667.0,64451.0,105.0,11.0,1280.0,2838.0,2297.0,3921.0,4180.0,2559.0,584.0,80.0,14.0,3.0,0.0,0.0,0.0,0.0,0.0,0.0,0.0,0.0,0.0,0.0,0.0,0.0,0.0,0.0,0.0,0.0,0.0,0.0,0.0,0.0
41.9131365741,123975.0,17754.0,6.98293342345,668.0,64443.0,103.0,12.0,1287.0,2807.0,2226.0,4113.0,4157.0,2442.0,615.0,87.0,19.0,1.0,0.0,0.0,0.0,0.0,0.0,0.0,0.0,0.0,0.0,0.0,0.0,0.0,0.0,0.0,0.0,0.0,0.0,0.0,0.0,0.0
41.9152199074,123811.0,17757.0,6.97251788027,665.0,64443.0,108.0,65535.0,1277.0,2885.0,2167.0,4254.0,4057.0,2419.0,582.0,97.0,10.0,9.0,0.0,0.0,0.0,0.0,0.0,0.0,0.0,0.0,0.0,0.0,0.0,0.0,0.0,0.0,0.0,0.0,0.0,0.0,0.0,0.0
41.9173032407,126664.0,17762.0,7.13117892129,665.0,64441.0,108.0,7.0,1303.0,2794.0,2185.0,4153.0,4103.0,2439.0,666.0,90.0,27.0,2.0,0.0,0.0,0.0,0.0,0.0,0.0,0.0,0.0,0.0,0.0,0.0,0.0,0.0,0.0,0.0,0.0,0.0,0.0,0.0,0.0
41.9193865741,123961.0,17755.0,6.98175161926,668.0,64444.0,104.0,4.0,1258.0,2765.0,2124.0,4163.0,4259.0,2467.0,628.0,80.0,10.0,1.0,0.0,0.0,0.0,0.0,0.0,0.0,0.0,0.0,0.0,0.0,0.0,0.0,0.0,0.0,0.0,0.0,0.0,0.0,0.0,0.0
41.9214699074,122491.0,17751.0,6.90051264717,667.0,64440.0,107.0,6.0,1290.0,2869.0,2231.0,4238.0,3994.0,2445.0,584.0,74.0,23.0,3.0,0.0,0.0,0.0,0.0,0.0,0.0,0.0,0.0,0.0,0.0,0.0,0.0,0.0,0.0,0.0,0.0,0.0,0.0,0.0,0.0
41.9235532407,123885.0,17756.0,6.97707817076,668.0,64442.0,104.0,7.0,1302.0,2847.0,2137.0,4281.0,4081.0,2397.0,599.0,88.0,18.0,6.0,0.0,0.0,0.0,0.0,0.0,0.0,0.0,0.0,0.0,0.0,0.0,0.0,0.0,0.0,0.0,0.0,0.0,0.0,0.0,0.0
41.9256365741,123344.0,17759.0,6.9454361169,668.0,64446.0,108.0,7.0,1328.0,2824.0,2206.0,4211.0,4062.0,2431.0,601.0,69.0,21.0,6.0,0.0,0.0,0.0,0.0,0.0,0.0,0.0,0.0,0.0,0.0,0.0,0.0,0.0,0.0,0.0,0.0,0.0,0.0,0.0,0.0
41.9277199074,123540.0,17753.0,6.95882386076,670.0,64441.0,108.0,6.0,1275.0,2788.0,2124.0,4264.0,4265.0,2361.0,561.0,90.0,20.0,5.0,0.0,0.0,0.0,0.0,0.0,0.0,0.0,0.0,0.0,0.0,0.0,0.0,0.0,0.0,0.0,0.0,0.0,0.0,0.0,0.0
41.9298032407,123758.0,17756.0,6.96992565893,668.0,64444.0,108.0,7.0,1376.0,2814.0,2062.0,4265.0,4138.0,2378.0,620.0,77.0,22.0,4.0,0.0,0.0,0.0,0.0,0.0,0.0,0.0,0.0,0.0,0.0,0.0,0.0,0.0,0.0,0.0,0.0,0.0,0.0,0.0,0.0
41.9318865741,123839.0,17762.0,6.97213151672,665.0,64440.0,104.0,7.0,1266.0,2817.0,2045.0,4333.0,4270.0,2346.0,568.0,96.0,14.0,7.0,0.0,0.0,0.0,0.0,0.0,0.0,0.0,0.0,0.0,0.0,0.0,0.0,0.0,0.0,0.0,0.0,0.0,0.0,0.0,0.0
41.9339699074,122495.0,17753.0,6.89996057004,670.0,64440.0,104.0,8.0,1323.0,2703.0,2052.0,4454.0,4160.0,2353.0,610.0,86.0,9.0,3.0,0.0,0.0,0.0,0.0,0.0,0.0,0.0,0.0,0.0,0.0,0.0,0.0,0.0,0.0,0.0,0.0,0.0,0.0,0.0,0.0
41.9360532407,121535.0,17756.0,6.84472854246,665.0,64449.0,105.0,7.0,1378.0,2861.0,2045.0,4444.0,4007.0,2361.0,557.0,75.0,22.0,6.0,0.0,0.0,0.0,0.0,0.0,0.0,0.0,0.0,0.0,0.0,0.0,0.0,0.0,0.0,0.0,0.0,0.0,0.0,0.0,0.0
41.9381365741,123597.0,17757.0,6.96046629498,665.0,64440.0,110.0,8.0,1295.0,2761.0,2062.0,4388.0,4161.0,2337.0,648.0,93.0,10.0,2.0,0.0,0.0,0.0,0.0,0.0,0.0,0.0,0.0,0.0,0.0,0.0,0.0,0.0,0.0,0.0,0.0,0.0,0.0,0.0,0.0
41.9402199074,125139.0,17760.0,7.04611486486,668.0,64440.0,111.0,4.0,1278.0,2697.0,2125.0,4366.0,4205.0,2383.0,593.0,84.0,22.0,7.0,0.0,0.0,0.0,0.0,0.0,0.0,0.0,0.0,0.0,0.0,0.0,0.0,0.0,0.0,0.0,0.0,0.0,0.0,0.0,0.0
41.9423032407,125362.0,17754.0,7.06105666329,668.0,64440.0,103.0,7.0,1284.0,2708.0,2087.0,4476.0,4138.0,2341.0,600.0,89.0,22.0,9.0,0.0,0.0,0.0,0.0,0.0,0.0,0.0,0.0,0.0,0.0,0.0,0.0,0.0,0.0,0.0,0.0,0.0,0.0,0.0,0.0
41.9443865741,122593.0,17762.0,6.90198175881,670.0,64440.0,108.0,65535.0,1366.0,2741.0,2082.0,4516.0,4109.0,2231.0,604.0,86.0,21.0,6.0,0.0,0.0,0.0,0.0,0.0,0.0,0.0,0.0,0.0,0.0,0.0,0.0,0.0,0.0,0.0,0.0,0.0,0.0,0.0,0.0
41.9464699074,120258.0,17754.0,6.77357215275,668.0,64440.0,108.0,8.0,1303.0,2816.0,2061.0,4474.0,4182.0,2241.0,576.0,84.0,16.0,1.0,0.0,0.0,0.0,0.0,0.0,0.0,0.0,0.0,0.0,0.0,0.0,0.0,0.0,0.0,0.0,0.0,0.0,0.0,0.0,0.0
41.9485532407,124175.0,17764.0,6.99026120243,670.0,64440.0,105.0,8.0,1297.0,2655.0,2034.0,4485.0,4207.0,2424.0,548.0,87.0,23.0,4.0,0.0,0.0,0.0,0.0,0.0,0.0,0.0,0.0,0.0,0.0,0.0,0.0,0.0,0.0,0.0,0.0,0.0,0.0,0.0,0.0
41.9506365741,122813.0,17753.0,6.91787303554,665.0,64441.0,108.0,7.0,1292.0,2737.0,2054.0,4492.0,4122.0,2384.0,580.0,70.0,14.0,8.0,0.0,0.0,0.0,0.0,0.0,0.0,0.0,0.0,0.0,0.0,0.0,0.0,0.0,0.0,0.0,0.0,0.0,0.0,0.0,0.0
41.9527199074,121103.0,17754.0,6.82116706094,665.0,64444.0,105.0,6.0,1318.0,2775.0,2022.0,4549.0,4101.0,2371.0,526.0,65.0,20.0,7.0,0.0,0.0,0.0,0.0,0.0,0.0,0.0,0.0,0.0,0.0,0.0,0.0,0.0,0.0,0.0,0.0,0.0,0.0,0.0,0.0
41.9548032407,120894.0,17760.0,6.80709459459,668.0,64440.0,108.0,3.0,1316.0,2758.0,2000.0,4576.0,4123.0,2320.0,568.0,84.0,13.0,2.0,0.0,0.0,0.0,0.0,0.0,0.0,0.0,0.0,0.0,0.0,0.0,0.0,0.0,0.0,0.0,0.0,0.0,0.0,0.0,0.0
41.9568865741,121531.0,17762.0,6.84219119469,668.0,64440.0,105.0,6.0,1298.0,2609.0,1943.0,4827.0,4130.0,2308.0,541.0,86.0,17.0,3.0,0.0,0.0,0.0,0.0,0.0,0.0,0.0,0.0,0.0,0.0,0.0,0.0,0.0,0.0,0.0,0.0,0.0,0.0,0.0,0.0
41.9589699074,120062.0,17757.0,6.76138987442,670.0,64438.0,105.0,4.0,1315.0,2790.0,2038.0,4613.0,4081.0,2271.0,557.0,68.0,20.0,4.0,0.0,0.0,0.0,0.0,0.0,0.0,0.0,0.0,0.0,0.0,0.0,0.0,0.0,0.0,0.0,0.0,0.0,0.0,0.0,0.0
41.9610532407,125601.0,17755.0,7.07411996621,665.0,64444.0,108.0,6.0,1282.0,2711.0,2025.0,4610.0,4022.0,2410.0,567.0,94.0,25.0,9.0,0.0,0.0,0.0,0.0,0.0,0.0,0.0,0.0,0.0,0.0,0.0,0.0,0.0,0.0,0.0,0.0,0.0,0.0,0.0,0.0
41.9631365741,125567.0,17754.0,7.07260335699,664.0,64439.0,103.0,6.0,1267.0,2711.0,2018.0,4567.0,4079.0,2399.0,597.0,87.0,20.0,9.0,0.0,0.0,0.0,0.0,0.0,0.0,0.0,0.0,0.0,0.0,0.0,0.0,0.0,0.0,0.0,0.0,0.0,0.0,0.0,0.0
41.9652199074,122053.0,17762.0,6.87157977705,667.0,64440.0,103.0,7.0,1316.0,2675.0,2071.0,4485.0,4242.0,2320.0,550.0,77.0,23.0,3.0,0.0,0.0,0.0,0.0,0.0,0.0,0.0,0.0,0.0,0.0,0.0,0.0,0.0,0.0,0.0,0.0,0.0,0.0,0.0,0.0
41.9673032407,126674.0,17756.0,7.134151836,665.0,64441.0,104.0,7.0,1282.0,2628.0,1961.0,4485.0,4181.0,2530.0,577.0,79.0,29.0,4.0,0.0,0.0,0.0,0.0,0.0,0.0,0.0,0.0,0.0,0.0,0.0,0.0,0.0,0.0,0.0,0.0,0.0,0.0,0.0,0.0
41.9693865741,121875.0,17751.0,6.86581037688,665.0,64443.0,108.0,7.0,1247.0,2745.0,2067.0,4635.0,4073.0,2324.0,554.0,80.0,22.0,4.0,0.0,0.0,0.0,0.0,0.0,0.0,0.0,0.0,0.0,0.0,0.0,0.0,0.0,0.0,0.0,0.0,0.0,0.0,0.0,0.0
41.9714699074,120405.0,17756.0,6.7810880829,664.0,64446.0,103.0,8.0,1329.0,2797.0,1898.0,4697.0,4076.0,2345.0,500.0,91.0,22.0,1.0,0.0,0.0,0.0,0.0,0.0,0.0,0.0,0.0,0.0,0.0,0.0,0.0,0.0,0.0,0.0,0.0,0.0,0.0,0.0,0.0
41.9735532407,123547.0,17760.0,6.95647522523,668.0,64447.0,108.0,9.0,1280.0,2741.0,1953.0,4599.0,4149.0,2344.0,573.0,102.0,17.0,1.0,1.0,0.0,0.0,0.0,0.0,0.0,0.0,0.0,0.0,0.0,0.0,0.0,0.0,0.0,0.0,0.0,0.0,0.0,0.0,0.0
41.9756365741,120306.0,17752.0,6.77703920685,665.0,64440.0,112.0,6.0,1335.0,2710.0,2006.0,4590.0,4205.0,2277.0,528.0,85.0,10.0,6.0,0.0,0.0,0.0,0.0,0.0,0.0,0.0,0.0,0.0,0.0,0.0,0.0,0.0,0.0,0.0,0.0,0.0,0.0,0.0,0.0
41.9777199074,119232.0,17757.0,6.71464774455,667.0,64441.0,108.0,7.0,1346.0,2728.0,1908.0,4670.0,4259.0,2224.0,523.0,81.0,17.0,1.0,0.0,0.0,0.0,0.0,0.0,0.0,0.0,0.0,0.0,0.0,0.0,0.0,0.0,0.0,0.0,0.0,0.0,0.0,0.0,0.0
41.9798032407,124586.0,17757.0,7.01616264009,664.0,64444.0,105.0,7.0,1338.0,2632.0,1929.0,4672.0,4164.0,2339.0,544.0,112.0,22.0,5.0,0.0,0.0,0.0,0.0,0.0,0.0,0.0,0.0,0.0,0.0,0.0,0.0,0.0,0.0,0.0,0.0,0.0,0.0,0.0,0.0
41.9818865741,120360.0,17756.0,6.77855372832,665.0,64440.0,105.0,7.0,1289.0,2734.0,1879.0,4749.0,4211.0,2272.0,526.0,79.0,11.0,6.0,0.0,0.0,0.0,0.0,0.0,0.0,0.0,0.0,0.0,0.0,0.0,0.0,0.0,0.0,0.0,0.0,0.0,0.0,0.0,0.0
41.9839699074,124189.0,17754.0,6.99498704517,664.0,64440.0,110.0,6.0,1280.0,2701.0,1842.0,4699.0,4184.0,2376.0,542.0,105.0,23.0,2.0,0.0,0.0,0.0,0.0,0.0,0.0,0.0,0.0,0.0,0.0,0.0,0.0,0.0,0.0,0.0,0.0,0.0,0.0,0.0,0.0
41.9860532407,123241.0,17753.0,6.94198163691,664.0,64441.0,107.0,7.0,1300.0,2651.0,1907.0,4762.0,4118.0,2355.0,541.0,95.0,19.0,5.0,0.0,0.0,0.0,0.0,0.0,0.0,0.0,0.0,0.0,0.0,0.0,0.0,0.0,0.0,0.0,0.0,0.0,0.0,0.0,0.0
41.9881365741,124519.0,17752.0,7.01436457864,665.0,64443.0,110.0,4.0,1277.0,2667.0,1866.0,4764.0,4139.0,2380.0,541.0,89.0,20.0,9.0,0.0,0.0,0.0,0.0,0.0,0.0,0.0,0.0,0.0,0.0,0.0,0.0,0.0,0.0,0.0,0.0,0.0,0.0,0.0,0.0
41.9902199074,122070.0,17753.0,6.8760209542,665.0,64440.0,107.0,9.0,1289.0,2618.0,1880.0,4827.0,4234.0,2289.0,509.0,78.0,22.0,7.0,0.0,0.0,0.0,0.0,0.0,0.0,0.0,0.0,0.0,0.0,0.0,0.0,0.0,0.0,0.0,0.0,0.0,0.0,0.0,0.0
41.9923032407,121097.0,17755.0,6.82044494509,665.0,64444.0,108.0,7.0,1291.0,2741.0,1964.0,4773.0,4087.0,2285.0,515.0,72.0,15.0,12.0,0.0,0.0,0.0,0.0,0.0,0.0,0.0,0.0,0.0,0.0,0.0,0.0,0.0,0.0,0.0,0.0,0.0,0.0,0.0,0.0
41.9943865741,120734.0,17752.0,6.80114916629,665.0,64440.0,109.0,7.0,1328.0,2674.0,1826.0,4778.0,4234.0,2265.0,547.0,82.0,17.0,1.0,0.0,0.0,0.0,0.0,0.0,0.0,0.0,0.0,0.0,0.0,0.0,0.0,0.0,0.0,0.0,0.0,0.0,0.0,0.0,0.0
41.9964699074,121572.0,17756.0,6.84681234512,665.0,64441.0,108.0,7.0,1359.0,2620.0,1872.0,4804.0,4203.0,2250.0,548.0,74.0,20.0,6.0,0.0,0.0,0.0,0.0,0.0,0.0,0.0,0.0,0.0,0.0,0.0,0.0,0.0,0.0,0.0,0.0,0.0,0.0,0.0,0.0
41.9985532407,121101.0,17756.0,6.82028610047,667.0,64447.0,105.0,0.0,1295.0,2647.0,1847.0,5018.0,4046.0,2257.0,535.0,86.0,22.0,3.0,0.0,0.0,0.0,0.0,0.0,0.0,0.0,0.0,0.0,0.0,0.0,0.0,0.0,0.0,0.0,0.0,0.0,0.0,0.0,0.0
42.0006365741,124571.0,17757.0,7.0153179028,664.0,64451.0,103.0,6.0,1380.0,2597.0,1887.0,4856.0,4113.0,2207.0,575.0,108.0,27.0,7.0,0.0,0.0,0.0,0.0,0.0,0.0,0.0,0.0,0.0,0.0,0.0,0.0,0.0,0.0,0.0,0.0,0.0,0.0,0.0,0.0
42.0027199074,121661.0,17760.0,6.85028153153,673.0,64440.0,105.0,8.0,1275.0,2647.0,1825.0,4969.0,4092.0,2310.0,532.0,91.0,15.0,4.0,0.0,0.0,0.0,0.0,0.0,0.0,0.0,0.0,0.0,0.0,0.0,0.0,0.0,0.0,0.0,0.0,0.0,0.0,0.0,0.0
42.0048032407,120802.0,17759.0,6.80229742666,665.0,64440.0,110.0,7.0,1318.0,2626.0,1802.0,5041.0,4149.0,2154.0,558.0,91.0,16.0,4.0,0.0,0.0,0.0,0.0,0.0,0.0,0.0,0.0,0.0,0.0,0.0,0.0,0.0,0.0,0.0,0.0,0.0,0.0,0.0,0.0
42.0068865741,121360.0,17752.0,6.83641279856,664.0,64440.0,108.0,6.0,1268.0,2610.0,1771.0,4992.0,4175.0,2337.0,498.0,81.0,14.0,6.0,0.0,0.0,0.0,0.0,0.0,0.0,0.0,0.0,0.0,0.0,0.0,0.0,0.0,0.0,0.0,0.0,0.0,0.0,0.0,0.0
42.0089699074,119627.0,17757.0,6.7368924931,665.0,64441.0,108.0,7.0,1318.0,2555.0,1712.0,5106.0,4241.0,2232.0,497.0,76.0,18.0,2.0,0.0,0.0,0.0,0.0,0.0,0.0,0.0,0.0,0.0,0.0,0.0,0.0,0.0,0.0,0.0,0.0,0.0,0.0,0.0,0.0
42.0110532407,120547.0,17745.0,6.7932938856,664.0,64440.0,110.0,12.0,1288.0,2605.0,1891.0,4974.0,4153.0,2221.0,507.0,77.0,24.0,5.0,0.0,0.0,0.0,0.0,0.0,0.0,0.0,0.0,0.0,0.0,0.0,0.0,0.0,0.0,0.0,0.0,0.0,0.0,0.0,0.0
42.0131365741,122908.0,17756.0,6.92205451678,665.0,64440.0,110.0,3.0,1302.0,2584.0,1782.0,4882.0,4260.0,2335.0,508.0,79.0,13.0,11.0,0.0,0.0,0.0,0.0,0.0,0.0,0.0,0.0,0.0,0.0,0.0,0.0,0.0,0.0,0.0,0.0,0.0,0.0,0.0,0.0
42.0152199074,120514.0,17752.0,6.78875619648,664.0,64441.0,105.0,11.0,1314.0,2622.0,1804.0,4925.0,4195.0,2292.0,491.0,89.0,17.0,3.0,0.0,0.0,0.0,0.0,0.0,0.0,0.0,0.0,0.0,0.0,0.0,0.0,0.0,0.0,0.0,0.0,0.0,0.0,0.0,0.0
42.0173032407,121774.0,17751.0,6.86012055659,664.0,64441.0,104.0,6.0,1254.0,2518.0,1804.0,5036.0,4220.0,2321.0,497.0,76.0,20.0,5.0,0.0,0.0,0.0,0.0,0.0,0.0,0.0,0.0,0.0,0.0,0.0,0.0,0.0,0.0,0.0,0.0,0.0,0.0,0.0,0.0
42.0193865741,121384.0,17752.0,6.8377647589,664.0,64440.0,107.0,12.0,1303.0,2552.0,1804.0,5050.0,4200.0,2237.0,489.0,90.0,21.0,6.0,0.0,0.0,0.0,0.0,0.0,0.0,0.0,0.0,0.0,0.0,0.0,0.0,0.0,0.0,0.0,0.0,0.0,0.0,0.0,0.0
42.0214699074,127201.0,17751.0,7.16584981128,665.0,64444.0,103.0,9.0,1214.0,2499.0,1735.0,4916.0,4342.0,2387.0,523.0,102.0,24.0,9.0,0.0,0.0,0.0,0.0,0.0,0.0,0.0,0.0,0.0,0.0,0.0,0.0,0.0,0.0,0.0,0.0,0.0,0.0,0.0,0.0
42.0235532407,123062.0,17751.0,6.93267984902,664.0,64440.0,111.0,7.0,1268.0,2534.0,1836.0,4938.0,4252.0,2355.0,442.0,94.0,23.0,9.0,0.0,0.0,0.0,0.0,0.0,0.0,0.0,0.0,0.0,0.0,0.0,0.0,0.0,0.0,0.0,0.0,0.0,0.0,0.0,0.0
42.0256365741,120800.0,17751.0,6.80525040843,664.0,64438.0,108.0,11.0,1240.0,2584.0,1866.0,4941.0,4194.0,2323.0,514.0,72.0,11.0,6.0,0.0,0.0,0.0,0.0,0.0,0.0,0.0,0.0,0.0,0.0,0.0,0.0,0.0,0.0,0.0,0.0,0.0,0.0,0.0,0.0
42.0277199074,123797.0,17748.0,6.97526481857,664.0,64439.0,108.0,7.0,1208.0,2471.0,1859.0,4906.0,4428.0,2298.0,466.0,72.0,31.0,9.0,0.0,0.0,0.0,0.0,0.0,0.0,0.0,0.0,0.0,0.0,0.0,0.0,0.0,0.0,0.0,0.0,0.0,0.0,0.0,0.0
42.0298032407,123166.0,17758.0,6.93580358148,664.0,64441.0,105.0,6.0,1193.0,2450.0,1808.0,5063.0,4324.0,2307.0,494.0,101.0,12.0,6.0,0.0,0.0,0.0,0.0,0.0,0.0,0.0,0.0,0.0,0.0,0.0,0.0,0.0,0.0,0.0,0.0,0.0,0.0,0.0,0.0
42.0318865741,120437.0,17752.0,6.78441865705,664.0,64440.0,110.0,7.0,1218.0,2505.0,1830.0,5012.0,4334.0,2292.0,455.0,84.0,21.0,1.0,0.0,0.0,0.0,0.0,0.0,0.0,0.0,0.0,0.0,0.0,0.0,0.0,0.0,0.0,0.0,0.0,0.0,0.0,0.0,0.0
42.0339699074,122587.0,17755.0,6.90436496761,664.0,64446.0,108.0,7.0,1173.0,2463.0,1766.0,5136.0,4220.0,2371.0,529.0,82.0,13.0,2.0,0.0,0.0,0.0,0.0,0.0,0.0,0.0,0.0,0.0,0.0,0.0,0.0,0.0,0.0,0.0,0.0,0.0,0.0,0.0,0.0
42.0360532407,123630.0,17756.0,6.96271682811,664.0,64443.0,104.0,9.0,1201.0,2408.0,1689.0,5283.0,4231.0,2319.0,525.0,76.0,16.0,8.0,0.0,0.0,0.0,0.0,0.0,0.0,0.0,0.0,0.0,0.0,0.0,0.0,0.0,0.0,0.0,0.0,0.0,0.0,0.0,0.0
42.0381365741,121657.0,17755.0,6.85198535624,664.0,64440.0,105.0,7.0,1204.0,2521.0,1768.0,5006.0,4397.0,2215.0,546.0,81.0,16.0,1.0,0.0,0.0,0.0,0.0,0.0,0.0,0.0,0.0,0.0,0.0,0.0,0.0,0.0,0.0,0.0,0.0,0.0,0.0,0.0,0.0
42.0402199074,123532.0,17757.0,6.95680576674,662.0,64446.0,108.0,6.0,1147.0,2466.0,1765.0,5026.0,4385.0,2377.0,486.0,81.0,20.0,4.0,0.0,0.0,0.0,0.0,0.0,0.0,0.0,0.0,0.0,0.0,0.0,0.0,0.0,0.0,0.0,0.0,0.0,0.0,0.0,0.0
42.0423032407,124062.0,17752.0,6.98862100045,665.0,64440.0,103.0,7.0,1122.0,2476.0,1763.0,5115.0,4312.0,2326.0,525.0,90.0,20.0,3.0,0.0,0.0,0.0,0.0,0.0,0.0,0.0,0.0,0.0,0.0,0.0,0.0,0.0,0.0,0.0,0.0,0.0,0.0,0.0,0.0
42.0443865741,124529.0,17743.0,7.01848616356,665.0,64443.0,105.0,7.0,1152.0,2447.0,1839.0,5089.0,4248.0,2344.0,518.0,72.0,26.0,8.0,0.0,0.0,0.0,0.0,0.0,0.0,0.0,0.0,0.0,0.0,0.0,0.0,0.0,0.0,0.0,0.0,0.0,0.0,0.0,0.0
42.0464699074,121966.0,17748.0,6.87209826459,664.0,64451.0,103.0,8.0,1143.0,2448.0,1851.0,5112.0,4303.0,2323.0,467.0,80.0,13.0,8.0,0.0,0.0,0.0,0.0,0.0,0.0,0.0,0.0,0.0,0.0,0.0,0.0,0.0,0.0,0.0,0.0,0.0,0.0,0.0,0.0
42.0485532407,124352.0,17753.0,7.00456260914,664.0,64444.0,108.0,7.0,1154.0,2338.0,1883.0,5068.0,4241.0,2427.0,538.0,87.0,15.0,2.0,0.0,0.0,0.0,0.0,0.0,0.0,0.0,0.0,0.0,0.0,0.0,0.0,0.0,0.0,0.0,0.0,0.0,0.0,0.0,0.0
42.0506365741,123756.0,17746.0,6.97374056125,664.0,64441.0,108.0,8.0,1103.0,2450.0,1817.0,5110.0,4294.0,2386.0,482.0,77.0,20.0,7.0,0.0,0.0,0.0,0.0,0.0,0.0,0.0,0.0,0.0,0.0,0.0,0.0,0.0,0.0,0.0,0.0,0.0,0.0,0.0,0.0
42.0527199074,125417.0,17755.0,7.06375668826,662.0,64440.0,110.0,0.0,1145.0,2413.0,1736.0,5049.0,4429.0,2356.0,521.0,79.0,19.0,8.0,0.0,0.0,0.0,0.0,0.0,0.0,0.0,0.0,0.0,0.0,0.0,0.0,0.0,0.0,0.0,0.0,0.0,0.0,0.0,0.0
42.0548032407,126328.0,17759.0,7.11346359592,664.0,64440.0,104.0,10.0,1168.0,2310.0,1841.0,5128.0,4284.0,2389.0,526.0,84.0,22.0,5.0,2.0,0.0,0.0,0.0,0.0,0.0,0.0,0.0,0.0,0.0,0.0,0.0,0.0,0.0,0.0,0.0,0.0,0.0,0.0,0.0
42.0568865741,124701.0,17752.0,7.02461694457,664.0,64440.0,105.0,12.0,1087.0,2373.0,1812.0,5032.0,4364.0,2451.0,534.0,87.0,10.0,2.0,0.0,0.0,0.0,0.0,0.0,0.0,0.0,0.0,0.0,0.0,0.0,0.0,0.0,0.0,0.0,0.0,0.0,0.0,0.0,0.0
42.0589699074,124281.0,17753.0,7.00056328508,664.0,64444.0,105.0,3.0,1180.0,2385.0,1740.0,5162.0,4297.0,2402.0,462.0,101.0,19.0,5.0,0.0,0.0,0.0,0.0,0.0,0.0,0.0,0.0,0.0,0.0,0.0,0.0,0.0,0.0,0.0,0.0,0.0,0.0,0.0,0.0
42.0610532407,123156.0,17756.0,6.93602162649,664.0,64451.0,105.0,4.0,1150.0,2460.0,1754.0,5051.0,4391.0,2352.0,491.0,91.0,11.0,5.0,0.0,0.0,0.0,0.0,0.0,0.0,0.0,0.0,0.0,0.0,0.0,0.0,0.0,0.0,0.0,0.0,0.0,0.0,0.0,0.0
42.0631365741,124263.0,17758.0,6.99757855614,664.0,64447.0,104.0,8.0,1181.0,2409.0,1885.0,4951.0,4415.0,2285.0,517.0,92.0,15.0,8.0,0.0,0.0,0.0,0.0,0.0,0.0,0.0,0.0,0.0,0.0,0.0,0.0,0.0,0.0,0.0,0.0,0.0,0.0,0.0,0.0
42.0694212963,125132.0,17751.0,7.04929299758,664.0,64439.0,110.0,6.0,1039.0,2288.0,1880.0,5165.0,4383.0,2402.0,483.0,88.0,16.0,7.0,0.0,0.0,0.0,0.0,0.0,0.0,0.0,0.0,0.0,0.0,0.0,0.0,0.0,0.0,0.0,0.0,0.0,0.0,0.0,0.0
42.0715046296,124033.0,17755.0,6.98580681498,664.0,64440.0,107.0,7.0,1142.0,2301.0,1872.0,5069.0,4326.0,2454.0,477.0,96.0,17.0,1.0,0.0,0.0,0.0,0.0,0.0,0.0,0.0,0.0,0.0,0.0,0.0,0.0,0.0,0.0,0.0,0.0,0.0,0.0,0.0,0.0
42.073587963,124119.0,17758.0,6.98946953486,664.0,64438.0,113.0,3.0,1111.0,2299.0,1888.0,5073.0,4415.0,2396.0,469.0,88.0,11.0,8.0,0.0,0.0,0.0,0.0,0.0,0.0,0.0,0.0,0.0,0.0,0.0,0.0,0.0,0.0,0.0,0.0,0.0,0.0,0.0,0.0
42.0756712963,121629.0,17759.0,6.84886536404,664.0,64440.0,107.0,11.0,1120.0,2367.0,1931.0,5020.0,4383.0,2388.0,455.0,81.0,10.0,4.0,0.0,0.0,0.0,0.0,0.0,0.0,0.0,0.0,0.0,0.0,0.0,0.0,0.0,0.0,0.0,0.0,0.0,0.0,0.0,0.0
42.0777546296,123108.0,17756.0,6.93331831494,664.0,64444.0,110.0,3.0,1116.0,2368.0,1808.0,5115.0,4411.0,2382.0,459.0,74.0,16.0,7.0,0.0,0.0,0.0,0.0,0.0,0.0,0.0,0.0,0.0,0.0,0.0,0.0,0.0,0.0,0.0,0.0,0.0,0.0,0.0,0.0
42.079837963,122448.0,17758.0,6.89537110035,664.0,64440.0,110.0,7.0,1137.0,2334.0,1915.0,5089.0,4351.0,2344.0,496.0,69.0,20.0,3.0,0.0,0.0,0.0,0.0,0.0,0.0,0.0,0.0,0.0,0.0,0.0,0.0,0.0,0.0,0.0,0.0,0.0,0.0,0.0,0.0
42.0819212963,124463.0,17757.0,7.00923579433,664.0,64444.0,107.0,7.0,1069.0,2355.0,1886.0,5108.0,4348.0,2431.0,461.0,74.0,13.0,12.0,0.0,0.0,0.0,0.0,0.0,0.0,0.0,0.0,0.0,0.0,0.0,0.0,0.0,0.0,0.0,0.0,0.0,0.0,0.0,0.0
42.0840046296,126352.0,17751.0,7.11802151991,664.0,64435.0,108.0,7.0,1076.0,2290.0,1857.0,5175.0,4284.0,2456.0,491.0,98.0,16.0,8.0,0.0,0.0,0.0,0.0,0.0,0.0,0.0,0.0,0.0,0.0,0.0,0.0,0.0,0.0,0.0,0.0,0.0,0.0,0.0,0.0
42.086087963,123110.0,17754.0,6.93421200856,664.0,64444.0,105.0,7.0,1105.0,2282.0,2032.0,5015.0,4356.0,2392.0,453.0,100.0,17.0,2.0,0.0,0.0,0.0,0.0,0.0,0.0,0.0,0.0,0.0,0.0,0.0,0.0,0.0,0.0,0.0,0.0,0.0,0.0,0.0,0.0
42.0881712963,122497.0,17751.0,6.9008506563,664.0,64440.0,111.0,4.0,1056.0,2321.0,1990.0,5137.0,4308.0,2392.0,454.0,67.0,20.0,6.0,0.0,0.0,0.0,0.0,0.0,0.0,0.0,0.0,0.0,0.0,0.0,0.0,0.0,0.0,0.0,0.0,0.0,0.0,0.0,0.0
42.0902546296,122543.0,17756.0,6.90149808515,665.0,64440.0,105.0,7.0,1109.0,2371.0,1914.0,5182.0,4234.0,2369.0,469.0,86.0,18.0,4.0,0.0,0.0,0.0,0.0,0.0,0.0,0.0,0.0,0.0,0.0,0.0,0.0,0.0,0.0,0.0,0.0,0.0,0.0,0.0,0.0
42.092337963,124175.0,17759.0,6.99222929219,665.0,64441.0,110.0,3.0,1127.0,2219.0,1916.0,5177.0,4297.0,2468.0,446.0,81.0,24.0,4.0,0.0,0.0,0.0,0.0,0.0,0.0,0.0,0.0,0.0,0.0,0.0,0.0,0.0,0.0,0.0,0.0,0.0,0.0,0.0,0.0
42.0944212963,123824.0,17752.0,6.97521406039,662.0,64440.0,108.0,9.0,1101.0,2334.0,1945.0,5068.0,4302.0,2402.0,503.0,71.0,22.0,4.0,0.0,0.0,0.0,0.0,0.0,0.0,0.0,0.0,0.0,0.0,0.0,0.0,0.0,0.0,0.0,0.0,0.0,0.0,0.0,0.0
42.0965046296,123641.0,17753.0,6.96451304005,664.0,64440.0,107.0,8.0,1053.0,2351.0,1983.0,5073.0,4365.0,2420.0,393.0,79.0,27.0,9.0,0.0,0.0,0.0,0.0,0.0,0.0,0.0,0.0,0.0,0.0,0.0,0.0,0.0,0.0,0.0,0.0,0.0,0.0,0.0,0.0
42.098587963,122994.0,17751.0,6.92884907893,664.0,64444.0,103.0,7.0,1080.0,2314.0,1978.0,5015.0,4457.0,2337.0,468.0,83.0,12.0,7.0,0.0,0.0,0.0,0.0,0.0,0.0,0.0,0.0,0.0,0.0,0.0,0.0,0.0,0.0,0.0,0.0,0.0,0.0,0.0,0.0
42.1006712963,124409.0,17760.0,7.00501126126,662.0,64440.0,107.0,3.0,1102.0,2327.0,2037.0,5002.0,4290.0,2428.0,454.0,87.0,29.0,4.0,0.0,0.0,0.0,0.0,0.0,0.0,0.0,0.0,0.0,0.0,0.0,0.0,0.0,0.0,0.0,0.0,0.0,0.0,0.0,0.0
42.1027546296,125156.0,17761.0,7.04667529981,664.0,64436.0,111.0,7.0,1018.0,2332.0,2006.0,4993.0,4373.0,2459.0,474.0,78.0,22.0,6.0,0.0,0.0,0.0,0.0,0.0,0.0,0.0,0.0,0.0,0.0,0.0,0.0,0.0,0.0,0.0,0.0,0.0,0.0,0.0,0.0
42.104837963,125047.0,17757.0,7.0421242327,664.0,64442.0,105.0,8.0,1015.0,2315.0,1992.0,5035.0,4364.0,2437.0,496.0,76.0,23.0,4.0,0.0,0.0,0.0,0.0,0.0,0.0,0.0,0.0,0.0,0.0,0.0,0.0,0.0,0.0,0.0,0.0,0.0,0.0,0.0,0.0
42.1069212963,122242.0,17757.0,6.88415836008,670.0,64444.0,108.0,8.0,1028.0,2258.0,2062.0,4997.0,4460.0,2390.0,480.0,65.0,15.0,2.0,0.0,0.0,0.0,0.0,0.0,0.0,0.0,0.0,0.0,0.0,0.0,0.0,0.0,0.0,0.0,0.0,0.0,0.0,0.0,0.0
42.1090046296,124172.0,17749.0,6.99599977464,664.0,64447.0,108.0,6.0,972.0,2294.0,2103.0,5044.0,4319.0,2476.0,427.0,89.0,19.0,6.0,0.0,0.0,0.0,0.0,0.0,0.0,0.0,0.0,0.0,0.0,0.0,0.0,0.0,0.0,0.0,0.0,0.0,0.0,0.0,0.0
42.111087963,125231.0,17758.0,7.05208919923,664.0,64440.0,115.0,0.0,1062.0,2323.0,2134.0,4866.0,4301.0,2502.0,443.0,101.0,20.0,6.0,0.0,0.0,0.0,0.0,0.0,0.0,0.0,0.0,0.0,0.0,0.0,0.0,0.0,0.0,0.0,0.0,0.0,0.0,0.0,0.0
42.1131712963,123799.0,17752.0,6.97380576836,662.0,64444.0,105.0,7.0,1004.0,2271.0,2136.0,4904.0,4431.0,2449.0,445.0,91.0,19.0,2.0,0.0,0.0,0.0,0.0,0.0,0.0,0.0,0.0,0.0,0.0,0.0,0.0,0.0,0.0,0.0,0.0,0.0,0.0,0.0,0.0
42.1152546296,123692.0,17746.0,6.97013411473,664.0,64440.0,108.0,6.0,1001.0,2244.0,2052.0,5052.0,4320.0,2535.0,448.0,76.0,14.0,4.0,0.0,0.0,0.0,0.0,0.0,0.0,0.0,0.0,0.0,0.0,0.0,0.0,0.0,0.0,0.0,0.0,0.0,0.0,0.0,0.0
42.117337963,126307.0,17751.0,7.11548645147,662.0,64444.0,103.0,8.0,957.0,2259.0,2096.0,4932.0,4422.0,2519.0,454.0,79.0,28.0,5.0,0.0,0.0,0.0,0.0,0.0,0.0,0.0,0.0,0.0,0.0,0.0,0.0,0.0,0.0,0.0,0.0,0.0,0.0,0.0,0.0
42.1194212963,125506.0,17743.0,7.07355013245,661.0,64441.0,105.0,8.0,1036.0,2292.0,2083.0,4848.0,4307.0,2625.0,443.0,85.0,20.0,4.0,0.0,0.0,0.0,0.0,0.0,0.0,0.0,0.0,0.0,0.0,0.0,0.0,0.0,0.0,0.0,0.0,0.0,0.0,0.0,0.0
42.1215046296,123801.0,17744.0,6.97706266907,662.0,64440.0,111.0,7.0,987.0,2245.0,2174.0,5046.0,4294.0,2463.0,413.0,97.0,20.0,5.0,0.0,0.0,0.0,0.0,0.0,0.0,0.0,0.0,0.0,0.0,0.0,0.0,0.0,0.0,0.0,0.0,0.0,0.0,0.0,0.0
42.123587963,124212.0,17741.0,7.00140916521,661.0,64440.0,105.0,6.0,981.0,2280.0,2204.0,4901.0,4318.0,2499.0,455.0,84.0,11.0,8.0,0.0,0.0,0.0,0.0,0.0,0.0,0.0,0.0,0.0,0.0,0.0,0.0,0.0,0.0,0.0,0.0,0.0,0.0,0.0,0.0
42.1256712963,127145.0,17745.0,7.16511693435,662.0,64443.0,103.0,12.0,979.0,2201.0,2146.0,4901.0,4343.0,2576.0,482.0,87.0,28.0,2.0,0.0,0.0,0.0,0.0,0.0,0.0,0.0,0.0,0.0,0.0,0.0,0.0,0.0,0.0,0.0,0.0,0.0,0.0,0.0,0.0
42.1277546296,125763.0,17756.0,7.08284523541,664.0,64444.0,107.0,8.0,921.0,2289.0,2175.0,4837.0,4360.0,2608.0,458.0,91.0,13.0,4.0,0.0,0.0,0.0,0.0,0.0,0.0,0.0,0.0,0.0,0.0,0.0,0.0,0.0,0.0,0.0,0.0,0.0,0.0,0.0,0.0
42.129837963,124721.0,17749.0,7.02693109471,661.0,64444.0,108.0,6.0,950.0,2299.0,2247.0,4866.0,4302.0,2547.0,438.0,71.0,21.0,8.0,0.0,0.0,0.0,0.0,0.0,0.0,0.0,0.0,0.0,0.0,0.0,0.0,0.0,0.0,0.0,0.0,0.0,0.0,0.0,0.0
42.1319212963,125656.0,17757.0,7.07642056654,658.0,64443.0,110.0,6.0,909.0,2214.0,2181.0,4968.0,4355.0,2605.0,417.0,80.0,23.0,5.0,0.0,0.0,0.0,0.0,0.0,0.0,0.0,0.0,0.0,0.0,0.0,0.0,0.0,0.0,0.0,0.0,0.0,0.0,0.0,0.0
42.1340046296,123956.0,17747.0,6.98461711839,662.0,64440.0,110.0,12.0,927.0,2200.0,2292.0,4825.0,4448.0,2535.0,415.0,84.0,18.0,3.0,0.0,0.0,0.0,0.0,0.0,0.0,0.0,0.0,0.0,0.0,0.0,0.0,0.0,0.0,0.0,0.0,0.0,0.0,0.0,0.0
42.136087963,126435.0,17747.0,7.12430269905,662.0,64444.0,105.0,3.0,944.0,2293.0,2259.0,4790.0,4404.0,2503.0,437.0,87.0,16.0,14.0,0.0,0.0,0.0,0.0,0.0,0.0,0.0,0.0,0.0,0.0,0.0,0.0,0.0,0.0,0.0,0.0,0.0,0.0,0.0,0.0
42.1381712963,125026.0,17751.0,7.04332150301,662.0,64444.0,108.0,7.0,877.0,2310.0,2244.0,4857.0,4356.0,2561.0,442.0,82.0,16.0,6.0,0.0,0.0,0.0,0.0,0.0,0.0,0.0,0.0,0.0,0.0,0.0,0.0,0.0,0.0,0.0,0.0,0.0,0.0,0.0,0.0
42.1402546296,125259.0,17750.0,7.05684507042,661.0,64440.0,111.0,7.0,864.0,2187.0,2368.0,4928.0,4280.0,2588.0,430.0,76.0,24.0,5.0,0.0,0.0,0.0,0.0,0.0,0.0,0.0,0.0,0.0,0.0,0.0,0.0,0.0,0.0,0.0,0.0,0.0,0.0,0.0,0.0
42.142337963,125280.0,17751.0,7.05763055603,664.0,64443.0,105.0,12.0,937.0,2244.0,2390.0,4610.0,4353.0,2660.0,467.0,73.0,12.0,5.0,0.0,0.0,0.0,0.0,0.0,0.0,0.0,0.0,0.0,0.0,0.0,0.0,0.0,0.0,0.0,0.0,0.0,0.0,0.0,0.0
42.1444212963,124633.0,17745.0,7.02355593125,662.0,64446.0,108.0,7.0,928.0,2229.0,2312.0,4825.0,4296.0,2575.0,478.0,87.0,14.0,1.0,0.0,0.0,0.0,0.0,0.0,0.0,0.0,0.0,0.0,0.0,0.0,0.0,0.0,0.0,0.0,0.0,0.0,0.0,0.0,0.0
42.1465046296,123008.0,17755.0,6.92807659814,661.0,64443.0,108.0,12.0,885.0,2152.0,2454.0,4853.0,4291.0,2604.0,432.0,69.0,12.0,3.0,0.0,0.0,0.0,0.0,0.0,0.0,0.0,0.0,0.0,0.0,0.0,0.0,0.0,0.0,0.0,0.0,0.0,0.0,0.0,0.0
42.148587963,126775.0,17743.0,7.14507129572,662.0,64440.0,110.0,6.0,928.0,2213.0,2371.0,4867.0,4166.0,2599.0,477.0,97.0,19.0,6.0,0.0,0.0,0.0,0.0,0.0,0.0,0.0,0.0,0.0,0.0,0.0,0.0,0.0,0.0,0.0,0.0,0.0,0.0,0.0,0.0
42.1506712963,124941.0,17751.0,7.03853304039,662.0,64440.0,108.0,8.0,912.0,2209.0,2382.0,4788.0,4302.0,2615.0,439.0,81.0,20.0,3.0,0.0,0.0,0.0,0.0,0.0,0.0,0.0,0.0,0.0,0.0,0.0,0.0,0.0,0.0,0.0,0.0,0.0,0.0,0.0,0.0
42.1527546296,128146.0,17741.0,7.22315540274,662.0,64441.0,111.0,6.0,910.0,2182.0,2400.0,4761.0,4157.0,2734.0,499.0,69.0,21.0,8.0,0.0,0.0,0.0,0.0,0.0,0.0,0.0,0.0,0.0,0.0,0.0,0.0,0.0,0.0,0.0,0.0,0.0,0.0,0.0,0.0
42.154837963,127712.0,17749.0,7.19544763085,661.0,64440.0,118.0,4.0,894.0,2232.0,2278.0,4819.0,4282.0,2686.0,449.0,85.0,12.0,12.0,0.0,0.0,0.0,0.0,0.0,0.0,0.0,0.0,0.0,0.0,0.0,0.0,0.0,0.0,0.0,0.0,0.0,0.0,0.0,0.0
42.1569212963,129266.0,17753.0,7.28136089675,664.0,64442.0,108.0,7.0,876.0,2182.0,2454.0,4690.0,4147.0,2838.0,456.0,80.0,20.0,10.0,0.0,0.0,0.0,0.0,0.0,0.0,0.0,0.0,0.0,0.0,0.0,0.0,0.0,0.0,0.0,0.0,0.0,0.0,0.0,0.0
42.1590046296,127156.0,17746.0,7.1653330328,662.0,64440.0,108.0,7.0,885.0,2254.0,2447.0,4746.0,4138.0,2715.0,467.0,63.0,19.0,12.0,0.0,0.0,0.0,0.0,0.0,0.0,0.0,0.0,0.0,0.0,0.0,0.0,0.0,0.0,0.0,0.0,0.0,0.0,0.0,0.0
42.161087963,127658.0,17743.0,7.19483740067,661.0,64446.0,103.0,6.0,930.0,2214.0,2410.0,4706.0,4255.0,2685.0,415.0,92.0,28.0,8.0,0.0,0.0,0.0,0.0,0.0,0.0,0.0,0.0,0.0,0.0,0.0,0.0,0.0,0.0,0.0,0.0,0.0,0.0,0.0,0.0
42.1631712963,125321.0,17757.0,7.05755476713,661.0,64444.0,105.0,9.0,865.0,2147.0,2623.0,4778.0,4214.0,2587.0,423.0,97.0,15.0,8.0,0.0,0.0,0.0,0.0,0.0,0.0,0.0,0.0,0.0,0.0,0.0,0.0,0.0,0.0,0.0,0.0,0.0,0.0,0.0,0.0
42.1652546296,127532.0,17753.0,7.18368726412,664.0,64435.0,111.0,7.0,884.0,2126.0,2433.0,4711.0,4258.0,2773.0,459.0,90.0,16.0,3.0,0.0,0.0,0.0,0.0,0.0,0.0,0.0,0.0,0.0,0.0,0.0,0.0,0.0,0.0,0.0,0.0,0.0,0.0,0.0,0.0
42.167337963,124351.0,17747.0,7.00687440131,662.0,64440.0,108.0,7.0,902.0,2211.0,2586.0,4696.0,4189.0,2608.0,449.0,90.0,10.0,6.0,0.0,0.0,0.0,0.0,0.0,0.0,0.0,0.0,0.0,0.0,0.0,0.0,0.0,0.0,0.0,0.0,0.0,0.0,0.0,0.0
42.1694212963,125693.0,17743.0,7.08408950008,662.0,64440.0,113.0,3.0,865.0,2317.0,2534.0,4667.0,4161.0,2639.0,444.0,91.0,18.0,7.0,0.0,0.0,0.0,0.0,0.0,0.0,0.0,0.0,0.0,0.0,0.0,0.0,0.0,0.0,0.0,0.0,0.0,0.0,0.0,0.0
42.1715046296,124189.0,17747.0,6.99774609793,662.0,64439.0,110.0,4.0,960.0,2227.0,2559.0,4643.0,4110.0,2723.0,430.0,70.0,22.0,3.0,0.0,0.0,0.0,0.0,0.0,0.0,0.0,0.0,0.0,0.0,0.0,0.0,0.0,0.0,0.0,0.0,0.0,0.0,0.0,0.0
42.173587963,125069.0,17746.0,7.0477290657,662.0,64444.0,108.0,65535.0,895.0,2207.0,2469.0,4709.0,4212.0,2697.0,457.0,81.0,19.0,0.0,0.0,0.0,0.0,0.0,0.0,0.0,0.0,0.0,0.0,0.0,0.0,0.0,0.0,0.0,0.0,0.0,0.0,0.0,0.0,0.0
42.1756712963,123454.0,17750.0,6.95515492958,656.0,64439.0,108.0,15.0,829.0,2238.0,2584.0,4768.0,4146.0,2664.0,412.0,97.0,10.0,2.0,0.0,0.0,0.0,0.0,0.0,0.0,0.0,0.0,0.0,0.0,0.0,0.0,0.0,0.0,0.0,0.0,0.0,0.0,0.0,0.0
42.1777546296,124372.0,17747.0,7.00805769989,662.0,64444.0,107.0,7.0,881.0,2260.0,2598.0,4691.0,4077.0,2714.0,413.0,91.0,20.0,2.0,0.0,0.0,0.0,0.0,0.0,0.0,0.0,0.0,0.0,0.0,0.0,0.0,0.0,0.0,0.0,0.0,0.0,0.0,0.0,0.0
42.179837963,122589.0,17746.0,6.90797926293,664.0,64440.0,110.0,3.0,880.0,2297.0,2668.0,4671.0,4046.0,2668.0,423.0,72.0,18.0,3.0,0.0,0.0,0.0,0.0,0.0,0.0,0.0,0.0,0.0,0.0,0.0,0.0,0.0,0.0,0.0,0.0,0.0,0.0,0.0,0.0
42.1819212963,126031.0,17744.0,7.10273895401,662.0,64440.0,111.0,7.0,826.0,2365.0,2715.0,4561.0,3929.0,2815.0,423.0,80.0,22.0,8.0,0.0,0.0,0.0,0.0,0.0,0.0,0.0,0.0,0.0,0.0,0.0,0.0,0.0,0.0,0.0,0.0,0.0,0.0,0.0,0.0
42.1840046296,123692.0,17745.0,6.97052690899,662.0,64440.0,108.0,7.0,814.0,2300.0,2868.0,4604.0,3973.0,2671.0,404.0,81.0,24.0,6.0,0.0,0.0,0.0,0.0,0.0,0.0,0.0,0.0,0.0,0.0,0.0,0.0,0.0,0.0,0.0,0.0,0.0,0.0,0.0,0.0
42.186087963,126862.0,17747.0,7.14836310362,655.0,64440.0,110.0,8.0,812.0,2248.0,2811.0,4598.0,3901.0,2821.0,434.0,92.0,25.0,5.0,0.0,0.0,0.0,0.0,0.0,0.0,0.0,0.0,0.0,0.0,0.0,0.0,0.0,0.0,0.0,0.0,0.0,0.0,0.0,0.0
42.1881712963,125631.0,17740.0,7.08179255919,661.0,64440.0,110.0,6.0,849.0,2249.0,2893.0,4441.0,3903.0,2874.0,427.0,80.0,18.0,6.0,0.0,0.0,0.0,0.0,0.0,0.0,0.0,0.0,0.0,0.0,0.0,0.0,0.0,0.0,0.0,0.0,0.0,0.0,0.0,0.0
42.1902546296,125279.0,17754.0,7.05638166047,661.0,64441.0,108.0,6.0,886.0,2285.0,2851.0,4491.0,3960.0,2712.0,444.0,103.0,17.0,5.0,0.0,0.0,0.0,0.0,0.0,0.0,0.0,0.0,0.0,0.0,0.0,0.0,0.0,0.0,0.0,0.0,0.0,0.0,0.0,0.0
42.192337963,122925.0,17748.0,6.92613252197,661.0,64443.0,108.0,6.0,834.0,2431.0,2837.0,4479.0,3879.0,2769.0,424.0,73.0,18.0,4.0,0.0,0.0,0.0,0.0,0.0,0.0,0.0,0.0,0.0,0.0,0.0,0.0,0.0,0.0,0.0,0.0,0.0,0.0,0.0,0.0
42.1944212963,122880.0,17748.0,6.92359702502,659.0,64443.0,110.0,3.0,835.0,2226.0,2943.0,4590.0,3827.0,2810.0,419.0,82.0,15.0,1.0,0.0,0.0,0.0,0.0,0.0,0.0,0.0,0.0,0.0,0.0,0.0,0.0,0.0,0.0,0.0,0.0,0.0,0.0,0.0,0.0
42.1965046296,125114.0,17750.0,7.04867605634,661.0,64446.0,105.0,9.0,811.0,2282.0,2820.0,4558.0,3944.0,2787.0,439.0,93.0,10.0,6.0,0.0,0.0,0.0,0.0,0.0,0.0,0.0,0.0,0.0,0.0,0.0,0.0,0.0,0.0,0.0,0.0,0.0,0.0,0.0,0.0
42.198587963,125446.0,17751.0,7.06698214185,658.0,64447.0,108.0,3.0,783.0,2308.0,2893.0,4512.0,3881.0,2838.0,442.0,70.0,15.0,9.0,0.0,0.0,0.0,0.0,0.0,0.0,0.0,0.0,0.0,0.0,0.0,0.0,0.0,0.0,0.0,0.0,0.0,0.0,0.0,0.0
42.2006712963,122085.0,17744.0,6.88035392245,662.0,64441.0,107.0,12.0,803.0,2403.0,3019.0,4421.0,3855.0,2772.0,369.0,78.0,17.0,7.0,0.0,0.0,0.0,0.0,0.0,0.0,0.0,0.0,0.0,0.0,0.0,0.0,0.0,0.0,0.0,0.0,0.0,0.0,0.0,0.0
42.2027546296,124588.0,17753.0,7.01785613699,658.0,64443.0,108.0,7.0,731.0,2272.0,2980.0,4521.0,3940.0,2794.0,393.0,96.0,26.0,0.0,0.0,0.0,0.0,0.0,0.0,0.0,0.0,0.0,0.0,0.0,0.0,0.0,0.0,0.0,0.0,0.0,0.0,0.0,0.0,0.0
42.204837963,120689.0,17751.0,6.79899723959,661.0,64440.0,111.0,12.0,832.0,2423.0,2959.0,4581.0,3733.0,2726.0,404.0,73.0,17.0,3.0,0.0,0.0,0.0,0.0,0.0,0.0,0.0,0.0,0.0,0.0,0.0,0.0,0.0,0.0,0.0,0.0,0.0,0.0,0.0,0.0
42.2069212963,122209.0,17748.0,6.88578994816,661.0,64444.0,110.0,7.0,801.0,2321.0,3124.0,4466.0,3816.0,2700.0,411.0,89.0,15.0,5.0,0.0,0.0,0.0,0.0,0.0,0.0,0.0,0.0,0.0,0.0,0.0,0.0,0.0,0.0,0.0,0.0,0.0,0.0,0.0,0.0
42.2090046296,121019.0,17757.0,6.81528411331,661.0,64440.0,111.0,7.0,872.0,2399.0,3122.0,4454.0,3736.0,2634.0,434.0,79.0,26.0,1.0,0.0,0.0,0.0,0.0,0.0,0.0,0.0,0.0,0.0,0.0,0.0,0.0,0.0,0.0,0.0,0.0,0.0,0.0,0.0,0.0
42.211087963,121399.0,17755.0,6.83745423824,662.0,64447.0,108.0,6.0,796.0,2299.0,3174.0,4584.0,3756.0,2637.0,401.0,88.0,11.0,9.0,0.0,0.0,0.0,0.0,0.0,0.0,0.0,0.0,0.0,0.0,0.0,0.0,0.0,0.0,0.0,0.0,0.0,0.0,0.0,0.0
42.2131712963,121682.0,17749.0,6.85571018086,661.0,64440.0,112.0,7.0,868.0,2326.0,3064.0,4421.0,3815.0,2738.0,417.0,85.0,11.0,4.0,0.0,0.0,0.0,0.0,0.0,0.0,0.0,0.0,0.0,0.0,0.0,0.0,0.0,0.0,0.0,0.0,0.0,0.0,0.0,0.0
42.2152546296,120168.0,17751.0,6.76964678046,661.0,64440.0,108.0,6.0,822.0,2356.0,3052.0,4549.0,3757.0,2742.0,376.0,80.0,15.0,2.0,0.0,0.0,0.0,0.0,0.0,0.0,0.0,0.0,0.0,0.0,0.0,0.0,0.0,0.0,0.0,0.0,0.0,0.0,0.0,0.0
42.217337963,122615.0,17752.0,6.90710905813,662.0,64436.0,116.0,6.0,847.0,2321.0,3037.0,4553.0,3623.0,2873.0,404.0,67.0,24.0,3.0,0.0,0.0,0.0,0.0,0.0,0.0,0.0,0.0,0.0,0.0,0.0,0.0,0.0,0.0,0.0,0.0,0.0,0.0,0.0,0.0
42.2194212963,120492.0,17750.0,6.78828169014,661.0,64441.0,108.0,3.0,817.0,2456.0,3038.0,4550.0,3692.0,2674.0,418.0,88.0,15.0,2.0,0.0,0.0,0.0,0.0,0.0,0.0,0.0,0.0,0.0,0.0,0.0,0.0,0.0,0.0,0.0,0.0,0.0,0.0,0.0,0.0
42.2215046296,120163.0,17752.0,6.76898377648,662.0,64444.0,108.0,9.0,819.0,2471.0,3148.0,4431.0,3663.0,2729.0,385.0,87.0,16.0,3.0,0.0,0.0,0.0,0.0,0.0,0.0,0.0,0.0,0.0,0.0,0.0,0.0,0.0,0.0,0.0,0.0,0.0,0.0,0.0,0.0
42.223587963,121412.0,17746.0,6.84165445734,662.0,64443.0,108.0,8.0,809.0,2494.0,3125.0,4433.0,3661.0,2715.0,404.0,77.0,22.0,6.0,0.0,0.0,0.0,0.0,0.0,0.0,0.0,0.0,0.0,0.0,0.0,0.0,0.0,0.0,0.0,0.0,0.0,0.0,0.0,0.0
42.2256712963,120760.0,17747.0,6.80453034316,658.0,64441.0,108.0,7.0,879.0,2404.0,3222.0,4472.0,3597.0,2674.0,382.0,80.0,34.0,3.0,0.0,0.0,0.0,0.0,0.0,0.0,0.0,0.0,0.0,0.0,0.0,0.0,0.0,0.0,0.0,0.0,0.0,0.0,0.0,0.0
42.2277546296,122991.0,17759.0,6.92555887156,656.0,64440.0,110.0,3.0,814.0,2439.0,3070.0,4499.0,3568.0,2816.0,455.0,81.0,10.0,7.0,0.0,0.0,0.0,0.0,0.0,0.0,0.0,0.0,0.0,0.0,0.0,0.0,0.0,0.0,0.0,0.0,0.0,0.0,0.0,0.0
42.229837963,119796.0,17747.0,6.75021130332,658.0,64440.0,108.0,8.0,811.0,2466.0,3323.0,4395.0,3490.0,2766.0,390.0,88.0,14.0,4.0,0.0,0.0,0.0,0.0,0.0,0.0,0.0,0.0,0.0,0.0,0.0,0.0,0.0,0.0,0.0,0.0,0.0,0.0,0.0,0.0
42.236099537,122666.0,17748.0,6.91153932838,658.0,64444.0,111.0,4.0,841.0,2556.0,3331.0,4338.0,3442.0,2719.0,389.0,91.0,29.0,12.0,0.0,0.0,0.0,0.0,0.0,0.0,0.0,0.0,0.0,0.0,0.0,0.0,0.0,0.0,0.0,0.0,0.0,0.0,0.0,0.0
42.2381828704,117532.0,17739.0,6.62562714922,658.0,64444.0,110.0,6.0,859.0,2550.0,3467.0,4388.0,3354.0,2641.0,369.0,84.0,21.0,6.0,0.0,0.0,0.0,0.0,0.0,0.0,0.0,0.0,0.0,0.0,0.0,0.0,0.0,0.0,0.0,0.0,0.0,0.0,0.0,0.0
42.2402662037,122820.0,17753.0,6.9182673351,659.0,64443.0,111.0,6.0,872.0,2512.0,3258.0,4384.0,3384.0,2844.0,394.0,65.0,26.0,14.0,0.0,0.0,0.0,0.0,0.0,0.0,0.0,0.0,0.0,0.0,0.0,0.0,0.0,0.0,0.0,0.0,0.0,0.0,0.0,0.0
42.242349537,119373.0,17749.0,6.7256183447,655.0,64441.0,108.0,11.0,820.0,2429.0,3306.0,4465.0,3565.0,2689.0,382.0,70.0,13.0,10.0,0.0,0.0,0.0,0.0,0.0,0.0,0.0,0.0,0.0,0.0,0.0,0.0,0.0,0.0,0.0,0.0,0.0,0.0,0.0,0.0
42.2444328704,118045.0,17746.0,6.65192155979,661.0,64440.0,110.0,65535.0,866.0,2545.0,3372.0,4353.0,3488.0,2637.0,382.0,81.0,14.0,8.0,0.0,0.0,0.0,0.0,0.0,0.0,0.0,0.0,0.0,0.0,0.0,0.0,0.0,0.0,0.0,0.0,0.0,0.0,0.0,0.0
42.2465162037,119565.0,17748.0,6.73681541582,661.0,64438.0,110.0,12.0,832.0,2589.0,3420.0,4318.0,3312.0,2802.0,375.0,73.0,16.0,11.0,0.0,0.0,0.0,0.0,0.0,0.0,0.0,0.0,0.0,0.0,0.0,0.0,0.0,0.0,0.0,0.0,0.0,0.0,0.0,0.0
42.248599537,115860.0,17745.0,6.52916314455,659.0,64446.0,107.0,4.0,867.0,2690.0,3493.0,4250.0,3288.0,2708.0,351.0,78.0,14.0,6.0,0.0,0.0,0.0,0.0,0.0,0.0,0.0,0.0,0.0,0.0,0.0,0.0,0.0,0.0,0.0,0.0,0.0,0.0,0.0,0.0
42.2506828704,116076.0,17752.0,6.53875619648,659.0,64440.0,108.0,12.0,838.0,2618.0,3455.0,4473.0,3290.0,2630.0,355.0,65.0,19.0,9.0,0.0,0.0,0.0,0.0,0.0,0.0,0.0,0.0,0.0,0.0,0.0,0.0,0.0,0.0,0.0,0.0,0.0,0.0,0.0,0.0
42.2527662037,117721.0,17751.0,6.63179539181,661.0,64444.0,108.0,7.0,811.0,2581.0,3548.0,4361.0,3329.0,2614.0,402.0,75.0,25.0,5.0,0.0,0.0,0.0,0.0,0.0,0.0,0.0,0.0,0.0,0.0,0.0,0.0,0.0,0.0,0.0,0.0,0.0,0.0,0.0,0.0
42.254849537,118022.0,17752.0,6.64837764759,659.0,64443.0,108.0,8.0,845.0,2588.0,3427.0,4475.0,3237.0,2695.0,373.0,84.0,22.0,6.0,0.0,0.0,0.0,0.0,0.0,0.0,0.0,0.0,0.0,0.0,0.0,0.0,0.0,0.0,0.0,0.0,0.0,0.0,0.0,0.0
42.2569328704,121741.0,17747.0,6.85980729137,659.0,64441.0,104.0,7.0,792.0,2445.0,3494.0,4327.0,3231.0,2934.0,420.0,81.0,18.0,5.0,0.0,0.0,0.0,0.0,0.0,0.0,0.0,0.0,0.0,0.0,0.0,0.0,0.0,0.0,0.0,0.0,0.0,0.0,0.0,0.0
42.2590162037,119095.0,17755.0,6.70768797522,661.0,64440.0,111.0,7.0,831.0,2553.0,3553.0,4321.0,3255.0,2792.0,334.0,86.0,19.0,11.0,0.0,0.0,0.0,0.0,0.0,0.0,0.0,0.0,0.0,0.0,0.0,0.0,0.0,0.0,0.0,0.0,0.0,0.0,0.0,0.0
42.261099537,115813.0,17746.0,6.52614673729,662.0,64440.0,108.0,9.0,838.0,2525.0,3636.0,4368.0,3216.0,2706.0,350.0,88.0,17.0,2.0,0.0,0.0,0.0,0.0,0.0,0.0,0.0,0.0,0.0,0.0,0.0,0.0,0.0,0.0,0.0,0.0,0.0,0.0,0.0,0.0
42.2631828704,115977.0,17747.0,6.53502000338,658.0,64441.0,104.0,7.0,818.0,2601.0,3534.0,4357.0,3258.0,2744.0,337.0,77.0,17.0,4.0,0.0,0.0,0.0,0.0,0.0,0.0,0.0,0.0,0.0,0.0,0.0,0.0,0.0,0.0,0.0,0.0,0.0,0.0,0.0,0.0
42.2652662037,117851.0,17746.0,6.64098951876,656.0,64443.0,108.0,7.0,847.0,2631.0,3532.0,4287.0,3212.0,2770.0,366.0,67.0,29.0,5.0,0.0,0.0,0.0,0.0,0.0,0.0,0.0,0.0,0.0,0.0,0.0,0.0,0.0,0.0,0.0,0.0,0.0,0.0,0.0,0.0
42.267349537,115850.0,17748.0,6.52749605589,658.0,64447.0,108.0,7.0,823.0,2550.0,3560.0,4381.0,3250.0,2736.0,350.0,80.0,16.0,2.0,0.0,0.0,0.0,0.0,0.0,0.0,0.0,0.0,0.0,0.0,0.0,0.0,0.0,0.0,0.0,0.0,0.0,0.0,0.0,0.0
42.2694328704,120181.0,17747.0,6.77190511072,661.0,64446.0,110.0,7.0,824.0,2567.0,3441.0,4313.0,3353.0,2736.0,393.0,93.0,20.0,7.0,0.0,0.0,0.0,0.0,0.0,0.0,0.0,0.0,0.0,0.0,0.0,0.0,0.0,0.0,0.0,0.0,0.0,0.0,0.0,0.0
42.2715162037,116872.0,17741.0,6.5876782594,656.0,64444.0,110.0,6.0,859.0,2670.0,3625.0,4284.0,3129.0,2703.0,359.0,83.0,21.0,8.0,0.0,0.0,0.0,0.0,0.0,0.0,0.0,0.0,0.0,0.0,0.0,0.0,0.0,0.0,0.0,0.0,0.0,0.0,0.0,0.0
42.273599537,116539.0,17743.0,6.56816772812,658.0,64441.0,110.0,9.0,846.0,2567.0,3594.0,4370.0,3139.0,2754.0,373.0,80.0,16.0,4.0,0.0,0.0,0.0,0.0,0.0,0.0,0.0,0.0,0.0,0.0,0.0,0.0,0.0,0.0,0.0,0.0,0.0,0.0,0.0,0.0
42.2756828704,116992.0,17742.0,6.59407056702,661.0,64440.0,108.0,8.0,837.0,2676.0,3622.0,4262.0,3151.0,2683.0,412.0,72.0,22.0,5.0,0.0,0.0,0.0,0.0,0.0,0.0,0.0,0.0,0.0,0.0,0.0,0.0,0.0,0.0,0.0,0.0,0.0,0.0,0.0,0.0
42.2777662037,116036.0,17743.0,6.53981851998,658.0,64439.0,108.0,3.0,833.0,2670.0,3585.0,4339.0,3143.0,2735.0,337.0,71.0,24.0,6.0,0.0,0.0,0.0,0.0,0.0,0.0,0.0,0.0,0.0,0.0,0.0,0.0,0.0,0.0,0.0,0.0,0.0,0.0,0.0,0.0
42.279849537,115349.0,17743.0,6.50109902497,658.0,64444.0,108.0,7.0,936.0,2637.0,3656.0,4352.0,3079.0,2622.0,353.0,76.0,23.0,9.0,0.0,0.0,0.0,0.0,0.0,0.0,0.0,0.0,0.0,0.0,0.0,0.0,0.0,0.0,0.0,0.0,0.0,0.0,0.0,0.0
42.2819328704,115038.0,17745.0,6.48284023669,656.0,64440.0,110.0,9.0,837.0,2712.0,3743.0,4268.0,3077.0,2627.0,370.0,89.0,16.0,6.0,0.0,0.0,0.0,0.0,0.0,0.0,0.0,0.0,0.0,0.0,0.0,0.0,0.0,0.0,0.0,0.0,0.0,0.0,0.0,0.0
42.2840162037,116417.0,17745.0,6.56055226824,658.0,64443.0,108.0,6.0,802.0,2675.0,3711.0,4280.0,3022.0,2756.0,390.0,88.0,20.0,1.0,0.0,0.0,0.0,0.0,0.0,0.0,0.0,0.0,0.0,0.0,0.0,0.0,0.0,0.0,0.0,0.0,0.0,0.0,0.0,0.0
42.286099537,114756.0,17741.0,6.46840651598,658.0,64447.0,110.0,1.0,881.0,2698.0,3757.0,4208.0,3110.0,2635.0,346.0,80.0,17.0,9.0,0.0,0.0,0.0,0.0,0.0,0.0,0.0,0.0,0.0,0.0,0.0,0.0,0.0,0.0,0.0,0.0,0.0,0.0,0.0,0.0
42.2881828704,113683.0,17752.0,6.403954484,662.0,64442.0,108.0,7.0,827.0,2761.0,3753.0,4374.0,2962.0,2623.0,361.0,64.0,18.0,9.0,0.0,0.0,0.0,0.0,0.0,0.0,0.0,0.0,0.0,0.0,0.0,0.0,0.0,0.0,0.0,0.0,0.0,0.0,0.0,0.0
42.2902662037,113505.0,17744.0,6.39681018936,656.0,64441.0,110.0,7.0,840.0,2679.0,3797.0,4350.0,2949.0,2668.0,353.0,87.0,21.0,0.0,0.0,0.0,0.0,0.0,0.0,0.0,0.0,0.0,0.0,0.0,0.0,0.0,0.0,0.0,0.0,0.0,0.0,0.0,0.0,0.0
42.292349537,115508.0,17743.0,6.51006030547,654.0,64440.0,112.0,6.0,789.0,2744.0,3846.0,4338.0,2855.0,2683.0,366.0,96.0,20.0,6.0,0.0,0.0,0.0,0.0,0.0,0.0,0.0,0.0,0.0,0.0,0.0,0.0,0.0,0.0,0.0,0.0,0.0,0.0,0.0,0.0
42.2944328704,113348.0,17746.0,6.38724219542,658.0,64446.0,104.0,8.0,814.0,2676.0,3850.0,4277.0,3017.0,2682.0,334.0,67.0,28.0,1.0,0.0,0.0,0.0,0.0,0.0,0.0,0.0,0.0,0.0,0.0,0.0,0.0,0.0,0.0,0.0,0.0,0.0,0.0,0.0,0.0
42.2965162037,115571.0,17740.0,6.51471251409,658.0,64441.0,111.0,7.0,876.0,2647.0,3910.0,4194.0,2919.0,2699.0,383.0,85.0,22.0,5.0,0.0,0.0,0.0,0.0,0.0,0.0,0.0,0.0,0.0,0.0,0.0,0.0,0.0,0.0,0.0,0.0,0.0,0.0,0.0,0.0
42.298599537,115363.0,17740.0,6.50298759865,661.0,64440.0,108.0,7.0,852.0,2631.0,3772.0,4381.0,2938.0,2712.0,361.0,60.0,24.0,9.0,0.0,0.0,0.0,0.0,0.0,0.0,0.0,0.0,0.0,0.0,0.0,0.0,0.0,0.0,0.0,0.0,0.0,0.0,0.0,0.0
42.3006828704,113352.0,17739.0,6.38998816168,656.0,64444.0,110.0,7.0,838.0,2708.0,3728.0,4305.0,3000.0,2721.0,344.0,78.0,15.0,2.0,0.0,0.0,0.0,0.0,0.0,0.0,0.0,0.0,0.0,0.0,0.0,0.0,0.0,0.0,0.0,0.0,0.0,0.0,0.0,0.0
42.3027662037,113599.0,17743.0,6.40246857916,656.0,64441.0,108.0,15.0,876.0,2627.0,3792.0,4399.0,2864.0,2738.0,350.0,79.0,14.0,4.0,0.0,0.0,0.0,0.0,0.0,0.0,0.0,0.0,0.0,0.0,0.0,0.0,0.0,0.0,0.0,0.0,0.0,0.0,0.0,0.0
42.304849537,114341.0,17743.0,6.44428788818,661.0,64440.0,110.0,7.0,837.0,2637.0,3816.0,4384.0,2895.0,2715.0,371.0,68.0,11.0,9.0,0.0,0.0,0.0,0.0,0.0,0.0,0.0,0.0,0.0,0.0,0.0,0.0,0.0,0.0,0.0,0.0,0.0,0.0,0.0,0.0
42.3069328704,110147.0,17743.0,6.20791297977,656.0,64443.0,110.0,65535.0,855.0,2791.0,3822.0,4436.0,2798.0,2590.0,365.0,75.0,9.0,2.0,0.0,0.0,0.0,0.0,0.0,0.0,0.0,0.0,0.0,0.0,0.0,0.0,0.0,0.0,0.0,0.0,0.0,0.0,0.0,0.0
42.3090162037,112518.0,17742.0,6.34190057491,656.0,64440.0,113.0,6.0,808.0,2718.0,3970.0,4301.0,2822.0,2672.0,344.0,86.0,20.0,1.0,0.0,0.0,0.0,0.0,0.0,0.0,0.0,0.0,0.0,0.0,0.0,0.0,0.0,0.0,0.0,0.0,0.0,0.0,0.0,0.0
42.311099537,114675.0,17743.0,6.46311221327,656.0,64440.0,108.0,12.0,843.0,2671.0,3836.0,4335.0,2890.0,2722.0,341.0,73.0,27.0,5.0,0.0,0.0,0.0,0.0,0.0,0.0,0.0,0.0,0.0,0.0,0.0,0.0,0.0,0.0,0.0,0.0,0.0,0.0,0.0,0.0
42.3131828704,111792.0,17746.0,6.29956046433,656.0,64443.0,111.0,6.0,863.0,2738.0,3921.0,4371.0,2754.0,2658.0,349.0,67.0,21.0,4.0,0.0,0.0,0.0,0.0,0.0,0.0,0.0,0.0,0.0,0.0,0.0,0.0,0.0,0.0,0.0,0.0,0.0,0.0,0.0,0.0
42.3152662037,112108.0,17741.0,6.31914773688,658.0,64440.0,112.0,7.0,864.0,2864.0,3942.0,4366.0,2635.0,2608.0,359.0,72.0,23.0,8.0,0.0,0.0,0.0,0.0,0.0,0.0,0.0,0.0,0.0,0.0,0.0,0.0,0.0,0.0,0.0,0.0,0.0,0.0,0.0,0.0
42.317349537,110575.0,17741.0,6.23273772617,658.0,64440.0,111.0,7.0,897.0,2725.0,3955.0,4303.0,2795.0,2643.0,329.0,72.0,21.0,1.0,0.0,0.0,0.0,0.0,0.0,0.0,0.0,0.0,0.0,0.0,0.0,0.0,0.0,0.0,0.0,0.0,0.0,0.0,0.0,0.0
42.3194328704,108851.0,17740.0,6.13590755355,664.0,64440.0,110.0,9.0,869.0,2903.0,4020.0,4301.0,2686.0,2527.0,351.0,58.0,20.0,5.0,0.0,0.0,0.0,0.0,0.0,0.0,0.0,0.0,0.0,0.0,0.0,0.0,0.0,0.0,0.0,0.0,0.0,0.0,0.0,0.0
42.3215162037,110574.0,17746.0,6.23092527894,661.0,64441.0,111.0,8.0,865.0,2792.0,4111.0,4170.0,2738.0,2625.0,355.0,71.0,14.0,5.0,0.0,0.0,0.0,0.0,0.0,0.0,0.0,0.0,0.0,0.0,0.0,0.0,0.0,0.0,0.0,0.0,0.0,0.0,0.0,0.0
42.323599537,111312.0,17748.0,6.27180527383,656.0,64444.0,108.0,7.0,849.0,2802.0,3985.0,4363.0,2754.0,2542.0,345.0,82.0,20.0,6.0,0.0,0.0,0.0,0.0,0.0,0.0,0.0,0.0,0.0,0.0,0.0,0.0,0.0,0.0,0.0,0.0,0.0,0.0,0.0,0.0
42.3256828704,110589.0,17743.0,6.23282421237,656.0,64444.0,108.0,7.0,886.0,3045.0,4040.0,4182.0,2604.0,2531.0,341.0,82.0,23.0,9.0,0.0,0.0,0.0,0.0,0.0,0.0,0.0,0.0,0.0,0.0,0.0,0.0,0.0,0.0,0.0,0.0,0.0,0.0,0.0,0.0
42.3277662037,109792.0,17742.0,6.1882538609,656.0,64440.0,108.0,7.0,865.0,2764.0,4106.0,4340.0,2664.0,2573.0,345.0,58.0,21.0,6.0,0.0,0.0,0.0,0.0,0.0,0.0,0.0,0.0,0.0,0.0,0.0,0.0,0.0,0.0,0.0,0.0,0.0,0.0,0.0,0.0
42.329849537,110113.0,17750.0,6.20354929577,656.0,64449.0,107.0,0.0,871.0,2819.0,4023.0,4418.0,2619.0,2573.0,314.0,89.0,19.0,5.0,0.0,0.0,0.0,0.0,0.0,0.0,0.0,0.0,0.0,0.0,0.0,0.0,0.0,0.0,0.0,0.0,0.0,0.0,0.0,0.0
42.3319328704,107681.0,17747.0,6.06756071449,658.0,64440.0,108.0,7.0,933.0,2855.0,4157.0,4358.0,2527.0,2471.0,360.0,64.0,15.0,7.0,0.0,0.0,0.0,0.0,0.0,0.0,0.0,0.0,0.0,0.0,0.0,0.0,0.0,0.0,0.0,0.0,0.0,0.0,0.0,0.0
42.3340162037,107736.0,17736.0,6.07442489851,658.0,64440.0,110.0,7.0,928.0,2894.0,4081.0,4364.0,2567.0,2482.0,309.0,86.0,22.0,3.0,0.0,0.0,0.0,0.0,0.0,0.0,0.0,0.0,0.0,0.0,0.0,0.0,0.0,0.0,0.0,0.0,0.0,0.0,0.0,0.0
42.336099537,110520.0,17739.0,6.23033992897,656.0,64440.0,110.0,7.0,907.0,2832.0,4046.0,4269.0,2631.0,2588.0,357.0,93.0,11.0,5.0,0.0,0.0,0.0,0.0,0.0,0.0,0.0,0.0,0.0,0.0,0.0,0.0,0.0,0.0,0.0,0.0,0.0,0.0,0.0,0.0
42.3381828704,108465.0,17741.0,6.1138041824,654.0,64440.0,110.0,7.0,914.0,2967.0,4013.0,4322.0,2633.0,2475.0,316.0,73.0,19.0,9.0,0.0,0.0,0.0,0.0,0.0,0.0,0.0,0.0,0.0,0.0,0.0,0.0,0.0,0.0,0.0,0.0,0.0,0.0,0.0,0.0
42.3402662037,105747.0,17746.0,5.95892032007,658.0,64440.0,112.0,6.0,966.0,2909.0,4135.0,4404.0,2489.0,2459.0,291.0,67.0,20.0,6.0,0.0,0.0,0.0,0.0,0.0,0.0,0.0,0.0,0.0,0.0,0.0,0.0,0.0,0.0,0.0,0.0,0.0,0.0,0.0,0.0
42.342349537,110649.0,17751.0,6.23339530167,656.0,64440.0,110.0,7.0,865.0,2889.0,4056.0,4300.0,2626.0,2574.0,325.0,86.0,26.0,4.0,0.0,0.0,0.0,0.0,0.0,0.0,0.0,0.0,0.0,0.0,0.0,0.0,0.0,0.0,0.0,0.0,0.0,0.0,0.0,0.0
42.3444328704,109005.0,17745.0,6.14285714286,654.0,64441.0,112.0,9.0,854.0,2921.0,4094.0,4358.0,2540.0,2527.0,356.0,76.0,11.0,8.0,0.0,0.0,0.0,0.0,0.0,0.0,0.0,0.0,0.0,0.0,0.0,0.0,0.0,0.0,0.0,0.0,0.0,0.0,0.0,0.0
42.3465162037,109345.0,17745.0,6.16201746971,656.0,64444.0,110.0,8.0,894.0,2789.0,4102.0,4400.0,2596.0,2541.0,318.0,85.0,11.0,9.0,0.0,0.0,0.0,0.0,0.0,0.0,0.0,0.0,0.0,0.0,0.0,0.0,0.0,0.0,0.0,0.0,0.0,0.0,0.0,0.0
42.348599537,105788.0,17746.0,5.96123069988,656.0,64440.0,108.0,3.0,934.0,2842.0,4197.0,4384.0,2549.0,2431.0,312.0,77.0,18.0,2.0,0.0,0.0,0.0,0.0,0.0,0.0,0.0,0.0,0.0,0.0,0.0,0.0,0.0,0.0,0.0,0.0,0.0,0.0,0.0,0.0
42.3506828704,104726.0,17747.0,5.90105369922,661.0,64441.0,108.0,9.0,983.0,3004.0,4245.0,4344.0,2388.0,2355.0,324.0,82.0,17.0,5.0,0.0,0.0,0.0,0.0,0.0,0.0,0.0,0.0,0.0,0.0,0.0,0.0,0.0,0.0,0.0,0.0,0.0,0.0,0.0,0.0
42.3527662037,105139.0,17745.0,5.92499295576,659.0,64440.0,109.0,15.0,984.0,2873.0,4145.0,4370.0,2514.0,2466.0,307.0,69.0,13.0,4.0,0.0,0.0,0.0,0.0,0.0,0.0,0.0,0.0,0.0,0.0,0.0,0.0,0.0,0.0,0.0,0.0,0.0,0.0,0.0,0.0
42.354849537,109370.0,17742.0,6.16446849284,656.0,64440.0,110.0,9.0,900.0,2896.0,4103.0,4249.0,2577.0,2563.0,346.0,88.0,17.0,3.0,0.0,0.0,0.0,0.0,0.0,0.0,0.0,0.0,0.0,0.0,0.0,0.0,0.0,0.0,0.0,0.0,0.0,0.0,0.0,0.0
42.3569328704,106324.0,17751.0,5.9897470565,656.0,64440.0,113.0,4.0,965.0,3026.0,4087.0,4427.0,2397.0,2442.0,299.0,80.0,21.0,7.0,0.0,0.0,0.0,0.0,0.0,0.0,0.0,0.0,0.0,0.0,0.0,0.0,0.0,0.0,0.0,0.0,0.0,0.0,0.0,0.0
42.3590162037,103873.0,17745.0,5.85364891519,656.0,64447.0,110.0,7.0,918.0,3049.0,4240.0,4388.0,2377.0,2352.0,327.0,72.0,20.0,2.0,0.0,0.0,0.0,0.0,0.0,0.0,0.0,0.0,0.0,0.0,0.0,0.0,0.0,0.0,0.0,0.0,0.0,0.0,0.0,0.0
42.361099537,107744.0,17749.0,6.0704265029,656.0,64444.0,110.0,4.0,920.0,3062.0,4207.0,4273.0,2387.0,2477.0,305.0,83.0,28.0,7.0,0.0,0.0,0.0,0.0,0.0,0.0,0.0,0.0,0.0,0.0,0.0,0.0,0.0,0.0,0.0,0.0,0.0,0.0,0.0,0.0
42.3631828704,106945.0,17750.0,6.02507042254,656.0,64441.0,110.0,3.0,923.0,2987.0,4075.0,4454.0,2411.0,2455.0,349.0,73.0,18.0,5.0,0.0,0.0,0.0,0.0,0.0,0.0,0.0,0.0,0.0,0.0,0.0,0.0,0.0,0.0,0.0,0.0,0.0,0.0,0.0,0.0
42.3652662037,105150.0,17755.0,5.92227541538,655.0,64440.0,110.0,7.0,962.0,2986.0,4286.0,4334.0,2402.0,2375.0,309.0,73.0,21.0,7.0,0.0,0.0,0.0,0.0,0.0,0.0,0.0,0.0,0.0,0.0,0.0,0.0,0.0,0.0,0.0,0.0,0.0,0.0,0.0,0.0
42.367349537,105313.0,17750.0,5.93312676056,656.0,64440.0,111.0,7.0,858.0,2985.0,4278.0,4313.0,2427.0,2483.0,319.0,66.0,19.0,2.0,0.0,0.0,0.0,0.0,0.0,0.0,0.0,0.0,0.0,0.0,0.0,0.0,0.0,0.0,0.0,0.0,0.0,0.0,0.0,0.0
42.3694328704,106306.0,17753.0,5.98805835633,656.0,64440.0,108.0,12.0,901.0,2996.0,4249.0,4357.0,2383.0,2437.0,326.0,79.0,20.0,5.0,0.0,0.0,0.0,0.0,0.0,0.0,0.0,0.0,0.0,0.0,0.0,0.0,0.0,0.0,0.0,0.0,0.0,0.0,0.0,0.0
42.3715162037,105875.0,17754.0,5.9634448575,654.0,64441.0,112.0,65535.0,905.0,2965.0,4261.0,4379.0,2409.0,2422.0,321.0,66.0,18.0,8.0,0.0,0.0,0.0,0.0,0.0,0.0,0.0,0.0,0.0,0.0,0.0,0.0,0.0,0.0,0.0,0.0,0.0,0.0,0.0,0.0
42.373599537,105186.0,17753.0,5.92497042753,656.0,64440.0,111.0,15.0,1016.0,2936.0,4273.0,4376.0,2287.0,2445.0,331.0,60.0,24.0,5.0,0.0,0.0,0.0,0.0,0.0,0.0,0.0,0.0,0.0,0.0,0.0,0.0,0.0,0.0,0.0,0.0,0.0,0.0,0.0,0.0
42.3756828704,104395.0,17739.0,5.88505552737,656.0,64440.0,112.0,3.0,952.0,3103.0,4260.0,4321.0,2296.0,2420.0,281.0,85.0,11.0,10.0,0.0,0.0,0.0,0.0,0.0,0.0,0.0,0.0,0.0,0.0,0.0,0.0,0.0,0.0,0.0,0.0,0.0,0.0,0.0,0.0
42.3777662037,102494.0,17746.0,5.77561140539,656.0,64440.0,110.0,8.0,1004.0,3208.0,4167.0,4460.0,2267.0,2242.0,293.0,76.0,20.0,9.0,0.0,0.0,0.0,0.0,0.0,0.0,0.0,0.0,0.0,0.0,0.0,0.0,0.0,0.0,0.0,0.0,0.0,0.0,0.0,0.0
42.379849537,104740.0,17747.0,5.90184256494,656.0,64439.0,108.0,6.0,1002.0,3056.0,4262.0,4326.0,2340.0,2327.0,332.0,73.0,22.0,7.0,0.0,0.0,0.0,0.0,0.0,0.0,0.0,0.0,0.0,0.0,0.0,0.0,0.0,0.0,0.0,0.0,0.0,0.0,0.0,0.0
42.3819328704,103253.0,17752.0,5.81641505183,656.0,64441.0,112.0,3.0,973.0,2947.0,4237.0,4406.0,2386.0,2407.0,317.0,61.0,16.0,2.0,0.0,0.0,0.0,0.0,0.0,0.0,0.0,0.0,0.0,0.0,0.0,0.0,0.0,0.0,0.0,0.0,0.0,0.0,0.0,0.0
42.3840162037,108500.0,17747.0,6.11370935933,655.0,64440.0,112.0,65535.0,902.0,3086.0,4117.0,4313.0,2397.0,2505.0,318.0,74.0,25.0,10.0,0.0,0.0,0.0,0.0,0.0,0.0,0.0,0.0,0.0,0.0,0.0,0.0,0.0,0.0,0.0,0.0,0.0,0.0,0.0,0.0
42.386099537,106988.0,17744.0,6.02953110911,655.0,64441.0,108.0,7.0,996.0,2968.0,4140.0,4299.0,2458.0,2454.0,329.0,68.0,27.0,5.0,0.0,0.0,0.0,0.0,0.0,0.0,0.0,0.0,0.0,0.0,0.0,0.0,0.0,0.0,0.0,0.0,0.0,0.0,0.0,0.0
42.3881828704,103091.0,17745.0,5.80958016343,656.0,64433.0,120.0,8.0,1023.0,3137.0,4049.0,4428.0,2336.0,2376.0,305.0,68.0,20.0,3.0,0.0,0.0,0.0,0.0,0.0,0.0,0.0,0.0,0.0,0.0,0.0,0.0,0.0,0.0,0.0,0.0,0.0,0.0,0.0,0.0
42.3902662037,99633.0,17744.0,5.61502479711,654.0,64444.0,108.0,7.0,1068.0,3237.0,4242.0,4376.0,2199.0,2267.0,253.0,76.0,24.0,2.0,0.0,0.0,0.0,0.0,0.0,0.0,0.0,0.0,0.0,0.0,0.0,0.0,0.0,0.0,0.0,0.0,0.0,0.0,0.0,0.0
42.392349537,99072.0,17743.0,5.58372315843,656.0,64444.0,108.0,7.0,968.0,3252.0,4274.0,4372.0,2313.0,2223.0,249.0,67.0,23.0,2.0,0.0,0.0,0.0,0.0,0.0,0.0,0.0,0.0,0.0,0.0,0.0,0.0,0.0,0.0,0.0,0.0,0.0,0.0,0.0,0.0
42.3944328704,100732.0,17747.0,5.67600157773,656.0,64444.0,111.0,7.0,1023.0,3238.0,4225.0,4309.0,2348.0,2244.0,257.0,79.0,18.0,6.0,0.0,0.0,0.0,0.0,0.0,0.0,0.0,0.0,0.0,0.0,0.0,0.0,0.0,0.0,0.0,0.0,0.0,0.0,0.0,0.0
42.3965162037,101051.0,17748.0,5.69365562317,656.0,64440.0,108.0,6.0,1092.0,3225.0,4255.0,4273.0,2198.0,2329.0,285.0,71.0,11.0,9.0,0.0,0.0,0.0,0.0,0.0,0.0,0.0,0.0,0.0,0.0,0.0,0.0,0.0,0.0,0.0,0.0,0.0,0.0,0.0,0.0
42.4028009259,98321.0,17744.0,5.54108431019,654.0,64440.0,111.0,8.0,1045.0,3175.0,4315.0,4505.0,2106.0,2224.0,300.0,53.0,18.0,3.0,0.0,0.0,0.0,0.0,0.0,0.0,0.0,0.0,0.0,0.0,0.0,0.0,0.0,0.0,0.0,0.0,0.0,0.0,0.0,0.0
42.4048842593,102865.0,17743.0,5.79749760469,654.0,64446.0,108.0,7.0,1010.0,3295.0,4225.0,4270.0,2187.0,2358.0,306.0,57.0,28.0,7.0,0.0,0.0,0.0,0.0,0.0,0.0,0.0,0.0,0.0,0.0,0.0,0.0,0.0,0.0,0.0,0.0,0.0,0.0,0.0,0.0
42.4069675926,100750.0,17753.0,5.67509716668,656.0,64440.0,110.0,7.0,1039.0,3224.0,4211.0,4376.0,2216.0,2325.0,285.0,52.0,17.0,8.0,0.0,0.0,0.0,0.0,0.0,0.0,0.0,0.0,0.0,0.0,0.0,0.0,0.0,0.0,0.0,0.0,0.0,0.0,0.0,0.0
42.4090509259,104172.0,17739.0,5.8724843565,656.0,64440.0,110.0,9.0,952.0,3110.0,4325.0,4325.0,2299.0,2311.0,297.0,98.0,13.0,9.0,0.0,0.0,0.0,0.0,0.0,0.0,0.0,0.0,0.0,0.0,0.0,0.0,0.0,0.0,0.0,0.0,0.0,0.0,0.0,0.0
42.4111342593,102935.0,17743.0,5.80144282252,654.0,64443.0,110.0,7.0,992.0,3223.0,4294.0,4283.0,2201.0,2348.0,288.0,88.0,21.0,5.0,0.0,0.0,0.0,0.0,0.0,0.0,0.0,0.0,0.0,0.0,0.0,0.0,0.0,0.0,0.0,0.0,0.0,0.0,0.0,0.0
42.4132175926,104346.0,17745.0,5.88030431107,658.0,64440.0,108.0,9.0,992.0,3178.0,4178.0,4423.0,2246.0,2324.0,294.0,81.0,16.0,13.0,0.0,0.0,0.0,0.0,0.0,0.0,0.0,0.0,0.0,0.0,0.0,0.0,0.0,0.0,0.0,0.0,0.0,0.0,0.0,0.0
42.4153009259,101464.0,17746.0,5.71757015666,656.0,64441.0,112.0,3.0,1052.0,3208.0,4318.0,4323.0,2195.0,2253.0,295.0,77.0,16.0,9.0,0.0,0.0,0.0,0.0,0.0,0.0,0.0,0.0,0.0,0.0,0.0,0.0,0.0,0.0,0.0,0.0,0.0,0.0,0.0,0.0
42.4173842593,103659.0,17741.0,5.84290626233,656.0,64444.0,112.0,8.0,1050.0,3091.0,4232.0,4372.0,2245.0,2315.0,323.0,93.0,14.0,6.0,0.0,0.0,0.0,0.0,0.0,0.0,0.0,0.0,0.0,0.0,0.0,0.0,0.0,0.0,0.0,0.0,0.0,0.0,0.0,0.0
42.4194675926,101683.0,17751.0,5.72829699735,656.0,64444.0,110.0,7.0,1029.0,3231.0,4272.0,4301.0,2254.0,2265.0,304.0,70.0,17.0,8.0,0.0,0.0,0.0,0.0,0.0,0.0,0.0,0.0,0.0,0.0,0.0,0.0,0.0,0.0,0.0,0.0,0.0,0.0,0.0,0.0
42.4215509259,106651.0,17743.0,6.01087752917,655.0,64440.0,112.0,65535.0,984.0,3187.0,4326.0,4187.0,2216.0,2369.0,337.0,104.0,27.0,6.0,0.0,0.0,0.0,0.0,0.0,0.0,0.0,0.0,0.0,0.0,0.0,0.0,0.0,0.0,0.0,0.0,0.0,0.0,0.0,0.0
42.4236342593,103882.0,17746.0,5.85382621436,656.0,64440.0,110.0,7.0,1006.0,3120.0,4179.0,4363.0,2279.0,2357.0,336.0,87.0,17.0,2.0,0.0,0.0,0.0,0.0,0.0,0.0,0.0,0.0,0.0,0.0,0.0,0.0,0.0,0.0,0.0,0.0,0.0,0.0,0.0,0.0
42.4257175926,102665.0,17736.0,5.78850924673,656.0,64444.0,108.0,7.0,1012.0,3137.0,4274.0,4333.0,2146.0,2428.0,311.0,76.0,16.0,3.0,0.0,0.0,0.0,0.0,0.0,0.0,0.0,0.0,0.0,0.0,0.0,0.0,0.0,0.0,0.0,0.0,0.0,0.0,0.0,0.0
42.4278009259,103151.0,17740.0,5.81459977452,656.0,64440.0,110.0,3.0,1001.0,3123.0,4282.0,4330.0,2194.0,2405.0,298.0,86.0,18.0,3.0,0.0,0.0,0.0,0.0,0.0,0.0,0.0,0.0,0.0,0.0,0.0,0.0,0.0,0.0,0.0,0.0,0.0,0.0,0.0,0.0
42.4298842593,105326.0,17748.0,5.93452783412,656.0,64441.0,110.0,7.0,1025.0,3186.0,4190.0,4242.0,2293.0,2363.0,347.0,71.0,23.0,8.0,0.0,0.0,0.0,0.0,0.0,0.0,0.0,0.0,0.0,0.0,0.0,0.0,0.0,0.0,0.0,0.0,0.0,0.0,0.0,0.0
42.4319675926,104043.0,17743.0,5.86388998478,656.0,64440.0,112.0,3.0,1115.0,3221.0,4133.0,4379.0,2162.0,2299.0,307.0,92.0,29.0,6.0,0.0,0.0,0.0,0.0,0.0,0.0,0.0,0.0,0.0,0.0,0.0,0.0,0.0,0.0,0.0,0.0,0.0,0.0,0.0,0.0
42.4340509259,102987.0,17744.0,5.80404643823,656.0,64441.0,112.0,7.0,1077.0,3323.0,4148.0,4310.0,2072.0,2397.0,306.0,81.0,27.0,3.0,0.0,0.0,0.0,0.0,0.0,0.0,0.0,0.0,0.0,0.0,0.0,0.0,0.0,0.0,0.0,0.0,0.0,0.0,0.0,0.0
42.4361342593,107080.0,17745.0,6.03437588053,654.0,64440.0,108.0,3.0,1051.0,3130.0,4239.0,4294.0,2187.0,2358.0,333.0,120.0,29.0,4.0,0.0,0.0,0.0,0.0,0.0,0.0,0.0,0.0,0.0,0.0,0.0,0.0,0.0,0.0,0.0,0.0,0.0,0.0,0.0,0.0
42.4382175926,105920.0,17749.0,5.96766014987,658.0,64440.0,112.0,6.0,1043.0,3248.0,4270.0,4343.0,2097.0,2257.0,320.0,139.0,27.0,5.0,0.0,0.0,0.0,0.0,0.0,0.0,0.0,0.0,0.0,0.0,0.0,0.0,0.0,0.0,0.0,0.0,0.0,0.0,0.0,0.0
42.4403009259,106679.0,17750.0,6.01008450704,654.0,64440.0,110.0,12.0,1016.0,3099.0,4226.0,4418.0,2148.0,2373.0,321.0,118.0,27.0,4.0,0.0,0.0,0.0,0.0,0.0,0.0,0.0,0.0,0.0,0.0,0.0,0.0,0.0,0.0,0.0,0.0,0.0,0.0,0.0,0.0
42.4423842593,108515.0,17748.0,6.11421005184,654.0,64440.0,108.0,8.0,1053.0,3179.0,4140.0,4288.0,2218.0,2375.0,351.0,110.0,26.0,6.0,2.0,0.0,0.0,0.0,0.0,0.0,0.0,0.0,0.0,0.0,0.0,0.0,0.0,0.0,0.0,0.0,0.0,0.0,0.0,0.0
42.4444675926,108946.0,17745.0,6.13953226261,656.0,64444.0,112.0,7.0,1042.0,3172.0,4089.0,4329.0,2137.0,2475.0,369.0,100.0,22.0,10.0,0.0,0.0,0.0,0.0,0.0,0.0,0.0,0.0,0.0,0.0,0.0,0.0,0.0,0.0,0.0,0.0,0.0,0.0,0.0,0.0
42.4465509259,110843.0,17745.0,6.24643561567,655.0,64444.0,110.0,6.0,1063.0,3203.0,4092.0,4226.0,2189.0,2443.0,347.0,146.0,29.0,7.0,0.0,0.0,0.0,0.0,0.0,0.0,0.0,0.0,0.0,0.0,0.0,0.0,0.0,0.0,0.0,0.0,0.0,0.0,0.0,0.0
42.4486342593,108081.0,17746.0,6.09044291671,654.0,64440.0,111.0,9.0,1015.0,3229.0,4022.0,4370.0,2200.0,2420.0,351.0,108.0,26.0,4.0,1.0,0.0,0.0,0.0,0.0,0.0,0.0,0.0,0.0,0.0,0.0,0.0,0.0,0.0,0.0,0.0,0.0,0.0,0.0,0.0
42.4507175926,111698.0,17751.0,6.29249056391,656.0,64441.0,110.0,11.0,1077.0,3148.0,4119.0,4252.0,2147.0,2435.0,395.0,141.0,31.0,6.0,0.0,0.0,0.0,0.0,0.0,0.0,0.0,0.0,0.0,0.0,0.0,0.0,0.0,0.0,0.0,0.0,0.0,0.0,0.0,0.0
42.4528009259,109141.0,17750.0,6.14878873239,656.0,64440.0,112.0,65535.0,1070.0,3167.0,4061.0,4253.0,2163.0,2539.0,354.0,115.0,23.0,5.0,0.0,0.0,0.0,0.0,0.0,0.0,0.0,0.0,0.0,0.0,0.0,0.0,0.0,0.0,0.0,0.0,0.0,0.0,0.0,0.0
42.4548842593,108556.0,17755.0,6.11410870177,655.0,64444.0,113.0,65532.0,1089.0,3224.0,4198.0,4194.0,2102.0,2419.0,366.0,136.0,21.0,6.0,0.0,0.0,0.0,0.0,0.0,0.0,0.0,0.0,0.0,0.0,0.0,0.0,0.0,0.0,0.0,0.0,0.0,0.0,0.0,0.0
42.4569675926,106709.0,17742.0,6.01448540187,654.0,64440.0,112.0,3.0,1106.0,3303.0,4047.0,4302.0,2089.0,2427.0,309.0,128.0,27.0,4.0,0.0,0.0,0.0,0.0,0.0,0.0,0.0,0.0,0.0,0.0,0.0,0.0,0.0,0.0,0.0,0.0,0.0,0.0,0.0,0.0
42.4590509259,107846.0,17745.0,6.07754296985,654.0,64446.0,108.0,7.0,1099.0,3306.0,4196.0,4139.0,2135.0,2365.0,341.0,127.0,30.0,7.0,0.0,0.0,0.0,0.0,0.0,0.0,0.0,0.0,0.0,0.0,0.0,0.0,0.0,0.0,0.0,0.0,0.0,0.0,0.0,0.0
42.4611342593,110704.0,17750.0,6.23684507042,656.0,64441.0,111.0,7.0,1067.0,3276.0,4020.0,4297.0,2151.0,2396.0,363.0,147.0,26.0,5.0,2.0,0.0,0.0,0.0,0.0,0.0,0.0,0.0,0.0,0.0,0.0,0.0,0.0,0.0,0.0,0.0,0.0,0.0,0.0,0.0
42.4632175926,108268.0,17744.0,6.10166816952,656.0,64440.0,121.0,3.0,1126.0,3148.0,4196.0,4344.0,2131.0,2304.0,321.0,137.0,26.0,10.0,1.0,0.0,0.0,0.0,0.0,0.0,0.0,0.0,0.0,0.0,0.0,0.0,0.0,0.0,0.0,0.0,0.0,0.0,0.0,0.0
42.4653009259,107414.0,17749.0,6.05183390614,656.0,64443.0,110.0,65535.0,1100.0,3342.0,4084.0,4220.0,2164.0,2353.0,314.0,141.0,23.0,8.0,0.0,0.0,0.0,0.0,0.0,0.0,0.0,0.0,0.0,0.0,0.0,0.0,0.0,0.0,0.0,0.0,0.0,0.0,0.0,0.0
42.4673842593,110147.0,17739.0,6.20931281357,656.0,64441.0,107.0,14.0,1115.0,3319.0,4070.0,4158.0,2163.0,2371.0,366.0,132.0,38.0,7.0,0.0,0.0,0.0,0.0,0.0,0.0,0.0,0.0,0.0,0.0,0.0,0.0,0.0,0.0,0.0,0.0,0.0,0.0,0.0,0.0
42.4694675926,106539.0,17748.0,6.00287356322,655.0,64447.0,111.0,5.0,1163.0,3445.0,4121.0,4299.0,1977.0,2225.0,344.0,134.0,30.0,9.0,1.0,0.0,0.0,0.0,0.0,0.0,0.0,0.0,0.0,0.0,0.0,0.0,0.0,0.0,0.0,0.0,0.0,0.0,0.0,0.0
42.4715509259,104637.0,17750.0,5.89504225352,654.0,64447.0,108.0,8.0,1205.0,3391.0,4161.0,4163.0,2102.0,2234.0,331.0,131.0,27.0,5.0,0.0,0.0,0.0,0.0,0.0,0.0,0.0,0.0,0.0,0.0,0.0,0.0,0.0,0.0,0.0,0.0,0.0,0.0,0.0,0.0
42.4736342593,105429.0,17744.0,5.94167042381,656.0,64440.0,111.0,3.0,1192.0,3399.0,4111.0,4288.0,2012.0,2239.0,341.0,126.0,27.0,9.0,0.0,0.0,0.0,0.0,0.0,0.0,0.0,0.0,0.0,0.0,0.0,0.0,0.0,0.0,0.0,0.0,0.0,0.0,0.0,0.0
42.4757175926,102470.0,17744.0,5.77490982867,655.0,64439.0,112.0,6.0,1243.0,3398.0,4312.0,4148.0,1972.0,2192.0,329.0,123.0,18.0,9.0,0.0,0.0,0.0,0.0,0.0,0.0,0.0,0.0,0.0,0.0,0.0,0.0,0.0,0.0,0.0,0.0,0.0,0.0,0.0,0.0
42.4778009259,105763.0,17743.0,5.96082962295,658.0,64444.0,110.0,1.0,1225.0,3379.0,4102.0,4153.0,2100.0,2280.0,341.0,131.0,27.0,4.0,1.0,0.0,0.0,0.0,0.0,0.0,0.0,0.0,0.0,0.0,0.0,0.0,0.0,0.0,0.0,0.0,0.0,0.0,0.0,0.0
42.4798842593,106262.0,17748.0,5.98726617084,656.0,64442.0,108.0,6.0,1209.0,3328.0,4053.0,4251.0,2068.0,2342.0,348.0,116.0,25.0,8.0,0.0,0.0,0.0,0.0,0.0,0.0,0.0,0.0,0.0,0.0,0.0,0.0,0.0,0.0,0.0,0.0,0.0,0.0,0.0,0.0
42.4819675926,103435.0,17743.0,5.8296229499,656.0,64444.0,111.0,7.0,1174.0,3397.0,4089.0,4271.0,2055.0,2272.0,341.0,121.0,20.0,3.0,0.0,0.0,0.0,0.0,0.0,0.0,0.0,0.0,0.0,0.0,0.0,0.0,0.0,0.0,0.0,0.0,0.0,0.0,0.0,0.0
42.4840509259,105516.0,17746.0,5.94590330215,654.0,64444.0,105.0,1.0,1179.0,3388.0,4192.0,4094.0,2105.0,2289.0,343.0,126.0,22.0,8.0,0.0,0.0,0.0,0.0,0.0,0.0,0.0,0.0,0.0,0.0,0.0,0.0,0.0,0.0,0.0,0.0,0.0,0.0,0.0,0.0
42.4861342593,105260.0,17748.0,5.93080910525,655.0,64444.0,112.0,65535.0,1170.0,3496.0,4034.0,4238.0,2079.0,2221.0,352.0,124.0,26.0,8.0,0.0,0.0,0.0,0.0,0.0,0.0,0.0,0.0,0.0,0.0,0.0,0.0,0.0,0.0,0.0,0.0,0.0,0.0,0.0,0.0
42.4882175926,104407.0,17752.0,5.88142181163,656.0,64447.0,110.0,3.0,1155.0,3555.0,4052.0,4149.0,2117.0,2221.0,346.0,129.0,22.0,6.0,0.0,0.0,0.0,0.0,0.0,0.0,0.0,0.0,0.0,0.0,0.0,0.0,0.0,0.0,0.0,0.0,0.0,0.0,0.0,0.0
42.4903009259,104471.0,17752.0,5.88502703921,654.0,64440.0,112.0,3.0,1168.0,3433.0,4113.0,4179.0,2048.0,2326.0,321.0,143.0,18.0,3.0,0.0,0.0,0.0,0.0,0.0,0.0,0.0,0.0,0.0,0.0,0.0,0.0,0.0,0.0,0.0,0.0,0.0,0.0,0.0,0.0
42.4923842593,104856.0,17750.0,5.90738028169,655.0,64444.0,108.0,7.0,1238.0,3486.0,4105.0,4062.0,2100.0,2279.0,323.0,122.0,27.0,8.0,0.0,0.0,0.0,0.0,0.0,0.0,0.0,0.0,0.0,0.0,0.0,0.0,0.0,0.0,0.0,0.0,0.0,0.0,0.0,0.0
42.4944675926,103137.0,17747.0,5.81151743957,656.0,64446.0,108.0,7.0,1199.0,3557.0,4122.0,4126.0,2040.0,2213.0,340.0,123.0,20.0,7.0,0.0,0.0,0.0,0.0,0.0,0.0,0.0,0.0,0.0,0.0,0.0,0.0,0.0,0.0,0.0,0.0,0.0,0.0,0.0,0.0
42.4965509259,101737.0,17746.0,5.73295390511,656.0,64444.0,111.0,3.0,1253.0,3555.0,4147.0,4146.0,2039.0,2120.0,341.0,120.0,15.0,10.0,0.0,0.0,0.0,0.0,0.0,0.0,0.0,0.0,0.0,0.0,0.0,0.0,0.0,0.0,0.0,0.0,0.0,0.0,0.0,0.0
42.4986342593,100501.0,17744.0,5.66394274121,659.0,64443.0,108.0,7.0,1316.0,3541.0,4264.0,4072.0,1988.0,2127.0,286.0,116.0,24.0,10.0,0.0,0.0,0.0,0.0,0.0,0.0,0.0,0.0,0.0,0.0,0.0,0.0,0.0,0.0,0.0,0.0,0.0,0.0,0.0,0.0
42.5007175926,102609.0,17747.0,5.78176593227,656.0,64444.0,111.0,7.0,1349.0,3629.0,4126.0,3974.0,2062.0,2132.0,307.0,129.0,30.0,9.0,0.0,0.0,0.0,0.0,0.0,0.0,0.0,0.0,0.0,0.0,0.0,0.0,0.0,0.0,0.0,0.0,0.0,0.0,0.0,0.0
42.5028009259,101074.0,17758.0,5.69174456583,656.0,64443.0,108.0,6.0,1271.0,3534.0,4126.0,4072.0,2087.0,2193.0,343.0,112.0,16.0,4.0,0.0,0.0,0.0,0.0,0.0,0.0,0.0,0.0,0.0,0.0,0.0,0.0,0.0,0.0,0.0,0.0,0.0,0.0,0.0,0.0
42.5048842593,101360.0,17752.0,5.70977917981,661.0,64450.0,111.0,3.0,1268.0,3622.0,4241.0,4056.0,2025.0,2058.0,313.0,135.0,27.0,7.0,0.0,0.0,0.0,0.0,0.0,0.0,0.0,0.0,0.0,0.0,0.0,0.0,0.0,0.0,0.0,0.0,0.0,0.0,0.0,0.0
42.5069675926,100969.0,17750.0,5.6883943662,661.0,64446.0,108.0,4.0,1348.0,3643.0,4061.0,4127.0,1979.0,2128.0,307.0,123.0,28.0,6.0,0.0,0.0,0.0,0.0,0.0,0.0,0.0,0.0,0.0,0.0,0.0,0.0,0.0,0.0,0.0,0.0,0.0,0.0,0.0,0.0
42.5090509259,101789.0,17746.0,5.73588414291,659.0,64440.0,108.0,6.0,1369.0,3631.0,4111.0,4034.0,1985.0,2126.0,331.0,126.0,25.0,8.0,0.0,0.0,0.0,0.0,0.0,0.0,0.0,0.0,0.0,0.0,0.0,0.0,0.0,0.0,0.0,0.0,0.0,0.0,0.0,0.0
42.5111342593,100191.0,17753.0,5.64360953078,661.0,64446.0,111.0,7.0,1377.0,3707.0,4102.0,4026.0,2004.0,2057.0,314.0,134.0,28.0,4.0,0.0,0.0,0.0,0.0,0.0,0.0,0.0,0.0,0.0,0.0,0.0,0.0,0.0,0.0,0.0,0.0,0.0,0.0,0.0,0.0
42.5132175926,100638.0,17749.0,5.67006591921,662.0,64444.0,112.0,3.0,1388.0,3630.0,4030.0,4061.0,2104.0,2056.0,330.0,120.0,25.0,4.0,1.0,0.0,0.0,0.0,0.0,0.0,0.0,0.0,0.0,0.0,0.0,0.0,0.0,0.0,0.0,0.0,0.0,0.0,0.0,0.0
42.5153009259,101962.0,17751.0,5.74401442172,661.0,64444.0,112.0,7.0,1332.0,3718.0,4076.0,3963.0,2022.0,2169.0,314.0,116.0,36.0,5.0,0.0,0.0,0.0,0.0,0.0,0.0,0.0,0.0,0.0,0.0,0.0,0.0,0.0,0.0,0.0,0.0,0.0,0.0,0.0,0.0
42.5173842593,101498.0,17750.0,5.7181971831,662.0,64444.0,112.0,3.0,1382.0,3566.0,4188.0,4053.0,1948.0,2138.0,310.0,135.0,21.0,9.0,0.0,0.0,0.0,0.0,0.0,0.0,0.0,0.0,0.0,0.0,0.0,0.0,0.0,0.0,0.0,0.0,0.0,0.0,0.0,0.0
42.5194675926,99514.0,17753.0,5.60547513096,658.0,64440.0,111.0,4.0,1348.0,3630.0,4190.0,4056.0,2012.0,2041.0,314.0,139.0,18.0,5.0,0.0,0.0,0.0,0.0,0.0,0.0,0.0,0.0,0.0,0.0,0.0,0.0,0.0,0.0,0.0,0.0,0.0,0.0,0.0,0.0
42.5215509259,100862.0,17748.0,5.68300653595,661.0,64443.0,110.0,9.0,1392.0,3748.0,4197.0,3902.0,2007.0,2038.0,300.0,120.0,32.0,12.0,0.0,0.0,0.0,0.0,0.0,0.0,0.0,0.0,0.0,0.0,0.0,0.0,0.0,0.0,0.0,0.0,0.0,0.0,0.0,0.0
42.5236342593,101606.0,17758.0,5.72170289447,662.0,64440.0,112.0,7.0,1359.0,3658.0,4110.0,3968.0,2070.0,2109.0,324.0,130.0,22.0,8.0,0.0,0.0,0.0,0.0,0.0,0.0,0.0,0.0,0.0,0.0,0.0,0.0,0.0,0.0,0.0,0.0,0.0,0.0,0.0,0.0
42.5257175926,100421.0,17757.0,5.65529087121,662.0,64447.0,110.0,3.0,1439.0,3637.0,4104.0,3910.0,2031.0,2189.0,287.0,133.0,23.0,4.0,0.0,0.0,0.0,0.0,0.0,0.0,0.0,0.0,0.0,0.0,0.0,0.0,0.0,0.0,0.0,0.0,0.0,0.0,0.0,0.0
42.5278009259,99147.0,17754.0,5.5844880027,662.0,64443.0,111.0,7.0,1340.0,3643.0,4218.0,4045.0,1987.0,2093.0,282.0,111.0,28.0,7.0,0.0,0.0,0.0,0.0,0.0,0.0,0.0,0.0,0.0,0.0,0.0,0.0,0.0,0.0,0.0,0.0,0.0,0.0,0.0,0.0
42.5298842593,99877.0,17756.0,5.6249718405,658.0,64440.0,112.0,8.0,1401.0,3779.0,4105.0,3974.0,1977.0,2045.0,323.0,115.0,29.0,8.0,0.0,0.0,0.0,0.0,0.0,0.0,0.0,0.0,0.0,0.0,0.0,0.0,0.0,0.0,0.0,0.0,0.0,0.0,0.0,0.0
42.5319675926,99758.0,17757.0,5.61795348313,661.0,64444.0,108.0,8.0,1332.0,3658.0,4140.0,4007.0,1996.0,2155.0,337.0,105.0,24.0,3.0,0.0,0.0,0.0,0.0,0.0,0.0,0.0,0.0,0.0,0.0,0.0,0.0,0.0,0.0,0.0,0.0,0.0,0.0,0.0,0.0
42.5340509259,97380.0,17749.0,5.48650628204,661.0,64444.0,111.0,6.0,1406.0,3808.0,4178.0,3952.0,1942.0,2017.0,299.0,122.0,17.0,8.0,0.0,0.0,0.0,0.0,0.0,0.0,0.0,0.0,0.0,0.0,0.0,0.0,0.0,0.0,0.0,0.0,0.0,0.0,0.0,0.0
42.5361342593,95184.0,17755.0,5.3609687412,662.0,64447.0,111.0,3.0,1445.0,3844.0,4254.0,3926.0,1933.0,1919.0,289.0,121.0,17.0,7.0,0.0,0.0,0.0,0.0,0.0,0.0,0.0,0.0,0.0,0.0,0.0,0.0,0.0,0.0,0.0,0.0,0.0,0.0,0.0,0.0
42.5382175926,97923.0,17757.0,5.51461395506,664.0,64440.0,112.0,0.0,1441.0,3801.0,4187.0,3801.0,2016.0,2061.0,306.0,116.0,25.0,2.0,1.0,0.0,0.0,0.0,0.0,0.0,0.0,0.0,0.0,0.0,0.0,0.0,0.0,0.0,0.0,0.0,0.0,0.0,0.0,0.0
42.5403009259,97722.0,17755.0,5.50391439031,662.0,64443.0,111.0,6.0,1446.0,3774.0,4106.0,4056.0,1963.0,1941.0,333.0,101.0,26.0,9.0,0.0,0.0,0.0,0.0,0.0,0.0,0.0,0.0,0.0,0.0,0.0,0.0,0.0,0.0,0.0,0.0,0.0,0.0,0.0,0.0
42.5423842593,96587.0,17763.0,5.43753870405,662.0,64444.0,111.0,7.0,1496.0,3923.0,4272.0,3842.0,1870.0,1906.0,286.0,133.0,26.0,9.0,0.0,0.0,0.0,0.0,0.0,0.0,0.0,0.0,0.0,0.0,0.0,0.0,0.0,0.0,0.0,0.0,0.0,0.0,0.0,0.0
42.5444675926,95911.0,17755.0,5.40191495353,664.0,64443.0,108.0,8.0,1513.0,3957.0,4161.0,3860.0,1894.0,1917.0,305.0,113.0,28.0,7.0,0.0,0.0,0.0,0.0,0.0,0.0,0.0,0.0,0.0,0.0,0.0,0.0,0.0,0.0,0.0,0.0,0.0,0.0,0.0,0.0
42.5465509259,95144.0,17757.0,5.35811229374,664.0,64444.0,110.0,4.0,1520.0,3916.0,4290.0,3666.0,1978.0,1952.0,298.0,110.0,20.0,7.0,0.0,0.0,0.0,0.0,0.0,0.0,0.0,0.0,0.0,0.0,0.0,0.0,0.0,0.0,0.0,0.0,0.0,0.0,0.0,0.0
42.5486342593,97386.0,17757.0,5.4843723602,665.0,64446.0,108.0,11.0,1519.0,3978.0,4046.0,3823.0,2009.0,1916.0,316.0,116.0,23.0,11.0,0.0,0.0,0.0,0.0,0.0,0.0,0.0,0.0,0.0,0.0,0.0,0.0,0.0,0.0,0.0,0.0,0.0,0.0,0.0,0.0
42.5507175926,94630.0,17756.0,5.32946609597,662.0,64441.0,112.0,65532.0,1490.0,3904.0,4191.0,3872.0,1997.0,1848.0,314.0,112.0,24.0,4.0,0.0,0.0,0.0,0.0,0.0,0.0,0.0,0.0,0.0,0.0,0.0,0.0,0.0,0.0,0.0,0.0,0.0,0.0,0.0,0.0
42.5528009259,94830.0,17764.0,5.33832470164,664.0,64443.0,111.0,8.0,1548.0,3952.0,4101.0,3897.0,1892.0,1923.0,314.0,114.0,16.0,7.0,0.0,0.0,0.0,0.0,0.0,0.0,0.0,0.0,0.0,0.0,0.0,0.0,0.0,0.0,0.0,0.0,0.0,0.0,0.0,0.0
42.5548842593,93940.0,17759.0,5.28971225857,664.0,64444.0,108.0,7.0,1591.0,4008.0,4250.0,3728.0,1891.0,1846.0,293.0,125.0,19.0,8.0,0.0,0.0,0.0,0.0,0.0,0.0,0.0,0.0,0.0,0.0,0.0,0.0,0.0,0.0,0.0,0.0,0.0,0.0,0.0,0.0
42.5569675926,93724.0,17763.0,5.27636097506,664.0,64447.0,108.0,1.0,1625.0,3928.0,4228.0,3771.0,1882.0,1910.0,273.0,118.0,22.0,6.0,0.0,0.0,0.0,0.0,0.0,0.0,0.0,0.0,0.0,0.0,0.0,0.0,0.0,0.0,0.0,0.0,0.0,0.0,0.0,0.0
42.5590509259,95652.0,17765.0,5.384294962,665.0,64440.0,112.0,7.0,1589.0,3860.0,4160.0,3816.0,1958.0,1940.0,296.0,122.0,15.0,9.0,0.0,0.0,0.0,0.0,0.0,0.0,0.0,0.0,0.0,0.0,0.0,0.0,0.0,0.0,0.0,0.0,0.0,0.0,0.0,0.0
42.5611342593,94637.0,17762.0,5.32805990316,664.0,64445.0,110.0,3.0,1486.0,4011.0,4097.0,3890.0,1973.0,1869.0,294.0,112.0,26.0,3.0,1.0,0.0,0.0,0.0,0.0,0.0,0.0,0.0,0.0,0.0,0.0,0.0,0.0,0.0,0.0,0.0,0.0,0.0,0.0,0.0
42.5632175926,96858.0,17756.0,5.45494480739,664.0,64443.0,110.0,65535.0,1551.0,3892.0,4085.0,3837.0,1955.0,1989.0,311.0,106.0,19.0,11.0,0.0,0.0,0.0,0.0,0.0,0.0,0.0,0.0,0.0,0.0,0.0,0.0,0.0,0.0,0.0,0.0,0.0,0.0,0.0,0.0
42.5694907407,94308.0,17765.0,5.30864058542,667.0,64444.0,110.0,7.0,1610.0,3968.0,3976.0,3833.0,2054.0,1916.0,276.0,104.0,21.0,7.0,0.0,0.0,0.0,0.0,0.0,0.0,0.0,0.0,0.0,0.0,0.0,0.0,0.0,0.0,0.0,0.0,0.0,0.0,0.0,0.0
42.5715740741,94529.0,17769.0,5.3198829422,670.0,64444.0,112.0,6.0,1529.0,3985.0,4128.0,3738.0,1975.0,2009.0,282.0,90.0,30.0,3.0,0.0,0.0,0.0,0.0,0.0,0.0,0.0,0.0,0.0,0.0,0.0,0.0,0.0,0.0,0.0,0.0,0.0,0.0,0.0,0.0
42.5736574074,93344.0,17763.0,5.25496819231,668.0,64443.0,112.0,3.0,1691.0,3926.0,4039.0,3725.0,2005.0,1972.0,273.0,108.0,23.0,1.0,0.0,0.0,0.0,0.0,0.0,0.0,0.0,0.0,0.0,0.0,0.0,0.0,0.0,0.0,0.0,0.0,0.0,0.0,0.0,0.0
42.5757407407,94639.0,17769.0,5.32607349879,667.0,64442.0,110.0,7.0,1553.0,4055.0,4130.0,3685.0,1966.0,1971.0,271.0,106.0,26.0,6.0,0.0,0.0,0.0,0.0,0.0,0.0,0.0,0.0,0.0,0.0,0.0,0.0,0.0,0.0,0.0,0.0,0.0,0.0,0.0,0.0
42.5778240741,92410.0,17762.0,5.20267987839,665.0,64441.0,108.0,65535.0,1611.0,4160.0,4123.0,3707.0,1927.0,1816.0,287.0,96.0,28.0,7.0,0.0,0.0,0.0,0.0,0.0,0.0,0.0,0.0,0.0,0.0,0.0,0.0,0.0,0.0,0.0,0.0,0.0,0.0,0.0,0.0
42.5799074074,92748.0,17770.0,5.21935846933,668.0,64444.0,112.0,8.0,1696.0,4146.0,3975.0,3613.0,2061.0,1859.0,284.0,110.0,22.0,4.0,0.0,0.0,0.0,0.0,0.0,0.0,0.0,0.0,0.0,0.0,0.0,0.0,0.0,0.0,0.0,0.0,0.0,0.0,0.0,0.0
42.5819907407,90236.0,17769.0,5.07828240194,671.0,64440.0,110.0,9.0,1688.0,4064.0,4126.0,3602.0,2071.0,1814.0,302.0,83.0,15.0,4.0,0.0,0.0,0.0,0.0,0.0,0.0,0.0,0.0,0.0,0.0,0.0,0.0,0.0,0.0,0.0,0.0,0.0,0.0,0.0,0.0
42.5840740741,93737.0,17771.0,5.27471723595,667.0,64447.0,105.0,9.0,1782.0,4005.0,4146.0,3582.0,1975.0,1841.0,303.0,102.0,26.0,9.0,0.0,0.0,0.0,0.0,0.0,0.0,0.0,0.0,0.0,0.0,0.0,0.0,0.0,0.0,0.0,0.0,0.0,0.0,0.0,0.0
42.5861574074,91313.0,17772.0,5.13802610849,670.0,64444.0,112.0,6.0,1741.0,4147.0,4055.0,3556.0,2040.0,1804.0,304.0,101.0,21.0,3.0,0.0,0.0,0.0,0.0,0.0,0.0,0.0,0.0,0.0,0.0,0.0,0.0,0.0,0.0,0.0,0.0,0.0,0.0,0.0,0.0
42.5882407407,92017.0,17774.0,5.17705637448,670.0,64440.0,112.0,11.0,1789.0,4115.0,4013.0,3567.0,2059.0,1823.0,286.0,89.0,26.0,7.0,0.0,0.0,0.0,0.0,0.0,0.0,0.0,0.0,0.0,0.0,0.0,0.0,0.0,0.0,0.0,0.0,0.0,0.0,0.0,0.0
42.5903240741,91747.0,17772.0,5.16244654513,667.0,64440.0,107.0,7.0,1737.0,4175.0,4094.0,3390.0,2112.0,1864.0,265.0,112.0,19.0,4.0,0.0,0.0,0.0,0.0,0.0,0.0,0.0,0.0,0.0,0.0,0.0,0.0,0.0,0.0,0.0,0.0,0.0,0.0,0.0,0.0
42.5924074074,88568.0,17769.0,4.98441105296,670.0,64448.0,110.0,3.0,1781.0,4162.0,4115.0,3608.0,2008.0,1717.0,255.0,99.0,19.0,5.0,0.0,0.0,0.0,0.0,0.0,0.0,0.0,0.0,0.0,0.0,0.0,0.0,0.0,0.0,0.0,0.0,0.0,0.0,0.0,0.0
42.5944907407,88922.0,17769.0,5.00433338961,674.0,64440.0,112.0,7.0,1785.0,4238.0,4086.0,3478.0,2047.0,1725.0,298.0,92.0,15.0,5.0,0.0,0.0,0.0,0.0,0.0,0.0,0.0,0.0,0.0,0.0,0.0,0.0,0.0,0.0,0.0,0.0,0.0,0.0,0.0,0.0
42.5965740741,89077.0,17766.0,5.01390296071,674.0,64440.0,111.0,6.0,1736.0,4227.0,4121.0,3600.0,2030.0,1663.0,259.0,97.0,28.0,5.0,0.0,0.0,0.0,0.0,0.0,0.0,0.0,0.0,0.0,0.0,0.0,0.0,0.0,0.0,0.0,0.0,0.0,0.0,0.0,0.0
42.5986574074,91921.0,17771.0,5.17252827641,673.0,64440.0,112.0,6.0,1777.0,4165.0,3974.0,3490.0,2053.0,1891.0,299.0,102.0,16.0,4.0,0.0,0.0,0.0,0.0,0.0,0.0,0.0,0.0,0.0,0.0,0.0,0.0,0.0,0.0,0.0,0.0,0.0,0.0,0.0,0.0
42.6007407407,91370.0,17776.0,5.14007650765,673.0,64444.0,108.0,7.0,1680.0,4204.0,4077.0,3537.0,2008.0,1866.0,292.0,88.0,17.0,7.0,0.0,0.0,0.0,0.0,0.0,0.0,0.0,0.0,0.0,0.0,0.0,0.0,0.0,0.0,0.0,0.0,0.0,0.0,0.0,0.0
42.6028240741,90700.0,17773.0,5.1032464975,670.0,64443.0,108.0,7.0,1754.0,4190.0,4165.0,3367.0,2101.0,1770.0,306.0,95.0,21.0,4.0,0.0,0.0,0.0,0.0,0.0,0.0,0.0,0.0,0.0,0.0,0.0,0.0,0.0,0.0,0.0,0.0,0.0,0.0,0.0,0.0
42.6049074074,90990.0,17772.0,5.11985145172,674.0,64444.0,108.0,9.0,1740.0,4162.0,4174.0,3506.0,2035.0,1765.0,259.0,94.0,30.0,7.0,0.0,0.0,0.0,0.0,0.0,0.0,0.0,0.0,0.0,0.0,0.0,0.0,0.0,0.0,0.0,0.0,0.0,0.0,0.0,0.0
42.6069907407,91060.0,17775.0,5.1229254571,674.0,64444.0,110.0,7.0,1748.0,4198.0,4063.0,3450.0,2127.0,1775.0,306.0,80.0,20.0,8.0,0.0,0.0,0.0,0.0,0.0,0.0,0.0,0.0,0.0,0.0,0.0,0.0,0.0,0.0,0.0,0.0,0.0,0.0,0.0,0.0
42.6090740741,89835.0,17769.0,5.05571500929,674.0,64444.0,112.0,6.0,1790.0,4135.0,4086.0,3406.0,2120.0,1862.0,264.0,86.0,15.0,5.0,0.0,0.0,0.0,0.0,0.0,0.0,0.0,0.0,0.0,0.0,0.0,0.0,0.0,0.0,0.0,0.0,0.0,0.0,0.0,0.0
42.6111574074,90986.0,17770.0,5.12020258863,674.0,64444.0,110.0,3.0,1669.0,4182.0,4176.0,3435.0,2125.0,1792.0,279.0,80.0,25.0,7.0,0.0,0.0,0.0,0.0,0.0,0.0,0.0,0.0,0.0,0.0,0.0,0.0,0.0,0.0,0.0,0.0,0.0,0.0,0.0,0.0
42.6132407407,89818.0,17775.0,5.05305203938,674.0,64440.0,111.0,7.0,1769.0,4220.0,4055.0,3422.0,2123.0,1824.0,249.0,87.0,20.0,6.0,0.0,0.0,0.0,0.0,0.0,0.0,0.0,0.0,0.0,0.0,0.0,0.0,0.0,0.0,0.0,0.0,0.0,0.0,0.0,0.0
42.6153240741,93027.0,17775.0,5.23358649789,674.0,64444.0,112.0,7.0,1793.0,4029.0,4023.0,3446.0,2128.0,1934.0,286.0,119.0,15.0,2.0,0.0,0.0,0.0,0.0,0.0,0.0,0.0,0.0,0.0,0.0,0.0,0.0,0.0,0.0,0.0,0.0,0.0,0.0,0.0,0.0
42.6174074074,89689.0,17777.0,5.04522697868,674.0,64440.0,111.0,6.0,1807.0,4255.0,4001.0,3304.0,2173.0,1857.0,275.0,88.0,13.0,4.0,0.0,0.0,0.0,0.0,0.0,0.0,0.0,0.0,0.0,0.0,0.0,0.0,0.0,0.0,0.0,0.0,0.0,0.0,0.0,0.0
42.6194907407,91478.0,17772.0,5.14731037587,677.0,64444.0,108.0,3.0,1861.0,4244.0,3947.0,3325.0,2101.0,1905.0,272.0,95.0,13.0,9.0,0.0,0.0,0.0,0.0,0.0,0.0,0.0,0.0,0.0,0.0,0.0,0.0,0.0,0.0,0.0,0.0,0.0,0.0,0.0,0.0
42.6215740741,91045.0,17771.0,5.12323448315,676.0,64441.0,112.0,65535.0,1839.0,4341.0,4010.0,3331.0,2122.0,1708.0,284.0,97.0,33.0,6.0,0.0,0.0,0.0,0.0,0.0,0.0,0.0,0.0,0.0,0.0,0.0,0.0,0.0,0.0,0.0,0.0,0.0,0.0,0.0,0.0
42.6236574074,89677.0,17781.0,5.04341713065,676.0,64444.0,111.0,7.0,1941.0,4207.0,4049.0,3315.0,2124.0,1767.0,247.0,97.0,31.0,3.0,0.0,0.0,0.0,0.0,0.0,0.0,0.0,0.0,0.0,0.0,0.0,0.0,0.0,0.0,0.0,0.0,0.0,0.0,0.0,0.0
42.6257407407,86437.0,17778.0,4.86202047474,676.0,64441.0,110.0,12.0,1947.0,4331.0,3981.0,3312.0,2166.0,1695.0,250.0,78.0,9.0,9.0,0.0,0.0,0.0,0.0,0.0,0.0,0.0,0.0,0.0,0.0,0.0,0.0,0.0,0.0,0.0,0.0,0.0,0.0,0.0,0.0
42.6278240741,88387.0,17775.0,4.97254571027,677.0,64447.0,108.0,6.0,1942.0,4211.0,4068.0,3238.0,2186.0,1754.0,254.0,105.0,13.0,4.0,0.0,0.0,0.0,0.0,0.0,0.0,0.0,0.0,0.0,0.0,0.0,0.0,0.0,0.0,0.0,0.0,0.0,0.0,0.0,0.0
42.6299074074,88458.0,17774.0,4.97682007427,677.0,64441.0,110.0,14.0,1904.0,4404.0,3973.0,3199.0,2096.0,1837.0,254.0,81.0,22.0,4.0,0.0,0.0,0.0,0.0,0.0,0.0,0.0,0.0,0.0,0.0,0.0,0.0,0.0,0.0,0.0,0.0,0.0,0.0,0.0,0.0
42.6319907407,88770.0,17777.0,4.99353096698,676.0,64441.0,111.0,7.0,1895.0,4324.0,4007.0,3228.0,2148.0,1822.0,245.0,84.0,17.0,7.0,0.0,0.0,0.0,0.0,0.0,0.0,0.0,0.0,0.0,0.0,0.0,0.0,0.0,0.0,0.0,0.0,0.0,0.0,0.0,0.0
42.6340740741,89328.0,17786.0,5.02237715057,676.0,64440.0,111.0,7.0,2002.0,4304.0,3924.0,3148.0,2257.0,1792.0,250.0,82.0,18.0,9.0,0.0,0.0,0.0,0.0,0.0,0.0,0.0,0.0,0.0,0.0,0.0,0.0,0.0,0.0,0.0,0.0,0.0,0.0,0.0,0.0
42.6361574074,86809.0,17774.0,4.88404410937,680.0,64439.0,112.0,6.0,1998.0,4355.0,3899.0,3140.0,2262.0,1784.0,233.0,85.0,16.0,2.0,0.0,0.0,0.0,0.0,0.0,0.0,0.0,0.0,0.0,0.0,0.0,0.0,0.0,0.0,0.0,0.0,0.0,0.0,0.0,0.0
42.6382407407,87004.0,17783.0,4.89253781702,677.0,64441.0,112.0,6.0,2009.0,4364.0,3986.0,3107.0,2190.0,1769.0,263.0,75.0,15.0,5.0,0.0,0.0,0.0,0.0,0.0,0.0,0.0,0.0,0.0,0.0,0.0,0.0,0.0,0.0,0.0,0.0,0.0,0.0,0.0,0.0
42.6403240741,86995.0,17782.0,4.89230682713,680.0,64439.0,119.0,6.0,1990.0,4439.0,3950.0,3038.0,2253.0,1774.0,233.0,89.0,9.0,7.0,0.0,0.0,0.0,0.0,0.0,0.0,0.0,0.0,0.0,0.0,0.0,0.0,0.0,0.0,0.0,0.0,0.0,0.0,0.0,0.0
42.6424074074,90996.0,17778.0,5.11846101924,680.0,64440.0,111.0,7.0,1972.0,4298.0,3901.0,3128.0,2280.0,1845.0,258.0,60.0,21.0,15.0,0.0,0.0,0.0,0.0,0.0,0.0,0.0,0.0,0.0,0.0,0.0,0.0,0.0,0.0,0.0,0.0,0.0,0.0,0.0,0.0
42.6444907407,91418.0,17775.0,5.14306610408,682.0,64444.0,112.0,3.0,1882.0,4266.0,3906.0,3025.0,2399.0,1949.0,263.0,58.0,17.0,10.0,0.0,0.0,0.0,0.0,0.0,0.0,0.0,0.0,0.0,0.0,0.0,0.0,0.0,0.0,0.0,0.0,0.0,0.0,0.0,0.0
42.6465740741,91311.0,17783.0,5.13473542147,674.0,64440.0,115.0,3.0,1847.0,4253.0,3921.0,2996.0,2428.0,1996.0,250.0,69.0,19.0,4.0,0.0,0.0,0.0,0.0,0.0,0.0,0.0,0.0,0.0,0.0,0.0,0.0,0.0,0.0,0.0,0.0,0.0,0.0,0.0,0.0
42.6486574074,89110.0,17781.0,5.01152916034,680.0,64441.0,110.0,4.0,1928.0,4308.0,3951.0,2903.0,2471.0,1889.0,234.0,80.0,13.0,4.0,0.0,0.0,0.0,0.0,0.0,0.0,0.0,0.0,0.0,0.0,0.0,0.0,0.0,0.0,0.0,0.0,0.0,0.0,0.0,0.0
42.6507407407,89108.0,17784.0,5.01057130004,680.0,64447.0,108.0,8.0,1919.0,4350.0,3975.0,3010.0,2292.0,1906.0,222.0,92.0,13.0,5.0,0.0,0.0,0.0,0.0,0.0,0.0,0.0,0.0,0.0,0.0,0.0,0.0,0.0,0.0,0.0,0.0,0.0,0.0,0.0,0.0
42.6528240741,88185.0,17785.0,4.95839190329,680.0,64443.0,110.0,7.0,1960.0,4391.0,3905.0,2930.0,2407.0,1859.0,241.0,74.0,14.0,4.0,0.0,0.0,0.0,0.0,0.0,0.0,0.0,0.0,0.0,0.0,0.0,0.0,0.0,0.0,0.0,0.0,0.0,0.0,0.0,0.0
42.6549074074,93541.0,17778.0,5.26161547981,685.0,64440.0,115.0,8.0,1833.0,4091.0,3873.0,3042.0,2582.0,1993.0,261.0,79.0,20.0,4.0,0.0,0.0,0.0,0.0,0.0,0.0,0.0,0.0,0.0,0.0,0.0,0.0,0.0,0.0,0.0,0.0,0.0,0.0,0.0,0.0
42.6569907407,91671.0,17781.0,5.15555930488,685.0,64441.0,110.0,8.0,1922.0,4309.0,3881.0,2968.0,2414.0,1898.0,298.0,61.0,24.0,6.0,0.0,0.0,0.0,0.0,0.0,0.0,0.0,0.0,0.0,0.0,0.0,0.0,0.0,0.0,0.0,0.0,0.0,0.0,0.0,0.0
42.6590740741,89833.0,17783.0,5.05162233594,683.0,64444.0,112.0,3.0,1916.0,4197.0,3906.0,3050.0,2459.0,1930.0,237.0,67.0,17.0,4.0,0.0,0.0,0.0,0.0,0.0,0.0,0.0,0.0,0.0,0.0,0.0,0.0,0.0,0.0,0.0,0.0,0.0,0.0,0.0,0.0
42.6611574074,94757.0,17789.0,5.32671875878,685.0,64440.0,112.0,6.0,1743.0,4023.0,3965.0,3021.0,2502.0,2159.0,291.0,71.0,10.0,4.0,0.0,0.0,0.0,0.0,0.0,0.0,0.0,0.0,0.0,0.0,0.0,0.0,0.0,0.0,0.0,0.0,0.0,0.0,0.0,0.0
42.6632407407,94574.0,17799.0,5.31344457554,685.0,64440.0,108.0,12.0,1873.0,4178.0,3836.0,2973.0,2482.0,2070.0,280.0,87.0,14.0,6.0,0.0,0.0,0.0,0.0,0.0,0.0,0.0,0.0,0.0,0.0,0.0,0.0,0.0,0.0,0.0,0.0,0.0,0.0,0.0,0.0
42.6653240741,91096.0,17774.0,5.12523911331,686.0,64445.0,111.0,0.0,1920.0,4194.0,3923.0,2838.0,2543.0,2030.0,237.0,72.0,13.0,4.0,0.0,0.0,0.0,0.0,0.0,0.0,0.0,0.0,0.0,0.0,0.0,0.0,0.0,0.0,0.0,0.0,0.0,0.0,0.0,0.0
42.6674074074,92848.0,17785.0,5.22057913972,685.0,64441.0,112.0,3.0,1947.0,4306.0,3923.0,2882.0,2366.0,1970.0,281.0,82.0,21.0,7.0,0.0,0.0,0.0,0.0,0.0,0.0,0.0,0.0,0.0,0.0,0.0,0.0,0.0,0.0,0.0,0.0,0.0,0.0,0.0,0.0
42.6694907407,91104.0,17774.0,5.12568920896,686.0,64441.0,112.0,8.0,1884.0,4238.0,3887.0,2917.0,2516.0,2014.0,223.0,72.0,20.0,3.0,0.0,0.0,0.0,0.0,0.0,0.0,0.0,0.0,0.0,0.0,0.0,0.0,0.0,0.0,0.0,0.0,0.0,0.0,0.0,0.0
42.6715740741,93106.0,17800.0,5.2306741573,682.0,64441.0,112.0,8.0,1964.0,4250.0,3766.0,2923.0,2538.0,2001.0,265.0,66.0,18.0,9.0,0.0,0.0,0.0,0.0,0.0,0.0,0.0,0.0,0.0,0.0,0.0,0.0,0.0,0.0,0.0,0.0,0.0,0.0,0.0,0.0
42.6736574074,90176.0,17772.0,5.07404906595,682.0,64441.0,110.0,7.0,2049.0,4394.0,3919.0,2804.0,2469.0,1800.0,218.0,87.0,20.0,12.0,0.0,0.0,0.0,0.0,0.0,0.0,0.0,0.0,0.0,0.0,0.0,0.0,0.0,0.0,0.0,0.0,0.0,0.0,0.0,0.0
42.6757407407,87857.0,17796.0,4.93689593167,686.0,64439.0,119.0,3.0,2085.0,4409.0,3790.0,2917.0,2421.0,1846.0,238.0,70.0,15.0,5.0,0.0,0.0,0.0,0.0,0.0,0.0,0.0,0.0,0.0,0.0,0.0,0.0,0.0,0.0,0.0,0.0,0.0,0.0,0.0,0.0
42.6778240741,91743.0,17775.0,5.16135021097,686.0,64440.0,112.0,8.0,1907.0,4273.0,3877.0,2915.0,2559.0,1880.0,239.0,106.0,14.0,5.0,0.0,0.0,0.0,0.0,0.0,0.0,0.0,0.0,0.0,0.0,0.0,0.0,0.0,0.0,0.0,0.0,0.0,0.0,0.0,0.0
42.6799074074,88561.0,17797.0,4.97617575996,686.0,64444.0,108.0,6.0,1897.0,4257.0,3952.0,2860.0,2558.0,1967.0,237.0,59.0,7.0,3.0,0.0,0.0,0.0,0.0,0.0,0.0,0.0,0.0,0.0,0.0,0.0,0.0,0.0,0.0,0.0,0.0,0.0,0.0,0.0,0.0
42.6819907407,86565.0,17795.0,4.86456869907,686.0,64438.0,115.0,7.0,1919.0,4301.0,3966.0,2877.0,2503.0,1933.0,245.0,45.0,3.0,3.0,0.0,0.0,0.0,0.0,0.0,0.0,0.0,0.0,0.0,0.0,0.0,0.0,0.0,0.0,0.0,0.0,0.0,0.0,0.0,0.0
42.6840740741,91338.0,17781.0,5.1368314493,689.0,64441.0,112.0,3.0,1922.0,4308.0,3949.0,2931.0,2424.0,1883.0,247.0,94.0,15.0,8.0,0.0,0.0,0.0,0.0,0.0,0.0,0.0,0.0,0.0,0.0,0.0,0.0,0.0,0.0,0.0,0.0,0.0,0.0,0.0,0.0
42.6861574074,87974.0,17805.0,4.94097163718,687.0,64448.0,111.0,3.0,1976.0,4304.0,3921.0,2849.0,2524.0,1907.0,249.0,64.0,9.0,2.0,0.0,0.0,0.0,0.0,0.0,0.0,0.0,0.0,0.0,0.0,0.0,0.0,0.0,0.0,0.0,0.0,0.0,0.0,0.0,0.0
42.6882407407,86848.0,17777.0,4.88541373685,687.0,64444.0,113.0,4.0,2085.0,4394.0,3851.0,2984.0,2388.0,1730.0,237.0,92.0,12.0,4.0,0.0,0.0,0.0,0.0,0.0,0.0,0.0,0.0,0.0,0.0,0.0,0.0,0.0,0.0,0.0,0.0,0.0,0.0,0.0,0.0
42.6903240741,88265.0,17805.0,4.95731536085,686.0,64446.0,111.0,3.0,2021.0,4443.0,3943.0,2798.0,2455.0,1771.0,260.0,98.0,15.0,1.0,0.0,0.0,0.0,0.0,0.0,0.0,0.0,0.0,0.0,0.0,0.0,0.0,0.0,0.0,0.0,0.0,0.0,0.0,0.0,0.0
42.6924074074,89788.0,17795.0,5.04568699073,686.0,64440.0,112.0,4.0,2038.0,4450.0,3913.0,2742.0,2424.0,1843.0,270.0,97.0,14.0,4.0,0.0,0.0,0.0,0.0,0.0,0.0,0.0,0.0,0.0,0.0,0.0,0.0,0.0,0.0,0.0,0.0,0.0,0.0,0.0,0.0
42.6944907407,93887.0,17797.0,5.27543968085,690.0,64444.0,110.0,8.0,1929.0,4321.0,3929.0,2857.0,2501.0,1872.0,259.0,86.0,35.0,8.0,0.0,0.0,0.0,0.0,0.0,0.0,0.0,0.0,0.0,0.0,0.0,0.0,0.0,0.0,0.0,0.0,0.0,0.0,0.0,0.0
42.6965740741,93556.0,17804.0,5.25477420804,698.0,64436.0,121.0,7.0,1951.0,4340.0,3948.0,2838.0,2528.0,1775.0,267.0,124.0,28.0,5.0,0.0,0.0,0.0,0.0,0.0,0.0,0.0,0.0,0.0,0.0,0.0,0.0,0.0,0.0,0.0,0.0,0.0,0.0,0.0,0.0
42.6986574074,96164.0,17809.0,5.39974170363,689.0,64444.0,107.0,6.0,1899.0,4142.0,3821.0,2897.0,2577.0,2063.0,291.0,88.0,29.0,2.0,0.0,0.0,0.0,0.0,0.0,0.0,0.0,0.0,0.0,0.0,0.0,0.0,0.0,0.0,0.0,0.0,0.0,0.0,0.0,0.0
42.7007407407,98001.0,17801.0,5.50536486714,693.0,64443.0,108.0,7.0,1886.0,4159.0,3805.0,2760.0,2719.0,2044.0,288.0,116.0,16.0,8.0,0.0,0.0,0.0,0.0,0.0,0.0,0.0,0.0,0.0,0.0,0.0,0.0,0.0,0.0,0.0,0.0,0.0,0.0,0.0,0.0
42.7028240741,94598.0,17806.0,5.31270358306,692.0,64455.0,108.0,6.0,1956.0,4282.0,3860.0,2757.0,2576.0,1933.0,310.0,112.0,17.0,3.0,0.0,0.0,0.0,0.0,0.0,0.0,0.0,0.0,0.0,0.0,0.0,0.0,0.0,0.0,0.0,0.0,0.0,0.0,0.0,0.0
42.7049074074,93809.0,17781.0,5.27580001125,692.0,64444.0,108.0,6.0,1847.0,4223.0,3941.0,2850.0,2626.0,1895.0,281.0,90.0,23.0,5.0,0.0,0.0,0.0,0.0,0.0,0.0,0.0,0.0,0.0,0.0,0.0,0.0,0.0,0.0,0.0,0.0,0.0,0.0,0.0,0.0
42.7069907407,95020.0,17805.0,5.33670317327,695.0,64444.0,108.0,6.0,1924.0,4224.0,3894.0,2904.0,2548.0,1896.0,268.0,109.0,36.0,2.0,0.0,0.0,0.0,0.0,0.0,0.0,0.0,0.0,0.0,0.0,0.0,0.0,0.0,0.0,0.0,0.0,0.0,0.0,0.0,0.0
42.7090740741,92869.0,17795.0,5.21882551278,693.0,64441.0,112.0,7.0,1910.0,4229.0,3936.0,2804.0,2614.0,1918.0,269.0,90.0,22.0,3.0,0.0,0.0,0.0,0.0,0.0,0.0,0.0,0.0,0.0,0.0,0.0,0.0,0.0,0.0,0.0,0.0,0.0,0.0,0.0,0.0
42.7111574074,94959.0,17812.0,5.33118122614,693.0,64440.0,108.0,15.0,1910.0,4163.0,3978.0,2828.0,2549.0,1976.0,276.0,107.0,20.0,5.0,0.0,0.0,0.0,0.0,0.0,0.0,0.0,0.0,0.0,0.0,0.0,0.0,0.0,0.0,0.0,0.0,0.0,0.0,0.0,0.0
42.7132407407,95631.0,17808.0,5.37011455526,693.0,64440.0,111.0,6.0,1924.0,4293.0,3957.0,2722.0,2553.0,1911.0,311.0,111.0,17.0,9.0,0.0,0.0,0.0,0.0,0.0,0.0,0.0,0.0,0.0,0.0,0.0,0.0,0.0,0.0,0.0,0.0,0.0,0.0,0.0,0.0
42.7153240741,91780.0,17793.0,5.15820828416,696.0,64444.0,108.0,7.0,1925.0,4378.0,3939.0,2707.0,2645.0,1825.0,247.0,103.0,18.0,6.0,0.0,0.0,0.0,0.0,0.0,0.0,0.0,0.0,0.0,0.0,0.0,0.0,0.0,0.0,0.0,0.0,0.0,0.0,0.0,0.0
42.7174074074,97967.0,17793.0,5.50592929804,693.0,64444.0,111.0,1.0,1930.0,4251.0,3900.0,2675.0,2710.0,1924.0,249.0,101.0,41.0,12.0,0.0,0.0,0.0,0.0,0.0,0.0,0.0,0.0,0.0,0.0,0.0,0.0,0.0,0.0,0.0,0.0,0.0,0.0,0.0,0.0
42.7194907407,95227.0,17814.0,5.34562703492,695.0,64447.0,110.0,8.0,1863.0,4321.0,3829.0,2738.0,2629.0,2050.0,267.0,93.0,17.0,7.0,0.0,0.0,0.0,0.0,0.0,0.0,0.0,0.0,0.0,0.0,0.0,0.0,0.0,0.0,0.0,0.0,0.0,0.0,0.0,0.0
42.7215740741,95444.0,17803.0,5.36111891254,695.0,64444.0,113.0,3.0,1925.0,4262.0,3837.0,2627.0,2723.0,2017.0,292.0,96.0,21.0,3.0,0.0,0.0,0.0,0.0,0.0,0.0,0.0,0.0,0.0,0.0,0.0,0.0,0.0,0.0,0.0,0.0,0.0,0.0,0.0,0.0
42.7236574074,100273.0,17799.0,5.63363110287,696.0,64443.0,110.0,6.0,1732.0,4143.0,3761.0,2814.0,2839.0,2043.0,340.0,97.0,24.0,5.0,1.0,0.0,0.0,0.0,0.0,0.0,0.0,0.0,0.0,0.0,0.0,0.0,0.0,0.0,0.0,0.0,0.0,0.0,0.0,0.0
42.7257407407,95545.0,17809.0,5.36498399686,693.0,64446.0,112.0,65535.0,1868.0,4233.0,3828.0,2770.0,2660.0,2040.0,287.0,102.0,19.0,2.0,0.0,0.0,0.0,0.0,0.0,0.0,0.0,0.0,0.0,0.0,0.0,0.0,0.0,0.0,0.0,0.0,0.0,0.0,0.0,0.0
42.7278240741,93004.0,17809.0,5.22230332978,696.0,64440.0,112.0,65535.0,1953.0,4400.0,3820.0,2709.0,2658.0,1890.0,242.0,114.0,18.0,5.0,0.0,0.0,0.0,0.0,0.0,0.0,0.0,0.0,0.0,0.0,0.0,0.0,0.0,0.0,0.0,0.0,0.0,0.0,0.0,0.0
42.7299074074,97181.0,17812.0,5.45592858747,696.0,64441.0,112.0,7.0,1969.0,4301.0,3736.0,2592.0,2778.0,2017.0,286.0,102.0,24.0,7.0,0.0,0.0,0.0,0.0,0.0,0.0,0.0,0.0,0.0,0.0,0.0,0.0,0.0,0.0,0.0,0.0,0.0,0.0,0.0,0.0
42.7361921296,96784.0,17804.0,5.43608177938,698.0,64443.0,112.0,65535.0,1916.0,4220.0,3800.0,2601.0,2816.0,2058.0,273.0,94.0,18.0,8.0,0.0,0.0,0.0,0.0,0.0,0.0,0.0,0.0,0.0,0.0,0.0,0.0,0.0,0.0,0.0,0.0,0.0,0.0,0.0,0.0
42.738275463,96456.0,17811.0,5.41552972882,696.0,64444.0,110.0,7.0,1926.0,4272.0,3782.0,2599.0,2766.0,2078.0,273.0,80.0,31.0,4.0,0.0,0.0,0.0,0.0,0.0,0.0,0.0,0.0,0.0,0.0,0.0,0.0,0.0,0.0,0.0,0.0,0.0,0.0,0.0,0.0
42.7403587963,99773.0,17804.0,5.60396540103,698.0,64440.0,108.0,15.0,1834.0,4171.0,3793.0,2522.0,2865.0,2184.0,311.0,96.0,25.0,3.0,0.0,0.0,0.0,0.0,0.0,0.0,0.0,0.0,0.0,0.0,0.0,0.0,0.0,0.0,0.0,0.0,0.0,0.0,0.0,0.0
42.7424421296,99691.0,17815.0,5.5959023295,696.0,64443.0,108.0,7.0,1871.0,4141.0,3785.0,2583.0,2946.0,2062.0,299.0,96.0,22.0,10.0,0.0,0.0,0.0,0.0,0.0,0.0,0.0,0.0,0.0,0.0,0.0,0.0,0.0,0.0,0.0,0.0,0.0,0.0,0.0,0.0
42.744525463,101457.0,17815.0,5.69503227617,698.0,64444.0,108.0,7.0,1845.0,4175.0,3693.0,2660.0,2705.0,2289.0,310.0,111.0,23.0,4.0,0.0,0.0,0.0,0.0,0.0,0.0,0.0,0.0,0.0,0.0,0.0,0.0,0.0,0.0,0.0,0.0,0.0,0.0,0.0,0.0
42.7466087963,101764.0,17815.0,5.71226494527,698.0,64444.0,108.0,3.0,1731.0,4100.0,3788.0,2702.0,2860.0,2191.0,333.0,75.0,24.0,11.0,0.0,0.0,0.0,0.0,0.0,0.0,0.0,0.0,0.0,0.0,0.0,0.0,0.0,0.0,0.0,0.0,0.0,0.0,0.0,0.0
42.7486921296,101585.0,17811.0,5.70349783841,698.0,64447.0,112.0,65535.0,1709.0,4053.0,3874.0,2574.0,2886.0,2271.0,315.0,108.0,18.0,3.0,0.0,0.0,0.0,0.0,0.0,0.0,0.0,0.0,0.0,0.0,0.0,0.0,0.0,0.0,0.0,0.0,0.0,0.0,0.0,0.0
42.750775463,96500.0,17808.0,5.41891284816,698.0,64444.0,110.0,8.0,1941.0,4254.0,3705.0,2623.0,2765.0,2118.0,275.0,107.0,19.0,1.0,0.0,0.0,0.0,0.0,0.0,0.0,0.0,0.0,0.0,0.0,0.0,0.0,0.0,0.0,0.0,0.0,0.0,0.0,0.0,0.0
42.7528587963,97943.0,17821.0,5.49593176589,696.0,64435.0,119.0,4.0,1913.0,4207.0,3890.0,2643.0,2707.0,2036.0,291.0,101.0,24.0,9.0,0.0,0.0,0.0,0.0,0.0,0.0,0.0,0.0,0.0,0.0,0.0,0.0,0.0,0.0,0.0,0.0,0.0,0.0,0.0,0.0
42.7549421296,95471.0,17814.0,5.35932412709,698.0,64441.0,111.0,8.0,1874.0,4247.0,3728.0,2602.0,2852.0,2133.0,277.0,84.0,17.0,0.0,0.0,0.0,0.0,0.0,0.0,0.0,0.0,0.0,0.0,0.0,0.0,0.0,0.0,0.0,0.0,0.0,0.0,0.0,0.0,0.0
42.757025463,100794.0,17810.0,5.65940482875,698.0,64447.0,112.0,65535.0,1843.0,4048.0,3733.0,2616.0,2962.0,2199.0,287.0,90.0,25.0,7.0,0.0,0.0,0.0,0.0,0.0,0.0,0.0,0.0,0.0,0.0,0.0,0.0,0.0,0.0,0.0,0.0,0.0,0.0,0.0,0.0
42.7591087963,97781.0,17819.0,5.4874572086,698.0,64444.0,110.0,7.0,1878.0,4203.0,3763.0,2589.0,2876.0,2103.0,285.0,95.0,24.0,3.0,0.0,0.0,0.0,0.0,0.0,0.0,0.0,0.0,0.0,0.0,0.0,0.0,0.0,0.0,0.0,0.0,0.0,0.0,0.0,0.0
42.7611921296,95251.0,17807.0,5.34907620599,698.0,64440.0,113.0,6.0,2019.0,4283.0,3736.0,2530.0,2808.0,2042.0,276.0,89.0,19.0,5.0,0.0,0.0,0.0,0.0,0.0,0.0,0.0,0.0,0.0,0.0,0.0,0.0,0.0,0.0,0.0,0.0,0.0,0.0,0.0,0.0
42.763275463,94650.0,17807.0,5.31532543382,698.0,64440.0,110.0,3.0,1914.0,4284.0,3791.0,2624.0,2774.0,2033.0,281.0,82.0,22.0,2.0,0.0,0.0,0.0,0.0,0.0,0.0,0.0,0.0,0.0,0.0,0.0,0.0,0.0,0.0,0.0,0.0,0.0,0.0,0.0,0.0
42.7653587963,96240.0,17812.0,5.40309903436,698.0,64443.0,112.0,6.0,1874.0,4204.0,3802.0,2606.0,2845.0,2091.0,258.0,119.0,11.0,2.0,0.0,0.0,0.0,0.0,0.0,0.0,0.0,0.0,0.0,0.0,0.0,0.0,0.0,0.0,0.0,0.0,0.0,0.0,0.0,0.0
42.7674421296,98552.0,17811.0,5.53320981416,698.0,64443.0,112.0,3.0,1894.0,4218.0,3653.0,2573.0,2872.0,2194.0,297.0,85.0,21.0,4.0,0.0,0.0,0.0,0.0,0.0,0.0,0.0,0.0,0.0,0.0,0.0,0.0,0.0,0.0,0.0,0.0,0.0,0.0,0.0,0.0
42.769525463,99178.0,17817.0,5.5664814503,699.0,64444.0,112.0,6.0,1814.0,4118.0,3638.0,2762.0,2912.0,2188.0,278.0,79.0,21.0,7.0,0.0,0.0,0.0,0.0,0.0,0.0,0.0,0.0,0.0,0.0,0.0,0.0,0.0,0.0,0.0,0.0,0.0,0.0,0.0,0.0
42.7716087963,96112.0,17818.0,5.39409585812,698.0,64449.0,108.0,6.0,1935.0,4208.0,3724.0,2482.0,2862.0,2231.0,278.0,86.0,12.0,0.0,0.0,0.0,0.0,0.0,0.0,0.0,0.0,0.0,0.0,0.0,0.0,0.0,0.0,0.0,0.0,0.0,0.0,0.0,0.0,0.0
42.7736921296,100014.0,17813.0,5.61466344804,698.0,64441.0,112.0,12.0,1801.0,4060.0,3675.0,2551.0,3016.0,2304.0,304.0,88.0,12.0,2.0,0.0,0.0,0.0,0.0,0.0,0.0,0.0,0.0,0.0,0.0,0.0,0.0,0.0,0.0,0.0,0.0,0.0,0.0,0.0,0.0
42.775775463,97142.0,17817.0,5.45220856485,698.0,64457.0,111.0,3.0,1927.0,4298.0,3732.0,2539.0,2901.0,2051.0,252.0,82.0,24.0,11.0,0.0,0.0,0.0,0.0,0.0,0.0,0.0,0.0,0.0,0.0,0.0,0.0,0.0,0.0,0.0,0.0,0.0,0.0,0.0,0.0
42.7778587963,91845.0,17815.0,5.1554869492,701.0,64435.0,120.0,4.0,2126.0,4395.0,3771.0,2467.0,2707.0,1974.0,275.0,81.0,16.0,3.0,0.0,0.0,0.0,0.0,0.0,0.0,0.0,0.0,0.0,0.0,0.0,0.0,0.0,0.0,0.0,0.0,0.0,0.0,0.0,0.0
42.7799421296,94217.0,17821.0,5.28685258964,710.0,64443.0,108.0,3.0,1943.0,4333.0,3804.0,2585.0,2794.0,2007.0,244.0,83.0,22.0,6.0,0.0,0.0,0.0,0.0,0.0,0.0,0.0,0.0,0.0,0.0,0.0,0.0,0.0,0.0,0.0,0.0,0.0,0.0,0.0,0.0
42.782025463,98780.0,17819.0,5.54352096077,698.0,64443.0,108.0,11.0,1832.0,4190.0,3763.0,2524.0,2969.0,2150.0,276.0,86.0,23.0,6.0,0.0,0.0,0.0,0.0,0.0,0.0,0.0,0.0,0.0,0.0,0.0,0.0,0.0,0.0,0.0,0.0,0.0,0.0,0.0,0.0
42.7841087963,94516.0,17823.0,5.30303540369,701.0,64441.0,113.0,6.0,1962.0,4294.0,3809.0,2523.0,2802.0,2097.0,231.0,81.0,17.0,7.0,0.0,0.0,0.0,0.0,0.0,0.0,0.0,0.0,0.0,0.0,0.0,0.0,0.0,0.0,0.0,0.0,0.0,0.0,0.0,0.0
42.7861921296,94604.0,17815.0,5.3103564412,704.0,64446.0,112.0,7.0,1973.0,4280.0,3832.0,2441.0,2856.0,2110.0,209.0,90.0,18.0,6.0,0.0,0.0,0.0,0.0,0.0,0.0,0.0,0.0,0.0,0.0,0.0,0.0,0.0,0.0,0.0,0.0,0.0,0.0,0.0,0.0
42.788275463,96296.0,17815.0,5.4053325849,701.0,64440.0,111.0,6.0,2000.0,4298.0,3597.0,2533.0,2938.0,2098.0,248.0,77.0,15.0,11.0,0.0,0.0,0.0,0.0,0.0,0.0,0.0,0.0,0.0,0.0,0.0,0.0,0.0,0.0,0.0,0.0,0.0,0.0,0.0,0.0
42.7903587963,93346.0,17821.0,5.2379776668,702.0,64440.0,112.0,6.0,2038.0,4408.0,3733.0,2450.0,2783.0,2068.0,234.0,88.0,13.0,6.0,0.0,0.0,0.0,0.0,0.0,0.0,0.0,0.0,0.0,0.0,0.0,0.0,0.0,0.0,0.0,0.0,0.0,0.0,0.0,0.0
42.7924421296,94447.0,17819.0,5.30035355519,699.0,64444.0,112.0,6.0,2013.0,4303.0,3760.0,2394.0,2893.0,2143.0,212.0,78.0,16.0,7.0,0.0,0.0,0.0,0.0,0.0,0.0,0.0,0.0,0.0,0.0,0.0,0.0,0.0,0.0,0.0,0.0,0.0,0.0,0.0,0.0
42.794525463,93208.0,17818.0,5.23111460321,705.0,64441.0,112.0,7.0,1992.0,4274.0,3677.0,2465.0,2995.0,2101.0,224.0,73.0,16.0,1.0,0.0,0.0,0.0,0.0,0.0,0.0,0.0,0.0,0.0,0.0,0.0,0.0,0.0,0.0,0.0,0.0,0.0,0.0,0.0,0.0
42.7966087963,96650.0,17812.0,5.42611722434,702.0,64447.0,112.0,8.0,2041.0,4364.0,3711.0,2366.0,2915.0,2059.0,244.0,75.0,23.0,14.0,0.0,0.0,0.0,0.0,0.0,0.0,0.0,0.0,0.0,0.0,0.0,0.0,0.0,0.0,0.0,0.0,0.0,0.0,0.0,0.0
42.7986921296,91330.0,17817.0,5.12600325532,704.0,64440.0,111.0,7.0,2049.0,4288.0,3765.0,2278.0,3090.0,2039.0,236.0,64.0,5.0,3.0,0.0,0.0,0.0,0.0,0.0,0.0,0.0,0.0,0.0,0.0,0.0,0.0,0.0,0.0,0.0,0.0,0.0,0.0,0.0,0.0
42.800775463,94846.0,17821.0,5.32214802761,704.0,64440.0,112.0,7.0,2024.0,4290.0,3588.0,2475.0,2939.0,2183.0,230.0,72.0,16.0,4.0,0.0,0.0,0.0,0.0,0.0,0.0,0.0,0.0,0.0,0.0,0.0,0.0,0.0,0.0,0.0,0.0,0.0,0.0,0.0,0.0
42.8028587963,96016.0,17819.0,5.38840563444,702.0,64443.0,111.0,7.0,1981.0,4306.0,3725.0,2295.0,3001.0,2164.0,236.0,91.0,16.0,4.0,0.0,0.0,0.0,0.0,0.0,0.0,0.0,0.0,0.0,0.0,0.0,0.0,0.0,0.0,0.0,0.0,0.0,0.0,0.0,0.0
42.8049421296,95657.0,17829.0,5.36524763027,704.0,64447.0,110.0,4.0,1962.0,4257.0,3690.0,2353.0,3016.0,2217.0,237.0,84.0,10.0,3.0,0.0,0.0,0.0,0.0,0.0,0.0,0.0,0.0,0.0,0.0,0.0,0.0,0.0,0.0,0.0,0.0,0.0,0.0,0.0,0.0
42.807025463,96341.0,17823.0,5.40543118442,701.0,64441.0,111.0,7.0,2082.0,4139.0,3655.0,2479.0,2968.0,2164.0,227.0,84.0,19.0,6.0,0.0,0.0,0.0,0.0,0.0,0.0,0.0,0.0,0.0,0.0,0.0,0.0,0.0,0.0,0.0,0.0,0.0,0.0,0.0,0.0
42.8091087963,97215.0,17825.0,5.4538569425,704.0,64444.0,112.0,7.0,1873.0,4289.0,3815.0,2282.0,3011.0,2193.0,269.0,69.0,17.0,7.0,0.0,0.0,0.0,0.0,0.0,0.0,0.0,0.0,0.0,0.0,0.0,0.0,0.0,0.0,0.0,0.0,0.0,0.0,0.0,0.0
42.8111921296,97518.0,17821.0,5.472083497,704.0,64441.0,111.0,6.0,1914.0,4208.0,3585.0,2437.0,3135.0,2203.0,230.0,90.0,15.0,4.0,0.0,0.0,0.0,0.0,0.0,0.0,0.0,0.0,0.0,0.0,0.0,0.0,0.0,0.0,0.0,0.0,0.0,0.0,0.0,0.0
42.813275463,96001.0,17826.0,5.3854482217,704.0,64443.0,111.0,6.0,1980.0,4219.0,3665.0,2381.0,3048.0,2203.0,246.0,68.0,8.0,8.0,0.0,0.0,0.0,0.0,0.0,0.0,0.0,0.0,0.0,0.0,0.0,0.0,0.0,0.0,0.0,0.0,0.0,0.0,0.0,0.0
42.8153587963,100750.0,17821.0,5.65344256776,704.0,64444.0,112.0,6.0,2010.0,4166.0,3616.0,2160.0,3179.0,2329.0,247.0,86.0,20.0,8.0,0.0,0.0,0.0,0.0,0.0,0.0,0.0,0.0,0.0,0.0,0.0,0.0,0.0,0.0,0.0,0.0,0.0,0.0,0.0,0.0
42.8174421296,99894.0,17823.0,5.60478034001,704.0,64444.0,112.0,7.0,1906.0,4210.0,3574.0,2270.0,3226.0,2281.0,254.0,75.0,21.0,6.0,0.0,0.0,0.0,0.0,0.0,0.0,0.0,0.0,0.0,0.0,0.0,0.0,0.0,0.0,0.0,0.0,0.0,0.0,0.0,0.0
42.819525463,97934.0,17832.0,5.4920367878,707.0,64440.0,111.0,7.0,1934.0,4136.0,3627.0,2330.0,3229.0,2222.0,263.0,76.0,10.0,5.0,0.0,0.0,0.0,0.0,0.0,0.0,0.0,0.0,0.0,0.0,0.0,0.0,0.0,0.0,0.0,0.0,0.0,0.0,0.0,0.0
42.8216087963,102094.0,17824.0,5.72789497307,705.0,64440.0,112.0,3.0,1912.0,4202.0,3504.0,2145.0,3268.0,2436.0,257.0,78.0,13.0,9.0,0.0,0.0,0.0,0.0,0.0,0.0,0.0,0.0,0.0,0.0,0.0,0.0,0.0,0.0,0.0,0.0,0.0,0.0,0.0,0.0
42.8236921296,99782.0,17819.0,5.59975307256,708.0,64444.0,112.0,3.0,1905.0,4060.0,3653.0,2308.0,3190.0,2330.0,274.0,83.0,14.0,2.0,0.0,0.0,0.0,0.0,0.0,0.0,0.0,0.0,0.0,0.0,0.0,0.0,0.0,0.0,0.0,0.0,0.0,0.0,0.0,0.0
42.825775463,100959.0,17821.0,5.6651703047,708.0,64444.0,112.0,65535.0,1942.0,4097.0,3545.0,2297.0,3181.0,2380.0,283.0,77.0,14.0,5.0,0.0,0.0,0.0,0.0,0.0,0.0,0.0,0.0,0.0,0.0,0.0,0.0,0.0,0.0,0.0,0.0,0.0,0.0,0.0,0.0
42.8278587963,99910.0,17826.0,5.60473465724,704.0,64444.0,111.0,3.0,1898.0,4120.0,3541.0,2357.0,3238.0,2324.0,254.0,72.0,17.0,5.0,0.0,0.0,0.0,0.0,0.0,0.0,0.0,0.0,0.0,0.0,0.0,0.0,0.0,0.0,0.0,0.0,0.0,0.0,0.0,0.0
42.8299421296,101952.0,17823.0,5.72024911631,705.0,64443.0,111.0,3.0,1953.0,4086.0,3647.0,2237.0,3151.0,2360.0,277.0,85.0,20.0,7.0,0.0,0.0,0.0,0.0,0.0,0.0,0.0,0.0,0.0,0.0,0.0,0.0,0.0,0.0,0.0,0.0,0.0,0.0,0.0,0.0
42.832025463,99437.0,17823.0,5.57913931437,704.0,64436.0,115.0,0.0,1876.0,4093.0,3678.0,2263.0,3209.0,2357.0,254.0,74.0,17.0,2.0,0.0,0.0,0.0,0.0,0.0,0.0,0.0,0.0,0.0,0.0,0.0,0.0,0.0,0.0,0.0,0.0,0.0,0.0,0.0,0.0
42.8341087963,102908.0,17828.0,5.77226834193,708.0,64444.0,112.0,1.0,1911.0,4126.0,3529.0,2111.0,3352.0,2433.0,256.0,90.0,12.0,8.0,0.0,0.0,0.0,0.0,0.0,0.0,0.0,0.0,0.0,0.0,0.0,0.0,0.0,0.0,0.0,0.0,0.0,0.0,0.0,0.0
42.8361921296,103252.0,17829.0,5.79123899265,704.0,64444.0,112.0,7.0,1808.0,4046.0,3557.0,2347.0,3288.0,2411.0,275.0,69.0,20.0,8.0,0.0,0.0,0.0,0.0,0.0,0.0,0.0,0.0,0.0,0.0,0.0,0.0,0.0,0.0,0.0,0.0,0.0,0.0,0.0,0.0
42.838275463,101769.0,17829.0,5.70805990241,704.0,64444.0,112.0,3.0,1882.0,4113.0,3570.0,2157.0,3406.0,2375.0,226.0,73.0,17.0,10.0,0.0,0.0,0.0,0.0,0.0,0.0,0.0,0.0,0.0,0.0,0.0,0.0,0.0,0.0,0.0,0.0,0.0,0.0,0.0,0.0
42.8403587963,100940.0,17827.0,5.66219778987,707.0,64443.0,111.0,3.0,1900.0,4104.0,3550.0,2194.0,3268.0,2458.0,278.0,55.0,16.0,4.0,0.0,0.0,0.0,0.0,0.0,0.0,0.0,0.0,0.0,0.0,0.0,0.0,0.0,0.0,0.0,0.0,0.0,0.0,0.0,0.0
42.8424421296,102795.0,17827.0,5.7662534358,707.0,64440.0,113.0,7.0,1823.0,4043.0,3626.0,2283.0,3328.0,2354.0,275.0,67.0,17.0,11.0,0.0,0.0,0.0,0.0,0.0,0.0,0.0,0.0,0.0,0.0,0.0,0.0,0.0,0.0,0.0,0.0,0.0,0.0,0.0,0.0
42.844525463,101433.0,17824.0,5.69081014363,708.0,64435.0,119.0,3.0,1829.0,4107.0,3545.0,2297.0,3377.0,2339.0,247.0,58.0,11.0,14.0,0.0,0.0,0.0,0.0,0.0,0.0,0.0,0.0,0.0,0.0,0.0,0.0,0.0,0.0,0.0,0.0,0.0,0.0,0.0,0.0
42.8466087963,101062.0,17825.0,5.66967741935,707.0,64440.0,119.0,3.0,1860.0,4128.0,3549.0,2173.0,3395.0,2358.0,272.0,72.0,13.0,5.0,0.0,0.0,0.0,0.0,0.0,0.0,0.0,0.0,0.0,0.0,0.0,0.0,0.0,0.0,0.0,0.0,0.0,0.0,0.0,0.0
42.8486921296,102826.0,17828.0,5.76766883554,710.0,64444.0,112.0,4.0,1809.0,4128.0,3511.0,2291.0,3326.0,2418.0,248.0,73.0,12.0,12.0,0.0,0.0,0.0,0.0,0.0,0.0,0.0,0.0,0.0,0.0,0.0,0.0,0.0,0.0,0.0,0.0,0.0,0.0,0.0,0.0
42.850775463,103235.0,17823.0,5.79223475285,710.0,64443.0,112.0,4.0,1863.0,4073.0,3517.0,2270.0,3341.0,2396.0,248.0,87.0,21.0,7.0,0.0,0.0,0.0,0.0,0.0,0.0,0.0,0.0,0.0,0.0,0.0,0.0,0.0,0.0,0.0,0.0,0.0,0.0,0.0,0.0
42.8528587963,101103.0,17831.0,5.67006898099,710.0,64441.0,112.0,6.0,1828.0,4171.0,3564.0,2291.0,3270.0,2361.0,238.0,80.0,25.0,3.0,0.0,0.0,0.0,0.0,0.0,0.0,0.0,0.0,0.0,0.0,0.0,0.0,0.0,0.0,0.0,0.0,0.0,0.0,0.0,0.0
42.8549421296,103472.0,17827.0,5.80422953946,707.0,64440.0,113.0,7.0,1851.0,3978.0,3613.0,2265.0,3319.0,2445.0,246.0,85.0,17.0,8.0,0.0,0.0,0.0,0.0,0.0,0.0,0.0,0.0,0.0,0.0,0.0,0.0,0.0,0.0,0.0,0.0,0.0,0.0,0.0,0.0
42.857025463,103327.0,17829.0,5.7954456223,708.0,64444.0,111.0,6.0,1793.0,3975.0,3488.0,2204.0,3513.0,2512.0,251.0,73.0,20.0,0.0,0.0,0.0,0.0,0.0,0.0,0.0,0.0,0.0,0.0,0.0,0.0,0.0,0.0,0.0,0.0,0.0,0.0,0.0,0.0,0.0
42.8591087963,106969.0,17826.0,6.00072927185,708.0,64441.0,110.0,12.0,1828.0,3895.0,3487.0,2315.0,3391.0,2496.0,292.0,99.0,14.0,9.0,0.0,0.0,0.0,0.0,0.0,0.0,0.0,0.0,0.0,0.0,0.0,0.0,0.0,0.0,0.0,0.0,0.0,0.0,0.0,0.0
42.8611921296,104765.0,17828.0,5.87643033431,710.0,64444.0,111.0,4.0,1836.0,4009.0,3536.0,2187.0,3405.0,2470.0,282.0,79.0,16.0,8.0,0.0,0.0,0.0,0.0,0.0,0.0,0.0,0.0,0.0,0.0,0.0,0.0,0.0,0.0,0.0,0.0,0.0,0.0,0.0,0.0
42.863275463,105932.0,17825.0,5.94288920056,711.0,64444.0,108.0,7.0,1822.0,3986.0,3453.0,2184.0,3500.0,2500.0,260.0,94.0,21.0,5.0,0.0,0.0,0.0,0.0,0.0,0.0,0.0,0.0,0.0,0.0,0.0,0.0,0.0,0.0,0.0,0.0,0.0,0.0,0.0,0.0
42.8653587963,108276.0,17827.0,6.07370841981,710.0,64440.0,112.0,7.0,1842.0,3900.0,3432.0,2148.0,3521.0,2585.0,284.0,89.0,16.0,10.0,0.0,0.0,0.0,0.0,0.0,0.0,0.0,0.0,0.0,0.0,0.0,0.0,0.0,0.0,0.0,0.0,0.0,0.0,0.0,0.0
42.8674421296,107681.0,17827.0,6.04033208055,710.0,64444.0,111.0,6.0,1740.0,3849.0,3446.0,2159.0,3542.0,2716.0,274.0,87.0,11.0,3.0,0.0,0.0,0.0,0.0,0.0,0.0,0.0,0.0,0.0,0.0,0.0,0.0,0.0,0.0,0.0,0.0,0.0,0.0,0.0,0.0
42.869525463,106354.0,17822.0,5.96756817417,711.0,64441.0,110.0,3.0,1775.0,3936.0,3455.0,2131.0,3573.0,2588.0,261.0,79.0,20.0,4.0,0.0,0.0,0.0,0.0,0.0,0.0,0.0,0.0,0.0,0.0,0.0,0.0,0.0,0.0,0.0,0.0,0.0,0.0,0.0,0.0
42.8716087963,107904.0,17827.0,6.05284119594,710.0,64444.0,111.0,6.0,1770.0,3816.0,3440.0,2180.0,3541.0,2708.0,292.0,59.0,13.0,8.0,0.0,0.0,0.0,0.0,0.0,0.0,0.0,0.0,0.0,0.0,0.0,0.0,0.0,0.0,0.0,0.0,0.0,0.0,0.0,0.0
42.8736921296,108284.0,17829.0,6.07347579786,711.0,64440.0,112.0,6.0,1807.0,3914.0,3435.0,2091.0,3578.0,2626.0,270.0,76.0,25.0,7.0,0.0,0.0,0.0,0.0,0.0,0.0,0.0,0.0,0.0,0.0,0.0,0.0,0.0,0.0,0.0,0.0,0.0,0.0,0.0,0.0
42.875775463,109064.0,17832.0,6.11619560341,705.0,64441.0,110.0,4.0,1711.0,3840.0,3474.0,2155.0,3611.0,2642.0,298.0,78.0,15.0,8.0,0.0,0.0,0.0,0.0,0.0,0.0,0.0,0.0,0.0,0.0,0.0,0.0,0.0,0.0,0.0,0.0,0.0,0.0,0.0,0.0
42.8778587963,106675.0,17831.0,5.98255846559,711.0,64446.0,108.0,6.0,1778.0,3963.0,3404.0,2096.0,3612.0,2612.0,278.0,64.0,18.0,6.0,0.0,0.0,0.0,0.0,0.0,0.0,0.0,0.0,0.0,0.0,0.0,0.0,0.0,0.0,0.0,0.0,0.0,0.0,0.0,0.0
42.8799421296,109699.0,17839.0,6.14939178205,711.0,64440.0,112.0,6.0,1775.0,3799.0,3490.0,2050.0,3610.0,2711.0,307.0,79.0,8.0,10.0,0.0,0.0,0.0,0.0,0.0,0.0,0.0,0.0,0.0,0.0,0.0,0.0,0.0,0.0,0.0,0.0,0.0,0.0,0.0,0.0
42.882025463,107992.0,17832.0,6.05607895917,710.0,64444.0,112.0,7.0,1717.0,3816.0,3484.0,2192.0,3615.0,2610.0,295.0,88.0,9.0,6.0,0.0,0.0,0.0,0.0,0.0,0.0,0.0,0.0,0.0,0.0,0.0,0.0,0.0,0.0,0.0,0.0,0.0,0.0,0.0,0.0
42.8841087963,108878.0,17827.0,6.10747742189,711.0,64444.0,112.0,7.0,1647.0,3928.0,3439.0,2136.0,3653.0,2637.0,282.0,80.0,19.0,6.0,0.0,0.0,0.0,0.0,0.0,0.0,0.0,0.0,0.0,0.0,0.0,0.0,0.0,0.0,0.0,0.0,0.0,0.0,0.0,0.0
42.8861921296,111272.0,17826.0,6.24211825424,711.0,64444.0,112.0,6.0,1672.0,3910.0,3407.0,2009.0,3646.0,2747.0,330.0,86.0,12.0,7.0,0.0,0.0,0.0,0.0,0.0,0.0,0.0,0.0,0.0,0.0,0.0,0.0,0.0,0.0,0.0,0.0,0.0,0.0,0.0,0.0
42.888275463,112145.0,17834.0,6.2882695974,711.0,64444.0,111.0,6.0,1624.0,3741.0,3442.0,2156.0,3636.0,2838.0,287.0,88.0,16.0,6.0,0.0,0.0,0.0,0.0,0.0,0.0,0.0,0.0,0.0,0.0,0.0,0.0,0.0,0.0,0.0,0.0,0.0,0.0,0.0,0.0
42.8903587963,113521.0,17820.0,6.37042648709,711.0,64444.0,110.0,8.0,1650.0,3673.0,3398.0,2183.0,3672.0,2847.0,270.0,96.0,26.0,5.0,0.0,0.0,0.0,0.0,0.0,0.0,0.0,0.0,0.0,0.0,0.0,0.0,0.0,0.0,0.0,0.0,0.0,0.0,0.0,0.0
42.8924421296,111815.0,17833.0,6.27011719845,711.0,64441.0,112.0,3.0,1661.0,3675.0,3314.0,2170.0,3838.0,2779.0,296.0,82.0,13.0,5.0,0.0,0.0,0.0,0.0,0.0,0.0,0.0,0.0,0.0,0.0,0.0,0.0,0.0,0.0,0.0,0.0,0.0,0.0,0.0,0.0
42.894525463,110960.0,17832.0,6.22252131,711.0,64444.0,111.0,1.0,1739.0,3800.0,3316.0,2154.0,3735.0,2687.0,285.0,91.0,18.0,7.0,0.0,0.0,0.0,0.0,0.0,0.0,0.0,0.0,0.0,0.0,0.0,0.0,0.0,0.0,0.0,0.0,0.0,0.0,0.0,0.0
42.8966087963,107928.0,17833.0,6.05215050749,711.0,64444.0,111.0,7.0,1772.0,3784.0,3426.0,2103.0,3730.0,2638.0,284.0,79.0,13.0,4.0,0.0,0.0,0.0,0.0,0.0,0.0,0.0,0.0,0.0,0.0,0.0,0.0,0.0,0.0,0.0,0.0,0.0,0.0,0.0,0.0
42.9028819444,110085.0,17834.0,6.17275989683,711.0,64441.0,111.0,3.0,1828.0,3833.0,3438.0,2064.0,3622.0,2606.0,329.0,85.0,23.0,6.0,0.0,0.0,0.0,0.0,0.0,0.0,0.0,0.0,0.0,0.0,0.0,0.0,0.0,0.0,0.0,0.0,0.0,0.0,0.0,0.0
42.9049652778,108738.0,17831.0,6.09825584656,710.0,64440.0,115.0,6.0,1663.0,3784.0,3531.0,2133.0,3678.0,2658.0,280.0,86.0,13.0,5.0,0.0,0.0,0.0,0.0,0.0,0.0,0.0,0.0,0.0,0.0,0.0,0.0,0.0,0.0,0.0,0.0,0.0,0.0,0.0,0.0
42.9070486111,110271.0,17836.0,6.18249607535,711.0,64443.0,111.0,6.0,1633.0,3851.0,3312.0,2079.0,3771.0,2824.0,288.0,58.0,15.0,5.0,0.0,0.0,0.0,0.0,0.0,0.0,0.0,0.0,0.0,0.0,0.0,0.0,0.0,0.0,0.0,0.0,0.0,0.0,0.0,0.0
42.9091319444,112598.0,17835.0,6.31331651248,711.0,64446.0,110.0,3.0,1744.0,3746.0,3318.0,2118.0,3802.0,2664.0,321.0,93.0,23.0,6.0,0.0,0.0,0.0,0.0,0.0,0.0,0.0,0.0,0.0,0.0,0.0,0.0,0.0,0.0,0.0,0.0,0.0,0.0,0.0,0.0
42.9112152778,111751.0,17836.0,6.2654743216,708.0,64446.0,112.0,4.0,1648.0,3759.0,3330.0,2103.0,3819.0,2768.0,305.0,86.0,14.0,4.0,0.0,0.0,0.0,0.0,0.0,0.0,0.0,0.0,0.0,0.0,0.0,0.0,0.0,0.0,0.0,0.0,0.0,0.0,0.0,0.0
42.9132986111,110513.0,17829.0,6.19849683101,711.0,64446.0,111.0,3.0,1661.0,3651.0,3443.0,2168.0,3783.0,2731.0,290.0,84.0,15.0,3.0,0.0,0.0,0.0,0.0,0.0,0.0,0.0,0.0,0.0,0.0,0.0,0.0,0.0,0.0,0.0,0.0,0.0,0.0,0.0,0.0
42.9153819444,116220.0,17827.0,6.51932461996,711.0,64440.0,108.0,6.0,1539.0,3634.0,3401.0,2056.0,3847.0,2924.0,317.0,82.0,18.0,9.0,0.0,0.0,0.0,0.0,0.0,0.0,0.0,0.0,0.0,0.0,0.0,0.0,0.0,0.0,0.0,0.0,0.0,0.0,0.0,0.0
42.9174652778,114543.0,17833.0,6.42309202041,713.0,64444.0,112.0,4.0,1649.0,3735.0,3320.0,2108.0,3813.0,2773.0,304.0,108.0,13.0,10.0,0.0,0.0,0.0,0.0,0.0,0.0,0.0,0.0,0.0,0.0,0.0,0.0,0.0,0.0,0.0,0.0,0.0,0.0,0.0,0.0
42.9195486111,110495.0,17828.0,6.1978348665,711.0,64440.0,110.0,6.0,1658.0,3675.0,3322.0,2232.0,3870.0,2730.0,233.0,81.0,23.0,4.0,0.0,0.0,0.0,0.0,0.0,0.0,0.0,0.0,0.0,0.0,0.0,0.0,0.0,0.0,0.0,0.0,0.0,0.0,0.0,0.0
42.9216319444,108996.0,17830.0,6.11306786315,711.0,64443.0,110.0,8.0,1629.0,3790.0,3393.0,2115.0,3869.0,2646.0,293.0,80.0,13.0,2.0,0.0,0.0,0.0,0.0,0.0,0.0,0.0,0.0,0.0,0.0,0.0,0.0,0.0,0.0,0.0,0.0,0.0,0.0,0.0,0.0
42.9237152778,115400.0,17835.0,6.47042332492,711.0,64444.0,110.0,6.0,1641.0,3566.0,3411.0,2165.0,3858.0,2747.0,319.0,95.0,25.0,8.0,0.0,0.0,0.0,0.0,0.0,0.0,0.0,0.0,0.0,0.0,0.0,0.0,0.0,0.0,0.0,0.0,0.0,0.0,0.0,0.0
42.9257986111,115845.0,17835.0,6.49537426409,711.0,64441.0,112.0,7.0,1691.0,3651.0,3237.0,2136.0,3911.0,2798.0,292.0,82.0,23.0,14.0,0.0,0.0,0.0,0.0,0.0,0.0,0.0,0.0,0.0,0.0,0.0,0.0,0.0,0.0,0.0,0.0,0.0,0.0,0.0,0.0
42.9278819444,114090.0,17836.0,6.39661359049,711.0,64440.0,112.0,3.0,1651.0,3762.0,3394.0,2103.0,3743.0,2740.0,329.0,85.0,16.0,13.0,0.0,0.0,0.0,0.0,0.0,0.0,0.0,0.0,0.0,0.0,0.0,0.0,0.0,0.0,0.0,0.0,0.0,0.0,0.0,0.0
42.9299652778,112815.0,17837.0,6.32477434546,711.0,64447.0,111.0,4.0,1580.0,3689.0,3277.0,2179.0,3888.0,2820.0,295.0,94.0,13.0,2.0,0.0,0.0,0.0,0.0,0.0,0.0,0.0,0.0,0.0,0.0,0.0,0.0,0.0,0.0,0.0,0.0,0.0,0.0,0.0,0.0
42.9320486111,117305.0,17831.0,6.57871123325,711.0,64445.0,110.0,7.0,1600.0,3653.0,3264.0,2047.0,3931.0,2888.0,313.0,110.0,17.0,8.0,0.0,0.0,0.0,0.0,0.0,0.0,0.0,0.0,0.0,0.0,0.0,0.0,0.0,0.0,0.0,0.0,0.0,0.0,0.0,0.0
42.9341319444,115494.0,17832.0,6.4767833109,711.0,64444.0,110.0,7.0,1559.0,3596.0,3327.0,2161.0,3821.0,2911.0,340.0,102.0,14.0,1.0,0.0,0.0,0.0,0.0,0.0,0.0,0.0,0.0,0.0,0.0,0.0,0.0,0.0,0.0,0.0,0.0,0.0,0.0,0.0,0.0
42.9362152778,116704.0,17825.0,6.54720897616,710.0,64440.0,111.0,7.0,1567.0,3590.0,3235.0,2185.0,3950.0,2862.0,315.0,95.0,18.0,8.0,0.0,0.0,0.0,0.0,0.0,0.0,0.0,0.0,0.0,0.0,0.0,0.0,0.0,0.0,0.0,0.0,0.0,0.0,0.0,0.0
42.9382986111,117625.0,17827.0,6.59813765636,711.0,64440.0,112.0,6.0,1599.0,3513.0,3234.0,2157.0,4059.0,2817.0,325.0,89.0,26.0,8.0,0.0,0.0,0.0,0.0,0.0,0.0,0.0,0.0,0.0,0.0,0.0,0.0,0.0,0.0,0.0,0.0,0.0,0.0,0.0,0.0
42.9403819444,114615.0,17835.0,6.42640874685,711.0,64440.0,112.0,4.0,1555.0,3677.0,3229.0,2142.0,3983.0,2827.0,306.0,97.0,16.0,3.0,0.0,0.0,0.0,0.0,0.0,0.0,0.0,0.0,0.0,0.0,0.0,0.0,0.0,0.0,0.0,0.0,0.0,0.0,0.0,0.0
42.9424652778,113618.0,17837.0,6.36979312665,711.0,64444.0,112.0,3.0,1520.0,3588.0,3301.0,2157.0,4018.0,2850.0,311.0,79.0,10.0,3.0,0.0,0.0,0.0,0.0,0.0,0.0,0.0,0.0,0.0,0.0,0.0,0.0,0.0,0.0,0.0,0.0,0.0,0.0,0.0,0.0
42.9445486111,114059.0,17835.0,6.39523409027,711.0,64447.0,111.0,6.0,1612.0,3645.0,3403.0,2082.0,3778.0,2872.0,339.0,85.0,16.0,3.0,0.0,0.0,0.0,0.0,0.0,0.0,0.0,0.0,0.0,0.0,0.0,0.0,0.0,0.0,0.0,0.0,0.0,0.0,0.0,0.0
42.9466319444,113326.0,17834.0,6.35449142088,711.0,64440.0,112.0,7.0,1590.0,3658.0,3402.0,2158.0,3861.0,2741.0,295.0,105.0,22.0,2.0,0.0,0.0,0.0,0.0,0.0,0.0,0.0,0.0,0.0,0.0,0.0,0.0,0.0,0.0,0.0,0.0,0.0,0.0,0.0,0.0
42.9487152778,114676.0,17832.0,6.4309107223,711.0,64444.0,108.0,3.0,1616.0,3616.0,3230.0,2168.0,3933.0,2833.0,318.0,102.0,13.0,3.0,0.0,0.0,0.0,0.0,0.0,0.0,0.0,0.0,0.0,0.0,0.0,0.0,0.0,0.0,0.0,0.0,0.0,0.0,0.0,0.0
42.9507986111,114805.0,17839.0,6.43561858849,711.0,64440.0,112.0,4.0,1582.0,3633.0,3296.0,2175.0,3905.0,2812.0,330.0,82.0,18.0,6.0,0.0,0.0,0.0,0.0,0.0,0.0,0.0,0.0,0.0,0.0,0.0,0.0,0.0,0.0,0.0,0.0,0.0,0.0,0.0,0.0
42.9528819444,114030.0,17832.0,6.39468371467,711.0,64443.0,108.0,7.0,1580.0,3626.0,3350.0,2098.0,3910.0,2880.0,291.0,79.0,8.0,10.0,0.0,0.0,0.0,0.0,0.0,0.0,0.0,0.0,0.0,0.0,0.0,0.0,0.0,0.0,0.0,0.0,0.0,0.0,0.0,0.0
42.9549652778,114664.0,17834.0,6.42951665358,711.0,64446.0,111.0,6.0,1602.0,3616.0,3200.0,2172.0,4065.0,2775.0,307.0,76.0,8.0,13.0,0.0,0.0,0.0,0.0,0.0,0.0,0.0,0.0,0.0,0.0,0.0,0.0,0.0,0.0,0.0,0.0,0.0,0.0,0.0,0.0
42.9570486111,116627.0,17828.0,6.54178819834,711.0,64440.0,115.0,3.0,1628.0,3589.0,3269.0,2087.0,3959.0,2851.0,322.0,95.0,21.0,7.0,0.0,0.0,0.0,0.0,0.0,0.0,0.0,0.0,0.0,0.0,0.0,0.0,0.0,0.0,0.0,0.0,0.0,0.0,0.0,0.0
42.9591319444,116195.0,17833.0,6.51572926597,711.0,64448.0,112.0,3.0,1536.0,3619.0,3322.0,2151.0,3916.0,2879.0,285.0,95.0,23.0,7.0,0.0,0.0,0.0,0.0,0.0,0.0,0.0,0.0,0.0,0.0,0.0,0.0,0.0,0.0,0.0,0.0,0.0,0.0,0.0,0.0
42.9612152778,115498.0,17837.0,6.47519201659,711.0,64441.0,112.0,3.0,1585.0,3674.0,3274.0,2057.0,3931.0,2894.0,303.0,96.0,19.0,4.0,0.0,0.0,0.0,0.0,0.0,0.0,0.0,0.0,0.0,0.0,0.0,0.0,0.0,0.0,0.0,0.0,0.0,0.0,0.0,0.0
42.9632986111,116174.0,17832.0,6.51491700314,711.0,64444.0,113.0,4.0,1567.0,3620.0,3215.0,2079.0,4092.0,2857.0,301.0,66.0,27.0,8.0,0.0,0.0,0.0,0.0,0.0,0.0,0.0,0.0,0.0,0.0,0.0,0.0,0.0,0.0,0.0,0.0,0.0,0.0,0.0,0.0
42.9653819444,116294.0,17830.0,6.52237801458,711.0,64441.0,110.0,7.0,1581.0,3602.0,3216.0,2089.0,4078.0,2846.0,291.0,103.0,18.0,6.0,0.0,0.0,0.0,0.0,0.0,0.0,0.0,0.0,0.0,0.0,0.0,0.0,0.0,0.0,0.0,0.0,0.0,0.0,0.0,0.0
42.9674652778,115594.0,17837.0,6.48057408757,711.0,64443.0,112.0,65535.0,1521.0,3492.0,3367.0,2138.0,4004.0,2917.0,298.0,84.0,7.0,9.0,0.0,0.0,0.0,0.0,0.0,0.0,0.0,0.0,0.0,0.0,0.0,0.0,0.0,0.0,0.0,0.0,0.0,0.0,0.0,0.0
42.9695486111,115854.0,17827.0,6.49879396421,711.0,64446.0,112.0,4.0,1627.0,3542.0,3294.0,2087.0,3980.0,2870.0,307.0,101.0,12.0,7.0,0.0,0.0,0.0,0.0,0.0,0.0,0.0,0.0,0.0,0.0,0.0,0.0,0.0,0.0,0.0,0.0,0.0,0.0,0.0,0.0
42.9716319444,114488.0,17835.0,6.41928791702,711.0,64440.0,111.0,7.0,1596.0,3712.0,3240.0,2074.0,3996.0,2818.0,284.0,92.0,15.0,8.0,0.0,0.0,0.0,0.0,0.0,0.0,0.0,0.0,0.0,0.0,0.0,0.0,0.0,0.0,0.0,0.0,0.0,0.0,0.0,0.0
42.9737152778,112691.0,17839.0,6.31711418802,711.0,64446.0,112.0,6.0,1636.0,3691.0,3328.0,2068.0,3969.0,2761.0,293.0,69.0,14.0,10.0,0.0,0.0,0.0,0.0,0.0,0.0,0.0,0.0,0.0,0.0,0.0,0.0,0.0,0.0,0.0,0.0,0.0,0.0,0.0,0.0
42.9757986111,118813.0,17833.0,6.66253574833,711.0,64443.0,108.0,7.0,1543.0,3539.0,3141.0,2098.0,4099.0,2980.0,313.0,96.0,17.0,7.0,0.0,0.0,0.0,0.0,0.0,0.0,0.0,0.0,0.0,0.0,0.0,0.0,0.0,0.0,0.0,0.0,0.0,0.0,0.0,0.0
42.9778819444,114520.0,17841.0,6.41892270613,710.0,64444.0,110.0,6.0,1558.0,3538.0,3319.0,2102.0,4068.0,2840.0,319.0,77.0,18.0,2.0,0.0,0.0,0.0,0.0,0.0,0.0,0.0,0.0,0.0,0.0,0.0,0.0,0.0,0.0,0.0,0.0,0.0,0.0,0.0,0.0
42.9799652778,116823.0,17840.0,6.54837443946,711.0,64448.0,111.0,6.0,1642.0,3531.0,3158.0,2118.0,3975.0,2973.0,318.0,110.0,15.0,0.0,0.0,0.0,0.0,0.0,0.0,0.0,0.0,0.0,0.0,0.0,0.0,0.0,0.0,0.0,0.0,0.0,0.0,0.0,0.0,0.0
42.9820486111,119863.0,17838.0,6.71953133759,710.0,64438.0,120.0,6.0,1436.0,3543.0,3126.0,2093.0,4168.0,3034.0,325.0,91.0,16.0,6.0,0.0,0.0,0.0,0.0,0.0,0.0,0.0,0.0,0.0,0.0,0.0,0.0,0.0,0.0,0.0,0.0,0.0,0.0,0.0,0.0
42.9841319444,117285.0,17833.0,6.57685190377,711.0,64446.0,112.0,7.0,1525.0,3621.0,3220.0,2076.0,4093.0,2880.0,288.0,106.0,16.0,8.0,0.0,0.0,0.0,0.0,0.0,0.0,0.0,0.0,0.0,0.0,0.0,0.0,0.0,0.0,0.0,0.0,0.0,0.0,0.0,0.0
42.9862152778,117311.0,17836.0,6.57720340884,710.0,64441.0,112.0,7.0,1505.0,3505.0,3289.0,2055.0,4166.0,2897.0,306.0,87.0,21.0,5.0,0.0,0.0,0.0,0.0,0.0,0.0,0.0,0.0,0.0,0.0,0.0,0.0,0.0,0.0,0.0,0.0,0.0,0.0,0.0,0.0
42.9882986111,115636.0,17834.0,6.484019289,711.0,64441.0,112.0,3.0,1567.0,3578.0,3257.0,2024.0,4063.0,2941.0,299.0,84.0,19.0,2.0,0.0,0.0,0.0,0.0,0.0,0.0,0.0,0.0,0.0,0.0,0.0,0.0,0.0,0.0,0.0,0.0,0.0,0.0,0.0,0.0
42.9903819444,121916.0,17835.0,6.83577235772,711.0,64446.0,112.0,6.0,1439.0,3460.0,3206.0,2041.0,4211.0,2991.0,342.0,116.0,27.0,2.0,0.0,0.0,0.0,0.0,0.0,0.0,0.0,0.0,0.0,0.0,0.0,0.0,0.0,0.0,0.0,0.0,0.0,0.0,0.0,0.0
42.9924652778,121980.0,17833.0,6.84012785286,711.0,64441.0,111.0,3.0,1454.0,3348.0,3164.0,2212.0,4100.0,3100.0,332.0,95.0,22.0,6.0,0.0,0.0,0.0,0.0,0.0,0.0,0.0,0.0,0.0,0.0,0.0,0.0,0.0,0.0,0.0,0.0,0.0,0.0,0.0,0.0
42.9945486111,118397.0,17831.0,6.63995289103,710.0,64441.0,112.0,6.0,1551.0,3507.0,3215.0,2055.0,4058.0,3012.0,322.0,87.0,19.0,5.0,0.0,0.0,0.0,0.0,0.0,0.0,0.0,0.0,0.0,0.0,0.0,0.0,0.0,0.0,0.0,0.0,0.0,0.0,0.0,0.0
42.9966319444,121385.0,17839.0,6.80447334492,710.0,64444.0,113.0,1.0,1498.0,3467.0,3199.0,2074.0,4063.0,3112.0,296.0,101.0,19.0,10.0,0.0,0.0,0.0,0.0,0.0,0.0,0.0,0.0,0.0,0.0,0.0,0.0,0.0,0.0,0.0,0.0,0.0,0.0,0.0,0.0
42.9987152778,119182.0,17832.0,6.68360251234,710.0,64444.0,112.0,7.0,1544.0,3542.0,3176.0,2122.0,4054.0,2923.0,343.0,102.0,20.0,6.0,0.0,0.0,0.0,0.0,0.0,0.0,0.0,0.0,0.0,0.0,0.0,0.0,0.0,0.0,0.0,0.0,0.0,0.0,0.0,0.0
43.0007986111,120140.0,17832.0,6.73732615523,711.0,64444.0,112.0,3.0,1498.0,3448.0,3126.0,2128.0,4271.0,2919.0,322.0,90.0,21.0,9.0,0.0,0.0,0.0,0.0,0.0,0.0,0.0,0.0,0.0,0.0,0.0,0.0,0.0,0.0,0.0,0.0,0.0,0.0,0.0,0.0
43.0028819444,119022.0,17834.0,6.67388135023,710.0,64440.0,116.0,8.0,1487.0,3410.0,3102.0,2144.0,4306.0,2951.0,319.0,98.0,13.0,4.0,0.0,0.0,0.0,0.0,0.0,0.0,0.0,0.0,0.0,0.0,0.0,0.0,0.0,0.0,0.0,0.0,0.0,0.0,0.0,0.0
43.0049652778,119455.0,17835.0,6.69778525371,711.0,64443.0,110.0,7.0,1494.0,3453.0,3165.0,2138.0,4244.0,2850.0,370.0,98.0,19.0,4.0,0.0,0.0,0.0,0.0,0.0,0.0,0.0,0.0,0.0,0.0,0.0,0.0,0.0,0.0,0.0,0.0,0.0,0.0,0.0,0.0
43.0070486111,118848.0,17836.0,6.66337743889,710.0,64440.0,115.0,4.0,1510.0,3418.0,3173.0,2121.0,4233.0,2959.0,298.0,104.0,15.0,5.0,0.0,0.0,0.0,0.0,0.0,0.0,0.0,0.0,0.0,0.0,0.0,0.0,0.0,0.0,0.0,0.0,0.0,0.0,0.0,0.0
43.0091319444,120738.0,17834.0,6.77010205226,711.0,64443.0,112.0,6.0,1427.0,3460.0,3213.0,2093.0,4238.0,2944.0,335.0,92.0,26.0,6.0,0.0,0.0,0.0,0.0,0.0,0.0,0.0,0.0,0.0,0.0,0.0,0.0,0.0,0.0,0.0,0.0,0.0,0.0,0.0,0.0
43.0112152778,119834.0,17832.0,6.72016599372,711.0,64443.0,112.0,4.0,1454.0,3422.0,3138.0,2062.0,4368.0,2958.0,319.0,91.0,12.0,8.0,0.0,0.0,0.0,0.0,0.0,0.0,0.0,0.0,0.0,0.0,0.0,0.0,0.0,0.0,0.0,0.0,0.0,0.0,0.0,0.0
43.0132986111,118789.0,17831.0,6.66193707588,711.0,64444.0,111.0,1.0,1474.0,3429.0,3184.0,2092.0,4236.0,2997.0,311.0,86.0,18.0,4.0,0.0,0.0,0.0,0.0,0.0,0.0,0.0,0.0,0.0,0.0,0.0,0.0,0.0,0.0,0.0,0.0,0.0,0.0,0.0,0.0
43.0153819444,117990.0,17837.0,6.61490160901,711.0,64444.0,111.0,7.0,1510.0,3478.0,3116.0,2120.0,4247.0,2928.0,327.0,93.0,16.0,2.0,0.0,0.0,0.0,0.0,0.0,0.0,0.0,0.0,0.0,0.0,0.0,0.0,0.0,0.0,0.0,0.0,0.0,0.0,0.0,0.0
43.0174652778,118979.0,17829.0,6.67334118571,711.0,64441.0,112.0,6.0,1529.0,3443.0,3168.0,2114.0,4179.0,2957.0,325.0,92.0,15.0,7.0,0.0,0.0,0.0,0.0,0.0,0.0,0.0,0.0,0.0,0.0,0.0,0.0,0.0,0.0,0.0,0.0,0.0,0.0,0.0,0.0
43.0195486111,122181.0,17835.0,6.85063078217,711.0,64440.0,120.0,3.0,1444.0,3405.0,3094.0,2145.0,4293.0,3022.0,314.0,84.0,22.0,12.0,0.0,0.0,0.0,0.0,0.0,0.0,0.0,0.0,0.0,0.0,0.0,0.0,0.0,0.0,0.0,0.0,0.0,0.0,0.0,0.0
43.0216319444,120506.0,17828.0,6.75936728741,711.0,64441.0,115.0,1.0,1493.0,3356.0,3149.0,2133.0,4270.0,2950.0,371.0,82.0,18.0,6.0,0.0,0.0,0.0,0.0,0.0,0.0,0.0,0.0,0.0,0.0,0.0,0.0,0.0,0.0,0.0,0.0,0.0,0.0,0.0,0.0
43.0237152778,118127.0,17830.0,6.62518227706,708.0,64446.0,112.0,3.0,1492.0,3353.0,3219.0,2172.0,4212.0,2952.0,321.0,88.0,20.0,1.0,0.0,0.0,0.0,0.0,0.0,0.0,0.0,0.0,0.0,0.0,0.0,0.0,0.0,0.0,0.0,0.0,0.0,0.0,0.0,0.0
43.0257986111,119174.0,17825.0,6.68577840112,710.0,64441.0,112.0,7.0,1423.0,3408.0,3265.0,2097.0,4262.0,2920.0,334.0,96.0,15.0,5.0,0.0,0.0,0.0,0.0,0.0,0.0,0.0,0.0,0.0,0.0,0.0,0.0,0.0,0.0,0.0,0.0,0.0,0.0,0.0,0.0
43.0278819444,121687.0,17838.0,6.82178495347,710.0,64455.0,111.0,0.0,1457.0,3401.0,3107.0,2086.0,4308.0,3019.0,343.0,92.0,18.0,7.0,0.0,0.0,0.0,0.0,0.0,0.0,0.0,0.0,0.0,0.0,0.0,0.0,0.0,0.0,0.0,0.0,0.0,0.0,0.0,0.0
43.0299652778,122592.0,17831.0,6.87521731815,711.0,64444.0,112.0,11.0,1391.0,3362.0,3221.0,2091.0,4271.0,3027.0,352.0,89.0,16.0,11.0,0.0,0.0,0.0,0.0,0.0,0.0,0.0,0.0,0.0,0.0,0.0,0.0,0.0,0.0,0.0,0.0,0.0,0.0,0.0,0.0
43.0320486111,123485.0,17831.0,6.9252986372,710.0,64444.0,112.0,7.0,1394.0,3281.0,3086.0,2128.0,4374.0,3096.0,358.0,91.0,17.0,6.0,0.0,0.0,0.0,0.0,0.0,0.0,0.0,0.0,0.0,0.0,0.0,0.0,0.0,0.0,0.0,0.0,0.0,0.0,0.0,0.0
43.0341319444,124535.0,17831.0,6.98418484662,713.0,64440.0,115.0,6.0,1356.0,3215.0,3068.0,2098.0,4449.0,3180.0,349.0,97.0,15.0,4.0,0.0,0.0,0.0,0.0,0.0,0.0,0.0,0.0,0.0,0.0,0.0,0.0,0.0,0.0,0.0,0.0,0.0,0.0,0.0,0.0
43.0362152778,124884.0,17832.0,7.00336473755,711.0,64444.0,112.0,6.0,1360.0,3194.0,3105.0,2092.0,4431.0,3189.0,337.0,100.0,21.0,3.0,0.0,0.0,0.0,0.0,0.0,0.0,0.0,0.0,0.0,0.0,0.0,0.0,0.0,0.0,0.0,0.0,0.0,0.0,0.0,0.0
43.0382986111,126103.0,17831.0,7.072121586,708.0,64446.0,112.0,3.0,1333.0,3265.0,3107.0,2048.0,4486.0,3136.0,333.0,91.0,18.0,14.0,0.0,0.0,0.0,0.0,0.0,0.0,0.0,0.0,0.0,0.0,0.0,0.0,0.0,0.0,0.0,0.0,0.0,0.0,0.0,0.0
43.0403819444,126232.0,17835.0,7.07776843286,711.0,64443.0,112.0,6.0,1357.0,3236.0,3212.0,2061.0,4355.0,3127.0,355.0,101.0,18.0,13.0,0.0,0.0,0.0,0.0,0.0,0.0,0.0,0.0,0.0,0.0,0.0,0.0,0.0,0.0,0.0,0.0,0.0,0.0,0.0,0.0
43.0424652778,123988.0,17838.0,6.95077923534,708.0,64443.0,111.0,3.0,1297.0,3240.0,3134.0,2148.0,4440.0,3134.0,328.0,92.0,20.0,5.0,0.0,0.0,0.0,0.0,0.0,0.0,0.0,0.0,0.0,0.0,0.0,0.0,0.0,0.0,0.0,0.0,0.0,0.0,0.0,0.0
43.0445486111,125180.0,17826.0,7.02232693818,710.0,64444.0,112.0,3.0,1350.0,3084.0,2940.0,2266.0,4634.0,3102.0,335.0,88.0,22.0,5.0,0.0,0.0,0.0,0.0,0.0,0.0,0.0,0.0,0.0,0.0,0.0,0.0,0.0,0.0,0.0,0.0,0.0,0.0,0.0,0.0
43.0466319444,124523.0,17830.0,6.98390353337,711.0,64444.0,112.0,4.0,1367.0,3221.0,3071.0,2096.0,4445.0,3163.0,344.0,102.0,18.0,3.0,0.0,0.0,0.0,0.0,0.0,0.0,0.0,0.0,0.0,0.0,0.0,0.0,0.0,0.0,0.0,0.0,0.0,0.0,0.0,0.0
43.0487152778,125736.0,17830.0,7.05193494111,710.0,64440.0,111.0,6.0,1301.0,3166.0,2981.0,2142.0,4665.0,3094.0,361.0,93.0,25.0,2.0,0.0,0.0,0.0,0.0,0.0,0.0,0.0,0.0,0.0,0.0,0.0,0.0,0.0,0.0,0.0,0.0,0.0,0.0,0.0,0.0
43.0507986111,125064.0,17828.0,7.01503253309,708.0,64440.0,112.0,6.0,1323.0,3278.0,2989.0,2082.0,4589.0,3105.0,337.0,101.0,18.0,6.0,0.0,0.0,0.0,0.0,0.0,0.0,0.0,0.0,0.0,0.0,0.0,0.0,0.0,0.0,0.0,0.0,0.0,0.0,0.0,0.0
43.0528819444,126670.0,17825.0,7.10631136045,710.0,64443.0,111.0,7.0,1286.0,3076.0,3059.0,2125.0,4588.0,3235.0,345.0,88.0,16.0,7.0,0.0,0.0,0.0,0.0,0.0,0.0,0.0,0.0,0.0,0.0,0.0,0.0,0.0,0.0,0.0,0.0,0.0,0.0,0.0,0.0
43.0549652778,123342.0,17838.0,6.91456441305,711.0,64441.0,112.0,4.0,1340.0,3144.0,3095.0,2212.0,4575.0,3051.0,285.0,114.0,18.0,4.0,0.0,0.0,0.0,0.0,0.0,0.0,0.0,0.0,0.0,0.0,0.0,0.0,0.0,0.0,0.0,0.0,0.0,0.0,0.0,0.0
43.0570486111,127465.0,17828.0,7.14970832398,710.0,64444.0,112.0,65535.0,1281.0,3131.0,2973.0,2165.0,4646.0,3151.0,354.0,97.0,24.0,6.0,0.0,0.0,0.0,0.0,0.0,0.0,0.0,0.0,0.0,0.0,0.0,0.0,0.0,0.0,0.0,0.0,0.0,0.0,0.0,0.0
43.0591319444,124909.0,17835.0,7.00358844968,710.0,64447.0,112.0,1.0,1295.0,3147.0,2933.0,2180.0,4625.0,3236.0,317.0,85.0,12.0,5.0,0.0,0.0,0.0,0.0,0.0,0.0,0.0,0.0,0.0,0.0,0.0,0.0,0.0,0.0,0.0,0.0,0.0,0.0,0.0,0.0
43.0612152778,126845.0,17830.0,7.11413348289,708.0,64447.0,111.0,6.0,1309.0,3229.0,2834.0,2147.0,4638.0,3174.0,377.0,101.0,19.0,2.0,0.0,0.0,0.0,0.0,0.0,0.0,0.0,0.0,0.0,0.0,0.0,0.0,0.0,0.0,0.0,0.0,0.0,0.0,0.0,0.0
43.0632986111,128441.0,17828.0,7.20445366839,710.0,64440.0,112.0,65535.0,1298.0,3049.0,2940.0,2104.0,4671.0,3278.0,375.0,93.0,14.0,6.0,0.0,0.0,0.0,0.0,0.0,0.0,0.0,0.0,0.0,0.0,0.0,0.0,0.0,0.0,0.0,0.0,0.0,0.0,0.0,0.0
43.0695717593,127326.0,17830.0,7.14111048794,710.0,64444.0,111.0,3.0,1247.0,3086.0,2952.0,2108.0,4758.0,3208.0,363.0,87.0,16.0,5.0,0.0,0.0,0.0,0.0,0.0,0.0,0.0,0.0,0.0,0.0,0.0,0.0,0.0,0.0,0.0,0.0,0.0,0.0,0.0,0.0
43.0716550926,127390.0,17830.0,7.14469994391,707.0,64440.0,112.0,14.0,1266.0,3076.0,2993.0,2122.0,4652.0,3237.0,379.0,86.0,13.0,6.0,0.0,0.0,0.0,0.0,0.0,0.0,0.0,0.0,0.0,0.0,0.0,0.0,0.0,0.0,0.0,0.0,0.0,0.0,0.0,0.0
43.0737384259,128611.0,17835.0,7.21115783572,707.0,64441.0,112.0,6.0,1282.0,3127.0,2964.0,2147.0,4653.0,3195.0,341.0,93.0,21.0,12.0,0.0,0.0,0.0,0.0,0.0,0.0,0.0,0.0,0.0,0.0,0.0,0.0,0.0,0.0,0.0,0.0,0.0,0.0,0.0,0.0
43.0758217593,126178.0,17835.0,7.07474067844,704.0,64441.0,112.0,4.0,1279.0,3006.0,2970.0,2166.0,4769.0,3171.0,379.0,72.0,23.0,0.0,0.0,0.0,0.0,0.0,0.0,0.0,0.0,0.0,0.0,0.0,0.0,0.0,0.0,0.0,0.0,0.0,0.0,0.0,0.0,0.0
43.0779050926,129575.0,17834.0,7.26561623865,710.0,64447.0,111.0,6.0,1206.0,3069.0,2887.0,2127.0,4728.0,3312.0,393.0,90.0,20.0,2.0,0.0,0.0,0.0,0.0,0.0,0.0,0.0,0.0,0.0,0.0,0.0,0.0,0.0,0.0,0.0,0.0,0.0,0.0,0.0,0.0
43.0799884259,128858.0,17831.0,7.22662778307,708.0,64444.0,112.0,7.0,1198.0,3032.0,3013.0,2168.0,4699.0,3248.0,338.0,108.0,24.0,3.0,0.0,0.0,0.0,0.0,0.0,0.0,0.0,0.0,0.0,0.0,0.0,0.0,0.0,0.0,0.0,0.0,0.0,0.0,0.0,0.0
43.0820717593,131014.0,17836.0,7.34548104956,710.0,64444.0,111.0,6.0,1197.0,2970.0,2874.0,2234.0,4716.0,3371.0,346.0,102.0,20.0,6.0,0.0,0.0,0.0,0.0,0.0,0.0,0.0,0.0,0.0,0.0,0.0,0.0,0.0,0.0,0.0,0.0,0.0,0.0,0.0,0.0
43.0841550926,133311.0,17837.0,7.47384649885,710.0,64444.0,112.0,65535.0,1222.0,2897.0,2861.0,2157.0,4862.0,3335.0,364.0,114.0,12.0,13.0,0.0,0.0,0.0,0.0,0.0,0.0,0.0,0.0,0.0,0.0,0.0,0.0,0.0,0.0,0.0,0.0,0.0,0.0,0.0,0.0
43.0862384259,128330.0,17833.0,7.19620927494,708.0,64444.0,110.0,7.0,1260.0,2978.0,2922.0,2179.0,4807.0,3215.0,363.0,91.0,9.0,9.0,0.0,0.0,0.0,0.0,0.0,0.0,0.0,0.0,0.0,0.0,0.0,0.0,0.0,0.0,0.0,0.0,0.0,0.0,0.0,0.0
43.0883217593,132974.0,17833.0,7.45662535748,707.0,64444.0,112.0,6.0,1248.0,2820.0,3047.0,2101.0,4765.0,3364.0,357.0,100.0,16.0,15.0,0.0,0.0,0.0,0.0,0.0,0.0,0.0,0.0,0.0,0.0,0.0,0.0,0.0,0.0,0.0,0.0,0.0,0.0,0.0,0.0
43.0904050926,130133.0,17829.0,7.29895114701,708.0,64444.0,112.0,65535.0,1208.0,2941.0,2808.0,2222.0,4908.0,3237.0,380.0,108.0,14.0,3.0,0.0,0.0,0.0,0.0,0.0,0.0,0.0,0.0,0.0,0.0,0.0,0.0,0.0,0.0,0.0,0.0,0.0,0.0,0.0,0.0
43.0924884259,130902.0,17828.0,7.34249495176,705.0,64440.0,112.0,6.0,1180.0,2874.0,2958.0,2158.0,4789.0,3382.0,380.0,83.0,20.0,4.0,0.0,0.0,0.0,0.0,0.0,0.0,0.0,0.0,0.0,0.0,0.0,0.0,0.0,0.0,0.0,0.0,0.0,0.0,0.0,0.0
43.0945717593,130806.0,17833.0,7.33505299164,705.0,64440.0,110.0,7.0,1185.0,2906.0,2862.0,2212.0,4866.0,3294.0,398.0,86.0,21.0,3.0,0.0,0.0,0.0,0.0,0.0,0.0,0.0,0.0,0.0,0.0,0.0,0.0,0.0,0.0,0.0,0.0,0.0,0.0,0.0,0.0
43.0966550926,129919.0,17828.0,7.28735696657,704.0,64447.0,112.0,3.0,1111.0,2925.0,2847.0,2199.0,4929.0,3381.0,329.0,90.0,13.0,4.0,0.0,0.0,0.0,0.0,0.0,0.0,0.0,0.0,0.0,0.0,0.0,0.0,0.0,0.0,0.0,0.0,0.0,0.0,0.0,0.0
43.0987384259,130502.0,17826.0,7.32087961405,708.0,64436.0,120.0,3.0,1179.0,2938.0,2916.0,2159.0,4879.0,3253.0,386.0,89.0,23.0,4.0,0.0,0.0,0.0,0.0,0.0,0.0,0.0,0.0,0.0,0.0,0.0,0.0,0.0,0.0,0.0,0.0,0.0,0.0,0.0,0.0
43.1008217593,133176.0,17824.0,7.47172351885,701.0,64440.0,111.0,6.0,1211.0,2806.0,2781.0,2216.0,4887.0,3377.0,427.0,103.0,12.0,4.0,0.0,0.0,0.0,0.0,0.0,0.0,0.0,0.0,0.0,0.0,0.0,0.0,0.0,0.0,0.0,0.0,0.0,0.0,0.0,0.0
43.1029050926,131941.0,17824.0,7.40243491921,707.0,64442.0,112.0,3.0,1227.0,2801.0,2812.0,2145.0,4937.0,3393.0,409.0,84.0,11.0,5.0,0.0,0.0,0.0,0.0,0.0,0.0,0.0,0.0,0.0,0.0,0.0,0.0,0.0,0.0,0.0,0.0,0.0,0.0,0.0,0.0
43.1049884259,134368.0,17832.0,7.53521758636,705.0,64449.0,110.0,65535.0,1128.0,2858.0,2893.0,2155.0,4904.0,3399.0,360.0,107.0,16.0,12.0,0.0,0.0,0.0,0.0,0.0,0.0,0.0,0.0,0.0,0.0,0.0,0.0,0.0,0.0,0.0,0.0,0.0,0.0,0.0,0.0
43.1070717593,132196.0,17824.0,7.41674147217,708.0,64440.0,112.0,3.0,1178.0,2862.0,2849.0,2193.0,4928.0,3331.0,378.0,75.0,19.0,11.0,0.0,0.0,0.0,0.0,0.0,0.0,0.0,0.0,0.0,0.0,0.0,0.0,0.0,0.0,0.0,0.0,0.0,0.0,0.0,0.0
43.1091550926,133201.0,17823.0,7.47354541884,707.0,64441.0,108.0,12.0,1136.0,2809.0,2680.0,2236.0,5081.0,3365.0,401.0,99.0,13.0,3.0,0.0,0.0,0.0,0.0,0.0,0.0,0.0,0.0,0.0,0.0,0.0,0.0,0.0,0.0,0.0,0.0,0.0,0.0,0.0,0.0
43.1112384259,134578.0,17822.0,7.55122881831,708.0,64446.0,112.0,4.0,1162.0,2784.0,2707.0,2225.0,4985.0,3418.0,416.0,104.0,19.0,2.0,0.0,0.0,0.0,0.0,0.0,0.0,0.0,0.0,0.0,0.0,0.0,0.0,0.0,0.0,0.0,0.0,0.0,0.0,0.0,0.0
43.1133217593,133726.0,17820.0,7.50426487093,704.0,64440.0,112.0,6.0,1170.0,2734.0,2728.0,2308.0,4980.0,3387.0,390.0,97.0,24.0,2.0,0.0,0.0,0.0,0.0,0.0,0.0,0.0,0.0,0.0,0.0,0.0,0.0,0.0,0.0,0.0,0.0,0.0,0.0,0.0,0.0
43.1154050926,136014.0,17825.0,7.63051893408,705.0,64444.0,112.0,6.0,1106.0,2784.0,2735.0,2174.0,5001.0,3465.0,432.0,111.0,13.0,4.0,0.0,0.0,0.0,0.0,0.0,0.0,0.0,0.0,0.0,0.0,0.0,0.0,0.0,0.0,0.0,0.0,0.0,0.0,0.0,0.0
43.1174884259,130843.0,17828.0,7.33918555082,708.0,64447.0,112.0,65535.0,1176.0,2771.0,2772.0,2306.0,5033.0,3287.0,373.0,93.0,14.0,3.0,0.0,0.0,0.0,0.0,0.0,0.0,0.0,0.0,0.0,0.0,0.0,0.0,0.0,0.0,0.0,0.0,0.0,0.0,0.0,0.0
43.1195717593,134251.0,17830.0,7.52950084128,708.0,64444.0,112.0,3.0,1098.0,2683.0,2710.0,2343.0,5115.0,3371.0,407.0,83.0,12.0,8.0,0.0,0.0,0.0,0.0,0.0,0.0,0.0,0.0,0.0,0.0,0.0,0.0,0.0,0.0,0.0,0.0,0.0,0.0,0.0,0.0
43.1216550926,135558.0,17818.0,7.60792457066,704.0,64443.0,110.0,7.0,1134.0,2618.0,2710.0,2306.0,5151.0,3386.0,380.0,108.0,20.0,5.0,0.0,0.0,0.0,0.0,0.0,0.0,0.0,0.0,0.0,0.0,0.0,0.0,0.0,0.0,0.0,0.0,0.0,0.0,0.0,0.0
43.1237384259,135798.0,17825.0,7.61840112202,705.0,64444.0,112.0,7.0,1110.0,2716.0,2677.0,2388.0,5024.0,3414.0,366.0,104.0,13.0,13.0,0.0,0.0,0.0,0.0,0.0,0.0,0.0,0.0,0.0,0.0,0.0,0.0,0.0,0.0,0.0,0.0,0.0,0.0,0.0,0.0
43.1258217593,135263.0,17827.0,7.58753576036,704.0,64444.0,112.0,65535.0,1041.0,2695.0,2564.0,2376.0,5166.0,3500.0,380.0,88.0,12.0,5.0,0.0,0.0,0.0,0.0,0.0,0.0,0.0,0.0,0.0,0.0,0.0,0.0,0.0,0.0,0.0,0.0,0.0,0.0,0.0,0.0
43.1279050926,134229.0,17829.0,7.5286892142,704.0,64444.0,112.0,7.0,1067.0,2653.0,2740.0,2370.0,5135.0,3371.0,385.0,83.0,19.0,6.0,0.0,0.0,0.0,0.0,0.0,0.0,0.0,0.0,0.0,0.0,0.0,0.0,0.0,0.0,0.0,0.0,0.0,0.0,0.0,0.0
43.1299884259,137190.0,17830.0,7.69433538979,704.0,64444.0,110.0,11.0,1053.0,2596.0,2691.0,2309.0,5155.0,3477.0,442.0,82.0,21.0,4.0,0.0,0.0,0.0,0.0,0.0,0.0,0.0,0.0,0.0,0.0,0.0,0.0,0.0,0.0,0.0,0.0,0.0,0.0,0.0,0.0
43.1320717593,137432.0,17828.0,7.70877271707,707.0,64440.0,112.0,7.0,1051.0,2622.0,2585.0,2374.0,5164.0,3505.0,411.0,94.0,16.0,6.0,0.0,0.0,0.0,0.0,0.0,0.0,0.0,0.0,0.0,0.0,0.0,0.0,0.0,0.0,0.0,0.0,0.0,0.0,0.0,0.0
43.1341550926,140838.0,17823.0,7.90203669416,705.0,64446.0,111.0,7.0,1020.0,2602.0,2588.0,2423.0,5119.0,3511.0,432.0,94.0,18.0,16.0,0.0,0.0,0.0,0.0,0.0,0.0,0.0,0.0,0.0,0.0,0.0,0.0,0.0,0.0,0.0,0.0,0.0,0.0,0.0,0.0
43.1362384259,137777.0,17822.0,7.7307260689,704.0,64443.0,112.0,7.0,1015.0,2395.0,2601.0,2453.0,5346.0,3500.0,405.0,91.0,10.0,6.0,0.0,0.0,0.0,0.0,0.0,0.0,0.0,0.0,0.0,0.0,0.0,0.0,0.0,0.0,0.0,0.0,0.0,0.0,0.0,0.0
43.1383217593,135857.0,17825.0,7.62171107994,704.0,64441.0,111.0,7.0,1032.0,2515.0,2565.0,2571.0,5157.0,3494.0,381.0,92.0,15.0,3.0,0.0,0.0,0.0,0.0,0.0,0.0,0.0,0.0,0.0,0.0,0.0,0.0,0.0,0.0,0.0,0.0,0.0,0.0,0.0,0.0
43.1404050926,135799.0,17825.0,7.618457223,704.0,64443.0,113.0,0.0,1073.0,2527.0,2652.0,2422.0,5253.0,3394.0,382.0,98.0,21.0,3.0,0.0,0.0,0.0,0.0,0.0,0.0,0.0,0.0,0.0,0.0,0.0,0.0,0.0,0.0,0.0,0.0,0.0,0.0,0.0,0.0
43.1424884259,135788.0,17825.0,7.6178401122,708.0,64446.0,112.0,8.0,1045.0,2554.0,2555.0,2487.0,5294.0,3417.0,369.0,78.0,18.0,8.0,0.0,0.0,0.0,0.0,0.0,0.0,0.0,0.0,0.0,0.0,0.0,0.0,0.0,0.0,0.0,0.0,0.0,0.0,0.0,0.0
43.1445717593,135847.0,17823.0,7.62200527408,704.0,64440.0,113.0,6.0,1050.0,2631.0,2554.0,2453.0,5319.0,3302.0,384.0,104.0,21.0,5.0,0.0,0.0,0.0,0.0,0.0,0.0,0.0,0.0,0.0,0.0,0.0,0.0,0.0,0.0,0.0,0.0,0.0,0.0,0.0,0.0
43.1466550926,135558.0,17824.0,7.60536355476,704.0,64443.0,108.0,12.0,1039.0,2540.0,2501.0,2494.0,5309.0,3449.0,383.0,93.0,15.0,1.0,0.0,0.0,0.0,0.0,0.0,0.0,0.0,0.0,0.0,0.0,0.0,0.0,0.0,0.0,0.0,0.0,0.0,0.0,0.0,0.0
43.1487384259,137505.0,17821.0,7.71589697548,704.0,64440.0,115.0,0.0,1043.0,2585.0,2470.0,2511.0,5294.0,3383.0,425.0,82.0,20.0,8.0,0.0,0.0,0.0,0.0,0.0,0.0,0.0,0.0,0.0,0.0,0.0,0.0,0.0,0.0,0.0,0.0,0.0,0.0,0.0,0.0
43.1508217593,135753.0,17824.0,7.61630385996,704.0,64444.0,112.0,6.0,1011.0,2507.0,2555.0,2534.0,5284.0,3437.0,380.0,98.0,18.0,0.0,0.0,0.0,0.0,0.0,0.0,0.0,0.0,0.0,0.0,0.0,0.0,0.0,0.0,0.0,0.0,0.0,0.0,0.0,0.0,0.0
43.1529050926,141696.0,17825.0,7.94928471248,704.0,64441.0,112.0,7.0,1001.0,2456.0,2468.0,2444.0,5312.0,3559.0,466.0,95.0,16.0,8.0,0.0,0.0,0.0,0.0,0.0,0.0,0.0,0.0,0.0,0.0,0.0,0.0,0.0,0.0,0.0,0.0,0.0,0.0,0.0,0.0
43.1549884259,136701.0,17822.0,7.67035125126,704.0,64440.0,112.0,7.0,1011.0,2539.0,2597.0,2422.0,5346.0,3400.0,387.0,94.0,23.0,3.0,0.0,0.0,0.0,0.0,0.0,0.0,0.0,0.0,0.0,0.0,0.0,0.0,0.0,0.0,0.0,0.0,0.0,0.0,0.0,0.0
43.1570717593,138909.0,17820.0,7.79511784512,704.0,64441.0,112.0,9.0,1020.0,2459.0,2475.0,2495.0,5348.0,3475.0,437.0,93.0,11.0,7.0,0.0,0.0,0.0,0.0,0.0,0.0,0.0,0.0,0.0,0.0,0.0,0.0,0.0,0.0,0.0,0.0,0.0,0.0,0.0,0.0
43.1591550926,139131.0,17822.0,7.80669958478,704.0,64440.0,112.0,4.0,960.0,2451.0,2494.0,2565.0,5359.0,3500.0,383.0,79.0,21.0,10.0,0.0,0.0,0.0,0.0,0.0,0.0,0.0,0.0,0.0,0.0,0.0,0.0,0.0,0.0,0.0,0.0,0.0,0.0,0.0,0.0
43.1612384259,140616.0,17819.0,7.89135192772,701.0,64441.0,113.0,6.0,996.0,2332.0,2438.0,2540.0,5372.0,3595.0,447.0,76.0,18.0,5.0,0.0,0.0,0.0,0.0,0.0,0.0,0.0,0.0,0.0,0.0,0.0,0.0,0.0,0.0,0.0,0.0,0.0,0.0,0.0,0.0
43.1633217593,141685.0,17826.0,7.94822169864,704.0,64443.0,110.0,4.0,944.0,2423.0,2405.0,2553.0,5410.0,3556.0,422.0,85.0,16.0,12.0,0.0,0.0,0.0,0.0,0.0,0.0,0.0,0.0,0.0,0.0,0.0,0.0,0.0,0.0,0.0,0.0,0.0,0.0,0.0,0.0
43.1654050926,140063.0,17820.0,7.85987654321,704.0,64446.0,113.0,3.0,962.0,2395.0,2428.0,2579.0,5360.0,3540.0,452.0,83.0,17.0,4.0,0.0,0.0,0.0,0.0,0.0,0.0,0.0,0.0,0.0,0.0,0.0,0.0,0.0,0.0,0.0,0.0,0.0,0.0,0.0,0.0
43.1674884259,140065.0,17818.0,7.8608710293,702.0,64444.0,111.0,7.0,990.0,2365.0,2316.0,2607.0,5504.0,3507.0,431.0,80.0,8.0,10.0,0.0,0.0,0.0,0.0,0.0,0.0,0.0,0.0,0.0,0.0,0.0,0.0,0.0,0.0,0.0,0.0,0.0,0.0,0.0,0.0
43.1695717593,142672.0,17822.0,8.00538660083,701.0,64444.0,113.0,7.0,981.0,2348.0,2338.0,2620.0,5382.0,3578.0,439.0,111.0,21.0,4.0,0.0,0.0,0.0,0.0,0.0,0.0,0.0,0.0,0.0,0.0,0.0,0.0,0.0,0.0,0.0,0.0,0.0,0.0,0.0,0.0
43.1716550926,141604.0,17823.0,7.94501486843,704.0,64444.0,113.0,6.0,966.0,2332.0,2354.0,2543.0,5455.0,3619.0,460.0,77.0,9.0,8.0,0.0,0.0,0.0,0.0,0.0,0.0,0.0,0.0,0.0,0.0,0.0,0.0,0.0,0.0,0.0,0.0,0.0,0.0,0.0,0.0
43.1737384259,140659.0,17819.0,7.89376508222,702.0,64440.0,112.0,3.0,878.0,2401.0,2251.0,2759.0,5490.0,3489.0,444.0,87.0,15.0,5.0,0.0,0.0,0.0,0.0,0.0,0.0,0.0,0.0,0.0,0.0,0.0,0.0,0.0,0.0,0.0,0.0,0.0,0.0,0.0,0.0
43.1758217593,142239.0,17823.0,7.9806429894,701.0,64441.0,113.0,4.0,938.0,2255.0,2288.0,2674.0,5557.0,3542.0,455.0,95.0,15.0,4.0,0.0,0.0,0.0,0.0,0.0,0.0,0.0,0.0,0.0,0.0,0.0,0.0,0.0,0.0,0.0,0.0,0.0,0.0,0.0,0.0
43.1779050926,142368.0,17822.0,7.98832903153,701.0,64443.0,112.0,6.0,937.0,2370.0,2371.0,2604.0,5391.0,3581.0,451.0,92.0,18.0,7.0,0.0,0.0,0.0,0.0,0.0,0.0,0.0,0.0,0.0,0.0,0.0,0.0,0.0,0.0,0.0,0.0,0.0,0.0,0.0,0.0
43.1799884259,142257.0,17818.0,7.98389269278,698.0,64455.0,111.0,4.0,892.0,2325.0,2228.0,2649.0,5528.0,3663.0,417.0,100.0,14.0,2.0,0.0,0.0,0.0,0.0,0.0,0.0,0.0,0.0,0.0,0.0,0.0,0.0,0.0,0.0,0.0,0.0,0.0,0.0,0.0,0.0
43.1820717593,143708.0,17819.0,8.06487457209,699.0,64444.0,112.0,6.0,907.0,2250.0,2297.0,2618.0,5559.0,3622.0,443.0,101.0,18.0,4.0,0.0,0.0,0.0,0.0,0.0,0.0,0.0,0.0,0.0,0.0,0.0,0.0,0.0,0.0,0.0,0.0,0.0,0.0,0.0,0.0
43.1841550926,141549.0,17819.0,7.94371176834,698.0,64436.0,119.0,3.0,936.0,2337.0,2236.0,2555.0,5551.0,3671.0,450.0,67.0,11.0,5.0,0.0,0.0,0.0,0.0,0.0,0.0,0.0,0.0,0.0,0.0,0.0,0.0,0.0,0.0,0.0,0.0,0.0,0.0,0.0,0.0
43.1862384259,140660.0,17820.0,7.89337822671,701.0,64444.0,112.0,7.0,1033.0,2256.0,2230.0,2676.0,5495.0,3627.0,394.0,87.0,20.0,2.0,0.0,0.0,0.0,0.0,0.0,0.0,0.0,0.0,0.0,0.0,0.0,0.0,0.0,0.0,0.0,0.0,0.0,0.0,0.0,0.0
43.1883217593,142630.0,17818.0,8.00482657986,701.0,64442.0,112.0,6.0,931.0,2230.0,2288.0,2682.0,5519.0,3631.0,434.0,78.0,19.0,6.0,0.0,0.0,0.0,0.0,0.0,0.0,0.0,0.0,0.0,0.0,0.0,0.0,0.0,0.0,0.0,0.0,0.0,0.0,0.0,0.0
43.1904050926,144866.0,17813.0,8.13259978667,699.0,64446.0,111.0,6.0,978.0,2254.0,2194.0,2706.0,5393.0,3680.0,481.0,110.0,11.0,6.0,0.0,0.0,0.0,0.0,0.0,0.0,0.0,0.0,0.0,0.0,0.0,0.0,0.0,0.0,0.0,0.0,0.0,0.0,0.0,0.0
43.1924884259,139920.0,17823.0,7.85053021377,701.0,64443.0,115.0,65535.0,959.0,2204.0,2250.0,2754.0,5539.0,3630.0,387.0,86.0,13.0,1.0,0.0,0.0,0.0,0.0,0.0,0.0,0.0,0.0,0.0,0.0,0.0,0.0,0.0,0.0,0.0,0.0,0.0,0.0,0.0,0.0
43.1945717593,142747.0,17820.0,8.01049382716,699.0,64440.0,112.0,11.0,910.0,2219.0,2136.0,2904.0,5576.0,3568.0,393.0,88.0,15.0,11.0,0.0,0.0,0.0,0.0,0.0,0.0,0.0,0.0,0.0,0.0,0.0,0.0,0.0,0.0,0.0,0.0,0.0,0.0,0.0,0.0
43.1966550926,145150.0,17818.0,8.14625659446,699.0,64444.0,112.0,7.0,903.0,2230.0,2200.0,2688.0,5529.0,3659.0,495.0,93.0,17.0,4.0,0.0,0.0,0.0,0.0,0.0,0.0,0.0,0.0,0.0,0.0,0.0,0.0,0.0,0.0,0.0,0.0,0.0,0.0,0.0,0.0
43.1987384259,144454.0,17814.0,8.10901538116,698.0,64447.0,112.0,3.0,934.0,2116.0,2193.0,2704.0,5614.0,3681.0,467.0,89.0,11.0,5.0,0.0,0.0,0.0,0.0,0.0,0.0,0.0,0.0,0.0,0.0,0.0,0.0,0.0,0.0,0.0,0.0,0.0,0.0,0.0,0.0
43.2008217593,143293.0,17810.0,8.04564851207,699.0,64440.0,119.0,3.0,946.0,2177.0,2112.0,2765.0,5653.0,3590.0,446.0,105.0,15.0,1.0,0.0,0.0,0.0,0.0,0.0,0.0,0.0,0.0,0.0,0.0,0.0,0.0,0.0,0.0,0.0,0.0,0.0,0.0,0.0,0.0
43.2029050926,142296.0,17819.0,7.98563331276,698.0,64444.0,112.0,7.0,856.0,2110.0,2157.0,2862.0,5631.0,3719.0,389.0,74.0,21.0,0.0,0.0,0.0,0.0,0.0,0.0,0.0,0.0,0.0,0.0,0.0,0.0,0.0,0.0,0.0,0.0,0.0,0.0,0.0,0.0,0.0
43.2049884259,144812.0,17810.0,8.13093767546,699.0,64440.0,112.0,4.0,930.0,2128.0,2116.0,2705.0,5722.0,3628.0,466.0,97.0,15.0,3.0,0.0,0.0,0.0,0.0,0.0,0.0,0.0,0.0,0.0,0.0,0.0,0.0,0.0,0.0,0.0,0.0,0.0,0.0,0.0,0.0
43.2070717593,147728.0,17814.0,8.29280341305,701.0,64447.0,111.0,3.0,954.0,2142.0,2091.0,2767.0,5564.0,3684.0,500.0,78.0,22.0,12.0,0.0,0.0,0.0,0.0,0.0,0.0,0.0,0.0,0.0,0.0,0.0,0.0,0.0,0.0,0.0,0.0,0.0,0.0,0.0,0.0
43.2091550926,145998.0,17814.0,8.1956887841,699.0,64441.0,115.0,65534.0,949.0,2076.0,2027.0,2899.0,5656.0,3599.0,481.0,105.0,18.0,4.0,0.0,0.0,0.0,0.0,0.0,0.0,0.0,0.0,0.0,0.0,0.0,0.0,0.0,0.0,0.0,0.0,0.0,0.0,0.0,0.0
43.2112384259,142470.0,17817.0,7.99629567267,699.0,64446.0,112.0,3.0,950.0,2110.0,2058.0,2891.0,5593.0,3696.0,430.0,74.0,12.0,3.0,0.0,0.0,0.0,0.0,0.0,0.0,0.0,0.0,0.0,0.0,0.0,0.0,0.0,0.0,0.0,0.0,0.0,0.0,0.0,0.0
43.2133217593,147712.0,17810.0,8.29376754632,701.0,64444.0,112.0,6.0,873.0,2034.0,1921.0,3061.0,5623.0,3688.0,482.0,111.0,10.0,7.0,0.0,0.0,0.0,0.0,0.0,0.0,0.0,0.0,0.0,0.0,0.0,0.0,0.0,0.0,0.0,0.0,0.0,0.0,0.0,0.0
43.2154050926,147212.0,17809.0,8.26615756078,699.0,64444.0,112.0,65535.0,902.0,2014.0,1963.0,2834.0,5816.0,3687.0,489.0,81.0,18.0,5.0,0.0,0.0,0.0,0.0,0.0,0.0,0.0,0.0,0.0,0.0,0.0,0.0,0.0,0.0,0.0,0.0,0.0,0.0,0.0,0.0
43.2174884259,145429.0,17809.0,8.16603964288,698.0,64440.0,112.0,6.0,869.0,2127.0,1975.0,2954.0,5710.0,3584.0,482.0,88.0,13.0,7.0,0.0,0.0,0.0,0.0,0.0,0.0,0.0,0.0,0.0,0.0,0.0,0.0,0.0,0.0,0.0,0.0,0.0,0.0,0.0,0.0
43.2195717593,148410.0,17806.0,8.33483095586,698.0,64444.0,115.0,4.0,891.0,2026.0,1918.0,2889.0,5712.0,3779.0,484.0,82.0,18.0,7.0,0.0,0.0,0.0,0.0,0.0,0.0,0.0,0.0,0.0,0.0,0.0,0.0,0.0,0.0,0.0,0.0,0.0,0.0,0.0,0.0
43.2216550926,149045.0,17809.0,8.3690830479,698.0,64446.0,112.0,65534.0,918.0,2053.0,1938.0,2903.0,5750.0,3650.0,463.0,100.0,22.0,12.0,0.0,0.0,0.0,0.0,0.0,0.0,0.0,0.0,0.0,0.0,0.0,0.0,0.0,0.0,0.0,0.0,0.0,0.0,0.0,0.0
43.2237384259,146604.0,17810.0,8.23155530601,699.0,64441.0,119.0,3.0,934.0,2140.0,1902.0,2891.0,5689.0,3654.0,489.0,88.0,16.0,7.0,0.0,0.0,0.0,0.0,0.0,0.0,0.0,0.0,0.0,0.0,0.0,0.0,0.0,0.0,0.0,0.0,0.0,0.0,0.0,0.0
43.2258217593,145907.0,17812.0,8.19150011228,698.0,64444.0,112.0,3.0,909.0,2099.0,1860.0,2976.0,5741.0,3631.0,499.0,76.0,16.0,5.0,0.0,0.0,0.0,0.0,0.0,0.0,0.0,0.0,0.0,0.0,0.0,0.0,0.0,0.0,0.0,0.0,0.0,0.0,0.0,0.0
43.2279050926,148283.0,17805.0,8.32816624544,698.0,64444.0,112.0,3.0,950.0,2027.0,1846.0,2895.0,5775.0,3731.0,464.0,90.0,19.0,8.0,0.0,0.0,0.0,0.0,0.0,0.0,0.0,0.0,0.0,0.0,0.0,0.0,0.0,0.0,0.0,0.0,0.0,0.0,0.0,0.0
43.2299884259,148968.0,17811.0,8.36382011117,699.0,64441.0,113.0,3.0,862.0,1992.0,1788.0,2948.0,5915.0,3688.0,500.0,97.0,18.0,3.0,0.0,0.0,0.0,0.0,0.0,0.0,0.0,0.0,0.0,0.0,0.0,0.0,0.0,0.0,0.0,0.0,0.0,0.0,0.0,0.0
43.2362615741,147553.0,17809.0,8.28530518277,698.0,64444.0,115.0,3.0,889.0,1951.0,1773.0,2994.0,5822.0,3799.0,482.0,84.0,15.0,0.0,0.0,0.0,0.0,0.0,0.0,0.0,0.0,0.0,0.0,0.0,0.0,0.0,0.0,0.0,0.0,0.0,0.0,0.0,0.0,0.0
43.2383449074,148528.0,17810.0,8.33958450309,698.0,64441.0,111.0,3.0,909.0,1946.0,1705.0,3133.0,5936.0,3549.0,518.0,85.0,24.0,5.0,0.0,0.0,0.0,0.0,0.0,0.0,0.0,0.0,0.0,0.0,0.0,0.0,0.0,0.0,0.0,0.0,0.0,0.0,0.0,0.0
43.2404282407,148852.0,17815.0,8.35543081673,698.0,64447.0,111.0,7.0,894.0,1952.0,1682.0,3244.0,5750.0,3633.0,546.0,96.0,14.0,4.0,0.0,0.0,0.0,0.0,0.0,0.0,0.0,0.0,0.0,0.0,0.0,0.0,0.0,0.0,0.0,0.0,0.0,0.0,0.0,0.0
43.2425115741,147389.0,17807.0,8.2770258887,699.0,64444.0,112.0,7.0,946.0,1935.0,1709.0,3157.0,5682.0,3781.0,507.0,77.0,8.0,5.0,0.0,0.0,0.0,0.0,0.0,0.0,0.0,0.0,0.0,0.0,0.0,0.0,0.0,0.0,0.0,0.0,0.0,0.0,0.0,0.0
43.2445949074,150114.0,17805.0,8.43100252738,698.0,64446.0,112.0,6.0,893.0,1982.0,1680.0,3259.0,5733.0,3615.0,520.0,94.0,16.0,13.0,0.0,0.0,0.0,0.0,0.0,0.0,0.0,0.0,0.0,0.0,0.0,0.0,0.0,0.0,0.0,0.0,0.0,0.0,0.0,0.0
43.2466782407,148042.0,17807.0,8.31369686079,698.0,64441.0,113.0,4.0,908.0,1934.0,1650.0,3236.0,5751.0,3733.0,506.0,68.0,14.0,7.0,0.0,0.0,0.0,0.0,0.0,0.0,0.0,0.0,0.0,0.0,0.0,0.0,0.0,0.0,0.0,0.0,0.0,0.0,0.0,0.0
43.2487615741,147856.0,17813.0,8.30045472408,698.0,64444.0,115.0,0.0,953.0,1894.0,1747.0,3247.0,5661.0,3714.0,486.0,88.0,18.0,5.0,0.0,0.0,0.0,0.0,0.0,0.0,0.0,0.0,0.0,0.0,0.0,0.0,0.0,0.0,0.0,0.0,0.0,0.0,0.0,0.0
43.2508449074,148711.0,17811.0,8.34939082589,698.0,64441.0,115.0,3.0,915.0,1889.0,1735.0,3164.0,5891.0,3585.0,519.0,86.0,22.0,5.0,0.0,0.0,0.0,0.0,0.0,0.0,0.0,0.0,0.0,0.0,0.0,0.0,0.0,0.0,0.0,0.0,0.0,0.0,0.0,0.0
43.2529282407,147559.0,17807.0,8.28657269613,696.0,64443.0,108.0,7.0,943.0,2005.0,1559.0,3329.0,5652.0,3692.0,514.0,97.0,15.0,1.0,0.0,0.0,0.0,0.0,0.0,0.0,0.0,0.0,0.0,0.0,0.0,0.0,0.0,0.0,0.0,0.0,0.0,0.0,0.0,0.0
43.2550115741,150440.0,17803.0,8.45026119193,698.0,64447.0,112.0,3.0,935.0,1934.0,1595.0,3281.0,5758.0,3653.0,529.0,88.0,20.0,10.0,0.0,0.0,0.0,0.0,0.0,0.0,0.0,0.0,0.0,0.0,0.0,0.0,0.0,0.0,0.0,0.0,0.0,0.0,0.0,0.0
43.2570949074,149008.0,17808.0,8.367475292,698.0,64441.0,112.0,7.0,947.0,1918.0,1575.0,3357.0,5788.0,3605.0,507.0,77.0,26.0,8.0,0.0,0.0,0.0,0.0,0.0,0.0,0.0,0.0,0.0,0.0,0.0,0.0,0.0,0.0,0.0,0.0,0.0,0.0,0.0,0.0
43.2591782407,150566.0,17800.0,8.45876404494,698.0,64441.0,111.0,7.0,871.0,1900.0,1595.0,3281.0,5706.0,3807.0,542.0,76.0,16.0,6.0,0.0,0.0,0.0,0.0,0.0,0.0,0.0,0.0,0.0,0.0,0.0,0.0,0.0,0.0,0.0,0.0,0.0,0.0,0.0,0.0
43.2612615741,148660.0,17805.0,8.34934007301,698.0,64443.0,115.0,3.0,866.0,1952.0,1616.0,3269.0,5812.0,3660.0,528.0,82.0,15.0,5.0,0.0,0.0,0.0,0.0,0.0,0.0,0.0,0.0,0.0,0.0,0.0,0.0,0.0,0.0,0.0,0.0,0.0,0.0,0.0,0.0
43.2633449074,148607.0,17802.0,8.34776991349,698.0,64443.0,112.0,8.0,920.0,2033.0,1643.0,3222.0,5694.0,3651.0,524.0,89.0,21.0,5.0,0.0,0.0,0.0,0.0,0.0,0.0,0.0,0.0,0.0,0.0,0.0,0.0,0.0,0.0,0.0,0.0,0.0,0.0,0.0,0.0
43.2654282407,150190.0,17807.0,8.43432358061,689.0,64446.0,110.0,7.0,861.0,1874.0,1608.0,3259.0,5788.0,3810.0,497.0,89.0,17.0,4.0,0.0,0.0,0.0,0.0,0.0,0.0,0.0,0.0,0.0,0.0,0.0,0.0,0.0,0.0,0.0,0.0,0.0,0.0,0.0,0.0
43.2675115741,151458.0,17801.0,8.50839840458,698.0,64444.0,112.0,6.0,919.0,1848.0,1605.0,3270.0,5819.0,3693.0,517.0,100.0,23.0,7.0,0.0,0.0,0.0,0.0,0.0,0.0,0.0,0.0,0.0,0.0,0.0,0.0,0.0,0.0,0.0,0.0,0.0,0.0,0.0,0.0
43.2695949074,148786.0,17811.0,8.35360170681,698.0,64444.0,114.0,65535.0,901.0,1854.0,1490.0,3388.0,5852.0,3726.0,503.0,75.0,20.0,2.0,0.0,0.0,0.0,0.0,0.0,0.0,0.0,0.0,0.0,0.0,0.0,0.0,0.0,0.0,0.0,0.0,0.0,0.0,0.0,0.0
43.2716782407,150045.0,17805.0,8.42712721146,698.0,64443.0,115.0,7.0,855.0,1897.0,1540.0,3373.0,5781.0,3699.0,565.0,78.0,10.0,7.0,0.0,0.0,0.0,0.0,0.0,0.0,0.0,0.0,0.0,0.0,0.0,0.0,0.0,0.0,0.0,0.0,0.0,0.0,0.0,0.0
43.2737615741,148978.0,17809.0,8.36532090516,698.0,64444.0,108.0,7.0,918.0,1910.0,1538.0,3462.0,5756.0,3588.0,520.0,89.0,22.0,6.0,0.0,0.0,0.0,0.0,0.0,0.0,0.0,0.0,0.0,0.0,0.0,0.0,0.0,0.0,0.0,0.0,0.0,0.0,0.0,0.0
43.2758449074,149903.0,17800.0,8.42151685393,696.0,64446.0,112.0,3.0,934.0,1909.0,1453.0,3382.0,5801.0,3672.0,543.0,83.0,17.0,6.0,0.0,0.0,0.0,0.0,0.0,0.0,0.0,0.0,0.0,0.0,0.0,0.0,0.0,0.0,0.0,0.0,0.0,0.0,0.0,0.0
43.2779282407,150326.0,17799.0,8.44575537952,698.0,64444.0,113.0,0.0,938.0,1858.0,1356.0,3377.0,5889.0,3725.0,566.0,70.0,17.0,3.0,0.0,0.0,0.0,0.0,0.0,0.0,0.0,0.0,0.0,0.0,0.0,0.0,0.0,0.0,0.0,0.0,0.0,0.0,0.0,0.0
43.2800115741,148845.0,17799.0,8.36254845778,696.0,64440.0,112.0,4.0,941.0,1849.0,1492.0,3365.0,5763.0,3774.0,524.0,74.0,14.0,3.0,0.0,0.0,0.0,0.0,0.0,0.0,0.0,0.0,0.0,0.0,0.0,0.0,0.0,0.0,0.0,0.0,0.0,0.0,0.0,0.0
43.2820949074,150359.0,17804.0,8.44523702539,698.0,64440.0,112.0,7.0,955.0,1887.0,1444.0,3360.0,5726.0,3786.0,537.0,88.0,19.0,2.0,0.0,0.0,0.0,0.0,0.0,0.0,0.0,0.0,0.0,0.0,0.0,0.0,0.0,0.0,0.0,0.0,0.0,0.0,0.0,0.0
43.2841782407,152981.0,17807.0,8.59105969563,698.0,64441.0,115.0,6.0,843.0,1845.0,1470.0,3315.0,5777.0,3871.0,573.0,96.0,16.0,1.0,0.0,0.0,0.0,0.0,0.0,0.0,0.0,0.0,0.0,0.0,0.0,0.0,0.0,0.0,0.0,0.0,0.0,0.0,0.0,0.0
43.2862615741,150099.0,17806.0,8.42968662249,696.0,64446.0,112.0,3.0,942.0,1855.0,1444.0,3423.0,5710.0,3776.0,555.0,86.0,12.0,3.0,0.0,0.0,0.0,0.0,0.0,0.0,0.0,0.0,0.0,0.0,0.0,0.0,0.0,0.0,0.0,0.0,0.0,0.0,0.0,0.0
43.2883449074,152330.0,17802.0,8.55690371868,696.0,64444.0,111.0,7.0,950.0,1900.0,1335.0,3548.0,5656.0,3712.0,578.0,95.0,22.0,6.0,0.0,0.0,0.0,0.0,0.0,0.0,0.0,0.0,0.0,0.0,0.0,0.0,0.0,0.0,0.0,0.0,0.0,0.0,0.0,0.0
43.2904282407,149781.0,17791.0,8.41891967849,695.0,64444.0,113.0,3.0,955.0,1897.0,1344.0,3443.0,5746.0,3743.0,555.0,94.0,14.0,0.0,0.0,0.0,0.0,0.0,0.0,0.0,0.0,0.0,0.0,0.0,0.0,0.0,0.0,0.0,0.0,0.0,0.0,0.0,0.0,0.0
43.2925115741,151909.0,17801.0,8.53373405988,696.0,64443.0,112.0,5.0,981.0,1891.0,1399.0,3393.0,5642.0,3794.0,589.0,92.0,16.0,4.0,0.0,0.0,0.0,0.0,0.0,0.0,0.0,0.0,0.0,0.0,0.0,0.0,0.0,0.0,0.0,0.0,0.0,0.0,0.0,0.0
43.2945949074,153227.0,17807.0,8.60487448756,693.0,64444.0,115.0,6.0,907.0,1837.0,1343.0,3490.0,5771.0,3774.0,577.0,80.0,20.0,8.0,0.0,0.0,0.0,0.0,0.0,0.0,0.0,0.0,0.0,0.0,0.0,0.0,0.0,0.0,0.0,0.0,0.0,0.0,0.0,0.0
43.2966782407,153233.0,17814.0,8.60183002133,696.0,64444.0,113.0,3.0,948.0,1869.0,1394.0,3406.0,5721.0,3762.0,594.0,96.0,18.0,6.0,0.0,0.0,0.0,0.0,0.0,0.0,0.0,0.0,0.0,0.0,0.0,0.0,0.0,0.0,0.0,0.0,0.0,0.0,0.0,0.0
43.2987615741,149662.0,17803.0,8.40656069202,696.0,64446.0,112.0,3.0,955.0,1848.0,1367.0,3554.0,5728.0,3743.0,498.0,86.0,19.0,5.0,0.0,0.0,0.0,0.0,0.0,0.0,0.0,0.0,0.0,0.0,0.0,0.0,0.0,0.0,0.0,0.0,0.0,0.0,0.0,0.0
43.3008449074,154406.0,17799.0,8.67498174055,695.0,64443.0,113.0,4.0,970.0,1818.0,1320.0,3357.0,5785.0,3820.0,610.0,94.0,22.0,3.0,0.0,0.0,0.0,0.0,0.0,0.0,0.0,0.0,0.0,0.0,0.0,0.0,0.0,0.0,0.0,0.0,0.0,0.0,0.0,0.0
43.3029282407,151210.0,17802.0,8.49398943939,695.0,64440.0,115.0,6.0,982.0,1808.0,1319.0,3499.0,5806.0,3719.0,566.0,80.0,18.0,5.0,0.0,0.0,0.0,0.0,0.0,0.0,0.0,0.0,0.0,0.0,0.0,0.0,0.0,0.0,0.0,0.0,0.0,0.0,0.0,0.0
43.3050115741,155769.0,17800.0,8.75106741573,693.0,64444.0,113.0,3.0,910.0,1781.0,1246.0,3488.0,5863.0,3739.0,649.0,101.0,18.0,5.0,0.0,0.0,0.0,0.0,0.0,0.0,0.0,0.0,0.0,0.0,0.0,0.0,0.0,0.0,0.0,0.0,0.0,0.0,0.0,0.0
43.3070949074,153725.0,17806.0,8.63332584522,698.0,64444.0,112.0,7.0,986.0,1851.0,1263.0,3445.0,5764.0,3739.0,654.0,84.0,14.0,6.0,0.0,0.0,0.0,0.0,0.0,0.0,0.0,0.0,0.0,0.0,0.0,0.0,0.0,0.0,0.0,0.0,0.0,0.0,0.0,0.0
43.3091782407,153256.0,17807.0,8.60650306059,696.0,64443.0,112.0,3.0,991.0,1870.0,1257.0,3456.0,5717.0,3794.0,616.0,79.0,24.0,3.0,0.0,0.0,0.0,0.0,0.0,0.0,0.0,0.0,0.0,0.0,0.0,0.0,0.0,0.0,0.0,0.0,0.0,0.0,0.0,0.0
43.3112615741,153662.0,17812.0,8.62688075455,696.0,64446.0,115.0,65532.0,1022.0,1880.0,1271.0,3496.0,5709.0,3739.0,570.0,92.0,22.0,11.0,0.0,0.0,0.0,0.0,0.0,0.0,0.0,0.0,0.0,0.0,0.0,0.0,0.0,0.0,0.0,0.0,0.0,0.0,0.0,0.0
43.3133449074,149178.0,17802.0,8.37984496124,693.0,64446.0,112.0,6.0,1058.0,1892.0,1251.0,3628.0,5620.0,3700.0,554.0,79.0,14.0,6.0,0.0,0.0,0.0,0.0,0.0,0.0,0.0,0.0,0.0,0.0,0.0,0.0,0.0,0.0,0.0,0.0,0.0,0.0,0.0,0.0
43.3154282407,150764.0,17804.0,8.46798472253,693.0,64440.0,113.0,4.0,1012.0,1970.0,1335.0,3577.0,5563.0,3651.0,581.0,89.0,16.0,10.0,0.0,0.0,0.0,0.0,0.0,0.0,0.0,0.0,0.0,0.0,0.0,0.0,0.0,0.0,0.0,0.0,0.0,0.0,0.0,0.0
43.3175115741,148880.0,17811.0,8.35887934423,693.0,64444.0,115.0,6.0,990.0,1900.0,1292.0,3619.0,5714.0,3635.0,568.0,73.0,15.0,5.0,0.0,0.0,0.0,0.0,0.0,0.0,0.0,0.0,0.0,0.0,0.0,0.0,0.0,0.0,0.0,0.0,0.0,0.0,0.0,0.0
43.3195949074,148453.0,17808.0,8.33630952381,693.0,64444.0,112.0,7.0,1027.0,1857.0,1312.0,3759.0,5593.0,3578.0,582.0,78.0,18.0,4.0,0.0,0.0,0.0,0.0,0.0,0.0,0.0,0.0,0.0,0.0,0.0,0.0,0.0,0.0,0.0,0.0,0.0,0.0,0.0,0.0
43.3216782407,147230.0,17811.0,8.26623996407,693.0,64444.0,112.0,4.0,1073.0,2032.0,1339.0,3718.0,5490.0,3435.0,625.0,75.0,17.0,7.0,0.0,0.0,0.0,0.0,0.0,0.0,0.0,0.0,0.0,0.0,0.0,0.0,0.0,0.0,0.0,0.0,0.0,0.0,0.0,0.0
43.3237615741,148524.0,17803.0,8.34263888109,693.0,64439.0,121.0,3.0,1049.0,2010.0,1259.0,3697.0,5529.0,3587.0,562.0,86.0,16.0,8.0,0.0,0.0,0.0,0.0,0.0,0.0,0.0,0.0,0.0,0.0,0.0,0.0,0.0,0.0,0.0,0.0,0.0,0.0,0.0,0.0
43.3258449074,148248.0,17812.0,8.3229283629,693.0,64441.0,113.0,1.0,1076.0,1938.0,1287.0,3660.0,5633.0,3496.0,616.0,89.0,13.0,4.0,0.0,0.0,0.0,0.0,0.0,0.0,0.0,0.0,0.0,0.0,0.0,0.0,0.0,0.0,0.0,0.0,0.0,0.0,0.0,0.0
43.3279282407,148448.0,17801.0,8.33930678052,693.0,64444.0,112.0,6.0,1019.0,1898.0,1235.0,3758.0,5607.0,3594.0,600.0,73.0,12.0,5.0,0.0,0.0,0.0,0.0,0.0,0.0,0.0,0.0,0.0,0.0,0.0,0.0,0.0,0.0,0.0,0.0,0.0,0.0,0.0,0.0
43.3300115741,150307.0,17809.0,8.43994609467,696.0,64440.0,113.0,0.0,1016.0,2017.0,1319.0,3509.0,5578.0,3653.0,610.0,83.0,19.0,5.0,0.0,0.0,0.0,0.0,0.0,0.0,0.0,0.0,0.0,0.0,0.0,0.0,0.0,0.0,0.0,0.0,0.0,0.0,0.0,0.0
43.3320949074,146126.0,17796.0,8.21117104967,692.0,64443.0,112.0,7.0,1093.0,2064.0,1283.0,3654.0,5558.0,3431.0,614.0,77.0,21.0,1.0,0.0,0.0,0.0,0.0,0.0,0.0,0.0,0.0,0.0,0.0,0.0,0.0,0.0,0.0,0.0,0.0,0.0,0.0,0.0,0.0
43.3341782407,149382.0,17809.0,8.38800606435,693.0,64444.0,115.0,4.0,1046.0,2048.0,1267.0,3694.0,5507.0,3509.0,626.0,85.0,20.0,7.0,0.0,0.0,0.0,0.0,0.0,0.0,0.0,0.0,0.0,0.0,0.0,0.0,0.0,0.0,0.0,0.0,0.0,0.0,0.0,0.0
43.3362615741,146790.0,17805.0,8.24431339511,698.0,64441.0,111.0,12.0,1093.0,2032.0,1313.0,3639.0,5497.0,3563.0,573.0,73.0,16.0,6.0,0.0,0.0,0.0,0.0,0.0,0.0,0.0,0.0,0.0,0.0,0.0,0.0,0.0,0.0,0.0,0.0,0.0,0.0,0.0,0.0
43.3383449074,148578.0,17811.0,8.3419235304,696.0,64444.0,111.0,3.0,1184.0,2070.0,1254.0,3626.0,5427.0,3560.0,554.0,102.0,30.0,4.0,0.0,0.0,0.0,0.0,0.0,0.0,0.0,0.0,0.0,0.0,0.0,0.0,0.0,0.0,0.0,0.0,0.0,0.0,0.0,0.0
43.3404282407,150104.0,17808.0,8.42902066487,693.0,64444.0,113.0,3.0,1087.0,2026.0,1303.0,3624.0,5470.0,3521.0,675.0,81.0,10.0,11.0,0.0,0.0,0.0,0.0,0.0,0.0,0.0,0.0,0.0,0.0,0.0,0.0,0.0,0.0,0.0,0.0,0.0,0.0,0.0,0.0
43.3425115741,150454.0,17809.0,8.44820034814,693.0,64440.0,112.0,7.0,1034.0,2056.0,1231.0,3622.0,5501.0,3609.0,648.0,88.0,14.0,6.0,0.0,0.0,0.0,0.0,0.0,0.0,0.0,0.0,0.0,0.0,0.0,0.0,0.0,0.0,0.0,0.0,0.0,0.0,0.0,0.0
43.3445949074,151937.0,17802.0,8.53482754747,695.0,64441.0,115.0,7.0,1052.0,2029.0,1274.0,3626.0,5475.0,3542.0,686.0,89.0,21.0,8.0,0.0,0.0,0.0,0.0,0.0,0.0,0.0,0.0,0.0,0.0,0.0,0.0,0.0,0.0,0.0,0.0,0.0,0.0,0.0,0.0
43.3466782407,147560.0,17800.0,8.28988764045,693.0,64446.0,112.0,7.0,1088.0,2054.0,1267.0,3627.0,5492.0,3557.0,621.0,77.0,12.0,5.0,0.0,0.0,0.0,0.0,0.0,0.0,0.0,0.0,0.0,0.0,0.0,0.0,0.0,0.0,0.0,0.0,0.0,0.0,0.0,0.0
43.3487615741,148357.0,17805.0,8.33232238135,693.0,64444.0,112.0,3.0,1139.0,2065.0,1278.0,3678.0,5370.0,3553.0,613.0,84.0,17.0,8.0,0.0,0.0,0.0,0.0,0.0,0.0,0.0,0.0,0.0,0.0,0.0,0.0,0.0,0.0,0.0,0.0,0.0,0.0,0.0,0.0
43.3508449074,148839.0,17802.0,8.36080215706,689.0,64440.0,113.0,3.0,1140.0,2133.0,1223.0,3595.0,5477.0,3479.0,648.0,81.0,17.0,9.0,0.0,0.0,0.0,0.0,0.0,0.0,0.0,0.0,0.0,0.0,0.0,0.0,0.0,0.0,0.0,0.0,0.0,0.0,0.0,0.0
43.3529282407,145779.0,17808.0,8.18615229111,690.0,64440.0,113.0,7.0,1136.0,2125.0,1235.0,3692.0,5412.0,3497.0,625.0,70.0,11.0,5.0,0.0,0.0,0.0,0.0,0.0,0.0,0.0,0.0,0.0,0.0,0.0,0.0,0.0,0.0,0.0,0.0,0.0,0.0,0.0,0.0
43.3550115741,152160.0,17810.0,8.54351487928,693.0,64444.0,113.0,3.0,1112.0,2070.0,1199.0,3573.0,5431.0,3634.0,682.0,78.0,23.0,8.0,0.0,0.0,0.0,0.0,0.0,0.0,0.0,0.0,0.0,0.0,0.0,0.0,0.0,0.0,0.0,0.0,0.0,0.0,0.0,0.0
43.3570949074,150358.0,17714.0,8.48808851756,692.0,64443.0,112.0,65535.0,1093.0,2102.0,1246.0,3591.0,5397.0,3520.0,647.0,83.0,24.0,11.0,0.0,0.0,0.0,0.0,0.0,0.0,0.0,0.0,0.0,0.0,0.0,0.0,0.0,0.0,0.0,0.0,0.0,0.0,0.0,0.0
43.3591782407,151266.0,17798.0,8.4990448365,693.0,64440.0,113.0,7.0,1073.0,2110.0,1272.0,3611.0,5335.0,3617.0,662.0,97.0,9.0,12.0,0.0,0.0,0.0,0.0,0.0,0.0,0.0,0.0,0.0,0.0,0.0,0.0,0.0,0.0,0.0,0.0,0.0,0.0,0.0,0.0
43.3612615741,149808.0,17801.0,8.41570698275,690.0,64441.0,112.0,7.0,1167.0,2090.0,1267.0,3576.0,5358.0,3561.0,658.0,102.0,17.0,5.0,0.0,0.0,0.0,0.0,0.0,0.0,0.0,0.0,0.0,0.0,0.0,0.0,0.0,0.0,0.0,0.0,0.0,0.0,0.0,0.0
43.3633449074,147412.0,17796.0,8.28343447966,693.0,64441.0,113.0,7.0,1250.0,2118.0,1213.0,3627.0,5253.0,3550.0,681.0,89.0,14.0,1.0,0.0,0.0,0.0,0.0,0.0,0.0,0.0,0.0,0.0,0.0,0.0,0.0,0.0,0.0,0.0,0.0,0.0,0.0,0.0,0.0
43.3654282407,150325.0,17799.0,8.44569919658,692.0,64440.0,113.0,3.0,1136.0,2087.0,1313.0,3519.0,5316.0,3631.0,700.0,75.0,15.0,7.0,0.0,0.0,0.0,0.0,0.0,0.0,0.0,0.0,0.0,0.0,0.0,0.0,0.0,0.0,0.0,0.0,0.0,0.0,0.0,0.0
43.3675115741,149143.0,17807.0,8.37552647835,690.0,64447.0,111.0,9.0,1219.0,2091.0,1268.0,3599.0,5265.0,3564.0,700.0,80.0,15.0,6.0,0.0,0.0,0.0,0.0,0.0,0.0,0.0,0.0,0.0,0.0,0.0,0.0,0.0,0.0,0.0,0.0,0.0,0.0,0.0,0.0
43.3695949074,151713.0,17781.0,8.53230976885,689.0,64444.0,113.0,7.0,1212.0,2009.0,1380.0,3472.0,5252.0,3652.0,681.0,93.0,22.0,8.0,0.0,0.0,0.0,0.0,0.0,0.0,0.0,0.0,0.0,0.0,0.0,0.0,0.0,0.0,0.0,0.0,0.0,0.0,0.0,0.0
43.3716782407,152336.0,17793.0,8.56156915641,693.0,64444.0,113.0,7.0,1162.0,2044.0,1266.0,3480.0,5440.0,3579.0,705.0,82.0,29.0,6.0,0.0,0.0,0.0,0.0,0.0,0.0,0.0,0.0,0.0,0.0,0.0,0.0,0.0,0.0,0.0,0.0,0.0,0.0,0.0,0.0
43.3737615741,147681.0,17794.0,8.29948297179,692.0,64443.0,112.0,7.0,1174.0,2177.0,1344.0,3538.0,5289.0,3521.0,626.0,98.0,25.0,2.0,0.0,0.0,0.0,0.0,0.0,0.0,0.0,0.0,0.0,0.0,0.0,0.0,0.0,0.0,0.0,0.0,0.0,0.0,0.0,0.0
43.3758449074,143404.0,17783.0,8.06410616881,689.0,64444.0,112.0,3.0,1224.0,2172.0,1304.0,3570.0,5283.0,3544.0,603.0,73.0,9.0,1.0,0.0,0.0,0.0,0.0,0.0,0.0,0.0,0.0,0.0,0.0,0.0,0.0,0.0,0.0,0.0,0.0,0.0,0.0,0.0,0.0
43.3779282407,149691.0,17795.0,8.4119696544,692.0,64443.0,111.0,7.0,1244.0,2189.0,1271.0,3472.0,5248.0,3558.0,685.0,104.0,20.0,4.0,0.0,0.0,0.0,0.0,0.0,0.0,0.0,0.0,0.0,0.0,0.0,0.0,0.0,0.0,0.0,0.0,0.0,0.0,0.0,0.0
43.3800115741,148936.0,17809.0,8.36296254703,689.0,64444.0,112.0,3.0,1233.0,2224.0,1320.0,3530.0,5092.0,3616.0,682.0,89.0,16.0,7.0,0.0,0.0,0.0,0.0,0.0,0.0,0.0,0.0,0.0,0.0,0.0,0.0,0.0,0.0,0.0,0.0,0.0,0.0,0.0,0.0
43.3820949074,148084.0,17794.0,8.32213105541,693.0,64446.0,112.0,6.0,1189.0,2170.0,1397.0,3512.0,5274.0,3450.0,684.0,91.0,23.0,4.0,0.0,0.0,0.0,0.0,0.0,0.0,0.0,0.0,0.0,0.0,0.0,0.0,0.0,0.0,0.0,0.0,0.0,0.0,0.0,0.0
43.3841782407,144794.0,17801.0,8.13403741363,693.0,64446.0,115.0,4.0,1257.0,2252.0,1321.0,3499.0,5198.0,3528.0,655.0,78.0,11.0,2.0,0.0,0.0,0.0,0.0,0.0,0.0,0.0,0.0,0.0,0.0,0.0,0.0,0.0,0.0,0.0,0.0,0.0,0.0,0.0,0.0
43.3862615741,146747.0,17793.0,8.24745686506,693.0,64441.0,112.0,7.0,1176.0,2243.0,1404.0,3486.0,5231.0,3477.0,674.0,72.0,28.0,2.0,0.0,0.0,0.0,0.0,0.0,0.0,0.0,0.0,0.0,0.0,0.0,0.0,0.0,0.0,0.0,0.0,0.0,0.0,0.0,0.0
43.3883449074,149249.0,17786.0,8.39137523895,689.0,64443.0,112.0,7.0,1218.0,2275.0,1343.0,3412.0,5224.0,3525.0,654.0,102.0,27.0,6.0,0.0,0.0,0.0,0.0,0.0,0.0,0.0,0.0,0.0,0.0,0.0,0.0,0.0,0.0,0.0,0.0,0.0,0.0,0.0,0.0
43.3904282407,150148.0,17775.0,8.44714486639,692.0,64444.0,115.0,65534.0,1187.0,2248.0,1384.0,3429.0,5139.0,3568.0,698.0,92.0,21.0,9.0,0.0,0.0,0.0,0.0,0.0,0.0,0.0,0.0,0.0,0.0,0.0,0.0,0.0,0.0,0.0,0.0,0.0,0.0,0.0,0.0
43.3925115741,150574.0,17797.0,8.46063943361,692.0,64440.0,113.0,1.0,1214.0,2260.0,1397.0,3422.0,5197.0,3485.0,680.0,103.0,30.0,9.0,0.0,0.0,0.0,0.0,0.0,0.0,0.0,0.0,0.0,0.0,0.0,0.0,0.0,0.0,0.0,0.0,0.0,0.0,0.0,0.0
43.3945949074,148727.0,17793.0,8.3587365818,689.0,64441.0,115.0,4.0,1185.0,2245.0,1421.0,3396.0,5227.0,3509.0,693.0,89.0,23.0,5.0,0.0,0.0,0.0,0.0,0.0,0.0,0.0,0.0,0.0,0.0,0.0,0.0,0.0,0.0,0.0,0.0,0.0,0.0,0.0,0.0
43.3966782407,146661.0,17796.0,8.24123398517,698.0,64441.0,115.0,3.0,1265.0,2251.0,1519.0,3329.0,5071.0,3556.0,698.0,87.0,19.0,1.0,0.0,0.0,0.0,0.0,0.0,0.0,0.0,0.0,0.0,0.0,0.0,0.0,0.0,0.0,0.0,0.0,0.0,0.0,0.0,0.0
43.402962963,147872.0,17803.0,8.30601584003,692.0,64440.0,115.0,6.0,1239.0,2356.0,1458.0,3392.0,4973.0,3558.0,702.0,106.0,14.0,5.0,0.0,0.0,0.0,0.0,0.0,0.0,0.0,0.0,0.0,0.0,0.0,0.0,0.0,0.0,0.0,0.0,0.0,0.0,0.0,0.0
43.4050462963,156674.0,17812.0,8.79598023804,689.0,64444.0,112.0,7.0,1187.0,2312.0,1415.0,3445.0,5043.0,3464.0,766.0,127.0,33.0,20.0,0.0,0.0,0.0,0.0,0.0,0.0,0.0,0.0,0.0,0.0,0.0,0.0,0.0,0.0,0.0,0.0,0.0,0.0,0.0,0.0
43.4071296296,149067.0,17807.0,8.37125849385,689.0,64446.0,113.0,4.0,1265.0,2361.0,1407.0,3389.0,5074.0,3465.0,710.0,107.0,21.0,8.0,0.0,0.0,0.0,0.0,0.0,0.0,0.0,0.0,0.0,0.0,0.0,0.0,0.0,0.0,0.0,0.0,0.0,0.0,0.0,0.0
43.409212963,151215.0,17794.0,8.49808924357,690.0,64444.0,112.0,7.0,1188.0,2303.0,1478.0,3281.0,5034.0,3639.0,747.0,97.0,21.0,6.0,0.0,0.0,0.0,0.0,0.0,0.0,0.0,0.0,0.0,0.0,0.0,0.0,0.0,0.0,0.0,0.0,0.0,0.0,0.0,0.0
43.4112962963,147693.0,17802.0,8.29642736771,689.0,64444.0,115.0,6.0,1240.0,2331.0,1485.0,3356.0,5059.0,3513.0,691.0,103.0,20.0,4.0,0.0,0.0,0.0,0.0,0.0,0.0,0.0,0.0,0.0,0.0,0.0,0.0,0.0,0.0,0.0,0.0,0.0,0.0,0.0,0.0
43.4133796296,153145.0,17806.0,8.60075255532,689.0,64440.0,113.0,3.0,1206.0,2313.0,1540.0,3198.0,4990.0,3624.0,780.0,127.0,25.0,3.0,0.0,0.0,0.0,0.0,0.0,0.0,0.0,0.0,0.0,0.0,0.0,0.0,0.0,0.0,0.0,0.0,0.0,0.0,0.0,0.0
43.415462963,150484.0,17795.0,8.45653273391,692.0,64444.0,113.0,7.0,1195.0,2320.0,1540.0,3175.0,5046.0,3641.0,763.0,94.0,16.0,5.0,0.0,0.0,0.0,0.0,0.0,0.0,0.0,0.0,0.0,0.0,0.0,0.0,0.0,0.0,0.0,0.0,0.0,0.0,0.0,0.0
43.4175462963,151012.0,17796.0,8.48572712969,692.0,64440.0,113.0,3.0,1175.0,2264.0,1498.0,3240.0,5111.0,3712.0,684.0,80.0,21.0,11.0,0.0,0.0,0.0,0.0,0.0,0.0,0.0,0.0,0.0,0.0,0.0,0.0,0.0,0.0,0.0,0.0,0.0,0.0,0.0,0.0
43.4196296296,151818.0,17789.0,8.53437517567,687.0,64444.0,111.0,7.0,1198.0,2284.0,1563.0,3166.0,5024.0,3665.0,767.0,94.0,22.0,6.0,0.0,0.0,0.0,0.0,0.0,0.0,0.0,0.0,0.0,0.0,0.0,0.0,0.0,0.0,0.0,0.0,0.0,0.0,0.0,0.0
43.421712963,155191.0,17809.0,8.71418945477,687.0,64444.0,115.0,65535.0,1142.0,2289.0,1505.0,3091.0,5123.0,3750.0,774.0,102.0,25.0,8.0,0.0,0.0,0.0,0.0,0.0,0.0,0.0,0.0,0.0,0.0,0.0,0.0,0.0,0.0,0.0,0.0,0.0,0.0,0.0,0.0
43.4237962963,153204.0,17803.0,8.60551592428,690.0,64447.0,111.0,7.0,1184.0,2320.0,1474.0,3134.0,5095.0,3649.0,823.0,103.0,16.0,5.0,0.0,0.0,0.0,0.0,0.0,0.0,0.0,0.0,0.0,0.0,0.0,0.0,0.0,0.0,0.0,0.0,0.0,0.0,0.0,0.0
43.4258796296,152373.0,17803.0,8.55883839802,689.0,64441.0,115.0,3.0,1253.0,2337.0,1474.0,3100.0,5042.0,3699.0,749.0,125.0,23.0,1.0,0.0,0.0,0.0,0.0,0.0,0.0,0.0,0.0,0.0,0.0,0.0,0.0,0.0,0.0,0.0,0.0,0.0,0.0,0.0,0.0
43.427962963,151421.0,17802.0,8.50584204022,692.0,64443.0,115.0,1.0,1217.0,2293.0,1514.0,3183.0,5059.0,3652.0,753.0,110.0,16.0,5.0,0.0,0.0,0.0,0.0,0.0,0.0,0.0,0.0,0.0,0.0,0.0,0.0,0.0,0.0,0.0,0.0,0.0,0.0,0.0,0.0
43.4300462963,150627.0,17807.0,8.45886449149,687.0,64444.0,113.0,1.0,1248.0,2347.0,1494.0,3031.0,5152.0,3659.0,764.0,92.0,16.0,4.0,0.0,0.0,0.0,0.0,0.0,0.0,0.0,0.0,0.0,0.0,0.0,0.0,0.0,0.0,0.0,0.0,0.0,0.0,0.0,0.0
43.4321296296,156061.0,17801.0,8.76697938318,692.0,64443.0,112.0,3.0,1187.0,2265.0,1512.0,3033.0,5166.0,3666.0,812.0,130.0,26.0,4.0,0.0,0.0,0.0,0.0,0.0,0.0,0.0,0.0,0.0,0.0,0.0,0.0,0.0,0.0,0.0,0.0,0.0,0.0,0.0,0.0
43.434212963,155413.0,17787.0,8.73744869849,689.0,64440.0,116.0,3.0,1229.0,2323.0,1495.0,3049.0,5156.0,3633.0,734.0,127.0,28.0,13.0,0.0,0.0,0.0,0.0,0.0,0.0,0.0,0.0,0.0,0.0,0.0,0.0,0.0,0.0,0.0,0.0,0.0,0.0,0.0,0.0
43.4362962963,153294.0,17803.0,8.61057125204,687.0,64441.0,110.0,8.0,1223.0,2298.0,1466.0,3032.0,5138.0,3743.0,774.0,103.0,24.0,2.0,0.0,0.0,0.0,0.0,0.0,0.0,0.0,0.0,0.0,0.0,0.0,0.0,0.0,0.0,0.0,0.0,0.0,0.0,0.0,0.0
43.4383796296,152291.0,17784.0,8.56337156995,689.0,64443.0,115.0,3.0,1219.0,2397.0,1471.0,2926.0,5074.0,3794.0,791.0,93.0,17.0,2.0,0.0,0.0,0.0,0.0,0.0,0.0,0.0,0.0,0.0,0.0,0.0,0.0,0.0,0.0,0.0,0.0,0.0,0.0,0.0,0.0
43.440462963,155702.0,17796.0,8.74926949876,689.0,64441.0,113.0,6.0,1225.0,2262.0,1512.0,2906.0,5191.0,3713.0,843.0,126.0,14.0,4.0,0.0,0.0,0.0,0.0,0.0,0.0,0.0,0.0,0.0,0.0,0.0,0.0,0.0,0.0,0.0,0.0,0.0,0.0,0.0,0.0
43.4425462963,153986.0,17807.0,8.64749817488,692.0,64440.0,111.0,7.0,1243.0,2354.0,1572.0,2848.0,5101.0,3762.0,788.0,120.0,13.0,6.0,0.0,0.0,0.0,0.0,0.0,0.0,0.0,0.0,0.0,0.0,0.0,0.0,0.0,0.0,0.0,0.0,0.0,0.0,0.0,0.0
43.4446296296,154656.0,17789.0,8.69391196807,690.0,64443.0,112.0,7.0,1274.0,2348.0,1550.0,2880.0,5117.0,3713.0,753.0,121.0,23.0,10.0,0.0,0.0,0.0,0.0,0.0,0.0,0.0,0.0,0.0,0.0,0.0,0.0,0.0,0.0,0.0,0.0,0.0,0.0,0.0,0.0
43.446712963,153020.0,17807.0,8.59324984557,690.0,64444.0,115.0,6.0,1228.0,2296.0,1544.0,2851.0,5227.0,3797.0,742.0,101.0,15.0,6.0,0.0,0.0,0.0,0.0,0.0,0.0,0.0,0.0,0.0,0.0,0.0,0.0,0.0,0.0,0.0,0.0,0.0,0.0,0.0,0.0
43.4487962963,153214.0,17804.0,8.60559424848,690.0,64441.0,118.0,7.0,1293.0,2300.0,1615.0,2847.0,5089.0,3766.0,766.0,97.0,26.0,5.0,0.0,0.0,0.0,0.0,0.0,0.0,0.0,0.0,0.0,0.0,0.0,0.0,0.0,0.0,0.0,0.0,0.0,0.0,0.0,0.0
43.4508796296,152587.0,17801.0,8.57182180776,692.0,64445.0,113.0,6.0,1248.0,2313.0,1581.0,2844.0,5137.0,3767.0,780.0,119.0,10.0,2.0,0.0,0.0,0.0,0.0,0.0,0.0,0.0,0.0,0.0,0.0,0.0,0.0,0.0,0.0,0.0,0.0,0.0,0.0,0.0,0.0
43.452962963,155079.0,17801.0,8.71181394304,690.0,64446.0,112.0,7.0,1181.0,2365.0,1595.0,2795.0,5163.0,3735.0,831.0,113.0,19.0,4.0,0.0,0.0,0.0,0.0,0.0,0.0,0.0,0.0,0.0,0.0,0.0,0.0,0.0,0.0,0.0,0.0,0.0,0.0,0.0,0.0
43.4550462963,154924.0,17811.0,8.698220201,693.0,64440.0,118.0,65535.0,1223.0,2324.0,1642.0,2819.0,5063.0,3780.0,822.0,122.0,9.0,7.0,0.0,0.0,0.0,0.0,0.0,0.0,0.0,0.0,0.0,0.0,0.0,0.0,0.0,0.0,0.0,0.0,0.0,0.0,0.0,0.0
43.4571296296,158262.0,17800.0,8.89112359551,689.0,64446.0,112.0,7.0,1137.0,2282.0,1560.0,2713.0,5131.0,4026.0,824.0,109.0,11.0,7.0,0.0,0.0,0.0,0.0,0.0,0.0,0.0,0.0,0.0,0.0,0.0,0.0,0.0,0.0,0.0,0.0,0.0,0.0,0.0,0.0
43.459212963,156496.0,17795.0,8.79438044394,692.0,64441.0,112.0,3.0,1177.0,2308.0,1604.0,2739.0,5257.0,3765.0,807.0,106.0,24.0,8.0,0.0,0.0,0.0,0.0,0.0,0.0,0.0,0.0,0.0,0.0,0.0,0.0,0.0,0.0,0.0,0.0,0.0,0.0,0.0,0.0
43.4612962963,161147.0,17794.0,9.05625491739,692.0,64444.0,115.0,3.0,1167.0,2251.0,1574.0,2773.0,5124.0,3895.0,828.0,148.0,26.0,8.0,0.0,0.0,0.0,0.0,0.0,0.0,0.0,0.0,0.0,0.0,0.0,0.0,0.0,0.0,0.0,0.0,0.0,0.0,0.0,0.0
43.4633796296,162074.0,17815.0,9.09761436991,689.0,64435.0,124.0,3.0,1189.0,2318.0,1530.0,2700.0,5169.0,3884.0,839.0,149.0,27.0,10.0,0.0,0.0,0.0,0.0,0.0,0.0,0.0,0.0,0.0,0.0,0.0,0.0,0.0,0.0,0.0,0.0,0.0,0.0,0.0,0.0
43.465462963,155286.0,17796.0,8.7258934592,692.0,64441.0,115.0,3.0,1176.0,2390.0,1574.0,2765.0,5114.0,3831.0,812.0,108.0,24.0,2.0,0.0,0.0,0.0,0.0,0.0,0.0,0.0,0.0,0.0,0.0,0.0,0.0,0.0,0.0,0.0,0.0,0.0,0.0,0.0,0.0
43.4675462963,156632.0,17804.0,8.79757357897,692.0,64448.0,115.0,3.0,1173.0,2398.0,1581.0,2728.0,5128.0,3838.0,807.0,124.0,23.0,4.0,0.0,0.0,0.0,0.0,0.0,0.0,0.0,0.0,0.0,0.0,0.0,0.0,0.0,0.0,0.0,0.0,0.0,0.0,0.0,0.0
43.4696296296,157287.0,17803.0,8.83485929338,692.0,64443.0,115.0,0.0,1133.0,2287.0,1588.0,2780.0,5210.0,3831.0,843.0,110.0,13.0,8.0,0.0,0.0,0.0,0.0,0.0,0.0,0.0,0.0,0.0,0.0,0.0,0.0,0.0,0.0,0.0,0.0,0.0,0.0,0.0,0.0
43.471712963,158946.0,17802.0,8.92854735423,693.0,64440.0,115.0,65535.0,1209.0,2346.0,1610.0,2699.0,5167.0,3748.0,868.0,113.0,35.0,7.0,0.0,0.0,0.0,0.0,0.0,0.0,0.0,0.0,0.0,0.0,0.0,0.0,0.0,0.0,0.0,0.0,0.0,0.0,0.0,0.0
43.4737962963,154705.0,17801.0,8.69080388742,693.0,64444.0,112.0,7.0,1246.0,2305.0,1690.0,2787.0,5034.0,3824.0,768.0,117.0,26.0,4.0,0.0,0.0,0.0,0.0,0.0,0.0,0.0,0.0,0.0,0.0,0.0,0.0,0.0,0.0,0.0,0.0,0.0,0.0,0.0,0.0
43.4758796296,159446.0,17803.0,8.95613098916,693.0,64440.0,113.0,1.0,1213.0,2342.0,1560.0,2732.0,5174.0,3804.0,807.0,130.0,30.0,11.0,0.0,0.0,0.0,0.0,0.0,0.0,0.0,0.0,0.0,0.0,0.0,0.0,0.0,0.0,0.0,0.0,0.0,0.0,0.0,0.0
43.477962963,161921.0,17809.0,9.09208826998,693.0,64448.0,113.0,4.0,1150.0,2309.0,1594.0,2578.0,5172.0,3924.0,925.0,127.0,27.0,3.0,0.0,0.0,0.0,0.0,0.0,0.0,0.0,0.0,0.0,0.0,0.0,0.0,0.0,0.0,0.0,0.0,0.0,0.0,0.0,0.0
43.4800462963,165374.0,17804.0,9.28858683442,689.0,64444.0,116.0,65535.0,1161.0,2300.0,1617.0,2544.0,5140.0,3870.0,981.0,156.0,29.0,6.0,0.0,0.0,0.0,0.0,0.0,0.0,0.0,0.0,0.0,0.0,0.0,0.0,0.0,0.0,0.0,0.0,0.0,0.0,0.0,0.0
43.4821296296,158535.0,17798.0,8.90746151253,692.0,64443.0,115.0,65535.0,1218.0,2263.0,1698.0,2619.0,5170.0,3827.0,854.0,119.0,22.0,8.0,0.0,0.0,0.0,0.0,0.0,0.0,0.0,0.0,0.0,0.0,0.0,0.0,0.0,0.0,0.0,0.0,0.0,0.0,0.0,0.0
43.484212963,164256.0,17806.0,9.22475570033,689.0,64444.0,112.0,65535.0,1116.0,2202.0,1617.0,2649.0,5138.0,4023.0,884.0,142.0,28.0,7.0,0.0,0.0,0.0,0.0,0.0,0.0,0.0,0.0,0.0,0.0,0.0,0.0,0.0,0.0,0.0,0.0,0.0,0.0,0.0,0.0
43.4862962963,161464.0,17791.0,9.07560002248,693.0,64447.0,112.0,3.0,1192.0,2336.0,1620.0,2544.0,5138.0,3900.0,883.0,146.0,28.0,4.0,0.0,0.0,0.0,0.0,0.0,0.0,0.0,0.0,0.0,0.0,0.0,0.0,0.0,0.0,0.0,0.0,0.0,0.0,0.0,0.0
43.4883796296,165150.0,17804.0,9.27600539205,693.0,64444.0,118.0,65535.0,1156.0,2326.0,1640.0,2534.0,5116.0,3950.0,881.0,161.0,27.0,13.0,0.0,0.0,0.0,0.0,0.0,0.0,0.0,0.0,0.0,0.0,0.0,0.0,0.0,0.0,0.0,0.0,0.0,0.0,0.0,0.0
43.490462963,163148.0,17807.0,9.16201493795,693.0,64448.0,111.0,6.0,1130.0,2248.0,1732.0,2485.0,5175.0,3961.0,895.0,158.0,17.0,5.0,1.0,0.0,0.0,0.0,0.0,0.0,0.0,0.0,0.0,0.0,0.0,0.0,0.0,0.0,0.0,0.0,0.0,0.0,0.0,0.0
43.4925462963,165930.0,17810.0,9.31667602471,693.0,64447.0,112.0,3.0,1114.0,2296.0,1661.0,2462.0,5210.0,3951.0,924.0,150.0,34.0,8.0,0.0,0.0,0.0,0.0,0.0,0.0,0.0,0.0,0.0,0.0,0.0,0.0,0.0,0.0,0.0,0.0,0.0,0.0,0.0,0.0
43.4946296296,166825.0,17805.0,9.36955911261,693.0,64447.0,115.0,0.0,1143.0,2263.0,1591.0,2431.0,5181.0,4122.0,887.0,146.0,33.0,7.0,1.0,0.0,0.0,0.0,0.0,0.0,0.0,0.0,0.0,0.0,0.0,0.0,0.0,0.0,0.0,0.0,0.0,0.0,0.0,0.0
43.496712963,165474.0,17806.0,9.29315960912,693.0,64446.0,113.0,4.0,1155.0,2262.0,1612.0,2457.0,5250.0,4012.0,870.0,144.0,36.0,7.0,1.0,0.0,0.0,0.0,0.0,0.0,0.0,0.0,0.0,0.0,0.0,0.0,0.0,0.0,0.0,0.0,0.0,0.0,0.0,0.0
43.4987962963,165225.0,17803.0,9.28073920126,698.0,64447.0,112.0,15.0,1099.0,2309.0,1616.0,2503.0,5239.0,3937.0,903.0,162.0,27.0,8.0,0.0,0.0,0.0,0.0,0.0,0.0,0.0,0.0,0.0,0.0,0.0,0.0,0.0,0.0,0.0,0.0,0.0,0.0,0.0,0.0
43.5008796296,165621.0,17808.0,9.30037061995,693.0,64446.0,118.0,65535.0,1127.0,2225.0,1612.0,2489.0,5223.0,4075.0,855.0,162.0,37.0,3.0,0.0,0.0,0.0,0.0,0.0,0.0,0.0,0.0,0.0,0.0,0.0,0.0,0.0,0.0,0.0,0.0,0.0,0.0,0.0,0.0
43.502962963,170438.0,17811.0,9.5692549548,690.0,64440.0,118.0,65535.0,1079.0,2106.0,1600.0,2419.0,5188.0,4268.0,963.0,152.0,32.0,4.0,0.0,0.0,0.0,0.0,0.0,0.0,0.0,0.0,0.0,0.0,0.0,0.0,0.0,0.0,0.0,0.0,0.0,0.0,0.0,0.0
43.5050462963,169655.0,17805.0,9.52850322943,693.0,64444.0,115.0,3.0,1070.0,2229.0,1739.0,2347.0,5166.0,4109.0,936.0,158.0,44.0,7.0,0.0,0.0,0.0,0.0,0.0,0.0,0.0,0.0,0.0,0.0,0.0,0.0,0.0,0.0,0.0,0.0,0.0,0.0,0.0,0.0
43.5071296296,170047.0,17802.0,9.55212897427,695.0,64444.0,115.0,7.0,1107.0,2289.0,1579.0,2300.0,5271.0,4147.0,885.0,182.0,30.0,12.0,0.0,0.0,0.0,0.0,0.0,0.0,0.0,0.0,0.0,0.0,0.0,0.0,0.0,0.0,0.0,0.0,0.0,0.0,0.0,0.0
43.509212963,168116.0,17809.0,9.43994609467,693.0,64444.0,113.0,3.0,1115.0,2256.0,1674.0,2294.0,5191.0,4192.0,866.0,184.0,33.0,4.0,0.0,0.0,0.0,0.0,0.0,0.0,0.0,0.0,0.0,0.0,0.0,0.0,0.0,0.0,0.0,0.0,0.0,0.0,0.0,0.0
43.5112962963,168678.0,17799.0,9.4768245407,696.0,64446.0,115.0,1.0,1118.0,2278.0,1674.0,2361.0,5159.0,4107.0,873.0,178.0,45.0,6.0,0.0,0.0,0.0,0.0,0.0,0.0,0.0,0.0,0.0,0.0,0.0,0.0,0.0,0.0,0.0,0.0,0.0,0.0,0.0,0.0
43.5133796296,170286.0,17807.0,9.56286853485,696.0,64444.0,113.0,3.0,1093.0,2148.0,1685.0,2306.0,5267.0,4194.0,897.0,171.0,40.0,6.0,0.0,0.0,0.0,0.0,0.0,0.0,0.0,0.0,0.0,0.0,0.0,0.0,0.0,0.0,0.0,0.0,0.0,0.0,0.0,0.0
43.515462963,169252.0,17810.0,9.50320044919,695.0,64444.0,113.0,6.0,1091.0,2230.0,1605.0,2277.0,5270.0,4256.0,881.0,158.0,38.0,3.0,1.0,0.0,0.0,0.0,0.0,0.0,0.0,0.0,0.0,0.0,0.0,0.0,0.0,0.0,0.0,0.0,0.0,0.0,0.0,0.0
43.5175462963,168657.0,17805.0,9.47245155855,696.0,64447.0,110.0,9.0,1087.0,2223.0,1701.0,2360.0,5159.0,4156.0,920.0,154.0,39.0,6.0,0.0,0.0,0.0,0.0,0.0,0.0,0.0,0.0,0.0,0.0,0.0,0.0,0.0,0.0,0.0,0.0,0.0,0.0,0.0,0.0
43.5196296296,169568.0,17811.0,9.52040873617,696.0,64444.0,115.0,3.0,1134.0,2168.0,1614.0,2271.0,5336.0,4139.0,955.0,158.0,29.0,7.0,0.0,0.0,0.0,0.0,0.0,0.0,0.0,0.0,0.0,0.0,0.0,0.0,0.0,0.0,0.0,0.0,0.0,0.0,0.0,0.0
43.521712963,169082.0,17816.0,9.49045801527,698.0,64446.0,112.0,6.0,1131.0,2220.0,1671.0,2280.0,5252.0,4140.0,908.0,179.0,30.0,3.0,2.0,0.0,0.0,0.0,0.0,0.0,0.0,0.0,0.0,0.0,0.0,0.0,0.0,0.0,0.0,0.0,0.0,0.0,0.0,0.0
43.5237962963,169801.0,17814.0,9.53188503424,698.0,64444.0,115.0,7.0,1081.0,2205.0,1736.0,2217.0,5289.0,4179.0,900.0,160.0,43.0,2.0,2.0,0.0,0.0,0.0,0.0,0.0,0.0,0.0,0.0,0.0,0.0,0.0,0.0,0.0,0.0,0.0,0.0,0.0,0.0,0.0
43.5258796296,168410.0,17816.0,9.45273911091,698.0,64441.0,112.0,8.0,1079.0,2216.0,1711.0,2311.0,5271.0,4134.0,877.0,186.0,25.0,4.0,2.0,0.0,0.0,0.0,0.0,0.0,0.0,0.0,0.0,0.0,0.0,0.0,0.0,0.0,0.0,0.0,0.0,0.0,0.0,0.0
43.527962963,167877.0,17808.0,9.42705525606,696.0,64444.0,115.0,65535.0,1146.0,2125.0,1658.0,2279.0,5289.0,4232.0,895.0,153.0,24.0,7.0,0.0,0.0,0.0,0.0,0.0,0.0,0.0,0.0,0.0,0.0,0.0,0.0,0.0,0.0,0.0,0.0,0.0,0.0,0.0,0.0
43.5300462963,167208.0,17810.0,9.38843346435,698.0,64446.0,115.0,65535.0,1168.0,2328.0,1648.0,2260.0,5158.0,4187.0,852.0,166.0,36.0,7.0,0.0,0.0,0.0,0.0,0.0,0.0,0.0,0.0,0.0,0.0,0.0,0.0,0.0,0.0,0.0,0.0,0.0,0.0,0.0,0.0
43.5321296296,171745.0,17812.0,9.64209521671,698.0,64444.0,115.0,1.0,1107.0,2199.0,1607.0,2287.0,5350.0,4139.0,877.0,198.0,40.0,7.0,1.0,0.0,0.0,0.0,0.0,0.0,0.0,0.0,0.0,0.0,0.0,0.0,0.0,0.0,0.0,0.0,0.0,0.0,0.0,0.0
43.534212963,173871.0,17811.0,9.76200101061,698.0,64446.0,113.0,0.0,1050.0,2135.0,1642.0,2205.0,5278.0,4346.0,950.0,155.0,43.0,6.0,1.0,0.0,0.0,0.0,0.0,0.0,0.0,0.0,0.0,0.0,0.0,0.0,0.0,0.0,0.0,0.0,0.0,0.0,0.0,0.0
43.5362962963,173711.0,17810.0,9.75356541269,698.0,64447.0,115.0,3.0,1031.0,2173.0,1617.0,2248.0,5298.0,4272.0,960.0,171.0,28.0,11.0,1.0,0.0,0.0,0.0,0.0,0.0,0.0,0.0,0.0,0.0,0.0,0.0,0.0,0.0,0.0,0.0,0.0,0.0,0.0,0.0
43.5383796296,176674.0,17801.0,9.92494803663,698.0,64441.0,115.0,7.0,988.0,1962.0,1712.0,2228.0,5301.0,4414.0,960.0,197.0,33.0,5.0,1.0,0.0,0.0,0.0,0.0,0.0,0.0,0.0,0.0,0.0,0.0,0.0,0.0,0.0,0.0,0.0,0.0,0.0,0.0,0.0
43.540462963,178833.0,17813.0,10.0394655589,698.0,64444.0,115.0,6.0,1025.0,2129.0,1646.0,2177.0,5314.0,4309.0,930.0,225.0,49.0,7.0,2.0,0.0,0.0,0.0,0.0,0.0,0.0,0.0,0.0,0.0,0.0,0.0,0.0,0.0,0.0,0.0,0.0,0.0,0.0,0.0
43.5425462963,177935.0,17808.0,9.99185759209,698.0,64448.0,115.0,3.0,1017.0,2201.0,1737.0,2123.0,5247.0,4318.0,895.0,212.0,40.0,15.0,3.0,0.0,0.0,0.0,0.0,0.0,0.0,0.0,0.0,0.0,0.0,0.0,0.0,0.0,0.0,0.0,0.0,0.0,0.0,0.0
43.5446296296,182270.0,17807.0,10.2358623013,698.0,64447.0,111.0,1.0,1024.0,2088.0,1639.0,2168.0,5377.0,4318.0,910.0,204.0,59.0,15.0,5.0,0.0,0.0,0.0,0.0,0.0,0.0,0.0,0.0,0.0,0.0,0.0,0.0,0.0,0.0,0.0,0.0,0.0,0.0,0.0
43.546712963,178510.0,17806.0,10.0252723801,699.0,64444.0,112.0,65535.0,1106.0,2088.0,1615.0,2232.0,5417.0,4118.0,926.0,227.0,69.0,8.0,0.0,0.0,0.0,0.0,0.0,0.0,0.0,0.0,0.0,0.0,0.0,0.0,0.0,0.0,0.0,0.0,0.0,0.0,0.0,0.0
43.5487962963,182615.0,17807.0,10.2552367047,698.0,64448.0,112.0,8.0,1019.0,2029.0,1609.0,2254.0,5316.0,4372.0,920.0,211.0,59.0,15.0,3.0,0.0,0.0,0.0,0.0,0.0,0.0,0.0,0.0,0.0,0.0,0.0,0.0,0.0,0.0,0.0,0.0,0.0,0.0,0.0
43.5508796296,185462.0,17812.0,10.4121940265,704.0,64463.0,110.0,3.0,971.0,2044.0,1671.0,2139.0,5282.0,4461.0,959.0,205.0,60.0,15.0,5.0,0.0,0.0,0.0,0.0,0.0,0.0,0.0,0.0,0.0,0.0,0.0,0.0,0.0,0.0,0.0,0.0,0.0,0.0,0.0
43.552962963,190705.0,17808.0,10.7089510332,704.0,64455.0,112.0,65532.0,919.0,1971.0,1553.0,2135.0,5282.0,4621.0,997.0,251.0,65.0,10.0,4.0,0.0,0.0,0.0,0.0,0.0,0.0,0.0,0.0,0.0,0.0,0.0,0.0,0.0,0.0,0.0,0.0,0.0,0.0,0.0
43.5550462963,180355.0,17807.0,10.1283203235,698.0,64444.0,115.0,65532.0,946.0,2031.0,1620.0,2095.0,5478.0,4488.0,876.0,202.0,63.0,8.0,0.0,0.0,0.0,0.0,0.0,0.0,0.0,0.0,0.0,0.0,0.0,0.0,0.0,0.0,0.0,0.0,0.0,0.0,0.0,0.0
43.5571296296,181326.0,17812.0,10.1799910173,710.0,64440.0,126.0,6.0,1054.0,2122.0,1586.0,2140.0,5320.0,4379.0,926.0,206.0,70.0,6.0,3.0,0.0,0.0,0.0,0.0,0.0,0.0,0.0,0.0,0.0,0.0,0.0,0.0,0.0,0.0,0.0,0.0,0.0,0.0,0.0
43.559212963,184099.0,17818.0,10.3321921652,699.0,64451.0,113.0,4.0,1009.0,2009.0,1577.0,2078.0,5362.0,4493.0,1003.0,227.0,52.0,6.0,2.0,0.0,0.0,0.0,0.0,0.0,0.0,0.0,0.0,0.0,0.0,0.0,0.0,0.0,0.0,0.0,0.0,0.0,0.0,0.0
43.5612962963,184186.0,17816.0,10.3382352941,702.0,64440.0,121.0,3.0,1014.0,2036.0,1549.0,2131.0,5306.0,4525.0,984.0,204.0,53.0,11.0,3.0,0.0,0.0,0.0,0.0,0.0,0.0,0.0,0.0,0.0,0.0,0.0,0.0,0.0,0.0,0.0,0.0,0.0,0.0,0.0
43.5633796296,183715.0,17823.0,10.307748415,702.0,64446.0,113.0,4.0,1000.0,2099.0,1682.0,2045.0,5301.0,4413.0,1003.0,216.0,47.0,14.0,3.0,0.0,0.0,0.0,0.0,0.0,0.0,0.0,0.0,0.0,0.0,0.0,0.0,0.0,0.0,0.0,0.0,0.0,0.0,0.0
43.5696296296,178910.0,17816.0,10.0420969915,702.0,64444.0,118.0,3.0,978.0,1996.0,1561.0,2072.0,5414.0,4583.0,1011.0,160.0,33.0,8.0,0.0,0.0,0.0,0.0,0.0,0.0,0.0,0.0,0.0,0.0,0.0,0.0,0.0,0.0,0.0,0.0,0.0,0.0,0.0,0.0
43.571712963,177233.0,17817.0,9.94740977718,702.0,64444.0,113.0,7.0,931.0,1991.0,1621.0,2028.0,5532.0,4543.0,983.0,148.0,33.0,7.0,0.0,0.0,0.0,0.0,0.0,0.0,0.0,0.0,0.0,0.0,0.0,0.0,0.0,0.0,0.0,0.0,0.0,0.0,0.0,0.0
43.5737962963,180273.0,17817.0,10.1180333389,704.0,64440.0,115.0,3.0,986.0,1945.0,1542.0,2045.0,5431.0,4664.0,973.0,193.0,33.0,5.0,0.0,0.0,0.0,0.0,0.0,0.0,0.0,0.0,0.0,0.0,0.0,0.0,0.0,0.0,0.0,0.0,0.0,0.0,0.0,0.0
43.5758796296,176540.0,17814.0,9.91018300213,704.0,64448.0,115.0,6.0,1009.0,1920.0,1560.0,1967.0,5648.0,4557.0,963.0,158.0,28.0,4.0,0.0,0.0,0.0,0.0,0.0,0.0,0.0,0.0,0.0,0.0,0.0,0.0,0.0,0.0,0.0,0.0,0.0,0.0,0.0,0.0
43.577962963,179171.0,17814.0,10.057875828,704.0,64444.0,115.0,7.0,978.0,1887.0,1540.0,2047.0,5478.0,4711.0,971.0,164.0,35.0,3.0,0.0,0.0,0.0,0.0,0.0,0.0,0.0,0.0,0.0,0.0,0.0,0.0,0.0,0.0,0.0,0.0,0.0,0.0,0.0,0.0
43.5800462963,178915.0,17818.0,10.0412504209,704.0,64444.0,113.0,7.0,901.0,1871.0,1560.0,2047.0,5495.0,4763.0,1010.0,145.0,21.0,5.0,0.0,0.0,0.0,0.0,0.0,0.0,0.0,0.0,0.0,0.0,0.0,0.0,0.0,0.0,0.0,0.0,0.0,0.0,0.0,0.0
43.5821296296,182283.0,17816.0,10.2314211944,708.0,64443.0,113.0,65535.0,926.0,1789.0,1551.0,1958.0,5491.0,4882.0,1031.0,157.0,27.0,4.0,0.0,0.0,0.0,0.0,0.0,0.0,0.0,0.0,0.0,0.0,0.0,0.0,0.0,0.0,0.0,0.0,0.0,0.0,0.0,0.0
43.584212963,184121.0,17819.0,10.3328469611,708.0,64447.0,115.0,3.0,908.0,1853.0,1508.0,1885.0,5522.0,4907.0,1030.0,173.0,27.0,6.0,0.0,0.0,0.0,0.0,0.0,0.0,0.0,0.0,0.0,0.0,0.0,0.0,0.0,0.0,0.0,0.0,0.0,0.0,0.0,0.0
43.5862962963,180935.0,17823.0,10.1517701846,704.0,64441.0,112.0,7.0,891.0,1869.0,1417.0,1998.0,5666.0,4758.0,1042.0,158.0,22.0,2.0,0.0,0.0,0.0,0.0,0.0,0.0,0.0,0.0,0.0,0.0,0.0,0.0,0.0,0.0,0.0,0.0,0.0,0.0,0.0,0.0
43.5883796296,183057.0,17818.0,10.2737119767,705.0,64444.0,115.0,3.0,869.0,1863.0,1531.0,1973.0,5458.0,4889.0,1053.0,149.0,26.0,7.0,0.0,0.0,0.0,0.0,0.0,0.0,0.0,0.0,0.0,0.0,0.0,0.0,0.0,0.0,0.0,0.0,0.0,0.0,0.0,0.0
43.590462963,184793.0,17818.0,10.3711415423,704.0,64438.0,123.0,1.0,905.0,1855.0,1491.0,1965.0,5458.0,4857.0,1089.0,158.0,35.0,5.0,0.0,0.0,0.0,0.0,0.0,0.0,0.0,0.0,0.0,0.0,0.0,0.0,0.0,0.0,0.0,0.0,0.0,0.0,0.0,0.0
43.5925462963,184562.0,17820.0,10.3570145903,707.0,64444.0,112.0,11.0,819.0,1898.0,1444.0,2012.0,5508.0,4887.0,1064.0,153.0,26.0,9.0,0.0,0.0,0.0,0.0,0.0,0.0,0.0,0.0,0.0,0.0,0.0,0.0,0.0,0.0,0.0,0.0,0.0,0.0,0.0,0.0
43.5946296296,182477.0,17829.0,10.2348421112,708.0,64446.0,113.0,7.0,891.0,1829.0,1460.0,1948.0,5622.0,4856.0,1041.0,152.0,27.0,3.0,0.0,0.0,0.0,0.0,0.0,0.0,0.0,0.0,0.0,0.0,0.0,0.0,0.0,0.0,0.0,0.0,0.0,0.0,0.0,0.0
43.596712963,185731.0,17827.0,10.4185224659,708.0,64447.0,119.0,65534.0,864.0,1747.0,1544.0,1956.0,5490.0,4924.0,1108.0,161.0,30.0,3.0,0.0,0.0,0.0,0.0,0.0,0.0,0.0,0.0,0.0,0.0,0.0,0.0,0.0,0.0,0.0,0.0,0.0,0.0,0.0,0.0
43.5987962963,185121.0,17824.0,10.3860525135,710.0,64440.0,120.0,7.0,811.0,1821.0,1510.0,1904.0,5687.0,4830.0,1069.0,155.0,29.0,8.0,0.0,0.0,0.0,0.0,0.0,0.0,0.0,0.0,0.0,0.0,0.0,0.0,0.0,0.0,0.0,0.0,0.0,0.0,0.0,0.0
43.6008796296,184655.0,17825.0,10.3593267882,710.0,64435.0,121.0,3.0,862.0,1833.0,1433.0,1929.0,5604.0,4941.0,1031.0,158.0,27.0,7.0,0.0,0.0,0.0,0.0,0.0,0.0,0.0,0.0,0.0,0.0,0.0,0.0,0.0,0.0,0.0,0.0,0.0,0.0,0.0,0.0
43.602962963,185428.0,17827.0,10.4015257755,710.0,64444.0,111.0,7.0,853.0,1804.0,1464.0,1964.0,5613.0,4852.0,1096.0,140.0,33.0,8.0,0.0,0.0,0.0,0.0,0.0,0.0,0.0,0.0,0.0,0.0,0.0,0.0,0.0,0.0,0.0,0.0,0.0,0.0,0.0,0.0
43.6050462963,186141.0,17826.0,10.4421070347,710.0,64444.0,115.0,7.0,851.0,1779.0,1457.0,1950.0,5524.0,4995.0,1088.0,150.0,24.0,8.0,0.0,0.0,0.0,0.0,0.0,0.0,0.0,0.0,0.0,0.0,0.0,0.0,0.0,0.0,0.0,0.0,0.0,0.0,0.0,0.0
43.6071296296,186113.0,17832.0,10.4370233288,711.0,64446.0,112.0,7.0,858.0,1783.0,1447.0,1905.0,5565.0,5023.0,1059.0,155.0,34.0,3.0,0.0,0.0,0.0,0.0,0.0,0.0,0.0,0.0,0.0,0.0,0.0,0.0,0.0,0.0,0.0,0.0,0.0,0.0,0.0,0.0
43.609212963,189715.0,17835.0,10.6372301654,710.0,64446.0,115.0,3.0,788.0,1723.0,1398.0,1929.0,5609.0,5056.0,1134.0,161.0,34.0,3.0,0.0,0.0,0.0,0.0,0.0,0.0,0.0,0.0,0.0,0.0,0.0,0.0,0.0,0.0,0.0,0.0,0.0,0.0,0.0,0.0
43.6112962963,187993.0,17832.0,10.5424517721,711.0,64448.0,112.0,6.0,784.0,1759.0,1445.0,1920.0,5644.0,5001.0,1100.0,139.0,30.0,10.0,0.0,0.0,0.0,0.0,0.0,0.0,0.0,0.0,0.0,0.0,0.0,0.0,0.0,0.0,0.0,0.0,0.0,0.0,0.0,0.0
43.6133796296,185410.0,17828.0,10.3999326902,711.0,64449.0,116.0,7.0,842.0,1782.0,1416.0,1953.0,5545.0,4997.0,1119.0,151.0,21.0,2.0,0.0,0.0,0.0,0.0,0.0,0.0,0.0,0.0,0.0,0.0,0.0,0.0,0.0,0.0,0.0,0.0,0.0,0.0,0.0,0.0
43.615462963,189685.0,17827.0,10.6403208616,711.0,64444.0,113.0,0.0,835.0,1791.0,1435.0,1898.0,5481.0,5027.0,1159.0,165.0,29.0,7.0,0.0,0.0,0.0,0.0,0.0,0.0,0.0,0.0,0.0,0.0,0.0,0.0,0.0,0.0,0.0,0.0,0.0,0.0,0.0,0.0
43.6175462963,188655.0,17830.0,10.5807627594,711.0,64447.0,112.0,3.0,881.0,1759.0,1396.0,1958.0,5602.0,4928.0,1080.0,184.0,35.0,7.0,0.0,0.0,0.0,0.0,0.0,0.0,0.0,0.0,0.0,0.0,0.0,0.0,0.0,0.0,0.0,0.0,0.0,0.0,0.0,0.0
43.6196296296,189590.0,17824.0,10.6367818671,711.0,64447.0,119.0,65534.0,934.0,1744.0,1389.0,1891.0,5610.0,4889.0,1158.0,165.0,35.0,9.0,0.0,0.0,0.0,0.0,0.0,0.0,0.0,0.0,0.0,0.0,0.0,0.0,0.0,0.0,0.0,0.0,0.0,0.0,0.0,0.0
43.621712963,188593.0,17831.0,10.5766922775,711.0,64444.0,112.0,7.0,808.0,1793.0,1450.0,1879.0,5502.0,5079.0,1121.0,172.0,21.0,6.0,0.0,0.0,0.0,0.0,0.0,0.0,0.0,0.0,0.0,0.0,0.0,0.0,0.0,0.0,0.0,0.0,0.0,0.0,0.0,0.0
43.6237962963,189761.0,17833.0,10.6410026356,716.0,64444.0,115.0,4.0,843.0,1677.0,1464.0,1847.0,5539.0,5153.0,1118.0,164.0,19.0,9.0,0.0,0.0,0.0,0.0,0.0,0.0,0.0,0.0,0.0,0.0,0.0,0.0,0.0,0.0,0.0,0.0,0.0,0.0,0.0,0.0
43.6258796296,191739.0,17831.0,10.7531265773,714.0,64446.0,112.0,7.0,839.0,1711.0,1400.0,1809.0,5647.0,5066.0,1154.0,165.0,31.0,9.0,0.0,0.0,0.0,0.0,0.0,0.0,0.0,0.0,0.0,0.0,0.0,0.0,0.0,0.0,0.0,0.0,0.0,0.0,0.0,0.0
43.627962963,188550.0,17843.0,10.567169198,711.0,64444.0,112.0,6.0,845.0,1712.0,1381.0,1855.0,5642.0,5074.0,1151.0,159.0,22.0,2.0,0.0,0.0,0.0,0.0,0.0,0.0,0.0,0.0,0.0,0.0,0.0,0.0,0.0,0.0,0.0,0.0,0.0,0.0,0.0,0.0
43.6300462963,190297.0,17839.0,10.6674701497,717.0,64447.0,113.0,3.0,813.0,1753.0,1424.0,1780.0,5600.0,5111.0,1165.0,166.0,22.0,5.0,0.0,0.0,0.0,0.0,0.0,0.0,0.0,0.0,0.0,0.0,0.0,0.0,0.0,0.0,0.0,0.0,0.0,0.0,0.0,0.0
43.6321296296,192496.0,17831.0,10.7955807302,711.0,64446.0,115.0,65534.0,881.0,1672.0,1400.0,1860.0,5455.0,5181.0,1181.0,164.0,29.0,8.0,0.0,0.0,0.0,0.0,0.0,0.0,0.0,0.0,0.0,0.0,0.0,0.0,0.0,0.0,0.0,0.0,0.0,0.0,0.0,0.0
43.634212963,190975.0,17837.0,10.7066771318,718.0,64444.0,115.0,4.0,759.0,1755.0,1344.0,1833.0,5656.0,5148.0,1154.0,163.0,17.0,8.0,0.0,0.0,0.0,0.0,0.0,0.0,0.0,0.0,0.0,0.0,0.0,0.0,0.0,0.0,0.0,0.0,0.0,0.0,0.0,0.0
43.6362962963,192611.0,17835.0,10.7996075133,716.0,64444.0,115.0,4.0,774.0,1659.0,1376.0,1864.0,5613.0,5176.0,1167.0,171.0,33.0,2.0,0.0,0.0,0.0,0.0,0.0,0.0,0.0,0.0,0.0,0.0,0.0,0.0,0.0,0.0,0.0,0.0,0.0,0.0,0.0,0.0
43.6383796296,191751.0,17845.0,10.7453628467,717.0,64448.0,112.0,65535.0,794.0,1649.0,1317.0,1887.0,5678.0,5156.0,1173.0,168.0,17.0,6.0,0.0,0.0,0.0,0.0,0.0,0.0,0.0,0.0,0.0,0.0,0.0,0.0,0.0,0.0,0.0,0.0,0.0,0.0,0.0,0.0
43.640462963,191940.0,17825.0,10.7680224404,718.0,64444.0,119.0,65534.0,791.0,1634.0,1387.0,1825.0,5699.0,5101.0,1195.0,165.0,23.0,5.0,0.0,0.0,0.0,0.0,0.0,0.0,0.0,0.0,0.0,0.0,0.0,0.0,0.0,0.0,0.0,0.0,0.0,0.0,0.0,0.0
43.6425462963,194869.0,17840.0,10.9231502242,717.0,64441.0,115.0,8.0,721.0,1595.0,1385.0,1886.0,5580.0,5235.0,1237.0,174.0,24.0,3.0,0.0,0.0,0.0,0.0,0.0,0.0,0.0,0.0,0.0,0.0,0.0,0.0,0.0,0.0,0.0,0.0,0.0,0.0,0.0,0.0
43.6446296296,192264.0,17836.0,10.7795469836,717.0,64444.0,118.0,65534.0,789.0,1604.0,1388.0,1843.0,5616.0,5212.0,1215.0,142.0,21.0,6.0,0.0,0.0,0.0,0.0,0.0,0.0,0.0,0.0,0.0,0.0,0.0,0.0,0.0,0.0,0.0,0.0,0.0,0.0,0.0,0.0
43.646712963,195845.0,17834.0,10.9815520915,718.0,64444.0,115.0,8.0,722.0,1627.0,1393.0,1840.0,5619.0,5199.0,1216.0,178.0,36.0,4.0,0.0,0.0,0.0,0.0,0.0,0.0,0.0,0.0,0.0,0.0,0.0,0.0,0.0,0.0,0.0,0.0,0.0,0.0,0.0,0.0
43.6487962963,197262.0,17828.0,11.0647296388,717.0,64449.0,112.0,3.0,699.0,1594.0,1346.0,1842.0,5639.0,5269.0,1226.0,175.0,31.0,7.0,0.0,0.0,0.0,0.0,0.0,0.0,0.0,0.0,0.0,0.0,0.0,0.0,0.0,0.0,0.0,0.0,0.0,0.0,0.0,0.0
43.6508796296,193759.0,17830.0,10.8670218732,718.0,64447.0,113.0,6.0,768.0,1591.0,1376.0,1892.0,5543.0,5276.0,1179.0,178.0,25.0,1.0,1.0,0.0,0.0,0.0,0.0,0.0,0.0,0.0,0.0,0.0,0.0,0.0,0.0,0.0,0.0,0.0,0.0,0.0,0.0,0.0
43.652962963,197977.0,17837.0,11.0992319336,721.0,64441.0,115.0,11.0,683.0,1611.0,1347.0,1888.0,5603.0,5223.0,1252.0,200.0,22.0,8.0,0.0,0.0,0.0,0.0,0.0,0.0,0.0,0.0,0.0,0.0,0.0,0.0,0.0,0.0,0.0,0.0,0.0,0.0,0.0,0.0
43.6550462963,189595.0,17836.0,10.6299058085,721.0,64441.0,113.0,3.0,776.0,1711.0,1372.0,1849.0,5690.0,5170.0,1089.0,141.0,32.0,6.0,0.0,0.0,0.0,0.0,0.0,0.0,0.0,0.0,0.0,0.0,0.0,0.0,0.0,0.0,0.0,0.0,0.0,0.0,0.0,0.0
43.6571296296,193277.0,17840.0,10.8339125561,721.0,64446.0,113.0,3.0,751.0,1645.0,1338.0,1871.0,5628.0,5194.0,1211.0,178.0,23.0,1.0,0.0,0.0,0.0,0.0,0.0,0.0,0.0,0.0,0.0,0.0,0.0,0.0,0.0,0.0,0.0,0.0,0.0,0.0,0.0,0.0
43.659212963,196034.0,17839.0,10.989068894,720.0,64444.0,115.0,1.0,777.0,1616.0,1375.0,1851.0,5597.0,5220.0,1185.0,178.0,28.0,12.0,0.0,0.0,0.0,0.0,0.0,0.0,0.0,0.0,0.0,0.0,0.0,0.0,0.0,0.0,0.0,0.0,0.0,0.0,0.0,0.0
43.6612962963,193962.0,17843.0,10.8704814213,720.0,64441.0,113.0,6.0,776.0,1626.0,1366.0,1859.0,5531.0,5316.0,1158.0,183.0,24.0,4.0,0.0,0.0,0.0,0.0,0.0,0.0,0.0,0.0,0.0,0.0,0.0,0.0,0.0,0.0,0.0,0.0,0.0,0.0,0.0,0.0
43.6633796296,198519.0,17834.0,11.1314904116,721.0,64446.0,112.0,6.0,757.0,1593.0,1339.0,1890.0,5516.0,5310.0,1190.0,193.0,36.0,10.0,0.0,0.0,0.0,0.0,0.0,0.0,0.0,0.0,0.0,0.0,0.0,0.0,0.0,0.0,0.0,0.0,0.0,0.0,0.0,0.0
43.665462963,190382.0,17836.0,10.6740300516,721.0,64444.0,113.0,6.0,763.0,1690.0,1364.0,1859.0,5708.0,5122.0,1153.0,143.0,30.0,4.0,0.0,0.0,0.0,0.0,0.0,0.0,0.0,0.0,0.0,0.0,0.0,0.0,0.0,0.0,0.0,0.0,0.0,0.0,0.0,0.0
43.6675462963,197291.0,17840.0,11.0589125561,721.0,64443.0,112.0,7.0,742.0,1579.0,1344.0,1834.0,5581.0,5319.0,1216.0,194.0,26.0,5.0,0.0,0.0,0.0,0.0,0.0,0.0,0.0,0.0,0.0,0.0,0.0,0.0,0.0,0.0,0.0,0.0,0.0,0.0,0.0,0.0
43.6696296296,198634.0,17837.0,11.1360654819,723.0,64441.0,115.0,7.0,717.0,1640.0,1337.0,1866.0,5423.0,5427.0,1228.0,151.0,36.0,12.0,0.0,0.0,0.0,0.0,0.0,0.0,0.0,0.0,0.0,0.0,0.0,0.0,0.0,0.0,0.0,0.0,0.0,0.0,0.0,0.0
43.671712963,197651.0,17841.0,11.0784709377,723.0,64444.0,116.0,1.0,730.0,1695.0,1332.0,1861.0,5459.0,5376.0,1161.0,179.0,37.0,11.0,0.0,0.0,0.0,0.0,0.0,0.0,0.0,0.0,0.0,0.0,0.0,0.0,0.0,0.0,0.0,0.0,0.0,0.0,0.0,0.0
43.6737962963,196592.0,17846.0,11.0160260002,721.0,64444.0,115.0,3.0,767.0,1546.0,1387.0,1860.0,5628.0,5210.0,1236.0,172.0,34.0,6.0,0.0,0.0,0.0,0.0,0.0,0.0,0.0,0.0,0.0,0.0,0.0,0.0,0.0,0.0,0.0,0.0,0.0,0.0,0.0,0.0
43.6758796296,195298.0,17844.0,10.9447433311,723.0,64444.0,112.0,15.0,721.0,1654.0,1362.0,1864.0,5591.0,5219.0,1216.0,183.0,32.0,2.0,0.0,0.0,0.0,0.0,0.0,0.0,0.0,0.0,0.0,0.0,0.0,0.0,0.0,0.0,0.0,0.0,0.0,0.0,0.0,0.0
43.677962963,196384.0,17840.0,11.0080717489,721.0,64441.0,113.0,7.0,771.0,1560.0,1374.0,1783.0,5608.0,5311.0,1228.0,179.0,18.0,8.0,0.0,0.0,0.0,0.0,0.0,0.0,0.0,0.0,0.0,0.0,0.0,0.0,0.0,0.0,0.0,0.0,0.0,0.0,0.0,0.0
43.6800462963,200355.0,17847.0,11.2262565137,723.0,64441.0,115.0,6.0,653.0,1485.0,1383.0,1838.0,5570.0,5416.0,1278.0,196.0,24.0,4.0,0.0,0.0,0.0,0.0,0.0,0.0,0.0,0.0,0.0,0.0,0.0,0.0,0.0,0.0,0.0,0.0,0.0,0.0,0.0,0.0
43.6821296296,201173.0,17842.0,11.2752494115,723.0,64444.0,113.0,6.0,670.0,1515.0,1301.0,1808.0,5658.0,5387.0,1296.0,170.0,27.0,10.0,0.0,0.0,0.0,0.0,0.0,0.0,0.0,0.0,0.0,0.0,0.0,0.0,0.0,0.0,0.0,0.0,0.0,0.0,0.0,0.0
43.684212963,198562.0,17840.0,11.1301569507,723.0,64447.0,111.0,6.0,710.0,1514.0,1360.0,1834.0,5530.0,5390.0,1290.0,190.0,20.0,2.0,0.0,0.0,0.0,0.0,0.0,0.0,0.0,0.0,0.0,0.0,0.0,0.0,0.0,0.0,0.0,0.0,0.0,0.0,0.0,0.0
43.6862962963,196944.0,17852.0,11.0320412279,723.0,64447.0,115.0,3.0,761.0,1566.0,1349.0,1694.0,5682.0,5346.0,1272.0,154.0,22.0,6.0,0.0,0.0,0.0,0.0,0.0,0.0,0.0,0.0,0.0,0.0,0.0,0.0,0.0,0.0,0.0,0.0,0.0,0.0,0.0,0.0
43.6883796296,196387.0,17850.0,11.0020728291,726.0,64444.0,115.0,6.0,756.0,1583.0,1354.0,1738.0,5627.0,5336.0,1253.0,181.0,20.0,2.0,0.0,0.0,0.0,0.0,0.0,0.0,0.0,0.0,0.0,0.0,0.0,0.0,0.0,0.0,0.0,0.0,0.0,0.0,0.0,0.0
43.690462963,196504.0,17850.0,11.008627451,724.0,64447.0,113.0,1.0,767.0,1548.0,1314.0,1850.0,5566.0,5393.0,1221.0,161.0,23.0,7.0,0.0,0.0,0.0,0.0,0.0,0.0,0.0,0.0,0.0,0.0,0.0,0.0,0.0,0.0,0.0,0.0,0.0,0.0,0.0,0.0
43.6925462963,195900.0,17846.0,10.9772498039,723.0,64444.0,115.0,3.0,753.0,1534.0,1327.0,1876.0,5586.0,5308.0,1288.0,147.0,23.0,4.0,0.0,0.0,0.0,0.0,0.0,0.0,0.0,0.0,0.0,0.0,0.0,0.0,0.0,0.0,0.0,0.0,0.0,0.0,0.0,0.0
43.6946296296,198704.0,17848.0,11.1331241596,724.0,64443.0,113.0,14.0,746.0,1492.0,1286.0,1752.0,5680.0,5385.0,1305.0,183.0,18.0,1.0,0.0,0.0,0.0,0.0,0.0,0.0,0.0,0.0,0.0,0.0,0.0,0.0,0.0,0.0,0.0,0.0,0.0,0.0,0.0,0.0
43.696712963,198166.0,17840.0,11.1079596413,724.0,64444.0,115.0,4.0,762.0,1592.0,1311.0,1784.0,5542.0,5355.0,1279.0,188.0,24.0,3.0,0.0,0.0,0.0,0.0,0.0,0.0,0.0,0.0,0.0,0.0,0.0,0.0,0.0,0.0,0.0,0.0,0.0,0.0,0.0,0.0
43.6987962963,200457.0,17840.0,11.2363789238,724.0,64444.0,115.0,3.0,726.0,1517.0,1326.0,1840.0,5506.0,5385.0,1321.0,189.0,26.0,4.0,0.0,0.0,0.0,0.0,0.0,0.0,0.0,0.0,0.0,0.0,0.0,0.0,0.0,0.0,0.0,0.0,0.0,0.0,0.0,0.0
43.7008796296,197955.0,17841.0,11.0955103413,721.0,64446.0,112.0,6.0,745.0,1543.0,1340.0,1749.0,5580.0,5405.0,1280.0,177.0,18.0,4.0,0.0,0.0,0.0,0.0,0.0,0.0,0.0,0.0,0.0,0.0,0.0,0.0,0.0,0.0,0.0,0.0,0.0,0.0,0.0,0.0
43.702962963,197588.0,17852.0,11.0681156173,724.0,64446.0,112.0,7.0,682.0,1554.0,1341.0,1800.0,5693.0,5272.0,1330.0,152.0,25.0,3.0,0.0,0.0,0.0,0.0,0.0,0.0,0.0,0.0,0.0,0.0,0.0,0.0,0.0,0.0,0.0,0.0,0.0,0.0,0.0,0.0
43.7050462963,204912.0,17848.0,11.4809502465,727.0,64444.0,115.0,6.0,740.0,1478.0,1281.0,1770.0,5550.0,5445.0,1338.0,206.0,31.0,9.0,0.0,0.0,0.0,0.0,0.0,0.0,0.0,0.0,0.0,0.0,0.0,0.0,0.0,0.0,0.0,0.0,0.0,0.0,0.0,0.0
43.7071296296,198162.0,17854.0,11.0990254285,723.0,64443.0,113.0,3.0,738.0,1502.0,1300.0,1749.0,5677.0,5425.0,1262.0,178.0,22.0,1.0,0.0,0.0,0.0,0.0,0.0,0.0,0.0,0.0,0.0,0.0,0.0,0.0,0.0,0.0,0.0,0.0,0.0,0.0,0.0,0.0
43.709212963,200520.0,17848.0,11.2348722546,726.0,64444.0,115.0,65532.0,746.0,1544.0,1308.0,1752.0,5547.0,5429.0,1302.0,193.0,22.0,5.0,0.0,0.0,0.0,0.0,0.0,0.0,0.0,0.0,0.0,0.0,0.0,0.0,0.0,0.0,0.0,0.0,0.0,0.0,0.0,0.0
43.7112962963,198690.0,17849.0,11.1317160625,723.0,64441.0,115.0,1.0,750.0,1600.0,1229.0,1854.0,5598.0,5232.0,1387.0,178.0,19.0,2.0,0.0,0.0,0.0,0.0,0.0,0.0,0.0,0.0,0.0,0.0,0.0,0.0,0.0,0.0,0.0,0.0,0.0,0.0,0.0,0.0
43.7133796296,197881.0,17853.0,11.0839074665,727.0,64446.0,113.0,3.0,786.0,1457.0,1346.0,1775.0,5757.0,5232.0,1275.0,199.0,26.0,0.0,0.0,0.0,0.0,0.0,0.0,0.0,0.0,0.0,0.0,0.0,0.0,0.0,0.0,0.0,0.0,0.0,0.0,0.0,0.0,0.0
43.715462963,201639.0,17848.0,11.297568355,726.0,64446.0,115.0,3.0,772.0,1615.0,1188.0,1704.0,5620.0,5441.0,1284.0,193.0,20.0,11.0,0.0,0.0,0.0,0.0,0.0,0.0,0.0,0.0,0.0,0.0,0.0,0.0,0.0,0.0,0.0,0.0,0.0,0.0,0.0,0.0
43.7175462963,198839.0,17847.0,11.1413122654,727.0,64451.0,112.0,6.0,756.0,1589.0,1273.0,1812.0,5568.0,5332.0,1302.0,185.0,28.0,2.0,0.0,0.0,0.0,0.0,0.0,0.0,0.0,0.0,0.0,0.0,0.0,0.0,0.0,0.0,0.0,0.0,0.0,0.0,0.0,0.0
43.7196296296,200883.0,17848.0,11.2552106679,727.0,64444.0,115.0,6.0,749.0,1531.0,1344.0,1790.0,5606.0,5295.0,1295.0,203.0,29.0,5.0,1.0,0.0,0.0,0.0,0.0,0.0,0.0,0.0,0.0,0.0,0.0,0.0,0.0,0.0,0.0,0.0,0.0,0.0,0.0,0.0
43.721712963,200689.0,17849.0,11.2437111323,732.0,64447.0,112.0,9.0,747.0,1515.0,1225.0,1753.0,5686.0,5404.0,1305.0,188.0,21.0,5.0,0.0,0.0,0.0,0.0,0.0,0.0,0.0,0.0,0.0,0.0,0.0,0.0,0.0,0.0,0.0,0.0,0.0,0.0,0.0,0.0
43.7237962963,199047.0,17856.0,11.1473454301,727.0,64440.0,115.0,4.0,744.0,1513.0,1305.0,1807.0,5586.0,5412.0,1279.0,182.0,26.0,2.0,0.0,0.0,0.0,0.0,0.0,0.0,0.0,0.0,0.0,0.0,0.0,0.0,0.0,0.0,0.0,0.0,0.0,0.0,0.0,0.0
43.7258796296,200337.0,17859.0,11.2177053586,727.0,64444.0,118.0,65535.0,685.0,1553.0,1310.0,1763.0,5665.0,5377.0,1289.0,186.0,26.0,5.0,0.0,0.0,0.0,0.0,0.0,0.0,0.0,0.0,0.0,0.0,0.0,0.0,0.0,0.0,0.0,0.0,0.0,0.0,0.0,0.0
43.727962963,202071.0,17859.0,11.3147992609,727.0,64446.0,113.0,1.0,659.0,1507.0,1330.0,1790.0,5599.0,5424.0,1335.0,183.0,27.0,5.0,0.0,0.0,0.0,0.0,0.0,0.0,0.0,0.0,0.0,0.0,0.0,0.0,0.0,0.0,0.0,0.0,0.0,0.0,0.0,0.0
43.7300462963,205396.0,17858.0,11.5016239221,730.0,64448.0,112.0,3.0,680.0,1510.0,1293.0,1721.0,5564.0,5481.0,1372.0,202.0,28.0,7.0,0.0,0.0,0.0,0.0,0.0,0.0,0.0,0.0,0.0,0.0,0.0,0.0,0.0,0.0,0.0,0.0,0.0,0.0,0.0,0.0
43.7363425926,204154.0,17856.0,11.4333557348,732.0,64451.0,112.0,1.0,658.0,1486.0,1258.0,1760.0,5579.0,5518.0,1371.0,205.0,17.0,4.0,0.0,0.0,0.0,0.0,0.0,0.0,0.0,0.0,0.0,0.0,0.0,0.0,0.0,0.0,0.0,0.0,0.0,0.0,0.0,0.0
43.7384259259,206579.0,17865.0,11.5633361321,730.0,64446.0,115.0,3.0,671.0,1473.0,1315.0,1743.0,5578.0,5442.0,1382.0,224.0,33.0,4.0,0.0,0.0,0.0,0.0,0.0,0.0,0.0,0.0,0.0,0.0,0.0,0.0,0.0,0.0,0.0,0.0,0.0,0.0,0.0,0.0
43.7405092593,206576.0,17850.0,11.5728851541,732.0,64447.0,113.0,3.0,694.0,1354.0,1249.0,1773.0,5554.0,5580.0,1423.0,202.0,15.0,6.0,0.0,0.0,0.0,0.0,0.0,0.0,0.0,0.0,0.0,0.0,0.0,0.0,0.0,0.0,0.0,0.0,0.0,0.0,0.0,0.0
43.7425925926,206840.0,17857.0,11.5831326651,729.0,64444.0,115.0,8.0,674.0,1452.0,1328.0,1749.0,5427.0,5618.0,1373.0,199.0,29.0,8.0,0.0,0.0,0.0,0.0,0.0,0.0,0.0,0.0,0.0,0.0,0.0,0.0,0.0,0.0,0.0,0.0,0.0,0.0,0.0,0.0
43.7446759259,201350.0,17860.0,11.2737961926,729.0,64444.0,115.0,3.0,690.0,1496.0,1293.0,1727.0,5639.0,5472.0,1347.0,170.0,25.0,0.0,1.0,0.0,0.0,0.0,0.0,0.0,0.0,0.0,0.0,0.0,0.0,0.0,0.0,0.0,0.0,0.0,0.0,0.0,0.0,0.0
43.7467592593,207898.0,17851.0,11.6462943252,730.0,64447.0,113.0,7.0,630.0,1426.0,1166.0,1763.0,5698.0,5521.0,1422.0,186.0,33.0,6.0,0.0,0.0,0.0,0.0,0.0,0.0,0.0,0.0,0.0,0.0,0.0,0.0,0.0,0.0,0.0,0.0,0.0,0.0,0.0,0.0
43.7488425926,204102.0,17853.0,11.4323643085,732.0,64436.0,124.0,65535.0,674.0,1408.0,1295.0,1804.0,5661.0,5385.0,1406.0,193.0,22.0,5.0,0.0,0.0,0.0,0.0,0.0,0.0,0.0,0.0,0.0,0.0,0.0,0.0,0.0,0.0,0.0,0.0,0.0,0.0,0.0,0.0
43.7509259259,205512.0,17858.0,11.5081196103,732.0,64446.0,113.0,3.0,652.0,1428.0,1222.0,1792.0,5621.0,5562.0,1355.0,198.0,21.0,7.0,0.0,0.0,0.0,0.0,0.0,0.0,0.0,0.0,0.0,0.0,0.0,0.0,0.0,0.0,0.0,0.0,0.0,0.0,0.0,0.0
43.7530092593,208542.0,17856.0,11.6790994624,730.0,64446.0,113.0,2.0,651.0,1430.0,1190.0,1739.0,5598.0,5572.0,1433.0,213.0,26.0,4.0,0.0,0.0,0.0,0.0,0.0,0.0,0.0,0.0,0.0,0.0,0.0,0.0,0.0,0.0,0.0,0.0,0.0,0.0,0.0,0.0
43.7550925926,205016.0,17859.0,11.479702111,733.0,64444.0,112.0,3.0,657.0,1414.0,1281.0,1734.0,5625.0,5537.0,1397.0,187.0,24.0,3.0,0.0,0.0,0.0,0.0,0.0,0.0,0.0,0.0,0.0,0.0,0.0,0.0,0.0,0.0,0.0,0.0,0.0,0.0,0.0,0.0
43.7571759259,210831.0,17856.0,11.8072916667,732.0,64440.0,113.0,3.0,653.0,1339.0,1202.0,1744.0,5626.0,5596.0,1447.0,209.0,34.0,6.0,0.0,0.0,0.0,0.0,0.0,0.0,0.0,0.0,0.0,0.0,0.0,0.0,0.0,0.0,0.0,0.0,0.0,0.0,0.0,0.0
43.7592592593,208113.0,17861.0,11.6518112088,732.0,64442.0,117.0,1.0,686.0,1415.0,1195.0,1709.0,5492.0,5724.0,1418.0,191.0,28.0,3.0,0.0,0.0,0.0,0.0,0.0,0.0,0.0,0.0,0.0,0.0,0.0,0.0,0.0,0.0,0.0,0.0,0.0,0.0,0.0,0.0
43.7613425926,205856.0,17862.0,11.5248012541,733.0,64448.0,112.0,3.0,643.0,1474.0,1263.0,1668.0,5692.0,5469.0,1426.0,200.0,25.0,2.0,0.0,0.0,0.0,0.0,0.0,0.0,0.0,0.0,0.0,0.0,0.0,0.0,0.0,0.0,0.0,0.0,0.0,0.0,0.0,0.0
43.7634259259,211654.0,17865.0,11.8474111391,730.0,64444.0,115.0,1.0,674.0,1410.0,1180.0,1701.0,5507.0,5586.0,1556.0,225.0,25.0,1.0,0.0,0.0,0.0,0.0,0.0,0.0,0.0,0.0,0.0,0.0,0.0,0.0,0.0,0.0,0.0,0.0,0.0,0.0,0.0,0.0
43.7655092593,207994.0,17866.0,11.6418896227,733.0,64440.0,118.0,65535.0,651.0,1478.0,1210.0,1710.0,5615.0,5545.0,1394.0,235.0,25.0,3.0,0.0,0.0,0.0,0.0,0.0,0.0,0.0,0.0,0.0,0.0,0.0,0.0,0.0,0.0,0.0,0.0,0.0,0.0,0.0,0.0
43.7675925926,211642.0,17851.0,11.8560304745,733.0,64444.0,112.0,8.0,626.0,1406.0,1254.0,1684.0,5592.0,5532.0,1517.0,196.0,38.0,5.0,1.0,0.0,0.0,0.0,0.0,0.0,0.0,0.0,0.0,0.0,0.0,0.0,0.0,0.0,0.0,0.0,0.0,0.0,0.0,0.0
43.7696759259,209326.0,17859.0,11.7210370122,733.0,64444.0,115.0,6.0,657.0,1426.0,1220.0,1663.0,5571.0,5632.0,1466.0,189.0,30.0,5.0,0.0,0.0,0.0,0.0,0.0,0.0,0.0,0.0,0.0,0.0,0.0,0.0,0.0,0.0,0.0,0.0,0.0,0.0,0.0,0.0
43.7717592593,214076.0,17861.0,11.9856670959,733.0,64443.0,115.0,0.0,614.0,1308.0,1188.0,1764.0,5495.0,5727.0,1519.0,205.0,35.0,6.0,0.0,0.0,0.0,0.0,0.0,0.0,0.0,0.0,0.0,0.0,0.0,0.0,0.0,0.0,0.0,0.0,0.0,0.0,0.0,0.0
43.7738425926,211997.0,17856.0,11.8725918459,733.0,64446.0,115.0,6.0,600.0,1389.0,1188.0,1758.0,5500.0,5695.0,1501.0,188.0,27.0,10.0,0.0,0.0,0.0,0.0,0.0,0.0,0.0,0.0,0.0,0.0,0.0,0.0,0.0,0.0,0.0,0.0,0.0,0.0,0.0,0.0
43.7759259259,211060.0,17860.0,11.8174692049,730.0,64442.0,112.0,6.0,642.0,1352.0,1236.0,1761.0,5478.0,5645.0,1522.0,183.0,38.0,3.0,0.0,0.0,0.0,0.0,0.0,0.0,0.0,0.0,0.0,0.0,0.0,0.0,0.0,0.0,0.0,0.0,0.0,0.0,0.0,0.0
43.7780092593,209653.0,17867.0,11.7340907819,733.0,64444.0,119.0,65532.0,660.0,1353.0,1234.0,1712.0,5501.0,5708.0,1469.0,206.0,21.0,3.0,0.0,0.0,0.0,0.0,0.0,0.0,0.0,0.0,0.0,0.0,0.0,0.0,0.0,0.0,0.0,0.0,0.0,0.0,0.0,0.0
43.7800925926,209701.0,17868.0,11.7361204388,733.0,64448.0,112.0,1.0,683.0,1385.0,1194.0,1724.0,5561.0,5587.0,1510.0,199.0,18.0,7.0,0.0,0.0,0.0,0.0,0.0,0.0,0.0,0.0,0.0,0.0,0.0,0.0,0.0,0.0,0.0,0.0,0.0,0.0,0.0,0.0
43.7821759259,213926.0,17862.0,11.9765983652,738.0,64448.0,113.0,6.0,611.0,1392.0,1165.0,1685.0,5501.0,5734.0,1518.0,221.0,31.0,4.0,0.0,0.0,0.0,0.0,0.0,0.0,0.0,0.0,0.0,0.0,0.0,0.0,0.0,0.0,0.0,0.0,0.0,0.0,0.0,0.0
43.7842592593,220340.0,17854.0,12.3412120533,733.0,64446.0,115.0,7.0,580.0,1240.0,1170.0,1628.0,5411.0,5937.0,1617.0,234.0,33.0,4.0,0.0,0.0,0.0,0.0,0.0,0.0,0.0,0.0,0.0,0.0,0.0,0.0,0.0,0.0,0.0,0.0,0.0,0.0,0.0,0.0
43.7863425926,213122.0,17856.0,11.9355958781,739.0,64444.0,113.0,6.0,639.0,1332.0,1143.0,1726.0,5553.0,5722.0,1496.0,207.0,33.0,5.0,0.0,0.0,0.0,0.0,0.0,0.0,0.0,0.0,0.0,0.0,0.0,0.0,0.0,0.0,0.0,0.0,0.0,0.0,0.0,0.0
43.7884259259,210839.0,17860.0,11.8050951848,733.0,64446.0,112.0,3.0,611.0,1429.0,1171.0,1641.0,5689.0,5587.0,1494.0,208.0,25.0,5.0,0.0,0.0,0.0,0.0,0.0,0.0,0.0,0.0,0.0,0.0,0.0,0.0,0.0,0.0,0.0,0.0,0.0,0.0,0.0,0.0
43.7905092593,214951.0,17855.0,12.0387006441,733.0,64446.0,119.0,1.0,588.0,1369.0,1217.0,1759.0,5346.0,5784.0,1524.0,237.0,24.0,7.0,0.0,0.0,0.0,0.0,0.0,0.0,0.0,0.0,0.0,0.0,0.0,0.0,0.0,0.0,0.0,0.0,0.0,0.0,0.0,0.0
43.7925925926,212877.0,17862.0,11.9178703393,733.0,64444.0,120.0,65532.0,590.0,1343.0,1227.0,1700.0,5513.0,5726.0,1536.0,194.0,27.0,6.0,0.0,0.0,0.0,0.0,0.0,0.0,0.0,0.0,0.0,0.0,0.0,0.0,0.0,0.0,0.0,0.0,0.0,0.0,0.0,0.0
43.7946759259,214632.0,17862.0,12.0161236144,733.0,64446.0,119.0,0.0,584.0,1348.0,1232.0,1679.0,5393.0,5798.0,1599.0,206.0,16.0,7.0,0.0,0.0,0.0,0.0,0.0,0.0,0.0,0.0,0.0,0.0,0.0,0.0,0.0,0.0,0.0,0.0,0.0,0.0,0.0,0.0
43.7967592593,216285.0,17868.0,12.104600403,735.0,64444.0,115.0,7.0,563.0,1289.0,1172.0,1669.0,5513.0,5837.0,1584.0,212.0,25.0,4.0,0.0,0.0,0.0,0.0,0.0,0.0,0.0,0.0,0.0,0.0,0.0,0.0,0.0,0.0,0.0,0.0,0.0,0.0,0.0,0.0
43.7988425926,218037.0,17864.0,12.2053851321,733.0,64443.0,112.0,7.0,584.0,1295.0,1171.0,1674.0,5519.0,5774.0,1594.0,217.0,23.0,13.0,0.0,0.0,0.0,0.0,0.0,0.0,0.0,0.0,0.0,0.0,0.0,0.0,0.0,0.0,0.0,0.0,0.0,0.0,0.0,0.0
43.8009259259,215353.0,17868.0,12.0524401164,733.0,64444.0,118.0,3.0,625.0,1389.0,1148.0,1689.0,5426.0,5810.0,1500.0,249.0,28.0,4.0,0.0,0.0,0.0,0.0,0.0,0.0,0.0,0.0,0.0,0.0,0.0,0.0,0.0,0.0,0.0,0.0,0.0,0.0,0.0,0.0
43.8030092593,214986.0,17868.0,12.0319006044,733.0,64443.0,113.0,7.0,582.0,1370.0,1198.0,1639.0,5515.0,5740.0,1601.0,191.0,23.0,9.0,0.0,0.0,0.0,0.0,0.0,0.0,0.0,0.0,0.0,0.0,0.0,0.0,0.0,0.0,0.0,0.0,0.0,0.0,0.0,0.0
43.8050925926,218030.0,17864.0,12.2049932826,733.0,64447.0,115.0,0.0,531.0,1276.0,1179.0,1697.0,5399.0,5922.0,1621.0,216.0,15.0,8.0,0.0,0.0,0.0,0.0,0.0,0.0,0.0,0.0,0.0,0.0,0.0,0.0,0.0,0.0,0.0,0.0,0.0,0.0,0.0,0.0
43.8071759259,217662.0,17866.0,12.1830292175,733.0,64448.0,111.0,4.0,645.0,1340.0,1209.0,1630.0,5369.0,5801.0,1618.0,216.0,29.0,9.0,0.0,0.0,0.0,0.0,0.0,0.0,0.0,0.0,0.0,0.0,0.0,0.0,0.0,0.0,0.0,0.0,0.0,0.0,0.0,0.0
43.8092592593,217608.0,17867.0,12.1793250126,736.0,64447.0,113.0,6.0,552.0,1356.0,1174.0,1620.0,5530.0,5787.0,1592.0,223.0,24.0,9.0,0.0,0.0,0.0,0.0,0.0,0.0,0.0,0.0,0.0,0.0,0.0,0.0,0.0,0.0,0.0,0.0,0.0,0.0,0.0,0.0
43.8113425926,215479.0,17864.0,12.0621921182,739.0,64447.0,115.0,3.0,572.0,1327.0,1172.0,1688.0,5496.0,5790.0,1583.0,208.0,23.0,4.0,1.0,0.0,0.0,0.0,0.0,0.0,0.0,0.0,0.0,0.0,0.0,0.0,0.0,0.0,0.0,0.0,0.0,0.0,0.0,0.0
43.8134259259,219600.0,17863.0,12.2935677098,736.0,64444.0,115.0,6.0,614.0,1316.0,1184.0,1653.0,5403.0,5784.0,1630.0,232.0,43.0,4.0,0.0,0.0,0.0,0.0,0.0,0.0,0.0,0.0,0.0,0.0,0.0,0.0,0.0,0.0,0.0,0.0,0.0,0.0,0.0,0.0
43.8155092593,219123.0,17860.0,12.268924972,736.0,64448.0,115.0,65532.0,576.0,1355.0,1150.0,1681.0,5371.0,5763.0,1705.0,231.0,23.0,5.0,0.0,0.0,0.0,0.0,0.0,0.0,0.0,0.0,0.0,0.0,0.0,0.0,0.0,0.0,0.0,0.0,0.0,0.0,0.0,0.0
43.8175925926,218375.0,17861.0,12.2263591064,735.0,64444.0,112.0,9.0,574.0,1329.0,1189.0,1681.0,5367.0,5833.0,1610.0,247.0,28.0,3.0,0.0,0.0,0.0,0.0,0.0,0.0,0.0,0.0,0.0,0.0,0.0,0.0,0.0,0.0,0.0,0.0,0.0,0.0,0.0,0.0
43.8196759259,213861.0,17867.0,11.969608776,735.0,64442.0,115.0,0.0,545.0,1371.0,1221.0,1656.0,5446.0,5815.0,1598.0,191.0,21.0,3.0,0.0,0.0,0.0,0.0,0.0,0.0,0.0,0.0,0.0,0.0,0.0,0.0,0.0,0.0,0.0,0.0,0.0,0.0,0.0,0.0
43.8217592593,217622.0,17858.0,12.1862470601,735.0,64444.0,119.0,0.0,611.0,1320.0,1169.0,1673.0,5435.0,5751.0,1645.0,225.0,21.0,8.0,0.0,0.0,0.0,0.0,0.0,0.0,0.0,0.0,0.0,0.0,0.0,0.0,0.0,0.0,0.0,0.0,0.0,0.0,0.0,0.0
43.8238425926,216837.0,17862.0,12.1395700369,739.0,64444.0,113.0,4.0,609.0,1293.0,1136.0,1656.0,5465.0,5835.0,1634.0,206.0,24.0,4.0,0.0,0.0,0.0,0.0,0.0,0.0,0.0,0.0,0.0,0.0,0.0,0.0,0.0,0.0,0.0,0.0,0.0,0.0,0.0,0.0
43.8259259259,214195.0,17856.0,11.995687724,739.0,64444.0,115.0,65535.0,613.0,1313.0,1153.0,1702.0,5475.0,5800.0,1581.0,191.0,22.0,6.0,0.0,0.0,0.0,0.0,0.0,0.0,0.0,0.0,0.0,0.0,0.0,0.0,0.0,0.0,0.0,0.0,0.0,0.0,0.0,0.0
43.8280092593,217474.0,17863.0,12.1745507474,736.0,64446.0,115.0,4.0,559.0,1348.0,1161.0,1661.0,5441.0,5805.0,1653.0,205.0,23.0,7.0,0.0,0.0,0.0,0.0,0.0,0.0,0.0,0.0,0.0,0.0,0.0,0.0,0.0,0.0,0.0,0.0,0.0,0.0,0.0,0.0
43.8300925926,216746.0,17862.0,12.1344754227,735.0,64440.0,113.0,3.0,586.0,1272.0,1113.0,1664.0,5528.0,5852.0,1598.0,229.0,17.0,3.0,0.0,0.0,0.0,0.0,0.0,0.0,0.0,0.0,0.0,0.0,0.0,0.0,0.0,0.0,0.0,0.0,0.0,0.0,0.0,0.0
43.8321759259,217179.0,17861.0,12.1593975701,738.0,64443.0,112.0,6.0,545.0,1273.0,1181.0,1752.0,5407.0,5799.0,1677.0,201.0,21.0,5.0,0.0,0.0,0.0,0.0,0.0,0.0,0.0,0.0,0.0,0.0,0.0,0.0,0.0,0.0,0.0,0.0,0.0,0.0,0.0,0.0
43.8342592593,219188.0,17862.0,12.2711902363,738.0,64444.0,112.0,7.0,580.0,1256.0,1146.0,1688.0,5383.0,5904.0,1670.0,202.0,27.0,6.0,0.0,0.0,0.0,0.0,0.0,0.0,0.0,0.0,0.0,0.0,0.0,0.0,0.0,0.0,0.0,0.0,0.0,0.0,0.0,0.0
43.8363425926,218035.0,17865.0,12.2045899804,736.0,64443.0,116.0,3.0,618.0,1285.0,1179.0,1672.0,5399.0,5798.0,1680.0,205.0,20.0,9.0,0.0,0.0,0.0,0.0,0.0,0.0,0.0,0.0,0.0,0.0,0.0,0.0,0.0,0.0,0.0,0.0,0.0,0.0,0.0,0.0
43.8384259259,217266.0,17864.0,12.1622257053,741.0,64441.0,115.0,7.0,594.0,1316.0,1099.0,1696.0,5515.0,5754.0,1638.0,225.0,23.0,4.0,0.0,0.0,0.0,0.0,0.0,0.0,0.0,0.0,0.0,0.0,0.0,0.0,0.0,0.0,0.0,0.0,0.0,0.0,0.0,0.0
43.8405092593,219586.0,17858.0,12.2962257812,739.0,64441.0,116.0,65534.0,610.0,1268.0,1059.0,1694.0,5452.0,5839.0,1700.0,203.0,27.0,6.0,0.0,0.0,0.0,0.0,0.0,0.0,0.0,0.0,0.0,0.0,0.0,0.0,0.0,0.0,0.0,0.0,0.0,0.0,0.0,0.0
43.8425925926,222185.0,17862.0,12.4389765984,733.0,64444.0,115.0,0.0,582.0,1209.0,1206.0,1641.0,5360.0,5882.0,1712.0,236.0,28.0,6.0,0.0,0.0,0.0,0.0,0.0,0.0,0.0,0.0,0.0,0.0,0.0,0.0,0.0,0.0,0.0,0.0,0.0,0.0,0.0,0.0
43.8446759259,219149.0,17858.0,12.2717549558,736.0,64444.0,113.0,3.0,563.0,1283.0,1053.0,1712.0,5446.0,5868.0,1705.0,206.0,15.0,7.0,0.0,0.0,0.0,0.0,0.0,0.0,0.0,0.0,0.0,0.0,0.0,0.0,0.0,0.0,0.0,0.0,0.0,0.0,0.0,0.0
43.8467592593,222276.0,17860.0,12.4454647256,741.0,64440.0,113.0,2.0,524.0,1296.0,1070.0,1718.0,5350.0,5917.0,1738.0,217.0,21.0,9.0,0.0,0.0,0.0,0.0,0.0,0.0,0.0,0.0,0.0,0.0,0.0,0.0,0.0,0.0,0.0,0.0,0.0,0.0,0.0,0.0
43.8488425926,220319.0,17859.0,12.3365809956,741.0,64444.0,113.0,6.0,569.0,1273.0,1119.0,1704.0,5349.0,5924.0,1671.0,220.0,22.0,8.0,0.0,0.0,0.0,0.0,0.0,0.0,0.0,0.0,0.0,0.0,0.0,0.0,0.0,0.0,0.0,0.0,0.0,0.0,0.0,0.0
43.8509259259,214424.0,17856.0,12.0085125448,741.0,64441.0,112.0,7.0,619.0,1256.0,1104.0,1720.0,5390.0,5936.0,1626.0,194.0,10.0,1.0,0.0,0.0,0.0,0.0,0.0,0.0,0.0,0.0,0.0,0.0,0.0,0.0,0.0,0.0,0.0,0.0,0.0,0.0,0.0,0.0
43.8530092593,221302.0,17863.0,12.3888484577,741.0,64443.0,113.0,3.0,597.0,1244.0,1129.0,1660.0,5279.0,5952.0,1769.0,211.0,16.0,6.0,0.0,0.0,0.0,0.0,0.0,0.0,0.0,0.0,0.0,0.0,0.0,0.0,0.0,0.0,0.0,0.0,0.0,0.0,0.0,0.0
43.8550925926,220475.0,17864.0,12.3418607255,741.0,64446.0,113.0,1.0,537.0,1271.0,1126.0,1624.0,5501.0,5849.0,1707.0,221.0,24.0,4.0,0.0,0.0,0.0,0.0,0.0,0.0,0.0,0.0,0.0,0.0,0.0,0.0,0.0,0.0,0.0,0.0,0.0,0.0,0.0,0.0
43.8571759259,224338.0,17865.0,12.5574027428,741.0,64447.0,113.0,3.0,527.0,1220.0,1087.0,1606.0,5437.0,5963.0,1767.0,232.0,19.0,7.0,0.0,0.0,0.0,0.0,0.0,0.0,0.0,0.0,0.0,0.0,0.0,0.0,0.0,0.0,0.0,0.0,0.0,0.0,0.0,0.0
43.8592592593,222029.0,17859.0,12.4323310376,739.0,64446.0,112.0,3.0,558.0,1191.0,1145.0,1685.0,5336.0,5982.0,1724.0,209.0,20.0,9.0,0.0,0.0,0.0,0.0,0.0,0.0,0.0,0.0,0.0,0.0,0.0,0.0,0.0,0.0,0.0,0.0,0.0,0.0,0.0,0.0
43.8613425926,224426.0,17866.0,12.5616254338,741.0,64444.0,115.0,3.0,563.0,1230.0,1090.0,1672.0,5275.0,6030.0,1736.0,236.0,29.0,5.0,0.0,0.0,0.0,0.0,0.0,0.0,0.0,0.0,0.0,0.0,0.0,0.0,0.0,0.0,0.0,0.0,0.0,0.0,0.0,0.0
43.8634259259,227055.0,17863.0,12.7109108213,741.0,64444.0,115.0,6.0,558.0,1155.0,1090.0,1598.0,5366.0,5990.0,1833.0,243.0,26.0,4.0,0.0,0.0,0.0,0.0,0.0,0.0,0.0,0.0,0.0,0.0,0.0,0.0,0.0,0.0,0.0,0.0,0.0,0.0,0.0,0.0
43.8655092593,224406.0,17867.0,12.5598029888,741.0,64444.0,115.0,7.0,563.0,1246.0,1126.0,1641.0,5229.0,6044.0,1743.0,255.0,11.0,9.0,0.0,0.0,0.0,0.0,0.0,0.0,0.0,0.0,0.0,0.0,0.0,0.0,0.0,0.0,0.0,0.0,0.0,0.0,0.0,0.0
43.8675925926,225210.0,17864.0,12.6069189431,741.0,64444.0,116.0,4.0,577.0,1278.0,1052.0,1691.0,5201.0,5967.0,1819.0,263.0,9.0,7.0,0.0,0.0,0.0,0.0,0.0,0.0,0.0,0.0,0.0,0.0,0.0,0.0,0.0,0.0,0.0,0.0,0.0,0.0,0.0,0.0
43.8696759259,226515.0,17864.0,12.6799708912,741.0,64441.0,112.0,7.0,544.0,1179.0,1086.0,1665.0,5277.0,6057.0,1784.0,243.0,21.0,8.0,0.0,0.0,0.0,0.0,0.0,0.0,0.0,0.0,0.0,0.0,0.0,0.0,0.0,0.0,0.0,0.0,0.0,0.0,0.0,0.0
43.8717592593,225246.0,17869.0,12.6054060104,741.0,64440.0,116.0,6.0,563.0,1248.0,1171.0,1676.0,5199.0,5897.0,1847.0,237.0,25.0,6.0,0.0,0.0,0.0,0.0,0.0,0.0,0.0,0.0,0.0,0.0,0.0,0.0,0.0,0.0,0.0,0.0,0.0,0.0,0.0,0.0
43.8738425926,222772.0,17861.0,12.4725379318,741.0,64441.0,112.0,9.0,580.0,1284.0,1080.0,1692.0,5394.0,5806.0,1773.0,209.0,36.0,7.0,0.0,0.0,0.0,0.0,0.0,0.0,0.0,0.0,0.0,0.0,0.0,0.0,0.0,0.0,0.0,0.0,0.0,0.0,0.0,0.0
43.8759259259,226747.0,17874.0,12.6858565514,741.0,64451.0,112.0,3.0,516.0,1201.0,1073.0,1666.0,5422.0,5903.0,1818.0,244.0,22.0,9.0,0.0,0.0,0.0,0.0,0.0,0.0,0.0,0.0,0.0,0.0,0.0,0.0,0.0,0.0,0.0,0.0,0.0,0.0,0.0,0.0
43.8780092593,226196.0,17859.0,12.6656587715,739.0,64441.0,115.0,3.0,543.0,1150.0,1059.0,1602.0,5311.0,6157.0,1772.0,242.0,20.0,3.0,0.0,0.0,0.0,0.0,0.0,0.0,0.0,0.0,0.0,0.0,0.0,0.0,0.0,0.0,0.0,0.0,0.0,0.0,0.0,0.0
43.8800925926,222536.0,17866.0,12.4558379044,741.0,64440.0,118.0,3.0,544.0,1268.0,1094.0,1684.0,5301.0,5995.0,1725.0,228.0,21.0,6.0,0.0,0.0,0.0,0.0,0.0,0.0,0.0,0.0,0.0,0.0,0.0,0.0,0.0,0.0,0.0,0.0,0.0,0.0,0.0,0.0
43.8821759259,225338.0,17866.0,12.6126721146,741.0,64441.0,115.0,4.0,562.0,1244.0,1077.0,1673.0,5276.0,5929.0,1845.0,231.0,24.0,5.0,0.0,0.0,0.0,0.0,0.0,0.0,0.0,0.0,0.0,0.0,0.0,0.0,0.0,0.0,0.0,0.0,0.0,0.0,0.0,0.0
43.8842592593,225223.0,17867.0,12.6055297476,741.0,64447.0,115.0,3.0,569.0,1179.0,1128.0,1703.0,5192.0,6034.0,1811.0,226.0,15.0,10.0,0.0,0.0,0.0,0.0,0.0,0.0,0.0,0.0,0.0,0.0,0.0,0.0,0.0,0.0,0.0,0.0,0.0,0.0,0.0,0.0
43.8863425926,224506.0,17862.0,12.5689172545,741.0,64440.0,113.0,3.0,545.0,1140.0,1087.0,1680.0,5409.0,6016.0,1698.0,264.0,17.0,6.0,0.0,0.0,0.0,0.0,0.0,0.0,0.0,0.0,0.0,0.0,0.0,0.0,0.0,0.0,0.0,0.0,0.0,0.0,0.0,0.0
43.8884259259,224438.0,17871.0,12.5587823849,741.0,64441.0,118.0,4.0,544.0,1222.0,1050.0,1653.0,5351.0,6017.0,1769.0,242.0,20.0,3.0,0.0,0.0,0.0,0.0,0.0,0.0,0.0,0.0,0.0,0.0,0.0,0.0,0.0,0.0,0.0,0.0,0.0,0.0,0.0,0.0
43.8905092593,228384.0,17866.0,12.7831635509,741.0,64446.0,113.0,65532.0,558.0,1126.0,1017.0,1694.0,5322.0,6046.0,1845.0,222.0,26.0,10.0,0.0,0.0,0.0,0.0,0.0,0.0,0.0,0.0,0.0,0.0,0.0,0.0,0.0,0.0,0.0,0.0,0.0,0.0,0.0,0.0
43.8925925926,223147.0,17862.0,12.4928339492,741.0,64443.0,118.0,65532.0,555.0,1175.0,1110.0,1728.0,5281.0,6020.0,1737.0,230.0,21.0,5.0,0.0,0.0,0.0,0.0,0.0,0.0,0.0,0.0,0.0,0.0,0.0,0.0,0.0,0.0,0.0,0.0,0.0,0.0,0.0,0.0
43.8946759259,225954.0,17858.0,12.6528166648,741.0,64440.0,115.0,7.0,511.0,1206.0,1094.0,1694.0,5199.0,6019.0,1876.0,243.0,14.0,2.0,0.0,0.0,0.0,0.0,0.0,0.0,0.0,0.0,0.0,0.0,0.0,0.0,0.0,0.0,0.0,0.0,0.0,0.0,0.0,0.0
43.8967592593,226911.0,17864.0,12.7021383789,742.0,64444.0,118.0,7.0,494.0,1195.0,1142.0,1632.0,5151.0,6095.0,1907.0,228.0,20.0,0.0,0.0,0.0,0.0,0.0,0.0,0.0,0.0,0.0,0.0,0.0,0.0,0.0,0.0,0.0,0.0,0.0,0.0,0.0,0.0,0.0
43.9030324074,226226.0,17870.0,12.6595411304,741.0,64444.0,115.0,0.0,522.0,1174.0,1034.0,1626.0,5268.0,6178.0,1839.0,206.0,19.0,4.0,0.0,0.0,0.0,0.0,0.0,0.0,0.0,0.0,0.0,0.0,0.0,0.0,0.0,0.0,0.0,0.0,0.0,0.0,0.0,0.0
43.9051157407,225045.0,17865.0,12.59697733,741.0,64447.0,112.0,65532.0,499.0,1177.0,1074.0,1738.0,5282.0,6134.0,1710.0,219.0,20.0,12.0,0.0,0.0,0.0,0.0,0.0,0.0,0.0,0.0,0.0,0.0,0.0,0.0,0.0,0.0,0.0,0.0,0.0,0.0,0.0,0.0
43.9071990741,227298.0,17871.0,12.7188181971,741.0,64445.0,116.0,1.0,516.0,1160.0,1107.0,1639.0,5235.0,6212.0,1740.0,227.0,24.0,11.0,0.0,0.0,0.0,0.0,0.0,0.0,0.0,0.0,0.0,0.0,0.0,0.0,0.0,0.0,0.0,0.0,0.0,0.0,0.0,0.0
43.9092824074,226585.0,17874.0,12.6767931073,741.0,64446.0,115.0,6.0,540.0,1219.0,1059.0,1706.0,5217.0,6006.0,1858.0,249.0,15.0,5.0,0.0,0.0,0.0,0.0,0.0,0.0,0.0,0.0,0.0,0.0,0.0,0.0,0.0,0.0,0.0,0.0,0.0,0.0,0.0,0.0
43.9113657407,230614.0,17872.0,12.9036481647,741.0,64444.0,115.0,1.0,496.0,1232.0,1021.0,1625.0,5259.0,6115.0,1843.0,249.0,17.0,15.0,0.0,0.0,0.0,0.0,0.0,0.0,0.0,0.0,0.0,0.0,0.0,0.0,0.0,0.0,0.0,0.0,0.0,0.0,0.0,0.0
43.9134490741,231104.0,17871.0,12.9317889318,739.0,64448.0,115.0,65535.0,504.0,1114.0,1123.0,1624.0,5196.0,6118.0,1904.0,258.0,26.0,4.0,0.0,0.0,0.0,0.0,0.0,0.0,0.0,0.0,0.0,0.0,0.0,0.0,0.0,0.0,0.0,0.0,0.0,0.0,0.0,0.0
43.9155324074,227957.0,17875.0,12.7528391608,741.0,64444.0,115.0,3.0,538.0,1151.0,1029.0,1641.0,5259.0,6147.0,1862.0,220.0,24.0,4.0,0.0,0.0,0.0,0.0,0.0,0.0,0.0,0.0,0.0,0.0,0.0,0.0,0.0,0.0,0.0,0.0,0.0,0.0,0.0,0.0
43.9176157407,225463.0,17863.0,12.6217880535,741.0,64446.0,112.0,6.0,503.0,1153.0,1189.0,1589.0,5219.0,6158.0,1801.0,232.0,16.0,3.0,0.0,0.0,0.0,0.0,0.0,0.0,0.0,0.0,0.0,0.0,0.0,0.0,0.0,0.0,0.0,0.0,0.0,0.0,0.0,0.0
43.9196990741,229168.0,17874.0,12.8213046884,744.0,64447.0,112.0,7.0,522.0,1140.0,1128.0,1615.0,5364.0,6013.0,1802.0,254.0,23.0,13.0,0.0,0.0,0.0,0.0,0.0,0.0,0.0,0.0,0.0,0.0,0.0,0.0,0.0,0.0,0.0,0.0,0.0,0.0,0.0,0.0
43.9217824074,230999.0,17877.0,12.9215752084,739.0,64444.0,115.0,3.0,532.0,1173.0,1061.0,1670.0,5028.0,6218.0,1919.0,251.0,20.0,5.0,0.0,0.0,0.0,0.0,0.0,0.0,0.0,0.0,0.0,0.0,0.0,0.0,0.0,0.0,0.0,0.0,0.0,0.0,0.0,0.0
43.9238657407,232962.0,17868.0,13.0379449295,742.0,64441.0,115.0,4.0,537.0,1142.0,1052.0,1575.0,5179.0,6190.0,1896.0,260.0,30.0,7.0,0.0,0.0,0.0,0.0,0.0,0.0,0.0,0.0,0.0,0.0,0.0,0.0,0.0,0.0,0.0,0.0,0.0,0.0,0.0,0.0
43.9259490741,234669.0,17873.0,13.1298047334,739.0,64448.0,113.0,6.0,473.0,1199.0,1011.0,1622.0,5148.0,6252.0,1847.0,281.0,28.0,12.0,0.0,0.0,0.0,0.0,0.0,0.0,0.0,0.0,0.0,0.0,0.0,0.0,0.0,0.0,0.0,0.0,0.0,0.0,0.0,0.0
43.9280324074,228920.0,17873.0,12.808146366,741.0,64444.0,115.0,4.0,515.0,1102.0,1037.0,1642.0,5239.0,6273.0,1811.0,230.0,15.0,9.0,0.0,0.0,0.0,0.0,0.0,0.0,0.0,0.0,0.0,0.0,0.0,0.0,0.0,0.0,0.0,0.0,0.0,0.0,0.0,0.0
43.9301157407,234096.0,17868.0,13.1014103425,741.0,64441.0,118.0,3.0,495.0,1132.0,1092.0,1621.0,5211.0,5961.0,2062.0,264.0,26.0,4.0,0.0,0.0,0.0,0.0,0.0,0.0,0.0,0.0,0.0,0.0,0.0,0.0,0.0,0.0,0.0,0.0,0.0,0.0,0.0,0.0
43.9321990741,231825.0,17873.0,12.9706820344,741.0,64440.0,115.0,6.0,508.0,1091.0,1093.0,1643.0,5099.0,6280.0,1856.0,279.0,21.0,3.0,0.0,0.0,0.0,0.0,0.0,0.0,0.0,0.0,0.0,0.0,0.0,0.0,0.0,0.0,0.0,0.0,0.0,0.0,0.0,0.0
43.9342824074,229402.0,17878.0,12.8315247791,741.0,64444.0,119.0,0.0,481.0,1112.0,1133.0,1688.0,5147.0,6177.0,1881.0,234.0,18.0,7.0,0.0,0.0,0.0,0.0,0.0,0.0,0.0,0.0,0.0,0.0,0.0,0.0,0.0,0.0,0.0,0.0,0.0,0.0,0.0,0.0
43.9363657407,229780.0,17876.0,12.854106064,741.0,64441.0,115.0,6.0,504.0,1164.0,1138.0,1593.0,5178.0,6209.0,1803.0,254.0,25.0,8.0,0.0,0.0,0.0,0.0,0.0,0.0,0.0,0.0,0.0,0.0,0.0,0.0,0.0,0.0,0.0,0.0,0.0,0.0,0.0,0.0
43.9384490741,230961.0,17867.0,12.9266804724,736.0,64446.0,115.0,0.0,484.0,1163.0,1105.0,1715.0,4985.0,6245.0,1903.0,235.0,25.0,7.0,0.0,0.0,0.0,0.0,0.0,0.0,0.0,0.0,0.0,0.0,0.0,0.0,0.0,0.0,0.0,0.0,0.0,0.0,0.0,0.0
43.9405324074,228256.0,17872.0,12.7717099373,744.0,64439.0,119.0,0.0,473.0,1204.0,1146.0,1738.0,5098.0,6084.0,1840.0,267.0,15.0,7.0,0.0,0.0,0.0,0.0,0.0,0.0,0.0,0.0,0.0,0.0,0.0,0.0,0.0,0.0,0.0,0.0,0.0,0.0,0.0,0.0
43.9426157407,231810.0,17876.0,12.9676661446,741.0,64441.0,118.0,3.0,488.0,1172.0,1089.0,1699.0,5064.0,6186.0,1884.0,258.0,30.0,6.0,0.0,0.0,0.0,0.0,0.0,0.0,0.0,0.0,0.0,0.0,0.0,0.0,0.0,0.0,0.0,0.0,0.0,0.0,0.0,0.0
43.9446990741,228560.0,17872.0,12.7887197851,744.0,64443.0,115.0,7.0,453.0,1196.0,1076.0,1675.0,5178.0,6158.0,1883.0,232.0,15.0,6.0,0.0,0.0,0.0,0.0,0.0,0.0,0.0,0.0,0.0,0.0,0.0,0.0,0.0,0.0,0.0,0.0,0.0,0.0,0.0,0.0
43.9467824074,232428.0,17873.0,13.004420075,739.0,64440.0,116.0,65535.0,489.0,1168.0,1076.0,1647.0,5059.0,6210.0,1940.0,260.0,17.0,7.0,0.0,0.0,0.0,0.0,0.0,0.0,0.0,0.0,0.0,0.0,0.0,0.0,0.0,0.0,0.0,0.0,0.0,0.0,0.0,0.0
43.9488657407,229703.0,17874.0,12.8512364328,739.0,64441.0,120.0,65535.0,507.0,1217.0,1079.0,1704.0,5073.0,6143.0,1842.0,287.0,18.0,4.0,0.0,0.0,0.0,0.0,0.0,0.0,0.0,0.0,0.0,0.0,0.0,0.0,0.0,0.0,0.0,0.0,0.0,0.0,0.0,0.0
43.9509490741,229231.0,17873.0,12.8255469143,741.0,64443.0,113.0,1.0,487.0,1149.0,1139.0,1615.0,5146.0,6202.0,1865.0,243.0,25.0,2.0,0.0,0.0,0.0,0.0,0.0,0.0,0.0,0.0,0.0,0.0,0.0,0.0,0.0,0.0,0.0,0.0,0.0,0.0,0.0,0.0
43.9530324074,228016.0,17869.0,12.7604230791,738.0,64441.0,116.0,7.0,503.0,1228.0,1120.0,1661.0,5120.0,6123.0,1848.0,238.0,20.0,8.0,0.0,0.0,0.0,0.0,0.0,0.0,0.0,0.0,0.0,0.0,0.0,0.0,0.0,0.0,0.0,0.0,0.0,0.0,0.0,0.0
43.9551157407,229394.0,17863.0,12.8418518726,739.0,64444.0,115.0,6.0,492.0,1204.0,1083.0,1636.0,5167.0,6102.0,1902.0,249.0,27.0,1.0,0.0,0.0,0.0,0.0,0.0,0.0,0.0,0.0,0.0,0.0,0.0,0.0,0.0,0.0,0.0,0.0,0.0,0.0,0.0,0.0
43.9571990741,231171.0,17871.0,12.9355380225,739.0,64445.0,113.0,3.0,483.0,1139.0,1086.0,1683.0,5041.0,6232.0,1926.0,260.0,20.0,1.0,0.0,0.0,0.0,0.0,0.0,0.0,0.0,0.0,0.0,0.0,0.0,0.0,0.0,0.0,0.0,0.0,0.0,0.0,0.0,0.0
43.9592824074,229048.0,17864.0,12.8217644425,741.0,64447.0,118.0,65535.0,513.0,1192.0,1154.0,1701.0,4975.0,6178.0,1881.0,237.0,29.0,4.0,0.0,0.0,0.0,0.0,0.0,0.0,0.0,0.0,0.0,0.0,0.0,0.0,0.0,0.0,0.0,0.0,0.0,0.0,0.0,0.0
43.9613657407,229606.0,17868.0,12.8501231251,741.0,64443.0,115.0,3.0,520.0,1202.0,1038.0,1700.0,5151.0,6065.0,1934.0,229.0,21.0,8.0,0.0,0.0,0.0,0.0,0.0,0.0,0.0,0.0,0.0,0.0,0.0,0.0,0.0,0.0,0.0,0.0,0.0,0.0,0.0,0.0
43.9634490741,230122.0,17873.0,12.875398646,741.0,64448.0,115.0,0.0,475.0,1178.0,1098.0,1633.0,5129.0,6183.0,1914.0,239.0,19.0,5.0,0.0,0.0,0.0,0.0,0.0,0.0,0.0,0.0,0.0,0.0,0.0,0.0,0.0,0.0,0.0,0.0,0.0,0.0,0.0,0.0
43.9655324074,230779.0,17872.0,12.9128804834,741.0,64444.0,116.0,65535.0,514.0,1199.0,1042.0,1672.0,5083.0,6203.0,1886.0,243.0,21.0,9.0,0.0,0.0,0.0,0.0,0.0,0.0,0.0,0.0,0.0,0.0,0.0,0.0,0.0,0.0,0.0,0.0,0.0,0.0,0.0,0.0
43.9676157407,231182.0,17872.0,12.9354297225,739.0,64444.0,120.0,65535.0,488.0,1160.0,1113.0,1701.0,5038.0,6197.0,1888.0,260.0,19.0,8.0,0.0,0.0,0.0,0.0,0.0,0.0,0.0,0.0,0.0,0.0,0.0,0.0,0.0,0.0,0.0,0.0,0.0,0.0,0.0,0.0
43.9696990741,228054.0,17867.0,12.763978284,736.0,64447.0,115.0,3.0,514.0,1162.0,1110.0,1744.0,5026.0,6151.0,1909.0,229.0,18.0,4.0,0.0,0.0,0.0,0.0,0.0,0.0,0.0,0.0,0.0,0.0,0.0,0.0,0.0,0.0,0.0,0.0,0.0,0.0,0.0,0.0
43.9717824074,232199.0,17874.0,12.9908806087,736.0,64441.0,116.0,65535.0,511.0,1169.0,1123.0,1692.0,5046.0,6111.0,1937.0,250.0,24.0,11.0,0.0,0.0,0.0,0.0,0.0,0.0,0.0,0.0,0.0,0.0,0.0,0.0,0.0,0.0,0.0,0.0,0.0,0.0,0.0,0.0
43.9738657407,234611.0,17871.0,13.1280286498,741.0,64444.0,119.0,65534.0,506.0,1135.0,1080.0,1669.0,4964.0,6250.0,1968.0,271.0,20.0,8.0,0.0,0.0,0.0,0.0,0.0,0.0,0.0,0.0,0.0,0.0,0.0,0.0,0.0,0.0,0.0,0.0,0.0,0.0,0.0,0.0
43.9759490741,231749.0,17871.0,12.9678809244,736.0,64448.0,113.0,3.0,506.0,1171.0,1093.0,1690.0,5036.0,6188.0,1877.0,282.0,23.0,5.0,0.0,0.0,0.0,0.0,0.0,0.0,0.0,0.0,0.0,0.0,0.0,0.0,0.0,0.0,0.0,0.0,0.0,0.0,0.0,0.0
43.9780324074,228352.0,17867.0,12.7806570773,741.0,64444.0,115.0,3.0,474.0,1136.0,1118.0,1783.0,5067.0,6158.0,1862.0,240.0,28.0,1.0,0.0,0.0,0.0,0.0,0.0,0.0,0.0,0.0,0.0,0.0,0.0,0.0,0.0,0.0,0.0,0.0,0.0,0.0,0.0,0.0
43.9801157407,229127.0,17872.0,12.8204453894,741.0,64444.0,116.0,65535.0,484.0,1245.0,1147.0,1735.0,5035.0,6062.0,1877.0,257.0,22.0,8.0,0.0,0.0,0.0,0.0,0.0,0.0,0.0,0.0,0.0,0.0,0.0,0.0,0.0,0.0,0.0,0.0,0.0,0.0,0.0,0.0
43.9821990741,229230.0,17873.0,12.825490964,741.0,64444.0,115.0,7.0,460.0,1192.0,1147.0,1774.0,5091.0,6004.0,1926.0,246.0,31.0,2.0,0.0,0.0,0.0,0.0,0.0,0.0,0.0,0.0,0.0,0.0,0.0,0.0,0.0,0.0,0.0,0.0,0.0,0.0,0.0,0.0
43.9842824074,231444.0,17869.0,12.9522636969,741.0,64447.0,118.0,3.0,461.0,1172.0,1162.0,1693.0,4995.0,6212.0,1899.0,239.0,27.0,9.0,0.0,0.0,0.0,0.0,0.0,0.0,0.0,0.0,0.0,0.0,0.0,0.0,0.0,0.0,0.0,0.0,0.0,0.0,0.0,0.0
43.9863657407,232086.0,17865.0,12.991099916,741.0,64444.0,119.0,0.0,528.0,1150.0,1110.0,1711.0,4964.0,6151.0,1935.0,297.0,16.0,3.0,0.0,0.0,0.0,0.0,0.0,0.0,0.0,0.0,0.0,0.0,0.0,0.0,0.0,0.0,0.0,0.0,0.0,0.0,0.0,0.0
43.9884490741,228195.0,17864.0,12.7740147783,735.0,64444.0,113.0,0.0,498.0,1231.0,1100.0,1753.0,4971.0,6162.0,1881.0,242.0,23.0,3.0,0.0,0.0,0.0,0.0,0.0,0.0,0.0,0.0,0.0,0.0,0.0,0.0,0.0,0.0,0.0,0.0,0.0,0.0,0.0,0.0
43.9905324074,228218.0,17870.0,12.7710128707,741.0,64443.0,113.0,1.0,552.0,1212.0,1103.0,1798.0,4971.0,6115.0,1832.0,258.0,20.0,9.0,0.0,0.0,0.0,0.0,0.0,0.0,0.0,0.0,0.0,0.0,0.0,0.0,0.0,0.0,0.0,0.0,0.0,0.0,0.0,0.0
43.9926157407,227472.0,17867.0,12.7314042648,741.0,64448.0,112.0,65535.0,508.0,1140.0,1186.0,1706.0,5096.0,6191.0,1754.0,255.0,24.0,7.0,0.0,0.0,0.0,0.0,0.0,0.0,0.0,0.0,0.0,0.0,0.0,0.0,0.0,0.0,0.0,0.0,0.0,0.0,0.0,0.0
43.9946990741,231286.0,17867.0,12.9448704315,739.0,64447.0,119.0,65534.0,494.0,1162.0,1152.0,1711.0,4990.0,6142.0,1927.0,260.0,23.0,6.0,0.0,0.0,0.0,0.0,0.0,0.0,0.0,0.0,0.0,0.0,0.0,0.0,0.0,0.0,0.0,0.0,0.0,0.0,0.0,0.0
43.9967824074,226844.0,17870.0,12.6941242306,738.0,64444.0,118.0,7.0,462.0,1214.0,1171.0,1732.0,4979.0,6183.0,1897.0,206.0,23.0,3.0,0.0,0.0,0.0,0.0,0.0,0.0,0.0,0.0,0.0,0.0,0.0,0.0,0.0,0.0,0.0,0.0,0.0,0.0,0.0,0.0
43.9988657407,227311.0,17868.0,12.7216812178,736.0,64444.0,115.0,7.0,479.0,1231.0,1116.0,1734.0,5024.0,6201.0,1794.0,272.0,13.0,4.0,0.0,0.0,0.0,0.0,0.0,0.0,0.0,0.0,0.0,0.0,0.0,0.0,0.0,0.0,0.0,0.0,0.0,0.0,0.0,0.0
44.0009490741,229387.0,17863.0,12.8414600011,741.0,64440.0,115.0,4.0,481.0,1145.0,1175.0,1701.0,5002.0,6142.0,1967.0,229.0,17.0,4.0,0.0,0.0,0.0,0.0,0.0,0.0,0.0,0.0,0.0,0.0,0.0,0.0,0.0,0.0,0.0,0.0,0.0,0.0,0.0,0.0
44.0030324074,230157.0,17862.0,12.8852872019,741.0,64440.0,124.0,3.0,504.0,1229.0,1116.0,1722.0,4948.0,6186.0,1855.0,276.0,19.0,7.0,0.0,0.0,0.0,0.0,0.0,0.0,0.0,0.0,0.0,0.0,0.0,0.0,0.0,0.0,0.0,0.0,0.0,0.0,0.0,0.0
44.0051157407,226986.0,17869.0,12.7027813532,739.0,64443.0,115.0,1.0,506.0,1248.0,1195.0,1723.0,5011.0,6023.0,1892.0,248.0,18.0,5.0,0.0,0.0,0.0,0.0,0.0,0.0,0.0,0.0,0.0,0.0,0.0,0.0,0.0,0.0,0.0,0.0,0.0,0.0,0.0,0.0
44.0071990741,227847.0,17867.0,12.7523926792,741.0,64444.0,112.0,7.0,503.0,1233.0,1175.0,1764.0,4875.0,6240.0,1799.0,243.0,29.0,6.0,0.0,0.0,0.0,0.0,0.0,0.0,0.0,0.0,0.0,0.0,0.0,0.0,0.0,0.0,0.0,0.0,0.0,0.0,0.0,0.0
44.0092824074,232902.0,17872.0,13.0316696509,736.0,64444.0,115.0,7.0,485.0,1210.0,1146.0,1828.0,4843.0,6161.0,1865.0,298.0,25.0,11.0,0.0,0.0,0.0,0.0,0.0,0.0,0.0,0.0,0.0,0.0,0.0,0.0,0.0,0.0,0.0,0.0,0.0,0.0,0.0,0.0
44.0113657407,229707.0,17858.0,12.8629745772,739.0,64439.0,120.0,3.0,463.0,1181.0,1165.0,1769.0,5030.0,6082.0,1881.0,254.0,26.0,7.0,0.0,0.0,0.0,0.0,0.0,0.0,0.0,0.0,0.0,0.0,0.0,0.0,0.0,0.0,0.0,0.0,0.0,0.0,0.0,0.0
44.0134490741,230555.0,17865.0,12.9054016233,739.0,64445.0,115.0,3.0,465.0,1251.0,1216.0,1800.0,4871.0,6038.0,1896.0,304.0,17.0,7.0,0.0,0.0,0.0,0.0,0.0,0.0,0.0,0.0,0.0,0.0,0.0,0.0,0.0,0.0,0.0,0.0,0.0,0.0,0.0,0.0
44.0155324074,227008.0,17864.0,12.7075682938,738.0,64440.0,112.0,7.0,509.0,1230.0,1203.0,1775.0,4864.0,6139.0,1881.0,240.0,18.0,5.0,0.0,0.0,0.0,0.0,0.0,0.0,0.0,0.0,0.0,0.0,0.0,0.0,0.0,0.0,0.0,0.0,0.0,0.0,0.0,0.0
44.0176157407,227102.0,17863.0,12.7135419582,739.0,64440.0,116.0,3.0,513.0,1230.0,1200.0,1876.0,4880.0,5992.0,1887.0,253.0,29.0,3.0,0.0,0.0,0.0,0.0,0.0,0.0,0.0,0.0,0.0,0.0,0.0,0.0,0.0,0.0,0.0,0.0,0.0,0.0,0.0,0.0
44.0196990741,230181.0,17865.0,12.8844668346,739.0,64444.0,118.0,65535.0,478.0,1245.0,1186.0,1757.0,4920.0,6057.0,1932.0,255.0,30.0,5.0,0.0,0.0,0.0,0.0,0.0,0.0,0.0,0.0,0.0,0.0,0.0,0.0,0.0,0.0,0.0,0.0,0.0,0.0,0.0,0.0
44.0217824074,229970.0,17859.0,12.876980794,739.0,64441.0,115.0,3.0,471.0,1232.0,1245.0,1792.0,4821.0,6088.0,1907.0,269.0,30.0,4.0,0.0,0.0,0.0,0.0,0.0,0.0,0.0,0.0,0.0,0.0,0.0,0.0,0.0,0.0,0.0,0.0,0.0,0.0,0.0,0.0
44.0238657407,229600.0,17860.0,12.8555431131,738.0,64446.0,113.0,6.0,481.0,1288.0,1210.0,1833.0,4800.0,6044.0,1910.0,257.0,28.0,9.0,0.0,0.0,0.0,0.0,0.0,0.0,0.0,0.0,0.0,0.0,0.0,0.0,0.0,0.0,0.0,0.0,0.0,0.0,0.0,0.0
44.0259490741,226697.0,17867.0,12.6880282084,739.0,64446.0,119.0,0.0,479.0,1265.0,1202.0,1915.0,4907.0,5941.0,1835.0,301.0,20.0,2.0,0.0,0.0,0.0,0.0,0.0,0.0,0.0,0.0,0.0,0.0,0.0,0.0,0.0,0.0,0.0,0.0,0.0,0.0,0.0,0.0
44.0280324074,224151.0,17865.0,12.5469353484,738.0,64446.0,115.0,6.0,517.0,1199.0,1260.0,1860.0,5014.0,5955.0,1779.0,251.0,24.0,6.0,0.0,0.0,0.0,0.0,0.0,0.0,0.0,0.0,0.0,0.0,0.0,0.0,0.0,0.0,0.0,0.0,0.0,0.0,0.0,0.0
44.0301157407,223238.0,17869.0,12.4930326263,736.0,64444.0,112.0,65535.0,499.0,1252.0,1307.0,1907.0,4874.0,5945.0,1810.0,248.0,24.0,3.0,0.0,0.0,0.0,0.0,0.0,0.0,0.0,0.0,0.0,0.0,0.0,0.0,0.0,0.0,0.0,0.0,0.0,0.0,0.0,0.0
44.0321990741,224935.0,17865.0,12.5908200392,739.0,64444.0,115.0,3.0,476.0,1309.0,1289.0,1904.0,4799.0,6006.0,1793.0,255.0,27.0,7.0,0.0,0.0,0.0,0.0,0.0,0.0,0.0,0.0,0.0,0.0,0.0,0.0,0.0,0.0,0.0,0.0,0.0,0.0,0.0,0.0
44.0342824074,225008.0,17865.0,12.5949062413,739.0,64440.0,112.0,7.0,520.0,1270.0,1201.0,2002.0,4808.0,5975.0,1775.0,291.0,16.0,7.0,0.0,0.0,0.0,0.0,0.0,0.0,0.0,0.0,0.0,0.0,0.0,0.0,0.0,0.0,0.0,0.0,0.0,0.0,0.0,0.0
44.0363657407,226065.0,17864.0,12.6547805643,739.0,64444.0,115.0,3.0,455.0,1283.0,1327.0,1844.0,4874.0,5973.0,1804.0,277.0,17.0,10.0,0.0,0.0,0.0,0.0,0.0,0.0,0.0,0.0,0.0,0.0,0.0,0.0,0.0,0.0,0.0,0.0,0.0,0.0,0.0,0.0
44.0384490741,224305.0,17861.0,12.5583673926,735.0,64447.0,115.0,0.0,536.0,1319.0,1237.0,1890.0,4823.0,5914.0,1854.0,267.0,16.0,5.0,0.0,0.0,0.0,0.0,0.0,0.0,0.0,0.0,0.0,0.0,0.0,0.0,0.0,0.0,0.0,0.0,0.0,0.0,0.0,0.0
44.0405324074,225759.0,17866.0,12.6362364267,736.0,64444.0,113.0,7.0,511.0,1243.0,1246.0,1894.0,4874.0,5958.0,1854.0,255.0,27.0,4.0,0.0,0.0,0.0,0.0,0.0,0.0,0.0,0.0,0.0,0.0,0.0,0.0,0.0,0.0,0.0,0.0,0.0,0.0,0.0,0.0
44.0426157407,223979.0,17868.0,12.5352025968,735.0,64440.0,124.0,65535.0,499.0,1253.0,1253.0,2027.0,4850.0,5842.0,1867.0,246.0,28.0,3.0,0.0,0.0,0.0,0.0,0.0,0.0,0.0,0.0,0.0,0.0,0.0,0.0,0.0,0.0,0.0,0.0,0.0,0.0,0.0,0.0
44.0446990741,226442.0,17856.0,12.6815636201,735.0,64443.0,119.0,3.0,517.0,1314.0,1298.0,1907.0,4771.0,5916.0,1827.0,265.0,30.0,11.0,0.0,0.0,0.0,0.0,0.0,0.0,0.0,0.0,0.0,0.0,0.0,0.0,0.0,0.0,0.0,0.0,0.0,0.0,0.0,0.0
44.0467824074,224272.0,17864.0,12.5544111061,735.0,64444.0,115.0,6.0,524.0,1320.0,1292.0,1982.0,4775.0,5798.0,1880.0,267.0,19.0,7.0,0.0,0.0,0.0,0.0,0.0,0.0,0.0,0.0,0.0,0.0,0.0,0.0,0.0,0.0,0.0,0.0,0.0,0.0,0.0,0.0
44.0488657407,227410.0,17860.0,12.7329227324,739.0,64440.0,119.0,6.0,499.0,1266.0,1318.0,1905.0,4836.0,5831.0,1884.0,287.0,27.0,7.0,0.0,0.0,0.0,0.0,0.0,0.0,0.0,0.0,0.0,0.0,0.0,0.0,0.0,0.0,0.0,0.0,0.0,0.0,0.0,0.0
44.0509490741,224245.0,17861.0,12.5550081182,741.0,64443.0,118.0,4.0,546.0,1295.0,1269.0,1949.0,4807.0,5867.0,1853.0,240.0,26.0,9.0,0.0,0.0,0.0,0.0,0.0,0.0,0.0,0.0,0.0,0.0,0.0,0.0,0.0,0.0,0.0,0.0,0.0,0.0,0.0,0.0
44.0530324074,227903.0,17855.0,12.764099692,739.0,64444.0,115.0,0.0,517.0,1223.0,1252.0,1922.0,4849.0,5974.0,1818.0,260.0,23.0,17.0,0.0,0.0,0.0,0.0,0.0,0.0,0.0,0.0,0.0,0.0,0.0,0.0,0.0,0.0,0.0,0.0,0.0,0.0,0.0,0.0
44.0551157407,226285.0,17859.0,12.6706422532,735.0,64446.0,115.0,7.0,507.0,1325.0,1286.0,1913.0,4754.0,5858.0,1913.0,274.0,25.0,4.0,0.0,0.0,0.0,0.0,0.0,0.0,0.0,0.0,0.0,0.0,0.0,0.0,0.0,0.0,0.0,0.0,0.0,0.0,0.0,0.0
44.0571990741,222644.0,17867.0,12.4611854256,735.0,64448.0,115.0,3.0,502.0,1342.0,1335.0,1908.0,4799.0,5882.0,1829.0,240.0,24.0,6.0,0.0,0.0,0.0,0.0,0.0,0.0,0.0,0.0,0.0,0.0,0.0,0.0,0.0,0.0,0.0,0.0,0.0,0.0,0.0,0.0
44.0592824074,224700.0,17866.0,12.5769618269,735.0,64447.0,115.0,0.0,503.0,1346.0,1255.0,1933.0,4921.0,5723.0,1876.0,282.0,22.0,5.0,0.0,0.0,0.0,0.0,0.0,0.0,0.0,0.0,0.0,0.0,0.0,0.0,0.0,0.0,0.0,0.0,0.0,0.0,0.0,0.0
44.0613657407,223858.0,17862.0,12.5326391222,735.0,64446.0,115.0,0.0,516.0,1394.0,1256.0,1930.0,4851.0,5775.0,1828.0,288.0,16.0,8.0,0.0,0.0,0.0,0.0,0.0,0.0,0.0,0.0,0.0,0.0,0.0,0.0,0.0,0.0,0.0,0.0,0.0,0.0,0.0,0.0
44.0634490741,223400.0,17860.0,12.5083986562,735.0,64440.0,126.0,1.0,492.0,1302.0,1319.0,1945.0,4872.0,5828.0,1813.0,263.0,16.0,10.0,0.0,0.0,0.0,0.0,0.0,0.0,0.0,0.0,0.0,0.0,0.0,0.0,0.0,0.0,0.0,0.0,0.0,0.0,0.0,0.0
44.0697453704,221641.0,17866.0,12.4057427516,735.0,64440.0,115.0,4.0,572.0,1311.0,1389.0,2054.0,4747.0,5664.0,1835.0,254.0,35.0,5.0,0.0,0.0,0.0,0.0,0.0,0.0,0.0,0.0,0.0,0.0,0.0,0.0,0.0,0.0,0.0,0.0,0.0,0.0,0.0,0.0
44.0718287037,223407.0,17863.0,12.5066898057,736.0,64447.0,119.0,1.0,489.0,1327.0,1282.0,2009.0,4841.0,5823.0,1777.0,291.0,16.0,8.0,0.0,0.0,0.0,0.0,0.0,0.0,0.0,0.0,0.0,0.0,0.0,0.0,0.0,0.0,0.0,0.0,0.0,0.0,0.0,0.0
44.073912037,222089.0,17861.0,12.4342981916,733.0,64446.0,113.0,7.0,508.0,1403.0,1337.0,1977.0,4789.0,5695.0,1869.0,246.0,34.0,3.0,0.0,0.0,0.0,0.0,0.0,0.0,0.0,0.0,0.0,0.0,0.0,0.0,0.0,0.0,0.0,0.0,0.0,0.0,0.0,0.0
44.0759953704,219746.0,17859.0,12.3044963324,735.0,64444.0,118.0,4.0,499.0,1378.0,1360.0,1954.0,4921.0,5685.0,1770.0,270.0,16.0,6.0,0.0,0.0,0.0,0.0,0.0,0.0,0.0,0.0,0.0,0.0,0.0,0.0,0.0,0.0,0.0,0.0,0.0,0.0,0.0,0.0
44.0780787037,218892.0,17864.0,12.2532467532,733.0,64444.0,118.0,4.0,553.0,1352.0,1452.0,1969.0,4835.0,5689.0,1712.0,272.0,22.0,8.0,0.0,0.0,0.0,0.0,0.0,0.0,0.0,0.0,0.0,0.0,0.0,0.0,0.0,0.0,0.0,0.0,0.0,0.0,0.0,0.0
44.080162037,221500.0,17864.0,12.3992386923,735.0,64440.0,115.0,6.0,483.0,1348.0,1400.0,1990.0,4836.0,5697.0,1816.0,267.0,20.0,7.0,0.0,0.0,0.0,0.0,0.0,0.0,0.0,0.0,0.0,0.0,0.0,0.0,0.0,0.0,0.0,0.0,0.0,0.0,0.0,0.0
44.0822453704,219608.0,17862.0,12.2947038406,733.0,64446.0,118.0,3.0,479.0,1348.0,1450.0,2004.0,4906.0,5632.0,1743.0,269.0,23.0,8.0,0.0,0.0,0.0,0.0,0.0,0.0,0.0,0.0,0.0,0.0,0.0,0.0,0.0,0.0,0.0,0.0,0.0,0.0,0.0,0.0
44.0843287037,221180.0,17862.0,12.3827119024,733.0,64440.0,119.0,3.0,514.0,1348.0,1414.0,2095.0,4818.0,5564.0,1803.0,265.0,32.0,9.0,0.0,0.0,0.0,0.0,0.0,0.0,0.0,0.0,0.0,0.0,0.0,0.0,0.0,0.0,0.0,0.0,0.0,0.0,0.0,0.0
44.086412037,217020.0,17861.0,12.150495493,735.0,64444.0,113.0,4.0,526.0,1396.0,1430.0,2109.0,4835.0,5511.0,1765.0,264.0,18.0,7.0,0.0,0.0,0.0,0.0,0.0,0.0,0.0,0.0,0.0,0.0,0.0,0.0,0.0,0.0,0.0,0.0,0.0,0.0,0.0,0.0
44.0884953704,217049.0,17866.0,12.1487182358,735.0,64448.0,113.0,3.0,506.0,1429.0,1510.0,2072.0,4709.0,5583.0,1798.0,229.0,20.0,10.0,0.0,0.0,0.0,0.0,0.0,0.0,0.0,0.0,0.0,0.0,0.0,0.0,0.0,0.0,0.0,0.0,0.0,0.0,0.0,0.0
44.0905787037,218112.0,17861.0,12.211634287,733.0,64444.0,115.0,4.0,503.0,1408.0,1450.0,2037.0,4731.0,5672.0,1776.0,260.0,20.0,4.0,0.0,0.0,0.0,0.0,0.0,0.0,0.0,0.0,0.0,0.0,0.0,0.0,0.0,0.0,0.0,0.0,0.0,0.0,0.0,0.0
44.092662037,220563.0,17865.0,12.3460957179,735.0,64441.0,118.0,65535.0,460.0,1439.0,1444.0,2121.0,4721.0,5532.0,1826.0,296.0,20.0,6.0,0.0,0.0,0.0,0.0,0.0,0.0,0.0,0.0,0.0,0.0,0.0,0.0,0.0,0.0,0.0,0.0,0.0,0.0,0.0,0.0
44.0947453704,213097.0,17863.0,11.9295191177,735.0,64444.0,119.0,4.0,534.0,1439.0,1473.0,2122.0,4736.0,5604.0,1695.0,238.0,19.0,3.0,0.0,0.0,0.0,0.0,0.0,0.0,0.0,0.0,0.0,0.0,0.0,0.0,0.0,0.0,0.0,0.0,0.0,0.0,0.0,0.0
44.0968287037,215486.0,17859.0,12.06596114,733.0,64444.0,116.0,6.0,515.0,1428.0,1559.0,2083.0,4718.0,5492.0,1786.0,256.0,17.0,5.0,0.0,0.0,0.0,0.0,0.0,0.0,0.0,0.0,0.0,0.0,0.0,0.0,0.0,0.0,0.0,0.0,0.0,0.0,0.0,0.0
44.098912037,214683.0,17860.0,12.020324748,732.0,64446.0,115.0,6.0,561.0,1461.0,1509.0,2025.0,4785.0,5477.0,1761.0,254.0,26.0,1.0,0.0,0.0,0.0,0.0,0.0,0.0,0.0,0.0,0.0,0.0,0.0,0.0,0.0,0.0,0.0,0.0,0.0,0.0,0.0,0.0
44.1009953704,212386.0,17867.0,11.887054346,733.0,64444.0,116.0,6.0,572.0,1446.0,1450.0,2116.0,4803.0,5518.0,1699.0,245.0,14.0,4.0,0.0,0.0,0.0,0.0,0.0,0.0,0.0,0.0,0.0,0.0,0.0,0.0,0.0,0.0,0.0,0.0,0.0,0.0,0.0,0.0
44.1030787037,215428.0,17865.0,12.0586621886,733.0,64448.0,115.0,7.0,572.0,1418.0,1511.0,2011.0,4836.0,5520.0,1711.0,257.0,21.0,8.0,0.0,0.0,0.0,0.0,0.0,0.0,0.0,0.0,0.0,0.0,0.0,0.0,0.0,0.0,0.0,0.0,0.0,0.0,0.0,0.0
44.105162037,213678.0,17862.0,11.9627141418,733.0,64444.0,115.0,6.0,531.0,1504.0,1573.0,2097.0,4692.0,5458.0,1726.0,253.0,22.0,6.0,0.0,0.0,0.0,0.0,0.0,0.0,0.0,0.0,0.0,0.0,0.0,0.0,0.0,0.0,0.0,0.0,0.0,0.0,0.0,0.0
44.1072453704,214904.0,17864.0,12.0300044783,733.0,64442.0,115.0,3.0,558.0,1466.0,1501.0,2121.0,4650.0,5595.0,1697.0,245.0,21.0,10.0,0.0,0.0,0.0,0.0,0.0,0.0,0.0,0.0,0.0,0.0,0.0,0.0,0.0,0.0,0.0,0.0,0.0,0.0,0.0,0.0
44.1093287037,219007.0,17858.0,12.2638033374,733.0,64446.0,115.0,7.0,496.0,1437.0,1457.0,2124.0,4718.0,5514.0,1814.0,272.0,15.0,11.0,0.0,0.0,0.0,0.0,0.0,0.0,0.0,0.0,0.0,0.0,0.0,0.0,0.0,0.0,0.0,0.0,0.0,0.0,0.0,0.0
44.111412037,214545.0,17868.0,12.0072196105,738.0,64444.0,119.0,4.0,579.0,1509.0,1570.0,2024.0,4761.0,5376.0,1754.0,263.0,27.0,5.0,0.0,0.0,0.0,0.0,0.0,0.0,0.0,0.0,0.0,0.0,0.0,0.0,0.0,0.0,0.0,0.0,0.0,0.0,0.0,0.0
44.1134953704,211076.0,17858.0,11.8196886549,732.0,64441.0,115.0,65534.0,577.0,1502.0,1539.0,2142.0,4801.0,5368.0,1625.0,276.0,25.0,3.0,0.0,0.0,0.0,0.0,0.0,0.0,0.0,0.0,0.0,0.0,0.0,0.0,0.0,0.0,0.0,0.0,0.0,0.0,0.0,0.0
44.1155787037,207167.0,17861.0,11.5988466491,733.0,64444.0,119.0,65532.0,631.0,1561.0,1601.0,2269.0,4612.0,5271.0,1659.0,225.0,28.0,4.0,0.0,0.0,0.0,0.0,0.0,0.0,0.0,0.0,0.0,0.0,0.0,0.0,0.0,0.0,0.0,0.0,0.0,0.0,0.0,0.0
44.117662037,208073.0,17858.0,11.6515287266,732.0,64447.0,116.0,65535.0,616.0,1513.0,1572.0,2272.0,4715.0,5274.0,1607.0,263.0,21.0,5.0,0.0,0.0,0.0,0.0,0.0,0.0,0.0,0.0,0.0,0.0,0.0,0.0,0.0,0.0,0.0,0.0,0.0,0.0,0.0,0.0
44.1197453704,213389.0,17860.0,11.9478723404,733.0,64444.0,119.0,3.0,605.0,1535.0,1593.0,2165.0,4547.0,5411.0,1700.0,274.0,20.0,10.0,0.0,0.0,0.0,0.0,0.0,0.0,0.0,0.0,0.0,0.0,0.0,0.0,0.0,0.0,0.0,0.0,0.0,0.0,0.0,0.0
44.1218287037,205824.0,17856.0,11.5268817204,733.0,64444.0,119.0,3.0,576.0,1522.0,1687.0,2158.0,4755.0,5243.0,1669.0,233.0,10.0,3.0,0.0,0.0,0.0,0.0,0.0,0.0,0.0,0.0,0.0,0.0,0.0,0.0,0.0,0.0,0.0,0.0,0.0,0.0,0.0,0.0
44.123912037,209852.0,17864.0,11.7472010748,733.0,64443.0,115.0,65535.0,614.0,1564.0,1612.0,2152.0,4747.0,5181.0,1702.0,264.0,23.0,5.0,0.0,0.0,0.0,0.0,0.0,0.0,0.0,0.0,0.0,0.0,0.0,0.0,0.0,0.0,0.0,0.0,0.0,0.0,0.0,0.0
44.1259953704,210266.0,17860.0,11.773012318,732.0,64443.0,121.0,6.0,596.0,1526.0,1638.0,2134.0,4620.0,5384.0,1693.0,239.0,26.0,4.0,0.0,0.0,0.0,0.0,0.0,0.0,0.0,0.0,0.0,0.0,0.0,0.0,0.0,0.0,0.0,0.0,0.0,0.0,0.0,0.0
44.1280787037,205511.0,17864.0,11.5041983878,733.0,64448.0,115.0,3.0,571.0,1585.0,1711.0,2210.0,4726.0,5206.0,1593.0,236.0,17.0,9.0,0.0,0.0,0.0,0.0,0.0,0.0,0.0,0.0,0.0,0.0,0.0,0.0,0.0,0.0,0.0,0.0,0.0,0.0,0.0,0.0
44.130162037,205572.0,17856.0,11.5127688172,733.0,64444.0,116.0,6.0,606.0,1642.0,1659.0,2243.0,4687.0,5116.0,1599.0,282.0,20.0,2.0,0.0,0.0,0.0,0.0,0.0,0.0,0.0,0.0,0.0,0.0,0.0,0.0,0.0,0.0,0.0,0.0,0.0,0.0,0.0,0.0
44.1322453704,205572.0,17866.0,11.5063248629,733.0,64440.0,115.0,4.0,589.0,1550.0,1749.0,2227.0,4740.0,5076.0,1661.0,254.0,16.0,4.0,0.0,0.0,0.0,0.0,0.0,0.0,0.0,0.0,0.0,0.0,0.0,0.0,0.0,0.0,0.0,0.0,0.0,0.0,0.0,0.0
44.1343287037,207241.0,17863.0,11.6016906455,733.0,64440.0,116.0,6.0,620.0,1579.0,1671.0,2224.0,4654.0,5218.0,1614.0,253.0,22.0,8.0,0.0,0.0,0.0,0.0,0.0,0.0,0.0,0.0,0.0,0.0,0.0,0.0,0.0,0.0,0.0,0.0,0.0,0.0,0.0,0.0
44.136412037,205720.0,17862.0,11.517187325,733.0,64447.0,115.0,3.0,602.0,1602.0,1643.0,2296.0,4740.0,5078.0,1613.0,264.0,17.0,7.0,0.0,0.0,0.0,0.0,0.0,0.0,0.0,0.0,0.0,0.0,0.0,0.0,0.0,0.0,0.0,0.0,0.0,0.0,0.0,0.0
44.1384953704,204286.0,17851.0,11.4439527197,733.0,64444.0,115.0,1.0,598.0,1700.0,1621.0,2336.0,4558.0,5134.0,1641.0,241.0,17.0,5.0,0.0,0.0,0.0,0.0,0.0,0.0,0.0,0.0,0.0,0.0,0.0,0.0,0.0,0.0,0.0,0.0,0.0,0.0,0.0,0.0
44.1405787037,206668.0,17858.0,11.5728525031,733.0,64441.0,113.0,7.0,600.0,1582.0,1699.0,2298.0,4584.0,5205.0,1587.0,278.0,19.0,6.0,0.0,0.0,0.0,0.0,0.0,0.0,0.0,0.0,0.0,0.0,0.0,0.0,0.0,0.0,0.0,0.0,0.0,0.0,0.0,0.0
44.142662037,204018.0,17855.0,11.4263791655,732.0,64441.0,115.0,7.0,645.0,1688.0,1735.0,2273.0,4577.0,5080.0,1578.0,248.0,19.0,12.0,0.0,0.0,0.0,0.0,0.0,0.0,0.0,0.0,0.0,0.0,0.0,0.0,0.0,0.0,0.0,0.0,0.0,0.0,0.0,0.0
44.1447453704,201964.0,17860.0,11.308174692,732.0,64447.0,113.0,3.0,599.0,1654.0,1699.0,2304.0,4716.0,5065.0,1564.0,233.0,21.0,5.0,0.0,0.0,0.0,0.0,0.0,0.0,0.0,0.0,0.0,0.0,0.0,0.0,0.0,0.0,0.0,0.0,0.0,0.0,0.0,0.0
44.1468287037,202423.0,17859.0,11.334509211,733.0,64446.0,119.0,3.0,618.0,1655.0,1682.0,2299.0,4678.0,5056.0,1614.0,235.0,19.0,3.0,0.0,0.0,0.0,0.0,0.0,0.0,0.0,0.0,0.0,0.0,0.0,0.0,0.0,0.0,0.0,0.0,0.0,0.0,0.0,0.0
44.148912037,204012.0,17867.0,11.4183690603,733.0,64441.0,118.0,65535.0,632.0,1602.0,1657.0,2368.0,4629.0,5135.0,1539.0,291.0,8.0,6.0,0.0,0.0,0.0,0.0,0.0,0.0,0.0,0.0,0.0,0.0,0.0,0.0,0.0,0.0,0.0,0.0,0.0,0.0,0.0,0.0
44.1509953704,201844.0,17863.0,11.2995577451,733.0,64444.0,120.0,65535.0,629.0,1684.0,1698.0,2369.0,4661.0,4967.0,1606.0,219.0,20.0,10.0,0.0,0.0,0.0,0.0,0.0,0.0,0.0,0.0,0.0,0.0,0.0,0.0,0.0,0.0,0.0,0.0,0.0,0.0,0.0,0.0
44.1530787037,201562.0,17858.0,11.2869302273,733.0,64446.0,115.0,3.0,583.0,1570.0,1720.0,2274.0,4836.0,5050.0,1572.0,230.0,23.0,0.0,0.0,0.0,0.0,0.0,0.0,0.0,0.0,0.0,0.0,0.0,0.0,0.0,0.0,0.0,0.0,0.0,0.0,0.0,0.0,0.0
44.155162037,205901.0,17863.0,11.5266752505,730.0,64444.0,115.0,3.0,624.0,1643.0,1755.0,2223.0,4534.0,5196.0,1614.0,243.0,21.0,10.0,0.0,0.0,0.0,0.0,0.0,0.0,0.0,0.0,0.0,0.0,0.0,0.0,0.0,0.0,0.0,0.0,0.0,0.0,0.0,0.0
44.1572453704,202673.0,17860.0,11.3478723404,733.0,64448.0,118.0,4.0,637.0,1657.0,1776.0,2260.0,4667.0,4989.0,1605.0,235.0,30.0,4.0,0.0,0.0,0.0,0.0,0.0,0.0,0.0,0.0,0.0,0.0,0.0,0.0,0.0,0.0,0.0,0.0,0.0,0.0,0.0,0.0
44.1593287037,201611.0,17863.0,11.2865140234,729.0,64446.0,115.0,3.0,645.0,1651.0,1772.0,2364.0,4634.0,4986.0,1521.0,261.0,21.0,8.0,0.0,0.0,0.0,0.0,0.0,0.0,0.0,0.0,0.0,0.0,0.0,0.0,0.0,0.0,0.0,0.0,0.0,0.0,0.0,0.0
44.161412037,198588.0,17846.0,11.127871792,733.0,64444.0,115.0,3.0,614.0,1614.0,1815.0,2468.0,4664.0,4899.0,1518.0,224.0,22.0,8.0,0.0,0.0,0.0,0.0,0.0,0.0,0.0,0.0,0.0,0.0,0.0,0.0,0.0,0.0,0.0,0.0,0.0,0.0,0.0,0.0
44.1634953704,200719.0,17861.0,11.2378366273,733.0,64446.0,119.0,0.0,625.0,1711.0,1732.0,2392.0,4547.0,5076.0,1499.0,253.0,19.0,7.0,0.0,0.0,0.0,0.0,0.0,0.0,0.0,0.0,0.0,0.0,0.0,0.0,0.0,0.0,0.0,0.0,0.0,0.0,0.0,0.0
44.1655787037,201249.0,17861.0,11.2675102178,729.0,64443.0,115.0,3.0,601.0,1637.0,1794.0,2394.0,4600.0,5015.0,1539.0,259.0,16.0,6.0,0.0,0.0,0.0,0.0,0.0,0.0,0.0,0.0,0.0,0.0,0.0,0.0,0.0,0.0,0.0,0.0,0.0,0.0,0.0,0.0
44.167662037,198806.0,17862.0,11.1301086105,732.0,64444.0,113.0,1.0,661.0,1618.0,1804.0,2369.0,4757.0,4858.0,1533.0,241.0,12.0,9.0,0.0,0.0,0.0,0.0,0.0,0.0,0.0,0.0,0.0,0.0,0.0,0.0,0.0,0.0,0.0,0.0,0.0,0.0,0.0,0.0
44.1697453704,204343.0,17856.0,11.4439404122,732.0,64444.0,118.0,4.0,594.0,1659.0,1806.0,2392.0,4510.0,5039.0,1563.0,260.0,18.0,15.0,0.0,0.0,0.0,0.0,0.0,0.0,0.0,0.0,0.0,0.0,0.0,0.0,0.0,0.0,0.0,0.0,0.0,0.0,0.0,0.0
44.1718287037,203077.0,17856.0,11.3730398746,732.0,64446.0,120.0,65535.0,637.0,1701.0,1744.0,2336.0,4588.0,4998.0,1554.0,268.0,21.0,9.0,0.0,0.0,0.0,0.0,0.0,0.0,0.0,0.0,0.0,0.0,0.0,0.0,0.0,0.0,0.0,0.0,0.0,0.0,0.0,0.0
44.173912037,203294.0,17849.0,11.3896576839,729.0,64443.0,116.0,6.0,640.0,1636.0,1729.0,2344.0,4757.0,4851.0,1602.0,258.0,22.0,10.0,0.0,0.0,0.0,0.0,0.0,0.0,0.0,0.0,0.0,0.0,0.0,0.0,0.0,0.0,0.0,0.0,0.0,0.0,0.0,0.0
44.1759953704,201358.0,17861.0,11.2736128996,732.0,64441.0,116.0,3.0,604.0,1686.0,1776.0,2308.0,4599.0,5027.0,1601.0,238.0,19.0,3.0,0.0,0.0,0.0,0.0,0.0,0.0,0.0,0.0,0.0,0.0,0.0,0.0,0.0,0.0,0.0,0.0,0.0,0.0,0.0,0.0
44.1780787037,199946.0,17861.0,11.1945579755,732.0,64440.0,118.0,3.0,615.0,1760.0,1773.0,2390.0,4481.0,5033.0,1529.0,261.0,14.0,5.0,0.0,0.0,0.0,0.0,0.0,0.0,0.0,0.0,0.0,0.0,0.0,0.0,0.0,0.0,0.0,0.0,0.0,0.0,0.0,0.0
44.180162037,202308.0,17853.0,11.3318769955,733.0,64444.0,113.0,7.0,591.0,1706.0,1735.0,2461.0,4625.0,4895.0,1543.0,263.0,23.0,11.0,0.0,0.0,0.0,0.0,0.0,0.0,0.0,0.0,0.0,0.0,0.0,0.0,0.0,0.0,0.0,0.0,0.0,0.0,0.0,0.0
44.1822453704,198737.0,17859.0,11.1281146761,729.0,64446.0,115.0,4.0,607.0,1711.0,1783.0,2475.0,4561.0,4932.0,1496.0,277.0,14.0,3.0,0.0,0.0,0.0,0.0,0.0,0.0,0.0,0.0,0.0,0.0,0.0,0.0,0.0,0.0,0.0,0.0,0.0,0.0,0.0,0.0
44.1843287037,199829.0,17853.0,11.1930207808,730.0,64444.0,115.0,1.0,659.0,1741.0,1786.0,2435.0,4511.0,4941.0,1480.0,268.0,24.0,8.0,0.0,0.0,0.0,0.0,0.0,0.0,0.0,0.0,0.0,0.0,0.0,0.0,0.0,0.0,0.0,0.0,0.0,0.0,0.0,0.0
44.186412037,197707.0,17861.0,11.0692010526,732.0,64444.0,123.0,65534.0,622.0,1713.0,1773.0,2430.0,4611.0,4893.0,1567.0,234.0,17.0,1.0,0.0,0.0,0.0,0.0,0.0,0.0,0.0,0.0,0.0,0.0,0.0,0.0,0.0,0.0,0.0,0.0,0.0,0.0,0.0,0.0
44.1884953704,199820.0,17857.0,11.1900095201,732.0,64441.0,120.0,7.0,683.0,1614.0,1825.0,2479.0,4590.0,4843.0,1539.0,257.0,17.0,10.0,0.0,0.0,0.0,0.0,0.0,0.0,0.0,0.0,0.0,0.0,0.0,0.0,0.0,0.0,0.0,0.0,0.0,0.0,0.0,0.0
44.1905787037,202706.0,17858.0,11.3509911524,732.0,64444.0,115.0,3.0,649.0,1714.0,1740.0,2366.0,4612.0,4899.0,1576.0,271.0,23.0,8.0,0.0,0.0,0.0,0.0,0.0,0.0,0.0,0.0,0.0,0.0,0.0,0.0,0.0,0.0,0.0,0.0,0.0,0.0,0.0,0.0
44.192662037,196103.0,17861.0,10.9793964504,729.0,64446.0,118.0,65535.0,643.0,1757.0,1829.0,2554.0,4553.0,4805.0,1441.0,249.0,20.0,10.0,0.0,0.0,0.0,0.0,0.0,0.0,0.0,0.0,0.0,0.0,0.0,0.0,0.0,0.0,0.0,0.0,0.0,0.0,0.0,0.0
44.1947453704,198548.0,17859.0,11.1175317767,729.0,64440.0,121.0,1.0,666.0,1712.0,1836.0,2483.0,4620.0,4760.0,1491.0,252.0,29.0,10.0,0.0,0.0,0.0,0.0,0.0,0.0,0.0,0.0,0.0,0.0,0.0,0.0,0.0,0.0,0.0,0.0,0.0,0.0,0.0,0.0
44.1968287037,192136.0,17851.0,10.7633185816,727.0,64446.0,119.0,3.0,735.0,1804.0,1784.0,2485.0,4695.0,4664.0,1428.0,226.0,25.0,5.0,0.0,0.0,0.0,0.0,0.0,0.0,0.0,0.0,0.0,0.0,0.0,0.0,0.0,0.0,0.0,0.0,0.0,0.0,0.0,0.0
44.198912037,196881.0,17853.0,11.0278944715,732.0,64448.0,118.0,6.0,724.0,1759.0,1733.0,2516.0,4475.0,4904.0,1442.0,281.0,13.0,6.0,0.0,0.0,0.0,0.0,0.0,0.0,0.0,0.0,0.0,0.0,0.0,0.0,0.0,0.0,0.0,0.0,0.0,0.0,0.0,0.0
44.2009953704,193228.0,17854.0,10.8226727904,729.0,64444.0,120.0,65535.0,698.0,1836.0,1914.0,2429.0,4515.0,4728.0,1477.0,236.0,13.0,8.0,0.0,0.0,0.0,0.0,0.0,0.0,0.0,0.0,0.0,0.0,0.0,0.0,0.0,0.0,0.0,0.0,0.0,0.0,0.0,0.0
44.2030787037,195975.0,17849.0,10.9796067007,730.0,64444.0,118.0,3.0,743.0,1865.0,1827.0,2458.0,4496.0,4653.0,1496.0,279.0,29.0,3.0,0.0,0.0,0.0,0.0,0.0,0.0,0.0,0.0,0.0,0.0,0.0,0.0,0.0,0.0,0.0,0.0,0.0,0.0,0.0,0.0
44.205162037,193325.0,17851.0,10.8299254944,729.0,64446.0,115.0,6.0,705.0,1811.0,1893.0,2472.0,4498.0,4742.0,1464.0,241.0,21.0,4.0,0.0,0.0,0.0,0.0,0.0,0.0,0.0,0.0,0.0,0.0,0.0,0.0,0.0,0.0,0.0,0.0,0.0,0.0,0.0,0.0
44.2072453704,186922.0,17853.0,10.4700610542,732.0,64446.0,115.0,3.0,728.0,1904.0,1991.0,2519.0,4572.0,4529.0,1359.0,224.0,22.0,5.0,0.0,0.0,0.0,0.0,0.0,0.0,0.0,0.0,0.0,0.0,0.0,0.0,0.0,0.0,0.0,0.0,0.0,0.0,0.0,0.0
44.2093287037,190997.0,17851.0,10.6995126323,733.0,64444.0,115.0,3.0,739.0,1831.0,1893.0,2539.0,4475.0,4700.0,1405.0,243.0,23.0,3.0,0.0,0.0,0.0,0.0,0.0,0.0,0.0,0.0,0.0,0.0,0.0,0.0,0.0,0.0,0.0,0.0,0.0,0.0,0.0,0.0
44.211412037,191339.0,17847.0,10.7210735698,729.0,64447.0,113.0,3.0,689.0,1919.0,1848.0,2411.0,4610.0,4712.0,1382.0,256.0,15.0,5.0,0.0,0.0,0.0,0.0,0.0,0.0,0.0,0.0,0.0,0.0,0.0,0.0,0.0,0.0,0.0,0.0,0.0,0.0,0.0,0.0
44.2134953704,190577.0,17846.0,10.6789756808,730.0,64443.0,118.0,3.0,736.0,1835.0,1895.0,2512.0,4551.0,4702.0,1337.0,248.0,24.0,6.0,0.0,0.0,0.0,0.0,0.0,0.0,0.0,0.0,0.0,0.0,0.0,0.0,0.0,0.0,0.0,0.0,0.0,0.0,0.0,0.0
44.2155787037,189523.0,17853.0,10.6157508542,727.0,64444.0,119.0,7.0,729.0,1895.0,1940.0,2537.0,4476.0,4640.0,1360.0,251.0,19.0,6.0,0.0,0.0,0.0,0.0,0.0,0.0,0.0,0.0,0.0,0.0,0.0,0.0,0.0,0.0,0.0,0.0,0.0,0.0,0.0,0.0
44.217662037,189799.0,17851.0,10.6324015461,729.0,64447.0,118.0,3.0,726.0,1987.0,1876.0,2501.0,4545.0,4552.0,1375.0,266.0,16.0,7.0,0.0,0.0,0.0,0.0,0.0,0.0,0.0,0.0,0.0,0.0,0.0,0.0,0.0,0.0,0.0,0.0,0.0,0.0,0.0,0.0
44.2197453704,188022.0,17845.0,10.5363967498,732.0,64444.0,118.0,65535.0,744.0,1920.0,1969.0,2525.0,4452.0,4636.0,1320.0,255.0,19.0,5.0,0.0,0.0,0.0,0.0,0.0,0.0,0.0,0.0,0.0,0.0,0.0,0.0,0.0,0.0,0.0,0.0,0.0,0.0,0.0,0.0
44.2218287037,182416.0,17850.0,10.2193837535,724.0,64446.0,120.0,0.0,780.0,2066.0,1987.0,2490.0,4600.0,4447.0,1211.0,242.0,21.0,6.0,0.0,0.0,0.0,0.0,0.0,0.0,0.0,0.0,0.0,0.0,0.0,0.0,0.0,0.0,0.0,0.0,0.0,0.0,0.0,0.0
44.223912037,189528.0,17852.0,10.6166255882,729.0,64444.0,115.0,3.0,755.0,1954.0,2011.0,2436.0,4514.0,4516.0,1373.0,266.0,19.0,8.0,0.0,0.0,0.0,0.0,0.0,0.0,0.0,0.0,0.0,0.0,0.0,0.0,0.0,0.0,0.0,0.0,0.0,0.0,0.0,0.0
44.2259953704,188257.0,17841.0,10.5519309456,727.0,64448.0,118.0,6.0,801.0,1929.0,1990.0,2445.0,4609.0,4467.0,1323.0,240.0,23.0,14.0,0.0,0.0,0.0,0.0,0.0,0.0,0.0,0.0,0.0,0.0,0.0,0.0,0.0,0.0,0.0,0.0,0.0,0.0,0.0,0.0
44.2280787037,188294.0,17861.0,10.5421868876,726.0,64447.0,115.0,6.0,762.0,1992.0,1887.0,2510.0,4505.0,4572.0,1364.0,243.0,20.0,6.0,0.0,0.0,0.0,0.0,0.0,0.0,0.0,0.0,0.0,0.0,0.0,0.0,0.0,0.0,0.0,0.0,0.0,0.0,0.0,0.0
44.230162037,183668.0,17847.0,10.2912534319,732.0,64447.0,118.0,3.0,821.0,2018.0,1919.0,2581.0,4516.0,4470.0,1262.0,232.0,20.0,8.0,0.0,0.0,0.0,0.0,0.0,0.0,0.0,0.0,0.0,0.0,0.0,0.0,0.0,0.0,0.0,0.0,0.0,0.0,0.0,0.0
44.2364236111,181278.0,17850.0,10.1556302521,727.0,64444.0,115.0,8.0,894.0,2048.0,1893.0,2485.0,4576.0,4482.0,1209.0,243.0,17.0,3.0,0.0,0.0,0.0,0.0,0.0,0.0,0.0,0.0,0.0,0.0,0.0,0.0,0.0,0.0,0.0,0.0,0.0,0.0,0.0,0.0
44.2385069444,183875.0,17850.0,10.3011204482,727.0,64447.0,119.0,3.0,858.0,2017.0,1967.0,2493.0,4664.0,4343.0,1217.0,255.0,26.0,10.0,0.0,0.0,0.0,0.0,0.0,0.0,0.0,0.0,0.0,0.0,0.0,0.0,0.0,0.0,0.0,0.0,0.0,0.0,0.0,0.0
44.2405902778,182801.0,17847.0,10.2426738387,727.0,64446.0,115.0,3.0,840.0,2067.0,2015.0,2458.0,4579.0,4338.0,1275.0,251.0,17.0,7.0,0.0,0.0,0.0,0.0,0.0,0.0,0.0,0.0,0.0,0.0,0.0,0.0,0.0,0.0,0.0,0.0,0.0,0.0,0.0,0.0
44.2426736111,181519.0,17853.0,10.1674228421,724.0,64448.0,118.0,65535.0,853.0,2113.0,1989.0,2453.0,4490.0,4464.0,1227.0,243.0,15.0,6.0,0.0,0.0,0.0,0.0,0.0,0.0,0.0,0.0,0.0,0.0,0.0,0.0,0.0,0.0,0.0,0.0,0.0,0.0,0.0,0.0
44.2447569444,181817.0,17853.0,10.1841147146,727.0,64441.0,119.0,0.0,906.0,2089.0,2040.0,2378.0,4537.0,4365.0,1257.0,263.0,13.0,5.0,0.0,0.0,0.0,0.0,0.0,0.0,0.0,0.0,0.0,0.0,0.0,0.0,0.0,0.0,0.0,0.0,0.0,0.0,0.0,0.0
44.2468402778,181846.0,17847.0,10.1891634448,724.0,64443.0,118.0,7.0,914.0,2068.0,2049.0,2400.0,4482.0,4421.0,1253.0,235.0,16.0,9.0,0.0,0.0,0.0,0.0,0.0,0.0,0.0,0.0,0.0,0.0,0.0,0.0,0.0,0.0,0.0,0.0,0.0,0.0,0.0,0.0
44.2489236111,184149.0,17842.0,10.3210962897,726.0,64448.0,118.0,0.0,906.0,1879.0,1993.0,2597.0,4381.0,4555.0,1248.0,263.0,15.0,5.0,0.0,0.0,0.0,0.0,0.0,0.0,0.0,0.0,0.0,0.0,0.0,0.0,0.0,0.0,0.0,0.0,0.0,0.0,0.0,0.0
44.2510069444,179156.0,17846.0,10.0390003362,724.0,64441.0,120.0,65535.0,952.0,2050.0,1997.0,2424.0,4577.0,4373.0,1222.0,231.0,17.0,3.0,0.0,0.0,0.0,0.0,0.0,0.0,0.0,0.0,0.0,0.0,0.0,0.0,0.0,0.0,0.0,0.0,0.0,0.0,0.0,0.0
44.2530902778,178741.0,17845.0,10.0163070888,724.0,64444.0,115.0,3.0,910.0,2137.0,2010.0,2500.0,4443.0,4366.0,1249.0,205.0,18.0,7.0,0.0,0.0,0.0,0.0,0.0,0.0,0.0,0.0,0.0,0.0,0.0,0.0,0.0,0.0,0.0,0.0,0.0,0.0,0.0,0.0
44.2551736111,178959.0,17843.0,10.0296474808,726.0,64441.0,115.0,7.0,951.0,2115.0,1918.0,2534.0,4551.0,4320.0,1188.0,240.0,21.0,5.0,0.0,0.0,0.0,0.0,0.0,0.0,0.0,0.0,0.0,0.0,0.0,0.0,0.0,0.0,0.0,0.0,0.0,0.0,0.0,0.0
44.2572569444,180090.0,17851.0,10.0885104476,727.0,64443.0,120.0,65535.0,1027.0,2006.0,2014.0,2530.0,4556.0,4234.0,1203.0,248.0,24.0,9.0,0.0,0.0,0.0,0.0,0.0,0.0,0.0,0.0,0.0,0.0,0.0,0.0,0.0,0.0,0.0,0.0,0.0,0.0,0.0,0.0
44.2593402778,179294.0,17843.0,10.0484223505,727.0,64443.0,120.0,3.0,981.0,2160.0,1963.0,2436.0,4507.0,4319.0,1212.0,237.0,22.0,6.0,0.0,0.0,0.0,0.0,0.0,0.0,0.0,0.0,0.0,0.0,0.0,0.0,0.0,0.0,0.0,0.0,0.0,0.0,0.0,0.0
44.2614236111,179593.0,17847.0,10.0629237407,727.0,64447.0,115.0,65535.0,956.0,2147.0,2067.0,2336.0,4548.0,4312.0,1203.0,254.0,18.0,6.0,0.0,0.0,0.0,0.0,0.0,0.0,0.0,0.0,0.0,0.0,0.0,0.0,0.0,0.0,0.0,0.0,0.0,0.0,0.0,0.0
44.2635069444,181013.0,17847.0,10.1424889337,724.0,64446.0,118.0,65535.0,963.0,2157.0,1966.0,2347.0,4520.0,4418.0,1212.0,235.0,20.0,9.0,0.0,0.0,0.0,0.0,0.0,0.0,0.0,0.0,0.0,0.0,0.0,0.0,0.0,0.0,0.0,0.0,0.0,0.0,0.0,0.0
44.2655902778,180826.0,17843.0,10.1342823516,727.0,64446.0,113.0,6.0,968.0,2230.0,1932.0,2295.0,4518.0,4422.0,1211.0,237.0,23.0,7.0,0.0,0.0,0.0,0.0,0.0,0.0,0.0,0.0,0.0,0.0,0.0,0.0,0.0,0.0,0.0,0.0,0.0,0.0,0.0,0.0
44.2676736111,177235.0,17841.0,9.93414046298,724.0,64444.0,115.0,6.0,1014.0,2227.0,1972.0,2496.0,4387.0,4298.0,1186.0,233.0,22.0,6.0,0.0,0.0,0.0,0.0,0.0,0.0,0.0,0.0,0.0,0.0,0.0,0.0,0.0,0.0,0.0,0.0,0.0,0.0,0.0,0.0
44.2697569444,178516.0,17841.0,10.005941371,726.0,64440.0,118.0,3.0,1054.0,2152.0,1938.0,2526.0,4392.0,4293.0,1232.0,223.0,24.0,7.0,0.0,0.0,0.0,0.0,0.0,0.0,0.0,0.0,0.0,0.0,0.0,0.0,0.0,0.0,0.0,0.0,0.0,0.0,0.0,0.0
44.2718402778,178015.0,17836.0,9.980657098,724.0,64441.0,120.0,7.0,1020.0,2259.0,1922.0,2434.0,4392.0,4374.0,1179.0,228.0,19.0,9.0,0.0,0.0,0.0,0.0,0.0,0.0,0.0,0.0,0.0,0.0,0.0,0.0,0.0,0.0,0.0,0.0,0.0,0.0,0.0,0.0
44.2739236111,177566.0,17841.0,9.95269323468,727.0,64444.0,119.0,6.0,979.0,2202.0,2050.0,2376.0,4378.0,4413.0,1192.0,231.0,15.0,5.0,0.0,0.0,0.0,0.0,0.0,0.0,0.0,0.0,0.0,0.0,0.0,0.0,0.0,0.0,0.0,0.0,0.0,0.0,0.0,0.0
44.2760069444,179567.0,17841.0,10.064850625,726.0,64444.0,118.0,6.0,1013.0,2171.0,1904.0,2323.0,4579.0,4393.0,1189.0,242.0,24.0,3.0,0.0,0.0,0.0,0.0,0.0,0.0,0.0,0.0,0.0,0.0,0.0,0.0,0.0,0.0,0.0,0.0,0.0,0.0,0.0,0.0
44.2780902778,177232.0,17844.0,9.9323021744,727.0,64440.0,118.0,7.0,1050.0,2212.0,1894.0,2406.0,4555.0,4255.0,1218.0,231.0,20.0,3.0,0.0,0.0,0.0,0.0,0.0,0.0,0.0,0.0,0.0,0.0,0.0,0.0,0.0,0.0,0.0,0.0,0.0,0.0,0.0,0.0
44.2801736111,177262.0,17846.0,9.93287011095,727.0,64443.0,115.0,3.0,1071.0,2162.0,1956.0,2435.0,4449.0,4350.0,1162.0,238.0,16.0,7.0,0.0,0.0,0.0,0.0,0.0,0.0,0.0,0.0,0.0,0.0,0.0,0.0,0.0,0.0,0.0,0.0,0.0,0.0,0.0,0.0
44.2822569444,177355.0,17836.0,9.94365328549,724.0,64448.0,118.0,65535.0,993.0,2245.0,1907.0,2344.0,4592.0,4346.0,1137.0,247.0,23.0,2.0,0.0,0.0,0.0,0.0,0.0,0.0,0.0,0.0,0.0,0.0,0.0,0.0,0.0,0.0,0.0,0.0,0.0,0.0,0.0,0.0
44.2843402778,175457.0,17839.0,9.83558495431,726.0,64446.0,119.0,7.0,1103.0,2233.0,1966.0,2321.0,4595.0,4215.0,1138.0,245.0,17.0,6.0,0.0,0.0,0.0,0.0,0.0,0.0,0.0,0.0,0.0,0.0,0.0,0.0,0.0,0.0,0.0,0.0,0.0,0.0,0.0,0.0
44.2864236111,176086.0,17840.0,9.87029147982,724.0,64444.0,120.0,65535.0,1048.0,2234.0,1884.0,2559.0,4509.0,4160.0,1192.0,228.0,17.0,9.0,0.0,0.0,0.0,0.0,0.0,0.0,0.0,0.0,0.0,0.0,0.0,0.0,0.0,0.0,0.0,0.0,0.0,0.0,0.0,0.0
44.2885069444,174631.0,17846.0,9.78544211588,724.0,64444.0,120.0,65535.0,1063.0,2319.0,1964.0,2318.0,4579.0,4237.0,1105.0,238.0,14.0,9.0,0.0,0.0,0.0,0.0,0.0,0.0,0.0,0.0,0.0,0.0,0.0,0.0,0.0,0.0,0.0,0.0,0.0,0.0,0.0,0.0
44.2905902778,174037.0,17845.0,9.75270383861,724.0,64443.0,115.0,3.0,1152.0,2231.0,2019.0,2370.0,4544.0,4147.0,1123.0,229.0,21.0,9.0,0.0,0.0,0.0,0.0,0.0,0.0,0.0,0.0,0.0,0.0,0.0,0.0,0.0,0.0,0.0,0.0,0.0,0.0,0.0,0.0
44.2926736111,176759.0,17842.0,9.90690505549,727.0,64444.0,124.0,65535.0,1155.0,2311.0,1978.0,2247.0,4532.0,4198.0,1157.0,223.0,29.0,12.0,0.0,0.0,0.0,0.0,0.0,0.0,0.0,0.0,0.0,0.0,0.0,0.0,0.0,0.0,0.0,0.0,0.0,0.0,0.0,0.0
44.2947569444,178421.0,17845.0,9.99837489493,723.0,64442.0,120.0,3.0,1146.0,2259.0,1937.0,2282.0,4401.0,4331.0,1227.0,235.0,20.0,7.0,0.0,0.0,0.0,0.0,0.0,0.0,0.0,0.0,0.0,0.0,0.0,0.0,0.0,0.0,0.0,0.0,0.0,0.0,0.0,0.0
44.2968402778,171162.0,17841.0,9.59374474525,727.0,64444.0,115.0,3.0,1160.0,2404.0,2009.0,2319.0,4461.0,4168.0,1069.0,225.0,17.0,9.0,0.0,0.0,0.0,0.0,0.0,0.0,0.0,0.0,0.0,0.0,0.0,0.0,0.0,0.0,0.0,0.0,0.0,0.0,0.0,0.0
44.2989236111,174647.0,17841.0,9.78908132952,723.0,64444.0,120.0,65532.0,1149.0,2343.0,1966.0,2207.0,4525.0,4243.0,1145.0,246.0,10.0,7.0,0.0,0.0,0.0,0.0,0.0,0.0,0.0,0.0,0.0,0.0,0.0,0.0,0.0,0.0,0.0,0.0,0.0,0.0,0.0,0.0
44.3010069444,173547.0,17845.0,9.72524516671,724.0,64444.0,121.0,0.0,1131.0,2295.0,1950.0,2192.0,4601.0,4345.0,1091.0,219.0,16.0,5.0,0.0,0.0,0.0,0.0,0.0,0.0,0.0,0.0,0.0,0.0,0.0,0.0,0.0,0.0,0.0,0.0,0.0,0.0,0.0,0.0
44.3030902778,176913.0,17845.0,9.91386943121,723.0,64443.0,119.0,6.0,1093.0,2363.0,1885.0,2337.0,4465.0,4291.0,1139.0,242.0,20.0,10.0,0.0,0.0,0.0,0.0,0.0,0.0,0.0,0.0,0.0,0.0,0.0,0.0,0.0,0.0,0.0,0.0,0.0,0.0,0.0,0.0
44.3051736111,176314.0,17845.0,9.88030260577,723.0,64440.0,120.0,65535.0,1131.0,2256.0,1945.0,2292.0,4587.0,4203.0,1155.0,252.0,17.0,7.0,0.0,0.0,0.0,0.0,0.0,0.0,0.0,0.0,0.0,0.0,0.0,0.0,0.0,0.0,0.0,0.0,0.0,0.0,0.0,0.0
44.3072569444,175237.0,17842.0,9.82160071741,723.0,64441.0,118.0,3.0,1099.0,2199.0,1975.0,2268.0,4602.0,4320.0,1122.0,238.0,15.0,4.0,0.0,0.0,0.0,0.0,0.0,0.0,0.0,0.0,0.0,0.0,0.0,0.0,0.0,0.0,0.0,0.0,0.0,0.0,0.0,0.0
44.3093402778,176061.0,17845.0,9.86612496498,723.0,64444.0,119.0,3.0,1182.0,2287.0,1915.0,2236.0,4501.0,4376.0,1068.0,249.0,24.0,7.0,0.0,0.0,0.0,0.0,0.0,0.0,0.0,0.0,0.0,0.0,0.0,0.0,0.0,0.0,0.0,0.0,0.0,0.0,0.0,0.0
44.3114236111,175815.0,17847.0,9.85123550177,724.0,64446.0,118.0,3.0,1073.0,2323.0,1926.0,2204.0,4625.0,4349.0,1093.0,223.0,23.0,8.0,0.0,0.0,0.0,0.0,0.0,0.0,0.0,0.0,0.0,0.0,0.0,0.0,0.0,0.0,0.0,0.0,0.0,0.0,0.0,0.0
44.3135069444,173037.0,17843.0,9.69775262008,723.0,64441.0,120.0,3.0,1147.0,2267.0,1991.0,2197.0,4594.0,4284.0,1129.0,213.0,19.0,2.0,0.0,0.0,0.0,0.0,0.0,0.0,0.0,0.0,0.0,0.0,0.0,0.0,0.0,0.0,0.0,0.0,0.0,0.0,0.0,0.0
44.3155902778,171482.0,17844.0,9.61006500785,723.0,64444.0,115.0,7.0,1120.0,2470.0,2010.0,2174.0,4597.0,4126.0,1080.0,244.0,20.0,3.0,0.0,0.0,0.0,0.0,0.0,0.0,0.0,0.0,0.0,0.0,0.0,0.0,0.0,0.0,0.0,0.0,0.0,0.0,0.0,0.0
44.3176736111,172866.0,17842.0,9.6887120278,723.0,64444.0,120.0,3.0,1212.0,2336.0,1933.0,2270.0,4590.0,4168.0,1049.0,258.0,20.0,6.0,0.0,0.0,0.0,0.0,0.0,0.0,0.0,0.0,0.0,0.0,0.0,0.0,0.0,0.0,0.0,0.0,0.0,0.0,0.0,0.0
44.3197569444,171923.0,17845.0,9.63423928271,723.0,64443.0,116.0,7.0,1201.0,2389.0,1957.0,2221.0,4386.0,4319.0,1126.0,236.0,9.0,1.0,0.0,0.0,0.0,0.0,0.0,0.0,0.0,0.0,0.0,0.0,0.0,0.0,0.0,0.0,0.0,0.0,0.0,0.0,0.0,0.0
44.3218402778,174633.0,17844.0,9.78665097512,723.0,64444.0,120.0,65535.0,1179.0,2363.0,2029.0,2153.0,4460.0,4249.0,1124.0,270.0,13.0,4.0,0.0,0.0,0.0,0.0,0.0,0.0,0.0,0.0,0.0,0.0,0.0,0.0,0.0,0.0,0.0,0.0,0.0,0.0,0.0,0.0
44.3239236111,171236.0,17845.0,9.59574110395,723.0,64441.0,121.0,3.0,1203.0,2468.0,2002.0,2233.0,4379.0,4216.0,1089.0,227.0,25.0,3.0,0.0,0.0,0.0,0.0,0.0,0.0,0.0,0.0,0.0,0.0,0.0,0.0,0.0,0.0,0.0,0.0,0.0,0.0,0.0,0.0
44.3260069444,176201.0,17843.0,9.87507706103,723.0,64443.0,118.0,6.0,1210.0,2353.0,1988.0,2106.0,4565.0,4178.0,1169.0,245.0,19.0,10.0,0.0,0.0,0.0,0.0,0.0,0.0,0.0,0.0,0.0,0.0,0.0,0.0,0.0,0.0,0.0,0.0,0.0,0.0,0.0,0.0
44.3280902778,173285.0,17844.0,9.71110737503,726.0,64444.0,115.0,3.0,1323.0,2439.0,1871.0,2172.0,4372.0,4297.0,1097.0,250.0,18.0,5.0,0.0,0.0,0.0,0.0,0.0,0.0,0.0,0.0,0.0,0.0,0.0,0.0,0.0,0.0,0.0,0.0,0.0,0.0,0.0,0.0
44.3301736111,175535.0,17838.0,9.84050902568,723.0,64440.0,120.0,4.0,1217.0,2383.0,1878.0,2143.0,4559.0,4310.0,1081.0,229.0,28.0,10.0,0.0,0.0,0.0,0.0,0.0,0.0,0.0,0.0,0.0,0.0,0.0,0.0,0.0,0.0,0.0,0.0,0.0,0.0,0.0,0.0
44.3322569444,173021.0,17844.0,9.69631248599,723.0,64447.0,120.0,7.0,1269.0,2533.0,1902.0,2039.0,4452.0,4276.0,1107.0,240.0,23.0,3.0,0.0,0.0,0.0,0.0,0.0,0.0,0.0,0.0,0.0,0.0,0.0,0.0,0.0,0.0,0.0,0.0,0.0,0.0,0.0,0.0
44.3343402778,172710.0,17845.0,9.67834127207,723.0,64443.0,120.0,65535.0,1297.0,2436.0,1857.0,2142.0,4531.0,4219.0,1099.0,240.0,19.0,5.0,0.0,0.0,0.0,0.0,0.0,0.0,0.0,0.0,0.0,0.0,0.0,0.0,0.0,0.0,0.0,0.0,0.0,0.0,0.0,0.0
44.3364236111,174161.0,17846.0,9.75910568195,723.0,64446.0,116.0,6.0,1241.0,2455.0,2015.0,1963.0,4430.0,4338.0,1146.0,236.0,19.0,3.0,0.0,0.0,0.0,0.0,0.0,0.0,0.0,0.0,0.0,0.0,0.0,0.0,0.0,0.0,0.0,0.0,0.0,0.0,0.0,0.0
44.3385069444,173398.0,17842.0,9.71852931286,723.0,64446.0,116.0,65535.0,1226.0,2438.0,1820.0,2202.0,4542.0,4252.0,1108.0,232.0,14.0,8.0,0.0,0.0,0.0,0.0,0.0,0.0,0.0,0.0,0.0,0.0,0.0,0.0,0.0,0.0,0.0,0.0,0.0,0.0,0.0,0.0
44.3405902778,169996.0,17837.0,9.53052643382,723.0,64441.0,119.0,4.0,1326.0,2412.0,1936.0,2102.0,4483.0,4289.0,1024.0,252.0,11.0,2.0,0.0,0.0,0.0,0.0,0.0,0.0,0.0,0.0,0.0,0.0,0.0,0.0,0.0,0.0,0.0,0.0,0.0,0.0,0.0,0.0
44.3426736111,170953.0,17840.0,9.58256726457,723.0,64444.0,118.0,6.0,1268.0,2471.0,1973.0,2088.0,4539.0,4124.0,1134.0,221.0,17.0,5.0,0.0,0.0,0.0,0.0,0.0,0.0,0.0,0.0,0.0,0.0,0.0,0.0,0.0,0.0,0.0,0.0,0.0,0.0,0.0,0.0
44.3447569444,173645.0,17847.0,9.72964643918,723.0,64444.0,115.0,6.0,1261.0,2445.0,1868.0,2078.0,4490.0,4368.0,1053.0,265.0,17.0,2.0,0.0,0.0,0.0,0.0,0.0,0.0,0.0,0.0,0.0,0.0,0.0,0.0,0.0,0.0,0.0,0.0,0.0,0.0,0.0,0.0
44.3468402778,172595.0,17845.0,9.67189688989,723.0,64441.0,120.0,65535.0,1241.0,2513.0,1843.0,2039.0,4636.0,4192.0,1134.0,226.0,16.0,5.0,0.0,0.0,0.0,0.0,0.0,0.0,0.0,0.0,0.0,0.0,0.0,0.0,0.0,0.0,0.0,0.0,0.0,0.0,0.0,0.0
44.3489236111,175950.0,17844.0,9.86045729657,721.0,64448.0,115.0,7.0,1270.0,2474.0,1798.0,2058.0,4508.0,4295.0,1167.0,249.0,22.0,3.0,0.0,0.0,0.0,0.0,0.0,0.0,0.0,0.0,0.0,0.0,0.0,0.0,0.0,0.0,0.0,0.0,0.0,0.0,0.0,0.0
44.3510069444,173530.0,17847.0,9.72320277918,721.0,64443.0,118.0,0.0,1313.0,2478.0,1916.0,2029.0,4488.0,4220.0,1130.0,247.0,23.0,3.0,0.0,0.0,0.0,0.0,0.0,0.0,0.0,0.0,0.0,0.0,0.0,0.0,0.0,0.0,0.0,0.0,0.0,0.0,0.0,0.0
44.3530902778,173202.0,17839.0,9.70917652335,723.0,64440.0,115.0,3.0,1275.0,2548.0,1863.0,2076.0,4430.0,4297.0,1081.0,244.0,17.0,8.0,0.0,0.0,0.0,0.0,0.0,0.0,0.0,0.0,0.0,0.0,0.0,0.0,0.0,0.0,0.0,0.0,0.0,0.0,0.0,0.0
44.3551736111,178894.0,17847.0,10.0237574943,723.0,64444.0,120.0,65534.0,1218.0,2434.0,1798.0,1966.0,4577.0,4418.0,1147.0,260.0,24.0,5.0,0.0,0.0,0.0,0.0,0.0,0.0,0.0,0.0,0.0,0.0,0.0,0.0,0.0,0.0,0.0,0.0,0.0,0.0,0.0,0.0
44.3572569444,172232.0,17839.0,9.6548012781,723.0,64446.0,118.0,3.0,1364.0,2458.0,1905.0,2099.0,4464.0,4158.0,1117.0,250.0,20.0,4.0,0.0,0.0,0.0,0.0,0.0,0.0,0.0,0.0,0.0,0.0,0.0,0.0,0.0,0.0,0.0,0.0,0.0,0.0,0.0,0.0
44.3593402778,175806.0,17846.0,9.85128320072,723.0,64444.0,120.0,4.0,1256.0,2450.0,1892.0,2087.0,4505.0,4274.0,1087.0,258.0,31.0,6.0,0.0,0.0,0.0,0.0,0.0,0.0,0.0,0.0,0.0,0.0,0.0,0.0,0.0,0.0,0.0,0.0,0.0,0.0,0.0,0.0
44.3614236111,170163.0,17841.0,9.53775012611,723.0,64442.0,119.0,0.0,1252.0,2519.0,1934.0,2026.0,4523.0,4296.0,1056.0,213.0,18.0,4.0,0.0,0.0,0.0,0.0,0.0,0.0,0.0,0.0,0.0,0.0,0.0,0.0,0.0,0.0,0.0,0.0,0.0,0.0,0.0,0.0
44.3635069444,175002.0,17833.0,9.81337968934,720.0,64443.0,118.0,6.0,1308.0,2412.0,1837.0,2047.0,4503.0,4288.0,1175.0,245.0,14.0,4.0,0.0,0.0,0.0,0.0,0.0,0.0,0.0,0.0,0.0,0.0,0.0,0.0,0.0,0.0,0.0,0.0,0.0,0.0,0.0,0.0
44.3655902778,173253.0,17833.0,9.71530308978,724.0,64447.0,116.0,65535.0,1321.0,2459.0,1861.0,1968.0,4516.0,4372.0,1072.0,244.0,15.0,5.0,0.0,0.0,0.0,0.0,0.0,0.0,0.0,0.0,0.0,0.0,0.0,0.0,0.0,0.0,0.0,0.0,0.0,0.0,0.0,0.0
44.3676736111,178746.0,17838.0,10.0205179953,721.0,64455.0,118.0,3.0,1217.0,2514.0,1816.0,1960.0,4395.0,4442.0,1209.0,260.0,25.0,0.0,0.0,0.0,0.0,0.0,0.0,0.0,0.0,0.0,0.0,0.0,0.0,0.0,0.0,0.0,0.0,0.0,0.0,0.0,0.0,0.0
44.3697569444,174867.0,17837.0,9.80361047261,720.0,64448.0,119.0,4.0,1282.0,2381.0,1855.0,1942.0,4598.0,4386.0,1147.0,227.0,16.0,3.0,0.0,0.0,0.0,0.0,0.0,0.0,0.0,0.0,0.0,0.0,0.0,0.0,0.0,0.0,0.0,0.0,0.0,0.0,0.0,0.0
44.3718402778,178689.0,17834.0,10.0195693619,721.0,64444.0,120.0,6.0,1264.0,2471.0,1801.0,1954.0,4384.0,4504.0,1196.0,235.0,16.0,9.0,0.0,0.0,0.0,0.0,0.0,0.0,0.0,0.0,0.0,0.0,0.0,0.0,0.0,0.0,0.0,0.0,0.0,0.0,0.0,0.0
44.3739236111,179185.0,17831.0,10.0490718412,721.0,64447.0,120.0,65532.0,1302.0,2419.0,1701.0,2057.0,4296.0,4561.0,1224.0,257.0,11.0,3.0,0.0,0.0,0.0,0.0,0.0,0.0,0.0,0.0,0.0,0.0,0.0,0.0,0.0,0.0,0.0,0.0,0.0,0.0,0.0,0.0
44.3760069444,174264.0,17827.0,9.77528468054,718.0,64444.0,119.0,7.0,1288.0,2448.0,1862.0,2005.0,4429.0,4376.0,1175.0,224.0,19.0,1.0,0.0,0.0,0.0,0.0,0.0,0.0,0.0,0.0,0.0,0.0,0.0,0.0,0.0,0.0,0.0,0.0,0.0,0.0,0.0,0.0
44.3780902778,176749.0,17834.0,9.91078838174,721.0,64444.0,120.0,3.0,1255.0,2479.0,1877.0,2063.0,4289.0,4417.0,1194.0,234.0,20.0,6.0,0.0,0.0,0.0,0.0,0.0,0.0,0.0,0.0,0.0,0.0,0.0,0.0,0.0,0.0,0.0,0.0,0.0,0.0,0.0,0.0
44.3801736111,176683.0,17835.0,9.9065320998,721.0,64444.0,115.0,4.0,1275.0,2507.0,1802.0,2031.0,4364.0,4413.0,1189.0,223.0,26.0,5.0,0.0,0.0,0.0,0.0,0.0,0.0,0.0,0.0,0.0,0.0,0.0,0.0,0.0,0.0,0.0,0.0,0.0,0.0,0.0,0.0
44.3822569444,174094.0,17834.0,9.76191544241,717.0,64443.0,115.0,1.0,1320.0,2438.0,1904.0,2058.0,4362.0,4403.0,1092.0,232.0,15.0,10.0,0.0,0.0,0.0,0.0,0.0,0.0,0.0,0.0,0.0,0.0,0.0,0.0,0.0,0.0,0.0,0.0,0.0,0.0,0.0,0.0
44.3843402778,181341.0,17827.0,10.1722667863,721.0,64440.0,120.0,7.0,1294.0,2469.0,1816.0,1948.0,4189.0,4597.0,1213.0,269.0,30.0,2.0,0.0,0.0,0.0,0.0,0.0,0.0,0.0,0.0,0.0,0.0,0.0,0.0,0.0,0.0,0.0,0.0,0.0,0.0,0.0,0.0
44.3864236111,180780.0,17828.0,10.1402288535,720.0,64440.0,127.0,3.0,1266.0,2338.0,1849.0,2026.0,4306.0,4526.0,1240.0,252.0,19.0,6.0,0.0,0.0,0.0,0.0,0.0,0.0,0.0,0.0,0.0,0.0,0.0,0.0,0.0,0.0,0.0,0.0,0.0,0.0,0.0,0.0
44.3885069444,179557.0,17834.0,10.0682404396,720.0,64440.0,119.0,7.0,1196.0,2513.0,1848.0,1941.0,4376.0,4509.0,1152.0,269.0,26.0,4.0,0.0,0.0,0.0,0.0,0.0,0.0,0.0,0.0,0.0,0.0,0.0,0.0,0.0,0.0,0.0,0.0,0.0,0.0,0.0,0.0
44.3905902778,183365.0,17833.0,10.282341726,721.0,64440.0,121.0,65535.0,1286.0,2401.0,1778.0,2034.0,4319.0,4466.0,1251.0,261.0,23.0,14.0,0.0,0.0,0.0,0.0,0.0,0.0,0.0,0.0,0.0,0.0,0.0,0.0,0.0,0.0,0.0,0.0,0.0,0.0,0.0,0.0
44.3926736111,180149.0,17835.0,10.1008690777,721.0,64444.0,120.0,65535.0,1292.0,2353.0,1850.0,1990.0,4405.0,4477.0,1176.0,262.0,22.0,8.0,0.0,0.0,0.0,0.0,0.0,0.0,0.0,0.0,0.0,0.0,0.0,0.0,0.0,0.0,0.0,0.0,0.0,0.0,0.0,0.0
44.3947569444,176148.0,17831.0,9.87875049072,721.0,64444.0,120.0,7.0,1289.0,2486.0,1813.0,1899.0,4409.0,4458.0,1245.0,220.0,9.0,3.0,0.0,0.0,0.0,0.0,0.0,0.0,0.0,0.0,0.0,0.0,0.0,0.0,0.0,0.0,0.0,0.0,0.0,0.0,0.0,0.0
44.3968402778,181104.0,17830.0,10.1572630398,721.0,64444.0,118.0,1.0,1261.0,2458.0,1813.0,1959.0,4278.0,4522.0,1262.0,250.0,21.0,6.0,0.0,0.0,0.0,0.0,0.0,0.0,0.0,0.0,0.0,0.0,0.0,0.0,0.0,0.0,0.0,0.0,0.0,0.0,0.0,0.0
