tDays,Energy,Count,EnergyPerCountFiltered,Temp,X,Y,Z,BIN_0,BIN_1,BIN_2,BIN_3,BIN_4,BIN_5,BIN_6,BIN_7,BIN_8,BIN_9,BIN_10,BIN_11,BIN_12,BIN_13,BIN_14,BIN_15,BIN_16,BIN_17,BIN_18,BIN_19,BIN_20,BIN_21,BIN_22,BIN_23,BIN_24,BIN_25,BIN_26,BIN_27,BIN_28,BIN_29
0.765555555556,354284.0,32815.0,10.7964040835,834.0,64396.0,65270.0,65496.0,1123.0,2690.0,2763.0,3681.0,9528.0,10551.0,2317.0,138.0,22.0,2.0,0.0,0.0,0.0,0.0,0.0,0.0,0.0,0.0,0.0,0.0,0.0,0.0,0.0,0.0,0.0,0.0,0.0,0.0,0.0,0.0
0.76625,352944.0,32824.0,10.7526200341,834.0,64393.0,65265.0,65496.0,1080.0,2702.0,2857.0,3732.0,9402.0,10643.0,2232.0,156.0,19.0,1.0,0.0,0.0,0.0,0.0,0.0,0.0,0.0,0.0,0.0,0.0,0.0,0.0,0.0,0.0,0.0,0.0,0.0,0.0,0.0,0.0
0.766944444444,350051.0,32819.0,10.6661080472,837.0,64393.0,65267.0,65500.0,1083.0,2733.0,2841.0,3725.0,9562.0,10550.0,2147.0,159.0,18.0,1.0,0.0,0.0,0.0,0.0,0.0,0.0,0.0,0.0,0.0,0.0,0.0,0.0,0.0,0.0,0.0,0.0,0.0,0.0,0.0,0.0
0.767638888889,354546.0,32820.0,10.8027422303,837.0,64396.0,65267.0,65496.0,1029.0,2740.0,2917.0,3643.0,9487.0,10545.0,2274.0,155.0,28.0,2.0,0.0,0.0,0.0,0.0,0.0,0.0,0.0,0.0,0.0,0.0,0.0,0.0,0.0,0.0,0.0,0.0,0.0,0.0,0.0,0.0
0.768333333333,351665.0,32828.0,10.7123492141,838.0,64398.0,65270.0,65496.0,1085.0,2685.0,2934.0,3806.0,9530.0,10264.0,2368.0,134.0,20.0,2.0,0.0,0.0,0.0,0.0,0.0,0.0,0.0,0.0,0.0,0.0,0.0,0.0,0.0,0.0,0.0,0.0,0.0,0.0,0.0,0.0
0.769027777778,350824.0,32817.0,10.6903129476,837.0,64395.0,65267.0,65504.0,1087.0,2722.0,2875.0,3732.0,9640.0,10344.0,2244.0,145.0,27.0,1.0,0.0,0.0,0.0,0.0,0.0,0.0,0.0,0.0,0.0,0.0,0.0,0.0,0.0,0.0,0.0,0.0,0.0,0.0,0.0,0.0
0.769722222222,352975.0,32833.0,10.7506167575,837.0,64394.0,65267.0,65496.0,1117.0,2673.0,2817.0,3789.0,9631.0,10327.0,2294.0,158.0,25.0,2.0,0.0,0.0,0.0,0.0,0.0,0.0,0.0,0.0,0.0,0.0,0.0,0.0,0.0,0.0,0.0,0.0,0.0,0.0,0.0,0.0
0.770416666667,354782.0,32822.0,10.8092742673,835.0,64392.0,65267.0,65502.0,1019.0,2698.0,2932.0,3751.0,9512.0,10373.0,2336.0,177.0,24.0,0.0,0.0,0.0,0.0,0.0,0.0,0.0,0.0,0.0,0.0,0.0,0.0,0.0,0.0,0.0,0.0,0.0,0.0,0.0,0.0,0.0
0.771111111111,354461.0,32827.0,10.7978493313,838.0,64398.0,65267.0,65496.0,993.0,2721.0,2948.0,3783.0,9369.0,10475.0,2353.0,169.0,16.0,0.0,0.0,0.0,0.0,0.0,0.0,0.0,0.0,0.0,0.0,0.0,0.0,0.0,0.0,0.0,0.0,0.0,0.0,0.0,0.0,0.0
0.771805555556,355448.0,32822.0,10.8295655353,838.0,64396.0,65267.0,65496.0,957.0,2622.0,2903.0,3791.0,9550.0,10484.0,2341.0,150.0,23.0,1.0,0.0,0.0,0.0,0.0,0.0,0.0,0.0,0.0,0.0,0.0,0.0,0.0,0.0,0.0,0.0,0.0,0.0,0.0,0.0,0.0
0.7725,355927.0,32820.0,10.8448202316,838.0,64391.0,65267.0,65499.0,986.0,2561.0,2835.0,3758.0,9681.0,10523.0,2288.0,167.0,19.0,2.0,0.0,0.0,0.0,0.0,0.0,0.0,0.0,0.0,0.0,0.0,0.0,0.0,0.0,0.0,0.0,0.0,0.0,0.0,0.0,0.0
0.773194444444,355905.0,32818.0,10.8448107746,840.0,64396.0,65270.0,65496.0,933.0,2543.0,2963.0,3807.0,9442.0,10656.0,2293.0,164.0,16.0,1.0,0.0,0.0,0.0,0.0,0.0,0.0,0.0,0.0,0.0,0.0,0.0,0.0,0.0,0.0,0.0,0.0,0.0,0.0,0.0,0.0
0.773888888889,358284.0,32837.0,10.9109845601,838.0,64396.0,65268.0,65495.0,977.0,2584.0,2852.0,3739.0,9496.0,10686.0,2315.0,157.0,31.0,0.0,0.0,0.0,0.0,0.0,0.0,0.0,0.0,0.0,0.0,0.0,0.0,0.0,0.0,0.0,0.0,0.0,0.0,0.0,0.0,0.0
0.774583333333,357255.0,32812.0,10.88793734,838.0,64393.0,65267.0,65502.0,942.0,2523.0,2832.0,3755.0,9668.0,10568.0,2350.0,156.0,17.0,1.0,0.0,0.0,0.0,0.0,0.0,0.0,0.0,0.0,0.0,0.0,0.0,0.0,0.0,0.0,0.0,0.0,0.0,0.0,0.0,0.0
0.775277777778,356737.0,32830.0,10.8661894609,838.0,64399.0,65270.0,65497.0,957.0,2629.0,2860.0,3705.0,9506.0,10711.0,2280.0,160.0,21.0,1.0,0.0,0.0,0.0,0.0,0.0,0.0,0.0,0.0,0.0,0.0,0.0,0.0,0.0,0.0,0.0,0.0,0.0,0.0,0.0,0.0
0.775972222222,358422.0,32826.0,10.9188448181,838.0,64396.0,65265.0,65503.0,976.0,2524.0,2853.0,3704.0,9616.0,10629.0,2322.0,184.0,18.0,0.0,0.0,0.0,0.0,0.0,0.0,0.0,0.0,0.0,0.0,0.0,0.0,0.0,0.0,0.0,0.0,0.0,0.0,0.0,0.0,0.0
0.776666666667,358592.0,32830.0,10.9226926592,838.0,64393.0,65265.0,65497.0,977.0,2568.0,2798.0,3847.0,9452.0,10664.0,2325.0,177.0,20.0,2.0,0.0,0.0,0.0,0.0,0.0,0.0,0.0,0.0,0.0,0.0,0.0,0.0,0.0,0.0,0.0,0.0,0.0,0.0,0.0,0.0
0.777361111111,360845.0,32817.0,10.9956729744,838.0,64403.0,65267.0,65497.0,908.0,2507.0,2737.0,3784.0,9640.0,10702.0,2335.0,183.0,19.0,2.0,0.0,0.0,0.0,0.0,0.0,0.0,0.0,0.0,0.0,0.0,0.0,0.0,0.0,0.0,0.0,0.0,0.0,0.0,0.0,0.0
0.778055555556,359281.0,32823.0,10.9460134662,838.0,64396.0,65267.0,65496.0,926.0,2543.0,2825.0,3678.0,9701.0,10559.0,2409.0,167.0,14.0,1.0,0.0,0.0,0.0,0.0,0.0,0.0,0.0,0.0,0.0,0.0,0.0,0.0,0.0,0.0,0.0,0.0,0.0,0.0,0.0,0.0
0.77875,358584.0,32816.0,10.9271087275,837.0,64398.0,65267.0,65500.0,908.0,2550.0,2767.0,3849.0,9494.0,10763.0,2297.0,170.0,16.0,2.0,0.0,0.0,0.0,0.0,0.0,0.0,0.0,0.0,0.0,0.0,0.0,0.0,0.0,0.0,0.0,0.0,0.0,0.0,0.0,0.0
0.779444444444,356801.0,32835.0,10.8664839348,834.0,64393.0,65267.0,65497.0,951.0,2565.0,2962.0,3818.0,9424.0,10591.0,2352.0,146.0,24.0,2.0,0.0,0.0,0.0,0.0,0.0,0.0,0.0,0.0,0.0,0.0,0.0,0.0,0.0,0.0,0.0,0.0,0.0,0.0,0.0,0.0
0.780138888889,360553.0,32832.0,10.9817556043,837.0,64396.0,65270.0,65500.0,958.0,2511.0,2823.0,3777.0,9387.0,10801.0,2393.0,166.0,15.0,1.0,0.0,0.0,0.0,0.0,0.0,0.0,0.0,0.0,0.0,0.0,0.0,0.0,0.0,0.0,0.0,0.0,0.0,0.0,0.0,0.0
0.780833333333,359859.0,32829.0,10.9616193,835.0,64396.0,65267.0,65497.0,954.0,2531.0,2864.0,3700.0,9524.0,10688.0,2362.0,195.0,10.0,1.0,0.0,0.0,0.0,0.0,0.0,0.0,0.0,0.0,0.0,0.0,0.0,0.0,0.0,0.0,0.0,0.0,0.0,0.0,0.0,0.0
0.781527777778,358638.0,32818.0,10.9280882443,837.0,64396.0,65268.0,65500.0,999.0,2580.0,2821.0,3662.0,9405.0,10873.0,2295.0,163.0,19.0,1.0,0.0,0.0,0.0,0.0,0.0,0.0,0.0,0.0,0.0,0.0,0.0,0.0,0.0,0.0,0.0,0.0,0.0,0.0,0.0,0.0
0.782222222222,361829.0,32836.0,11.0192776221,840.0,64396.0,65265.0,65496.0,889.0,2521.0,2858.0,3700.0,9521.0,10776.0,2379.0,170.0,19.0,3.0,0.0,0.0,0.0,0.0,0.0,0.0,0.0,0.0,0.0,0.0,0.0,0.0,0.0,0.0,0.0,0.0,0.0,0.0,0.0,0.0
0.782916666667,363537.0,32828.0,11.0739917144,838.0,64398.0,65270.0,65497.0,923.0,2411.0,2893.0,3671.0,9388.0,10955.0,2401.0,164.0,21.0,1.0,0.0,0.0,0.0,0.0,0.0,0.0,0.0,0.0,0.0,0.0,0.0,0.0,0.0,0.0,0.0,0.0,0.0,0.0,0.0,0.0
0.783611111111,358244.0,32831.0,10.9117602266,835.0,64396.0,65265.0,65499.0,971.0,2584.0,2862.0,3812.0,9410.0,10617.0,2386.0,172.0,17.0,0.0,0.0,0.0,0.0,0.0,0.0,0.0,0.0,0.0,0.0,0.0,0.0,0.0,0.0,0.0,0.0,0.0,0.0,0.0,0.0,0.0
0.784305555556,359927.0,32826.0,10.9646926217,835.0,64398.0,65267.0,65496.0,922.0,2511.0,2872.0,3718.0,9412.0,10828.0,2412.0,131.0,19.0,1.0,0.0,0.0,0.0,0.0,0.0,0.0,0.0,0.0,0.0,0.0,0.0,0.0,0.0,0.0,0.0,0.0,0.0,0.0,0.0,0.0
0.785,358068.0,32822.0,10.9093900433,837.0,64396.0,65264.0,65495.0,978.0,2532.0,2804.0,3772.0,9519.0,10722.0,2313.0,163.0,17.0,2.0,0.0,0.0,0.0,0.0,0.0,0.0,0.0,0.0,0.0,0.0,0.0,0.0,0.0,0.0,0.0,0.0,0.0,0.0,0.0,0.0
0.785694444444,362407.0,32837.0,11.0365441423,834.0,64398.0,65268.0,65499.0,920.0,2447.0,2818.0,3677.0,9530.0,10831.0,2445.0,153.0,16.0,0.0,0.0,0.0,0.0,0.0,0.0,0.0,0.0,0.0,0.0,0.0,0.0,0.0,0.0,0.0,0.0,0.0,0.0,0.0,0.0,0.0
0.786388888889,361009.0,32809.0,11.0033527386,834.0,64392.0,65268.0,65500.0,975.0,2403.0,2845.0,3687.0,9387.0,10992.0,2341.0,166.0,13.0,0.0,0.0,0.0,0.0,0.0,0.0,0.0,0.0,0.0,0.0,0.0,0.0,0.0,0.0,0.0,0.0,0.0,0.0,0.0,0.0,0.0
0.787083333333,359233.0,32813.0,10.9478865084,829.0,64393.0,65267.0,65496.0,892.0,2503.0,2863.0,3781.0,9415.0,10843.0,2351.0,147.0,17.0,1.0,0.0,0.0,0.0,0.0,0.0,0.0,0.0,0.0,0.0,0.0,0.0,0.0,0.0,0.0,0.0,0.0,0.0,0.0,0.0,0.0
0.787777777778,360329.0,32807.0,10.9832962478,834.0,64395.0,65270.0,65502.0,956.0,2423.0,2803.0,3883.0,9454.0,10733.0,2370.0,158.0,27.0,0.0,0.0,0.0,0.0,0.0,0.0,0.0,0.0,0.0,0.0,0.0,0.0,0.0,0.0,0.0,0.0,0.0,0.0,0.0,0.0,0.0
0.788472222222,367690.0,32816.0,11.2045953194,834.0,64393.0,65268.0,65496.0,861.0,2384.0,2777.0,3716.0,9357.0,11053.0,2478.0,167.0,21.0,2.0,0.0,0.0,0.0,0.0,0.0,0.0,0.0,0.0,0.0,0.0,0.0,0.0,0.0,0.0,0.0,0.0,0.0,0.0,0.0,0.0
0.789166666667,363367.0,32816.0,11.0728607996,834.0,64396.0,65265.0,65497.0,860.0,2485.0,2813.0,3684.0,9575.0,10831.0,2362.0,183.0,20.0,3.0,0.0,0.0,0.0,0.0,0.0,0.0,0.0,0.0,0.0,0.0,0.0,0.0,0.0,0.0,0.0,0.0,0.0,0.0,0.0,0.0
0.789861111111,362240.0,32810.0,11.0405364218,832.0,64392.0,65264.0,65496.0,902.0,2458.0,2823.0,3828.0,9371.0,10829.0,2413.0,165.0,20.0,1.0,0.0,0.0,0.0,0.0,0.0,0.0,0.0,0.0,0.0,0.0,0.0,0.0,0.0,0.0,0.0,0.0,0.0,0.0,0.0,0.0
0.790555555556,359590.0,32812.0,10.9591003291,834.0,64392.0,65276.0,65500.0,971.0,2468.0,2807.0,3709.0,9568.0,10758.0,2354.0,158.0,18.0,1.0,0.0,0.0,0.0,0.0,0.0,0.0,0.0,0.0,0.0,0.0,0.0,0.0,0.0,0.0,0.0,0.0,0.0,0.0,0.0,0.0
0.79125,359858.0,32815.0,10.9662654274,830.0,64396.0,65267.0,65500.0,962.0,2608.0,2839.0,3679.0,9395.0,10776.0,2356.0,183.0,17.0,0.0,0.0,0.0,0.0,0.0,0.0,0.0,0.0,0.0,0.0,0.0,0.0,0.0,0.0,0.0,0.0,0.0,0.0,0.0,0.0,0.0
0.791944444444,360695.0,32812.0,10.9927770328,832.0,64398.0,65267.0,65496.0,944.0,2499.0,2854.0,3696.0,9583.0,10671.0,2370.0,168.0,25.0,2.0,0.0,0.0,0.0,0.0,0.0,0.0,0.0,0.0,0.0,0.0,0.0,0.0,0.0,0.0,0.0,0.0,0.0,0.0,0.0,0.0
0.792638888889,364275.0,32814.0,11.101206802,827.0,64392.0,65271.0,65495.0,926.0,2479.0,2758.0,3742.0,9404.0,10842.0,2478.0,166.0,17.0,2.0,0.0,0.0,0.0,0.0,0.0,0.0,0.0,0.0,0.0,0.0,0.0,0.0,0.0,0.0,0.0,0.0,0.0,0.0,0.0,0.0
0.793333333333,360243.0,32809.0,10.9800054863,827.0,64393.0,65265.0,65503.0,929.0,2457.0,2801.0,3746.0,9534.0,10798.0,2381.0,141.0,21.0,1.0,0.0,0.0,0.0,0.0,0.0,0.0,0.0,0.0,0.0,0.0,0.0,0.0,0.0,0.0,0.0,0.0,0.0,0.0,0.0,0.0
0.794027777778,356537.0,32808.0,10.8673799073,829.0,64392.0,65270.0,65496.0,996.0,2529.0,2872.0,3760.0,9491.0,10683.0,2313.0,137.0,26.0,1.0,0.0,0.0,0.0,0.0,0.0,0.0,0.0,0.0,0.0,0.0,0.0,0.0,0.0,0.0,0.0,0.0,0.0,0.0,0.0,0.0
0.794722222222,356271.0,32802.0,10.8612584599,824.0,64398.0,65267.0,65496.0,947.0,2585.0,2821.0,3793.0,9593.0,10570.0,2325.0,147.0,17.0,4.0,0.0,0.0,0.0,0.0,0.0,0.0,0.0,0.0,0.0,0.0,0.0,0.0,0.0,0.0,0.0,0.0,0.0,0.0,0.0,0.0
0.795416666667,360124.0,32795.0,10.9810641866,827.0,64395.0,65267.0,65497.0,926.0,2570.0,2767.0,3733.0,9520.0,10722.0,2371.0,161.0,25.0,0.0,0.0,0.0,0.0,0.0,0.0,0.0,0.0,0.0,0.0,0.0,0.0,0.0,0.0,0.0,0.0,0.0,0.0,0.0,0.0,0.0
0.796111111111,357800.0,32791.0,10.9115306029,827.0,64396.0,65267.0,65497.0,931.0,2600.0,2902.0,3605.0,9484.0,10806.0,2278.0,162.0,23.0,0.0,0.0,0.0,0.0,0.0,0.0,0.0,0.0,0.0,0.0,0.0,0.0,0.0,0.0,0.0,0.0,0.0,0.0,0.0,0.0,0.0
0.796805555556,354391.0,32804.0,10.8032861846,826.0,64396.0,65267.0,65500.0,959.0,2587.0,2872.0,3763.0,9650.0,10611.0,2186.0,140.0,32.0,4.0,0.0,0.0,0.0,0.0,0.0,0.0,0.0,0.0,0.0,0.0,0.0,0.0,0.0,0.0,0.0,0.0,0.0,0.0,0.0,0.0
0.7975,358124.0,32807.0,10.9160849819,827.0,64392.0,65273.0,65500.0,949.0,2582.0,2851.0,3720.0,9502.0,10690.0,2315.0,182.0,15.0,1.0,0.0,0.0,0.0,0.0,0.0,0.0,0.0,0.0,0.0,0.0,0.0,0.0,0.0,0.0,0.0,0.0,0.0,0.0,0.0,0.0
0.798194444444,354246.0,32794.0,10.8021589315,826.0,64391.0,65267.0,65496.0,1060.0,2606.0,2918.0,3759.0,9366.0,10610.0,2314.0,134.0,27.0,0.0,0.0,0.0,0.0,0.0,0.0,0.0,0.0,0.0,0.0,0.0,0.0,0.0,0.0,0.0,0.0,0.0,0.0,0.0,0.0,0.0
0.798888888889,353723.0,32797.0,10.7852242583,826.0,64393.0,65270.0,65496.0,1057.0,2597.0,2903.0,3768.0,9355.0,10663.0,2302.0,132.0,19.0,1.0,0.0,0.0,0.0,0.0,0.0,0.0,0.0,0.0,0.0,0.0,0.0,0.0,0.0,0.0,0.0,0.0,0.0,0.0,0.0,0.0
0.799583333333,352426.0,32806.0,10.7427299884,826.0,64391.0,65267.0,65502.0,1006.0,2754.0,2896.0,3692.0,9451.0,10604.0,2222.0,165.0,15.0,1.0,0.0,0.0,0.0,0.0,0.0,0.0,0.0,0.0,0.0,0.0,0.0,0.0,0.0,0.0,0.0,0.0,0.0,0.0,0.0,0.0
0.800277777778,359146.0,32796.0,10.9509086474,826.0,64399.0,65268.0,65496.0,982.0,2548.0,2837.0,3687.0,9340.0,10893.0,2342.0,145.0,21.0,1.0,0.0,0.0,0.0,0.0,0.0,0.0,0.0,0.0,0.0,0.0,0.0,0.0,0.0,0.0,0.0,0.0,0.0,0.0,0.0,0.0
0.800972222222,356497.0,32800.0,10.8688109756,819.0,64396.0,65267.0,65496.0,1042.0,2593.0,2756.0,3710.0,9394.0,10904.0,2233.0,149.0,15.0,4.0,0.0,0.0,0.0,0.0,0.0,0.0,0.0,0.0,0.0,0.0,0.0,0.0,0.0,0.0,0.0,0.0,0.0,0.0,0.0,0.0
0.801666666667,358584.0,32803.0,10.9314391976,824.0,64396.0,65268.0,65497.0,971.0,2736.0,2900.0,3646.0,9243.0,10753.0,2366.0,161.0,27.0,0.0,0.0,0.0,0.0,0.0,0.0,0.0,0.0,0.0,0.0,0.0,0.0,0.0,0.0,0.0,0.0,0.0,0.0,0.0,0.0,0.0
0.802361111111,356451.0,32791.0,10.8703912659,824.0,64393.0,65265.0,65500.0,984.0,2609.0,2851.0,3809.0,9395.0,10639.0,2325.0,157.0,20.0,2.0,0.0,0.0,0.0,0.0,0.0,0.0,0.0,0.0,0.0,0.0,0.0,0.0,0.0,0.0,0.0,0.0,0.0,0.0,0.0,0.0
0.803055555556,354862.0,32796.0,10.8202829613,824.0,64393.0,65271.0,65497.0,1021.0,2546.0,2868.0,3709.0,9494.0,10713.0,2283.0,147.0,15.0,0.0,0.0,0.0,0.0,0.0,0.0,0.0,0.0,0.0,0.0,0.0,0.0,0.0,0.0,0.0,0.0,0.0,0.0,0.0,0.0,0.0
0.80375,359086.0,32793.0,10.9500808099,824.0,64403.0,65267.0,65496.0,1008.0,2618.0,2878.0,3688.0,9277.0,10827.0,2296.0,175.0,22.0,4.0,0.0,0.0,0.0,0.0,0.0,0.0,0.0,0.0,0.0,0.0,0.0,0.0,0.0,0.0,0.0,0.0,0.0,0.0,0.0,0.0
0.804444444444,355542.0,32784.0,10.8449853587,821.0,64396.0,65271.0,65500.0,944.0,2634.0,2918.0,3844.0,9406.0,10566.0,2269.0,179.0,22.0,2.0,0.0,0.0,0.0,0.0,0.0,0.0,0.0,0.0,0.0,0.0,0.0,0.0,0.0,0.0,0.0,0.0,0.0,0.0,0.0,0.0
0.805138888889,356080.0,32783.0,10.8617271147,826.0,64398.0,65268.0,65500.0,1002.0,2742.0,2877.0,3670.0,9405.0,10602.0,2279.0,180.0,24.0,2.0,0.0,0.0,0.0,0.0,0.0,0.0,0.0,0.0,0.0,0.0,0.0,0.0,0.0,0.0,0.0,0.0,0.0,0.0,0.0,0.0
0.805833333333,358305.0,32789.0,10.92759767,822.0,64396.0,65267.0,65500.0,976.0,2593.0,2998.0,3715.0,9217.0,10798.0,2291.0,173.0,25.0,3.0,0.0,0.0,0.0,0.0,0.0,0.0,0.0,0.0,0.0,0.0,0.0,0.0,0.0,0.0,0.0,0.0,0.0,0.0,0.0,0.0
0.806527777778,354811.0,32782.0,10.8233481789,819.0,64396.0,65270.0,65496.0,1048.0,2617.0,2911.0,3693.0,9348.0,10721.0,2267.0,157.0,19.0,1.0,0.0,0.0,0.0,0.0,0.0,0.0,0.0,0.0,0.0,0.0,0.0,0.0,0.0,0.0,0.0,0.0,0.0,0.0,0.0,0.0
0.807222222222,360525.0,32782.0,10.99765115,819.0,64393.0,65270.0,65494.0,1067.0,2669.0,2814.0,3677.0,9230.0,10758.0,2353.0,180.0,31.0,3.0,0.0,0.0,0.0,0.0,0.0,0.0,0.0,0.0,0.0,0.0,0.0,0.0,0.0,0.0,0.0,0.0,0.0,0.0,0.0,0.0
0.807916666667,359725.0,32788.0,10.9712394779,814.0,64396.0,65267.0,65497.0,1006.0,2615.0,2849.0,3595.0,9363.0,10851.0,2318.0,166.0,21.0,4.0,0.0,0.0,0.0,0.0,0.0,0.0,0.0,0.0,0.0,0.0,0.0,0.0,0.0,0.0,0.0,0.0,0.0,0.0,0.0,0.0
0.808611111111,355845.0,32783.0,10.8545587652,817.0,64396.0,65268.0,65502.0,1034.0,2631.0,2765.0,3737.0,9380.0,10760.0,2305.0,158.0,13.0,0.0,0.0,0.0,0.0,0.0,0.0,0.0,0.0,0.0,0.0,0.0,0.0,0.0,0.0,0.0,0.0,0.0,0.0,0.0,0.0,0.0
0.809305555556,355654.0,32774.0,10.8517117227,819.0,64393.0,65268.0,65497.0,1053.0,2680.0,2829.0,3699.0,9271.0,10759.0,2318.0,144.0,20.0,1.0,0.0,0.0,0.0,0.0,0.0,0.0,0.0,0.0,0.0,0.0,0.0,0.0,0.0,0.0,0.0,0.0,0.0,0.0,0.0,0.0
0.81,356004.0,32781.0,10.8600713828,817.0,64396.0,65267.0,65496.0,1083.0,2596.0,2934.0,3825.0,9140.0,10731.0,2284.0,156.0,30.0,2.0,0.0,0.0,0.0,0.0,0.0,0.0,0.0,0.0,0.0,0.0,0.0,0.0,0.0,0.0,0.0,0.0,0.0,0.0,0.0,0.0
0.810694444444,356292.0,32778.0,10.8698517298,816.0,64396.0,65271.0,65496.0,1022.0,2656.0,2840.0,3711.0,9185.0,10913.0,2289.0,140.0,22.0,0.0,0.0,0.0,0.0,0.0,0.0,0.0,0.0,0.0,0.0,0.0,0.0,0.0,0.0,0.0,0.0,0.0,0.0,0.0,0.0,0.0
0.811388888889,354449.0,32778.0,10.8136249924,817.0,64394.0,65270.0,65502.0,1048.0,2665.0,2978.0,3695.0,9297.0,10624.0,2283.0,163.0,25.0,0.0,0.0,0.0,0.0,0.0,0.0,0.0,0.0,0.0,0.0,0.0,0.0,0.0,0.0,0.0,0.0,0.0,0.0,0.0,0.0,0.0
0.812083333333,358284.0,32774.0,10.9319582596,816.0,64396.0,65271.0,65500.0,1059.0,2596.0,2886.0,3697.0,9163.0,10820.0,2374.0,161.0,17.0,1.0,0.0,0.0,0.0,0.0,0.0,0.0,0.0,0.0,0.0,0.0,0.0,0.0,0.0,0.0,0.0,0.0,0.0,0.0,0.0,0.0
0.812777777778,353842.0,32775.0,10.7960945843,816.0,64396.0,65268.0,65499.0,1050.0,2780.0,2895.0,3760.0,9167.0,10632.0,2324.0,140.0,27.0,0.0,0.0,0.0,0.0,0.0,0.0,0.0,0.0,0.0,0.0,0.0,0.0,0.0,0.0,0.0,0.0,0.0,0.0,0.0,0.0,0.0
0.813472222222,353159.0,32776.0,10.7749267757,814.0,64393.0,65271.0,65494.0,974.0,2689.0,2997.0,3837.0,9179.0,10647.0,2279.0,156.0,17.0,1.0,0.0,0.0,0.0,0.0,0.0,0.0,0.0,0.0,0.0,0.0,0.0,0.0,0.0,0.0,0.0,0.0,0.0,0.0,0.0,0.0
0.814166666667,356582.0,32769.0,10.8816869602,814.0,64393.0,65267.0,65496.0,1048.0,2570.0,2960.0,3819.0,9192.0,10685.0,2294.0,175.0,23.0,3.0,0.0,0.0,0.0,0.0,0.0,0.0,0.0,0.0,0.0,0.0,0.0,0.0,0.0,0.0,0.0,0.0,0.0,0.0,0.0,0.0
0.814861111111,357994.0,32767.0,10.9254432814,814.0,64395.0,65267.0,65500.0,1044.0,2648.0,3021.0,3750.0,8974.0,10745.0,2409.0,147.0,26.0,3.0,0.0,0.0,0.0,0.0,0.0,0.0,0.0,0.0,0.0,0.0,0.0,0.0,0.0,0.0,0.0,0.0,0.0,0.0,0.0,0.0
0.815555555556,356140.0,32776.0,10.8658774713,814.0,64395.0,65270.0,65496.0,965.0,2606.0,2945.0,3827.0,9136.0,10879.0,2244.0,145.0,26.0,3.0,0.0,0.0,0.0,0.0,0.0,0.0,0.0,0.0,0.0,0.0,0.0,0.0,0.0,0.0,0.0,0.0,0.0,0.0,0.0,0.0
0.81625,354625.0,32768.0,10.8222961426,813.0,64396.0,65267.0,65500.0,1006.0,2683.0,2883.0,3870.0,9099.0,10763.0,2298.0,142.0,24.0,0.0,0.0,0.0,0.0,0.0,0.0,0.0,0.0,0.0,0.0,0.0,0.0,0.0,0.0,0.0,0.0,0.0,0.0,0.0,0.0,0.0
0.816944444444,357173.0,32765.0,10.9010529528,813.0,64396.0,65265.0,65499.0,1060.0,2627.0,2943.0,3921.0,8860.0,10791.0,2385.0,157.0,18.0,3.0,0.0,0.0,0.0,0.0,0.0,0.0,0.0,0.0,0.0,0.0,0.0,0.0,0.0,0.0,0.0,0.0,0.0,0.0,0.0,0.0
0.817638888889,356226.0,32761.0,10.8734776106,813.0,64395.0,65267.0,65499.0,1026.0,2672.0,2921.0,3748.0,9010.0,10954.0,2236.0,174.0,19.0,1.0,0.0,0.0,0.0,0.0,0.0,0.0,0.0,0.0,0.0,0.0,0.0,0.0,0.0,0.0,0.0,0.0,0.0,0.0,0.0,0.0
0.818333333333,356831.0,32752.0,10.8949377137,808.0,64393.0,65267.0,65500.0,980.0,2693.0,2975.0,3819.0,9010.0,10764.0,2315.0,169.0,25.0,2.0,0.0,0.0,0.0,0.0,0.0,0.0,0.0,0.0,0.0,0.0,0.0,0.0,0.0,0.0,0.0,0.0,0.0,0.0,0.0,0.0
0.819027777778,356247.0,32770.0,10.871132133,813.0,64395.0,65270.0,65500.0,1013.0,2641.0,2945.0,3919.0,8893.0,10862.0,2320.0,153.0,24.0,0.0,0.0,0.0,0.0,0.0,0.0,0.0,0.0,0.0,0.0,0.0,0.0,0.0,0.0,0.0,0.0,0.0,0.0,0.0,0.0,0.0
0.819722222222,353830.0,32766.0,10.7986937679,814.0,64395.0,65267.0,65494.0,1013.0,2748.0,3097.0,3868.0,8859.0,10673.0,2325.0,159.0,23.0,1.0,0.0,0.0,0.0,0.0,0.0,0.0,0.0,0.0,0.0,0.0,0.0,0.0,0.0,0.0,0.0,0.0,0.0,0.0,0.0,0.0
0.820416666667,353052.0,32746.0,10.7815305686,808.0,64393.0,65267.0,65499.0,1036.0,2686.0,2999.0,3988.0,8810.0,10729.0,2330.0,153.0,15.0,0.0,0.0,0.0,0.0,0.0,0.0,0.0,0.0,0.0,0.0,0.0,0.0,0.0,0.0,0.0,0.0,0.0,0.0,0.0,0.0,0.0
0.821111111111,352789.0,32751.0,10.7718542945,808.0,64399.0,65271.0,65496.0,1044.0,2779.0,3167.0,3895.0,8654.0,10725.0,2299.0,162.0,26.0,0.0,0.0,0.0,0.0,0.0,0.0,0.0,0.0,0.0,0.0,0.0,0.0,0.0,0.0,0.0,0.0,0.0,0.0,0.0,0.0,0.0
0.821805555556,353669.0,32756.0,10.797075345,808.0,64395.0,65267.0,65497.0,1056.0,2733.0,3000.0,3962.0,8714.0,10829.0,2287.0,154.0,18.0,3.0,0.0,0.0,0.0,0.0,0.0,0.0,0.0,0.0,0.0,0.0,0.0,0.0,0.0,0.0,0.0,0.0,0.0,0.0,0.0,0.0
0.8225,351364.0,32763.0,10.7244147361,808.0,64391.0,65272.0,65488.0,1016.0,2778.0,3089.0,3940.0,8733.0,10739.0,2313.0,139.0,16.0,0.0,0.0,0.0,0.0,0.0,0.0,0.0,0.0,0.0,0.0,0.0,0.0,0.0,0.0,0.0,0.0,0.0,0.0,0.0,0.0,0.0
0.823194444444,349152.0,32747.0,10.6621064525,811.0,64395.0,65270.0,65496.0,1076.0,2838.0,3127.0,3911.0,8718.0,10677.0,2222.0,157.0,21.0,0.0,0.0,0.0,0.0,0.0,0.0,0.0,0.0,0.0,0.0,0.0,0.0,0.0,0.0,0.0,0.0,0.0,0.0,0.0,0.0,0.0
0.823888888889,349236.0,32754.0,10.6623923796,809.0,64396.0,65271.0,65495.0,1047.0,2856.0,3152.0,3897.0,8769.0,10586.0,2279.0,150.0,17.0,1.0,0.0,0.0,0.0,0.0,0.0,0.0,0.0,0.0,0.0,0.0,0.0,0.0,0.0,0.0,0.0,0.0,0.0,0.0,0.0,0.0
0.824583333333,350569.0,32755.0,10.702762937,808.0,64396.0,65267.0,65496.0,1138.0,2803.0,3191.0,3938.0,8638.0,10551.0,2295.0,179.0,22.0,0.0,0.0,0.0,0.0,0.0,0.0,0.0,0.0,0.0,0.0,0.0,0.0,0.0,0.0,0.0,0.0,0.0,0.0,0.0,0.0,0.0
0.825277777778,347702.0,32749.0,10.6171791505,804.0,64396.0,65267.0,65496.0,1045.0,2918.0,3226.0,3967.0,8606.0,10575.0,2250.0,130.0,32.0,0.0,0.0,0.0,0.0,0.0,0.0,0.0,0.0,0.0,0.0,0.0,0.0,0.0,0.0,0.0,0.0,0.0,0.0,0.0,0.0,0.0
0.825972222222,349316.0,32742.0,10.6687435099,803.0,64392.0,65267.0,65500.0,1052.0,2900.0,3256.0,4002.0,8479.0,10552.0,2330.0,148.0,21.0,2.0,0.0,0.0,0.0,0.0,0.0,0.0,0.0,0.0,0.0,0.0,0.0,0.0,0.0,0.0,0.0,0.0,0.0,0.0,0.0,0.0
0.826666666667,348852.0,32752.0,10.6513190034,808.0,64391.0,65268.0,65497.0,1034.0,2854.0,3295.0,4036.0,8580.0,10426.0,2356.0,148.0,23.0,0.0,0.0,0.0,0.0,0.0,0.0,0.0,0.0,0.0,0.0,0.0,0.0,0.0,0.0,0.0,0.0,0.0,0.0,0.0,0.0,0.0
0.827361111111,350870.0,32746.0,10.7148964759,803.0,64395.0,65267.0,65495.0,1036.0,2936.0,3201.0,3969.0,8463.0,10590.0,2382.0,146.0,23.0,0.0,0.0,0.0,0.0,0.0,0.0,0.0,0.0,0.0,0.0,0.0,0.0,0.0,0.0,0.0,0.0,0.0,0.0,0.0,0.0,0.0
0.828055555556,350281.0,32735.0,10.7005040477,801.0,64395.0,65270.0,65496.0,1079.0,2849.0,3334.0,3959.0,8516.0,10412.0,2399.0,168.0,17.0,2.0,0.0,0.0,0.0,0.0,0.0,0.0,0.0,0.0,0.0,0.0,0.0,0.0,0.0,0.0,0.0,0.0,0.0,0.0,0.0,0.0
0.82875,345431.0,32745.0,10.5491220034,801.0,64396.0,65268.0,65496.0,1093.0,2915.0,3404.0,4143.0,8346.0,10369.0,2292.0,163.0,19.0,1.0,0.0,0.0,0.0,0.0,0.0,0.0,0.0,0.0,0.0,0.0,0.0,0.0,0.0,0.0,0.0,0.0,0.0,0.0,0.0,0.0
0.829444444444,341816.0,32726.0,10.4447839638,801.0,64392.0,65267.0,65500.0,1059.0,3118.0,3507.0,4121.0,8286.0,10193.0,2262.0,154.0,24.0,2.0,0.0,0.0,0.0,0.0,0.0,0.0,0.0,0.0,0.0,0.0,0.0,0.0,0.0,0.0,0.0,0.0,0.0,0.0,0.0,0.0
0.830138888889,340561.0,32743.0,10.4010322817,801.0,64392.0,65271.0,65500.0,1099.0,3091.0,3461.0,4185.0,8328.0,10187.0,2207.0,160.0,24.0,1.0,0.0,0.0,0.0,0.0,0.0,0.0,0.0,0.0,0.0,0.0,0.0,0.0,0.0,0.0,0.0,0.0,0.0,0.0,0.0,0.0
0.830833333333,339305.0,32737.0,10.3645721966,801.0,64396.0,65270.0,65496.0,1112.0,3147.0,3565.0,4159.0,8329.0,9972.0,2270.0,158.0,23.0,2.0,0.0,0.0,0.0,0.0,0.0,0.0,0.0,0.0,0.0,0.0,0.0,0.0,0.0,0.0,0.0,0.0,0.0,0.0,0.0,0.0
0.831527777778,333205.0,32741.0,10.1769952048,803.0,64396.0,65271.0,65500.0,1146.0,3143.0,3737.0,4207.0,8322.0,9911.0,2083.0,166.0,26.0,0.0,0.0,0.0,0.0,0.0,0.0,0.0,0.0,0.0,0.0,0.0,0.0,0.0,0.0,0.0,0.0,0.0,0.0,0.0,0.0,0.0
0.832222222222,333031.0,32734.0,10.1738559296,801.0,64393.0,65270.0,65497.0,1070.0,3217.0,3735.0,4300.0,8133.0,9945.0,2180.0,135.0,18.0,1.0,0.0,0.0,0.0,0.0,0.0,0.0,0.0,0.0,0.0,0.0,0.0,0.0,0.0,0.0,0.0,0.0,0.0,0.0,0.0,0.0
0.832916666667,335568.0,32734.0,10.2513594428,801.0,64396.0,65268.0,65500.0,1083.0,3244.0,3676.0,4221.0,8197.0,9953.0,2178.0,156.0,24.0,2.0,0.0,0.0,0.0,0.0,0.0,0.0,0.0,0.0,0.0,0.0,0.0,0.0,0.0,0.0,0.0,0.0,0.0,0.0,0.0,0.0
0.833611111111,331568.0,32723.0,10.1325673074,801.0,64395.0,65268.0,65502.0,1149.0,3258.0,3819.0,4230.0,8053.0,9890.0,2152.0,157.0,13.0,2.0,0.0,0.0,0.0,0.0,0.0,0.0,0.0,0.0,0.0,0.0,0.0,0.0,0.0,0.0,0.0,0.0,0.0,0.0,0.0,0.0
0.834305555556,331993.0,32737.0,10.1412163607,803.0,64395.0,65271.0,65494.0,1122.0,3231.0,3801.0,4258.0,8066.0,9965.0,2133.0,138.0,22.0,1.0,0.0,0.0,0.0,0.0,0.0,0.0,0.0,0.0,0.0,0.0,0.0,0.0,0.0,0.0,0.0,0.0,0.0,0.0,0.0,0.0
0.835,325931.0,32730.0,9.95817293003,800.0,64394.0,65271.0,65499.0,1122.0,3283.0,4032.0,4470.0,7856.0,9726.0,2085.0,134.0,21.0,1.0,0.0,0.0,0.0,0.0,0.0,0.0,0.0,0.0,0.0,0.0,0.0,0.0,0.0,0.0,0.0,0.0,0.0,0.0,0.0,0.0
0.835694444444,324362.0,32738.0,9.90781355,800.0,64396.0,65270.0,65496.0,1187.0,3262.0,4086.0,4378.0,8083.0,9532.0,2023.0,165.0,21.0,1.0,0.0,0.0,0.0,0.0,0.0,0.0,0.0,0.0,0.0,0.0,0.0,0.0,0.0,0.0,0.0,0.0,0.0,0.0,0.0,0.0
0.836388888889,322932.0,32722.0,9.86895666524,798.0,64391.0,65271.0,65496.0,1195.0,3410.0,4043.0,4285.0,8015.0,9648.0,1935.0,165.0,26.0,0.0,0.0,0.0,0.0,0.0,0.0,0.0,0.0,0.0,0.0,0.0,0.0,0.0,0.0,0.0,0.0,0.0,0.0,0.0,0.0,0.0
0.837083333333,325896.0,32737.0,9.95497449369,793.0,64396.0,65265.0,65505.0,1206.0,3392.0,4210.0,4229.0,7852.0,9583.0,2076.0,160.0,24.0,5.0,0.0,0.0,0.0,0.0,0.0,0.0,0.0,0.0,0.0,0.0,0.0,0.0,0.0,0.0,0.0,0.0,0.0,0.0,0.0,0.0
0.837777777778,317310.0,32717.0,9.69862762478,795.0,64395.0,65270.0,65497.0,1257.0,3536.0,4149.0,4523.0,7771.0,9312.0,2002.0,144.0,23.0,0.0,0.0,0.0,0.0,0.0,0.0,0.0,0.0,0.0,0.0,0.0,0.0,0.0,0.0,0.0,0.0,0.0,0.0,0.0,0.0,0.0
0.838472222222,316872.0,32726.0,9.68257654464,798.0,64393.0,65267.0,65500.0,1213.0,3646.0,4261.0,4444.0,7674.0,9348.0,1968.0,141.0,31.0,0.0,0.0,0.0,0.0,0.0,0.0,0.0,0.0,0.0,0.0,0.0,0.0,0.0,0.0,0.0,0.0,0.0,0.0,0.0,0.0,0.0
0.839166666667,313306.0,32715.0,9.57683020021,795.0,64392.0,65272.0,65499.0,1294.0,3572.0,4223.0,4486.0,7758.0,9350.0,1872.0,136.0,24.0,0.0,0.0,0.0,0.0,0.0,0.0,0.0,0.0,0.0,0.0,0.0,0.0,0.0,0.0,0.0,0.0,0.0,0.0,0.0,0.0,0.0
0.839861111111,310922.0,32725.0,9.50105423988,800.0,64396.0,65267.0,65499.0,1313.0,3642.0,4286.0,4571.0,7761.0,9164.0,1815.0,141.0,30.0,1.0,1.0,0.0,0.0,0.0,0.0,0.0,0.0,0.0,0.0,0.0,0.0,0.0,0.0,0.0,0.0,0.0,0.0,0.0,0.0,0.0
0.840555555556,314032.0,32719.0,9.597848345,795.0,64392.0,65270.0,65498.0,1266.0,3470.0,4339.0,4623.0,7734.0,9207.0,1907.0,144.0,27.0,2.0,0.0,0.0,0.0,0.0,0.0,0.0,0.0,0.0,0.0,0.0,0.0,0.0,0.0,0.0,0.0,0.0,0.0,0.0,0.0,0.0
0.84125,314293.0,32732.0,9.60201026518,793.0,64396.0,65270.0,65500.0,1225.0,3641.0,4326.0,4458.0,7741.0,9262.0,1896.0,157.0,26.0,0.0,0.0,0.0,0.0,0.0,0.0,0.0,0.0,0.0,0.0,0.0,0.0,0.0,0.0,0.0,0.0,0.0,0.0,0.0,0.0,0.0
0.841944444444,308463.0,32725.0,9.42591291062,793.0,64396.0,65268.0,65502.0,1285.0,3717.0,4483.0,4537.0,7628.0,9100.0,1803.0,140.0,30.0,2.0,0.0,0.0,0.0,0.0,0.0,0.0,0.0,0.0,0.0,0.0,0.0,0.0,0.0,0.0,0.0,0.0,0.0,0.0,0.0,0.0
0.842638888889,307778.0,32717.0,9.40728061864,798.0,64395.0,65267.0,65500.0,1190.0,3646.0,4518.0,4570.0,7806.0,9006.0,1804.0,160.0,16.0,1.0,0.0,0.0,0.0,0.0,0.0,0.0,0.0,0.0,0.0,0.0,0.0,0.0,0.0,0.0,0.0,0.0,0.0,0.0,0.0,0.0
0.843333333333,305641.0,32709.0,9.34424776056,790.0,64391.0,65271.0,65502.0,1298.0,3691.0,4607.0,4540.0,7750.0,8856.0,1771.0,174.0,20.0,2.0,0.0,0.0,0.0,0.0,0.0,0.0,0.0,0.0,0.0,0.0,0.0,0.0,0.0,0.0,0.0,0.0,0.0,0.0,0.0,0.0
0.844027777778,295533.0,32724.0,9.03107810781,790.0,64398.0,65268.0,65497.0,1342.0,3955.0,4863.0,4603.0,7390.0,8740.0,1677.0,139.0,15.0,0.0,0.0,0.0,0.0,0.0,0.0,0.0,0.0,0.0,0.0,0.0,0.0,0.0,0.0,0.0,0.0,0.0,0.0,0.0,0.0,0.0
0.844722222222,293361.0,32697.0,8.9721075328,790.0,64395.0,65271.0,65500.0,1491.0,4045.0,4656.0,4685.0,7428.0,8583.0,1652.0,134.0,22.0,1.0,0.0,0.0,0.0,0.0,0.0,0.0,0.0,0.0,0.0,0.0,0.0,0.0,0.0,0.0,0.0,0.0,0.0,0.0,0.0,0.0
0.845416666667,290232.0,32705.0,8.87423941293,793.0,64396.0,65270.0,65500.0,1452.0,4144.0,4844.0,4648.0,7318.0,8536.0,1609.0,137.0,15.0,2.0,0.0,0.0,0.0,0.0,0.0,0.0,0.0,0.0,0.0,0.0,0.0,0.0,0.0,0.0,0.0,0.0,0.0,0.0,0.0,0.0
0.846111111111,289777.0,32709.0,8.85924363325,790.0,64393.0,65271.0,65494.0,1434.0,4157.0,4806.0,4612.0,7355.0,8668.0,1526.0,133.0,15.0,3.0,0.0,0.0,0.0,0.0,0.0,0.0,0.0,0.0,0.0,0.0,0.0,0.0,0.0,0.0,0.0,0.0,0.0,0.0,0.0,0.0
0.846805555556,292061.0,32698.0,8.93207535629,787.0,64395.0,65272.0,65496.0,1387.0,4019.0,4893.0,4676.0,7512.0,8454.0,1570.0,162.0,22.0,3.0,0.0,0.0,0.0,0.0,0.0,0.0,0.0,0.0,0.0,0.0,0.0,0.0,0.0,0.0,0.0,0.0,0.0,0.0,0.0,0.0
0.8475,288784.0,32702.0,8.83077487615,787.0,64392.0,65268.0,65500.0,1439.0,4198.0,4735.0,4681.0,7407.0,8517.0,1574.0,138.0,13.0,0.0,0.0,0.0,0.0,0.0,0.0,0.0,0.0,0.0,0.0,0.0,0.0,0.0,0.0,0.0,0.0,0.0,0.0,0.0,0.0,0.0
0.848194444444,288881.0,32710.0,8.8315805564,788.0,64396.0,65271.0,65496.0,1425.0,4105.0,4848.0,4672.0,7527.0,8413.0,1554.0,149.0,16.0,1.0,0.0,0.0,0.0,0.0,0.0,0.0,0.0,0.0,0.0,0.0,0.0,0.0,0.0,0.0,0.0,0.0,0.0,0.0,0.0,0.0
0.848888888889,284200.0,32708.0,8.68900574783,788.0,64393.0,65267.0,65496.0,1486.0,4198.0,4889.0,4636.0,7628.0,8242.0,1467.0,143.0,17.0,2.0,0.0,0.0,0.0,0.0,0.0,0.0,0.0,0.0,0.0,0.0,0.0,0.0,0.0,0.0,0.0,0.0,0.0,0.0,0.0,0.0
0.849583333333,280462.0,32700.0,8.57681957187,788.0,64396.0,65270.0,65496.0,1538.0,4396.0,4915.0,4635.0,7412.0,8225.0,1423.0,138.0,17.0,1.0,0.0,0.0,0.0,0.0,0.0,0.0,0.0,0.0,0.0,0.0,0.0,0.0,0.0,0.0,0.0,0.0,0.0,0.0,0.0,0.0
0.850277777778,278118.0,32697.0,8.50591797413,788.0,64393.0,65272.0,65500.0,1560.0,4422.0,4960.0,4568.0,7420.0,8252.0,1371.0,130.0,13.0,1.0,0.0,0.0,0.0,0.0,0.0,0.0,0.0,0.0,0.0,0.0,0.0,0.0,0.0,0.0,0.0,0.0,0.0,0.0,0.0,0.0
0.850972222222,282972.0,32699.0,8.65384262516,787.0,64395.0,65272.0,65500.0,1550.0,4330.0,5075.0,4563.0,7386.0,8151.0,1442.0,180.0,20.0,2.0,0.0,0.0,0.0,0.0,0.0,0.0,0.0,0.0,0.0,0.0,0.0,0.0,0.0,0.0,0.0,0.0,0.0,0.0,0.0,0.0
0.851666666667,288600.0,32724.0,8.81921525486,787.0,64395.0,65272.0,65496.0,1587.0,4350.0,4957.0,4640.0,7338.0,8107.0,1495.0,213.0,28.0,9.0,0.0,0.0,0.0,0.0,0.0,0.0,0.0,0.0,0.0,0.0,0.0,0.0,0.0,0.0,0.0,0.0,0.0,0.0,0.0,0.0
0.852361111111,285455.0,32594.0,8.75790022704,790.0,64395.0,65271.0,65496.0,1590.0,4433.0,4957.0,4543.0,7321.0,8048.0,1430.0,240.0,29.0,3.0,0.0,0.0,0.0,0.0,0.0,0.0,0.0,0.0,0.0,0.0,0.0,0.0,0.0,0.0,0.0,0.0,0.0,0.0,0.0,0.0
0.853055555556,269680.0,32651.0,8.25947137913,788.0,64392.0,65272.0,65491.0,1596.0,4604.0,5156.0,4511.0,7420.0,7971.0,1251.0,131.0,11.0,0.0,0.0,0.0,0.0,0.0,0.0,0.0,0.0,0.0,0.0,0.0,0.0,0.0,0.0,0.0,0.0,0.0,0.0,0.0,0.0,0.0
0.85375,279497.0,32714.0,8.54365103625,785.0,64391.0,65268.0,65497.0,1603.0,4551.0,5223.0,4591.0,7233.0,7965.0,1267.0,247.0,33.0,1.0,0.0,0.0,0.0,0.0,0.0,0.0,0.0,0.0,0.0,0.0,0.0,0.0,0.0,0.0,0.0,0.0,0.0,0.0,0.0,0.0
0.854444444444,279651.0,32713.0,8.54861981475,787.0,64392.0,65271.0,65499.0,1636.0,4611.0,5198.0,4439.0,7283.0,7843.0,1461.0,228.0,14.0,0.0,0.0,0.0,0.0,0.0,0.0,0.0,0.0,0.0,0.0,0.0,0.0,0.0,0.0,0.0,0.0,0.0,0.0,0.0,0.0,0.0
0.855138888889,269617.0,32668.0,8.25324476552,787.0,64393.0,65271.0,65496.0,1739.0,4651.0,5099.0,4354.0,7465.0,7970.0,1252.0,119.0,19.0,0.0,0.0,0.0,0.0,0.0,0.0,0.0,0.0,0.0,0.0,0.0,0.0,0.0,0.0,0.0,0.0,0.0,0.0,0.0,0.0,0.0
0.855833333333,266571.0,32614.0,8.17351444165,783.0,64395.0,65271.0,65494.0,1751.0,4601.0,5131.0,4431.0,7410.0,7885.0,1303.0,97.0,5.0,0.0,0.0,0.0,0.0,0.0,0.0,0.0,0.0,0.0,0.0,0.0,0.0,0.0,0.0,0.0,0.0,0.0,0.0,0.0,0.0,0.0
0.856527777778,273196.0,32730.0,8.34695997556,787.0,64396.0,65271.0,65500.0,1789.0,4648.0,5104.0,4339.0,7255.0,8096.0,1351.0,139.0,8.0,1.0,0.0,0.0,0.0,0.0,0.0,0.0,0.0,0.0,0.0,0.0,0.0,0.0,0.0,0.0,0.0,0.0,0.0,0.0,0.0,0.0
0.857222222222,268010.0,32683.0,8.2002876113,785.0,64392.0,65272.0,65496.0,1831.0,4776.0,5121.0,4392.0,7260.0,7946.0,1193.0,140.0,24.0,0.0,0.0,0.0,0.0,0.0,0.0,0.0,0.0,0.0,0.0,0.0,0.0,0.0,0.0,0.0,0.0,0.0,0.0,0.0,0.0,0.0
0.857916666667,269817.0,32699.0,8.25153674424,785.0,64396.0,65270.0,65496.0,1866.0,4817.0,5108.0,4390.0,7137.0,7934.0,1272.0,157.0,17.0,1.0,0.0,0.0,0.0,0.0,0.0,0.0,0.0,0.0,0.0,0.0,0.0,0.0,0.0,0.0,0.0,0.0,0.0,0.0,0.0,0.0
0.858611111111,271765.0,32708.0,8.30882352941,782.0,64395.0,65276.0,65494.0,1778.0,4791.0,5075.0,4172.0,7435.0,8031.0,1262.0,146.0,17.0,1.0,0.0,0.0,0.0,0.0,0.0,0.0,0.0,0.0,0.0,0.0,0.0,0.0,0.0,0.0,0.0,0.0,0.0,0.0,0.0,0.0
0.859305555556,272645.0,32683.0,8.34210445798,785.0,64396.0,65272.0,65496.0,1751.0,4695.0,5059.0,4350.0,7342.0,8044.0,1272.0,152.0,16.0,2.0,0.0,0.0,0.0,0.0,0.0,0.0,0.0,0.0,0.0,0.0,0.0,0.0,0.0,0.0,0.0,0.0,0.0,0.0,0.0,0.0
0.86,269807.0,32704.0,8.2499694227,782.0,64396.0,65270.0,65495.0,1838.0,4745.0,5007.0,4290.0,7466.0,7955.0,1244.0,149.0,8.0,2.0,0.0,0.0,0.0,0.0,0.0,0.0,0.0,0.0,0.0,0.0,0.0,0.0,0.0,0.0,0.0,0.0,0.0,0.0,0.0,0.0
0.860694444444,272976.0,32685.0,8.35172097292,783.0,64391.0,65272.0,65496.0,1851.0,4864.0,4946.0,4177.0,7339.0,8071.0,1269.0,140.0,24.0,4.0,0.0,0.0,0.0,0.0,0.0,0.0,0.0,0.0,0.0,0.0,0.0,0.0,0.0,0.0,0.0,0.0,0.0,0.0,0.0,0.0
0.861388888889,268012.0,32682.0,8.2005997185,780.0,64396.0,65270.0,65496.0,1882.0,4780.0,5130.0,4279.0,7270.0,7960.0,1221.0,144.0,16.0,0.0,0.0,0.0,0.0,0.0,0.0,0.0,0.0,0.0,0.0,0.0,0.0,0.0,0.0,0.0,0.0,0.0,0.0,0.0,0.0,0.0
0.862083333333,269105.0,32679.0,8.23479910646,782.0,64396.0,65271.0,65496.0,1834.0,4875.0,5219.0,3936.0,7432.0,8028.0,1199.0,134.0,19.0,3.0,0.0,0.0,0.0,0.0,0.0,0.0,0.0,0.0,0.0,0.0,0.0,0.0,0.0,0.0,0.0,0.0,0.0,0.0,0.0,0.0
0.862777777778,271944.0,32687.0,8.31963777649,782.0,64393.0,65272.0,65496.0,1920.0,4796.0,4950.0,4110.0,7491.0,8003.0,1227.0,172.0,16.0,2.0,0.0,0.0,0.0,0.0,0.0,0.0,0.0,0.0,0.0,0.0,0.0,0.0,0.0,0.0,0.0,0.0,0.0,0.0,0.0,0.0
0.863472222222,274438.0,32684.0,8.39670786929,782.0,64391.0,65270.0,65496.0,1822.0,4738.0,5034.0,3988.0,7444.0,8208.0,1308.0,121.0,17.0,4.0,0.0,0.0,0.0,0.0,0.0,0.0,0.0,0.0,0.0,0.0,0.0,0.0,0.0,0.0,0.0,0.0,0.0,0.0,0.0,0.0
0.864166666667,273414.0,32689.0,8.36409801462,780.0,64392.0,65272.0,65500.0,1762.0,4728.0,5147.0,3964.0,7459.0,8157.0,1332.0,128.0,12.0,0.0,0.0,0.0,0.0,0.0,0.0,0.0,0.0,0.0,0.0,0.0,0.0,0.0,0.0,0.0,0.0,0.0,0.0,0.0,0.0,0.0
0.864861111111,277614.0,32682.0,8.49440058748,780.0,64396.0,65271.0,65491.0,1838.0,4832.0,4817.0,3825.0,7445.0,8424.0,1358.0,129.0,14.0,0.0,0.0,0.0,0.0,0.0,0.0,0.0,0.0,0.0,0.0,0.0,0.0,0.0,0.0,0.0,0.0,0.0,0.0,0.0,0.0,0.0
0.865555555556,277129.0,32685.0,8.47878231605,782.0,64392.0,65270.0,65499.0,1864.0,4745.0,4912.0,3942.0,7475.0,8249.0,1331.0,140.0,27.0,0.0,0.0,0.0,0.0,0.0,0.0,0.0,0.0,0.0,0.0,0.0,0.0,0.0,0.0,0.0,0.0,0.0,0.0,0.0,0.0,0.0
0.86625,278624.0,32674.0,8.52739181,774.0,64395.0,65272.0,65500.0,1855.0,4534.0,4869.0,3876.0,7638.0,8416.0,1351.0,118.0,16.0,1.0,0.0,0.0,0.0,0.0,0.0,0.0,0.0,0.0,0.0,0.0,0.0,0.0,0.0,0.0,0.0,0.0,0.0,0.0,0.0,0.0
0.866944444444,284926.0,32680.0,8.71866585067,780.0,64396.0,65271.0,65496.0,1757.0,4504.0,4803.0,3766.0,7801.0,8474.0,1401.0,150.0,22.0,2.0,0.0,0.0,0.0,0.0,0.0,0.0,0.0,0.0,0.0,0.0,0.0,0.0,0.0,0.0,0.0,0.0,0.0,0.0,0.0,0.0
0.867638888889,287371.0,32675.0,8.79482785004,775.0,64392.0,65267.0,65500.0,1759.0,4491.0,4818.0,3645.0,7715.0,8657.0,1432.0,127.0,27.0,4.0,0.0,0.0,0.0,0.0,0.0,0.0,0.0,0.0,0.0,0.0,0.0,0.0,0.0,0.0,0.0,0.0,0.0,0.0,0.0,0.0
0.868333333333,289667.0,32675.0,8.86509563887,779.0,64392.0,65268.0,65502.0,1762.0,4431.0,4640.0,3699.0,7773.0,8748.0,1448.0,152.0,21.0,1.0,0.0,0.0,0.0,0.0,0.0,0.0,0.0,0.0,0.0,0.0,0.0,0.0,0.0,0.0,0.0,0.0,0.0,0.0,0.0,0.0
0.869027777778,292738.0,32679.0,8.95798525047,774.0,64392.0,65271.0,65499.0,1736.0,4336.0,4615.0,3607.0,7901.0,8830.0,1483.0,152.0,14.0,5.0,0.0,0.0,0.0,0.0,0.0,0.0,0.0,0.0,0.0,0.0,0.0,0.0,0.0,0.0,0.0,0.0,0.0,0.0,0.0,0.0
0.869722222222,292355.0,32684.0,8.94489658549,777.0,64396.0,65272.0,65494.0,1770.0,4415.0,4474.0,3608.0,7914.0,8818.0,1532.0,136.0,15.0,2.0,0.0,0.0,0.0,0.0,0.0,0.0,0.0,0.0,0.0,0.0,0.0,0.0,0.0,0.0,0.0,0.0,0.0,0.0,0.0,0.0
0.870416666667,294059.0,32675.0,8.999510329,774.0,64392.0,65277.0,65499.0,1703.0,4429.0,4507.0,3460.0,7959.0,8932.0,1523.0,145.0,17.0,0.0,0.0,0.0,0.0,0.0,0.0,0.0,0.0,0.0,0.0,0.0,0.0,0.0,0.0,0.0,0.0,0.0,0.0,0.0,0.0,0.0
0.871111111111,294726.0,32675.0,9.01992348891,775.0,64390.0,65276.0,65499.0,1772.0,4432.0,4353.0,3431.0,7999.0,9008.0,1515.0,154.0,11.0,0.0,0.0,0.0,0.0,0.0,0.0,0.0,0.0,0.0,0.0,0.0,0.0,0.0,0.0,0.0,0.0,0.0,0.0,0.0,0.0,0.0
0.871805555556,293860.0,32673.0,8.99397055673,777.0,64392.0,65272.0,65503.0,1827.0,4362.0,4441.0,3474.0,7848.0,9048.0,1531.0,129.0,11.0,2.0,0.0,0.0,0.0,0.0,0.0,0.0,0.0,0.0,0.0,0.0,0.0,0.0,0.0,0.0,0.0,0.0,0.0,0.0,0.0,0.0
0.8725,301392.0,32669.0,9.22562674095,774.0,64391.0,65271.0,65499.0,1724.0,4350.0,4429.0,3254.0,7962.0,9135.0,1635.0,159.0,20.0,1.0,0.0,0.0,0.0,0.0,0.0,0.0,0.0,0.0,0.0,0.0,0.0,0.0,0.0,0.0,0.0,0.0,0.0,0.0,0.0,0.0
0.873194444444,297573.0,32681.0,9.10538233224,774.0,64393.0,65272.0,65500.0,1776.0,4335.0,4403.0,3294.0,7993.0,9141.0,1600.0,124.0,15.0,0.0,0.0,0.0,0.0,0.0,0.0,0.0,0.0,0.0,0.0,0.0,0.0,0.0,0.0,0.0,0.0,0.0,0.0,0.0,0.0,0.0
0.873888888889,303369.0,32678.0,9.28358528674,774.0,64396.0,65271.0,65496.0,1798.0,4257.0,4318.0,3201.0,7849.0,9470.0,1634.0,133.0,16.0,2.0,0.0,0.0,0.0,0.0,0.0,0.0,0.0,0.0,0.0,0.0,0.0,0.0,0.0,0.0,0.0,0.0,0.0,0.0,0.0,0.0
0.874583333333,308291.0,32685.0,9.43218601805,774.0,64391.0,65272.0,65500.0,1701.0,4189.0,4259.0,3108.0,7988.0,9535.0,1756.0,136.0,12.0,1.0,0.0,0.0,0.0,0.0,0.0,0.0,0.0,0.0,0.0,0.0,0.0,0.0,0.0,0.0,0.0,0.0,0.0,0.0,0.0,0.0
0.875277777778,311351.0,32674.0,9.52901389484,774.0,64393.0,65270.0,65500.0,1648.0,4225.0,4093.0,3087.0,8114.0,9607.0,1742.0,129.0,27.0,2.0,0.0,0.0,0.0,0.0,0.0,0.0,0.0,0.0,0.0,0.0,0.0,0.0,0.0,0.0,0.0,0.0,0.0,0.0,0.0,0.0
0.875972222222,317685.0,32679.0,9.7213807032,774.0,64391.0,65275.0,65496.0,1660.0,3985.0,3992.0,3065.0,8166.0,9752.0,1899.0,145.0,14.0,1.0,0.0,0.0,0.0,0.0,0.0,0.0,0.0,0.0,0.0,0.0,0.0,0.0,0.0,0.0,0.0,0.0,0.0,0.0,0.0,0.0
0.876666666667,315596.0,32671.0,9.65982063604,774.0,64392.0,65272.0,65495.0,1644.0,3906.0,4153.0,3042.0,8212.0,9697.0,1865.0,137.0,15.0,0.0,0.0,0.0,0.0,0.0,0.0,0.0,0.0,0.0,0.0,0.0,0.0,0.0,0.0,0.0,0.0,0.0,0.0,0.0,0.0,0.0
0.877361111111,322465.0,32682.0,9.86674622116,775.0,64395.0,65270.0,65496.0,1507.0,3873.0,4038.0,2975.0,8161.0,10051.0,1924.0,135.0,18.0,0.0,0.0,0.0,0.0,0.0,0.0,0.0,0.0,0.0,0.0,0.0,0.0,0.0,0.0,0.0,0.0,0.0,0.0,0.0,0.0,0.0
0.878055555556,317098.0,32679.0,9.70341809725,782.0,64391.0,65272.0,65496.0,1586.0,3846.0,4092.0,3039.0,8260.0,9959.0,1753.0,116.0,25.0,3.0,0.0,0.0,0.0,0.0,0.0,0.0,0.0,0.0,0.0,0.0,0.0,0.0,0.0,0.0,0.0,0.0,0.0,0.0,0.0,0.0
0.87875,321806.0,32674.0,9.84899308319,777.0,64393.0,65272.0,65500.0,1550.0,3854.0,4028.0,3028.0,8281.0,9927.0,1818.0,159.0,24.0,5.0,0.0,0.0,0.0,0.0,0.0,0.0,0.0,0.0,0.0,0.0,0.0,0.0,0.0,0.0,0.0,0.0,0.0,0.0,0.0,0.0
0.879444444444,327101.0,32669.0,10.012580734,777.0,64392.0,65271.0,65502.0,1503.0,3703.0,4019.0,2994.0,8225.0,10075.0,1983.0,140.0,23.0,4.0,0.0,0.0,0.0,0.0,0.0,0.0,0.0,0.0,0.0,0.0,0.0,0.0,0.0,0.0,0.0,0.0,0.0,0.0,0.0,0.0
0.880138888889,327839.0,32667.0,10.0357853491,774.0,64391.0,65272.0,65500.0,1554.0,3875.0,3890.0,2864.0,8085.0,10171.0,2082.0,125.0,21.0,0.0,0.0,0.0,0.0,0.0,0.0,0.0,0.0,0.0,0.0,0.0,0.0,0.0,0.0,0.0,0.0,0.0,0.0,0.0,0.0,0.0
0.880833333333,329060.0,32678.0,10.0697717119,774.0,64391.0,65271.0,65500.0,1459.0,3844.0,3846.0,2945.0,8102.0,10300.0,2029.0,135.0,16.0,2.0,0.0,0.0,0.0,0.0,0.0,0.0,0.0,0.0,0.0,0.0,0.0,0.0,0.0,0.0,0.0,0.0,0.0,0.0,0.0,0.0
0.881527777778,334641.0,32676.0,10.2411861917,774.0,64403.0,65272.0,65495.0,1485.0,3649.0,3872.0,2756.0,8270.0,10331.0,2156.0,134.0,21.0,2.0,0.0,0.0,0.0,0.0,0.0,0.0,0.0,0.0,0.0,0.0,0.0,0.0,0.0,0.0,0.0,0.0,0.0,0.0,0.0,0.0
0.882222222222,333573.0,32683.0,10.2063152097,777.0,64392.0,65272.0,65500.0,1454.0,3721.0,3892.0,2833.0,8112.0,10431.0,2071.0,142.0,26.0,1.0,0.0,0.0,0.0,0.0,0.0,0.0,0.0,0.0,0.0,0.0,0.0,0.0,0.0,0.0,0.0,0.0,0.0,0.0,0.0,0.0
0.882916666667,343254.0,32682.0,10.5028456031,775.0,64393.0,65272.0,65495.0,1414.0,3526.0,3770.0,2705.0,8243.0,10618.0,2227.0,149.0,23.0,7.0,0.0,0.0,0.0,0.0,0.0,0.0,0.0,0.0,0.0,0.0,0.0,0.0,0.0,0.0,0.0,0.0,0.0,0.0,0.0,0.0
0.883611111111,345697.0,32685.0,10.5766253633,777.0,64392.0,65279.0,65499.0,1365.0,3417.0,3806.0,2741.0,8185.0,10719.0,2268.0,157.0,22.0,5.0,0.0,0.0,0.0,0.0,0.0,0.0,0.0,0.0,0.0,0.0,0.0,0.0,0.0,0.0,0.0,0.0,0.0,0.0,0.0,0.0
0.884305555556,352258.0,32686.0,10.7770299211,779.0,64395.0,65272.0,65495.0,1240.0,3298.0,3702.0,2757.0,8104.0,10984.0,2453.0,125.0,19.0,4.0,0.0,0.0,0.0,0.0,0.0,0.0,0.0,0.0,0.0,0.0,0.0,0.0,0.0,0.0,0.0,0.0,0.0,0.0,0.0,0.0
0.885,355702.0,32688.0,10.8817302986,782.0,64391.0,65272.0,65499.0,1224.0,3186.0,3696.0,2683.0,8277.0,10939.0,2505.0,153.0,25.0,0.0,0.0,0.0,0.0,0.0,0.0,0.0,0.0,0.0,0.0,0.0,0.0,0.0,0.0,0.0,0.0,0.0,0.0,0.0,0.0,0.0
0.885694444444,356522.0,32680.0,10.9094859241,774.0,64392.0,65272.0,65496.0,1168.0,3094.0,3762.0,2758.0,8209.0,11013.0,2512.0,133.0,30.0,1.0,0.0,0.0,0.0,0.0,0.0,0.0,0.0,0.0,0.0,0.0,0.0,0.0,0.0,0.0,0.0,0.0,0.0,0.0,0.0,0.0
0.886388888889,363785.0,32682.0,11.1310507313,780.0,64393.0,65272.0,65500.0,1199.0,2993.0,3696.0,2678.0,8036.0,11248.0,2660.0,146.0,21.0,5.0,0.0,0.0,0.0,0.0,0.0,0.0,0.0,0.0,0.0,0.0,0.0,0.0,0.0,0.0,0.0,0.0,0.0,0.0,0.0,0.0
0.887083333333,365086.0,32692.0,11.1674415759,782.0,64391.0,65271.0,65500.0,1194.0,2984.0,3623.0,2628.0,8217.0,11245.0,2616.0,148.0,31.0,6.0,0.0,0.0,0.0,0.0,0.0,0.0,0.0,0.0,0.0,0.0,0.0,0.0,0.0,0.0,0.0,0.0,0.0,0.0,0.0,0.0
0.887777777778,364490.0,32683.0,11.1522810024,782.0,64392.0,65272.0,65502.0,1104.0,3014.0,3670.0,2564.0,8285.0,11242.0,2636.0,131.0,35.0,2.0,0.0,0.0,0.0,0.0,0.0,0.0,0.0,0.0,0.0,0.0,0.0,0.0,0.0,0.0,0.0,0.0,0.0,0.0,0.0,0.0
0.888472222222,367492.0,32687.0,11.2427570594,783.0,64391.0,65273.0,65494.0,1064.0,2914.0,3705.0,2562.0,8195.0,11351.0,2745.0,118.0,32.0,1.0,0.0,0.0,0.0,0.0,0.0,0.0,0.0,0.0,0.0,0.0,0.0,0.0,0.0,0.0,0.0,0.0,0.0,0.0,0.0,0.0
0.889166666667,367151.0,32692.0,11.2306068763,782.0,64392.0,65270.0,65500.0,1075.0,3035.0,3568.0,2669.0,8134.0,11369.0,2658.0,151.0,30.0,3.0,0.0,0.0,0.0,0.0,0.0,0.0,0.0,0.0,0.0,0.0,0.0,0.0,0.0,0.0,0.0,0.0,0.0,0.0,0.0,0.0
0.889861111111,368174.0,32683.0,11.265000153,783.0,64395.0,65271.0,65496.0,966.0,2944.0,3553.0,2617.0,8295.0,11489.0,2644.0,153.0,20.0,2.0,0.0,0.0,0.0,0.0,0.0,0.0,0.0,0.0,0.0,0.0,0.0,0.0,0.0,0.0,0.0,0.0,0.0,0.0,0.0,0.0
0.890555555556,370253.0,32702.0,11.3220292337,785.0,64391.0,65272.0,65499.0,1105.0,2843.0,3391.0,2687.0,8393.0,11377.0,2747.0,126.0,29.0,4.0,0.0,0.0,0.0,0.0,0.0,0.0,0.0,0.0,0.0,0.0,0.0,0.0,0.0,0.0,0.0,0.0,0.0,0.0,0.0,0.0
0.89125,388979.0,32701.0,11.895018501,787.0,64390.0,65276.0,65498.0,925.0,2631.0,3228.0,2591.0,8131.0,11924.0,3055.0,185.0,30.0,1.0,0.0,0.0,0.0,0.0,0.0,0.0,0.0,0.0,0.0,0.0,0.0,0.0,0.0,0.0,0.0,0.0,0.0,0.0,0.0,0.0
0.891944444444,388965.0,32705.0,11.8931356062,787.0,64391.0,65276.0,65496.0,851.0,2497.0,3210.0,2550.0,8319.0,12038.0,3083.0,132.0,22.0,3.0,0.0,0.0,0.0,0.0,0.0,0.0,0.0,0.0,0.0,0.0,0.0,0.0,0.0,0.0,0.0,0.0,0.0,0.0,0.0,0.0
0.892638888889,391950.0,32689.0,11.9902719569,787.0,64391.0,65272.0,65497.0,855.0,2504.0,2995.0,2626.0,8373.0,12111.0,3024.0,167.0,31.0,3.0,0.0,0.0,0.0,0.0,0.0,0.0,0.0,0.0,0.0,0.0,0.0,0.0,0.0,0.0,0.0,0.0,0.0,0.0,0.0,0.0
0.893333333333,389985.0,32751.0,11.9075753412,787.0,64391.0,65273.0,65499.0,849.0,2459.0,3061.0,2639.0,8318.0,12197.0,3079.0,132.0,17.0,0.0,0.0,0.0,0.0,0.0,0.0,0.0,0.0,0.0,0.0,0.0,0.0,0.0,0.0,0.0,0.0,0.0,0.0,0.0,0.0,0.0
0.894027777778,390233.0,32718.0,11.9271654747,787.0,64392.0,65272.0,65496.0,813.0,2431.0,3073.0,2678.0,8274.0,12195.0,3116.0,123.0,14.0,1.0,0.0,0.0,0.0,0.0,0.0,0.0,0.0,0.0,0.0,0.0,0.0,0.0,0.0,0.0,0.0,0.0,0.0,0.0,0.0,0.0
0.894722222222,396194.0,32672.0,12.1264079334,787.0,64391.0,65273.0,65500.0,799.0,2294.0,2956.0,2671.0,8341.0,12251.0,3202.0,129.0,28.0,1.0,0.0,0.0,0.0,0.0,0.0,0.0,0.0,0.0,0.0,0.0,0.0,0.0,0.0,0.0,0.0,0.0,0.0,0.0,0.0,0.0
0.895416666667,391808.0,32702.0,11.9811632316,790.0,64393.0,65272.0,65496.0,876.0,2448.0,2968.0,2702.0,8155.0,12243.0,3184.0,106.0,18.0,2.0,0.0,0.0,0.0,0.0,0.0,0.0,0.0,0.0,0.0,0.0,0.0,0.0,0.0,0.0,0.0,0.0,0.0,0.0,0.0,0.0
0.896111111111,382951.0,32702.0,11.7103235276,788.0,64391.0,65272.0,65502.0,851.0,2499.0,3102.0,2720.0,8355.0,12113.0,2948.0,99.0,14.0,1.0,0.0,0.0,0.0,0.0,0.0,0.0,0.0,0.0,0.0,0.0,0.0,0.0,0.0,0.0,0.0,0.0,0.0,0.0,0.0,0.0
0.896805555556,382038.0,32695.0,11.6849059489,790.0,64391.0,65273.0,65496.0,910.0,2476.0,3077.0,2828.0,8312.0,12001.0,2973.0,104.0,14.0,0.0,0.0,0.0,0.0,0.0,0.0,0.0,0.0,0.0,0.0,0.0,0.0,0.0,0.0,0.0,0.0,0.0,0.0,0.0,0.0,0.0
0.8975,387271.0,32712.0,11.8388053314,790.0,64396.0,65272.0,65496.0,859.0,2381.0,2877.0,2714.0,8511.0,12272.0,2979.0,105.0,14.0,0.0,0.0,0.0,0.0,0.0,0.0,0.0,0.0,0.0,0.0,0.0,0.0,0.0,0.0,0.0,0.0,0.0,0.0,0.0,0.0,0.0
0.898194444444,388375.0,32720.0,11.8696515892,793.0,64398.0,65272.0,65496.0,891.0,2357.0,2943.0,2745.0,8498.0,12083.0,3068.0,119.0,16.0,0.0,0.0,0.0,0.0,0.0,0.0,0.0,0.0,0.0,0.0,0.0,0.0,0.0,0.0,0.0,0.0,0.0,0.0,0.0,0.0,0.0
0.898888888889,397636.0,32719.0,12.1530609126,793.0,64391.0,65272.0,65496.0,808.0,2174.0,2681.0,2753.0,8670.0,12346.0,3142.0,116.0,25.0,4.0,0.0,0.0,0.0,0.0,0.0,0.0,0.0,0.0,0.0,0.0,0.0,0.0,0.0,0.0,0.0,0.0,0.0,0.0,0.0,0.0
0.899583333333,395580.0,32723.0,12.0887449195,795.0,64396.0,65272.0,65496.0,842.0,2334.0,2881.0,2769.0,8449.0,12171.0,3093.0,144.0,36.0,3.0,1.0,0.0,0.0,0.0,0.0,0.0,0.0,0.0,0.0,0.0,0.0,0.0,0.0,0.0,0.0,0.0,0.0,0.0,0.0,0.0
0.900277777778,398032.0,32720.0,12.164792176,788.0,64390.0,65276.0,65496.0,808.0,2258.0,2867.0,2644.0,8513.0,12272.0,3186.0,140.0,32.0,0.0,0.0,0.0,0.0,0.0,0.0,0.0,0.0,0.0,0.0,0.0,0.0,0.0,0.0,0.0,0.0,0.0,0.0,0.0,0.0,0.0
0.900972222222,397231.0,32719.0,12.1406827837,800.0,64393.0,65273.0,65496.0,797.0,2391.0,2688.0,2776.0,8449.0,12261.0,3189.0,142.0,25.0,1.0,0.0,0.0,0.0,0.0,0.0,0.0,0.0,0.0,0.0,0.0,0.0,0.0,0.0,0.0,0.0,0.0,0.0,0.0,0.0,0.0
0.901666666667,395141.0,32725.0,12.0745912911,800.0,64392.0,65272.0,65500.0,850.0,2199.0,2717.0,2741.0,8696.0,12292.0,3067.0,142.0,18.0,3.0,0.0,0.0,0.0,0.0,0.0,0.0,0.0,0.0,0.0,0.0,0.0,0.0,0.0,0.0,0.0,0.0,0.0,0.0,0.0,0.0
0.902361111111,397846.0,32727.0,12.1565068598,800.0,64392.0,65273.0,65500.0,836.0,2278.0,2668.0,2814.0,8576.0,12246.0,3122.0,155.0,28.0,4.0,0.0,0.0,0.0,0.0,0.0,0.0,0.0,0.0,0.0,0.0,0.0,0.0,0.0,0.0,0.0,0.0,0.0,0.0,0.0,0.0
0.903055555556,403497.0,32746.0,12.322024064,801.0,64396.0,65276.0,65496.0,832.0,2213.0,2684.0,2675.0,8584.0,12288.0,3270.0,171.0,24.0,5.0,0.0,0.0,0.0,0.0,0.0,0.0,0.0,0.0,0.0,0.0,0.0,0.0,0.0,0.0,0.0,0.0,0.0,0.0,0.0,0.0
0.90375,394952.0,32730.0,12.0669721968,800.0,64396.0,65272.0,65500.0,857.0,2274.0,2629.0,2933.0,8701.0,12010.0,3152.0,148.0,24.0,2.0,0.0,0.0,0.0,0.0,0.0,0.0,0.0,0.0,0.0,0.0,0.0,0.0,0.0,0.0,0.0,0.0,0.0,0.0,0.0,0.0
0.904444444444,389557.0,32743.0,11.8974131876,801.0,64398.0,65272.0,65497.0,917.0,2371.0,2793.0,2874.0,8603.0,11970.0,3048.0,147.0,18.0,2.0,0.0,0.0,0.0,0.0,0.0,0.0,0.0,0.0,0.0,0.0,0.0,0.0,0.0,0.0,0.0,0.0,0.0,0.0,0.0,0.0
0.905138888889,389821.0,32740.0,11.9065668907,801.0,64391.0,65271.0,65503.0,884.0,2435.0,2869.0,2828.0,8656.0,11892.0,2983.0,158.0,29.0,6.0,0.0,0.0,0.0,0.0,0.0,0.0,0.0,0.0,0.0,0.0,0.0,0.0,0.0,0.0,0.0,0.0,0.0,0.0,0.0,0.0
0.905833333333,389919.0,32737.0,11.9106515563,801.0,64396.0,65272.0,65500.0,860.0,2355.0,2762.0,2880.0,8751.0,11980.0,2959.0,159.0,31.0,0.0,0.0,0.0,0.0,0.0,0.0,0.0,0.0,0.0,0.0,0.0,0.0,0.0,0.0,0.0,0.0,0.0,0.0,0.0,0.0,0.0
0.906527777778,386684.0,32737.0,11.811833705,803.0,64392.0,65272.0,65496.0,907.0,2450.0,2759.0,2929.0,8755.0,11792.0,2988.0,128.0,23.0,6.0,0.0,0.0,0.0,0.0,0.0,0.0,0.0,0.0,0.0,0.0,0.0,0.0,0.0,0.0,0.0,0.0,0.0,0.0,0.0,0.0
0.907222222222,385027.0,32739.0,11.7604997098,803.0,64390.0,65279.0,65497.0,917.0,2369.0,2809.0,2912.0,8808.0,11813.0,2964.0,125.0,20.0,2.0,0.0,0.0,0.0,0.0,0.0,0.0,0.0,0.0,0.0,0.0,0.0,0.0,0.0,0.0,0.0,0.0,0.0,0.0,0.0,0.0
0.907916666667,386287.0,32741.0,11.7982651721,804.0,64392.0,65272.0,65502.0,932.0,2367.0,2710.0,2961.0,8940.0,11710.0,2960.0,130.0,25.0,6.0,0.0,0.0,0.0,0.0,0.0,0.0,0.0,0.0,0.0,0.0,0.0,0.0,0.0,0.0,0.0,0.0,0.0,0.0,0.0,0.0
0.908611111111,385516.0,32752.0,11.7707620909,803.0,64396.0,65272.0,65500.0,957.0,2504.0,2738.0,2950.0,8823.0,11625.0,2977.0,143.0,33.0,2.0,0.0,0.0,0.0,0.0,0.0,0.0,0.0,0.0,0.0,0.0,0.0,0.0,0.0,0.0,0.0,0.0,0.0,0.0,0.0,0.0
0.909305555556,382308.0,32749.0,11.673883172,801.0,64392.0,65276.0,65495.0,950.0,2452.0,2754.0,3029.0,8949.0,11529.0,2928.0,131.0,22.0,5.0,0.0,0.0,0.0,0.0,0.0,0.0,0.0,0.0,0.0,0.0,0.0,0.0,0.0,0.0,0.0,0.0,0.0,0.0,0.0,0.0
0.91,375391.0,32743.0,11.4647710961,808.0,64391.0,65279.0,65496.0,1022.0,2561.0,2869.0,3015.0,8927.0,11424.0,2753.0,147.0,24.0,1.0,0.0,0.0,0.0,0.0,0.0,0.0,0.0,0.0,0.0,0.0,0.0,0.0,0.0,0.0,0.0,0.0,0.0,0.0,0.0,0.0
0.910694444444,375198.0,32751.0,11.456077677,809.0,64393.0,65275.0,65496.0,1005.0,2634.0,2914.0,3024.0,8922.0,11282.0,2793.0,153.0,20.0,4.0,0.0,0.0,0.0,0.0,0.0,0.0,0.0,0.0,0.0,0.0,0.0,0.0,0.0,0.0,0.0,0.0,0.0,0.0,0.0,0.0
0.911388888889,381766.0,32755.0,11.6551976797,811.0,64396.0,65273.0,65496.0,935.0,2568.0,2897.0,2955.0,8676.0,11701.0,2822.0,177.0,22.0,2.0,0.0,0.0,0.0,0.0,0.0,0.0,0.0,0.0,0.0,0.0,0.0,0.0,0.0,0.0,0.0,0.0,0.0,0.0,0.0,0.0
0.912083333333,375582.0,32744.0,11.4702540924,814.0,64391.0,65275.0,65497.0,970.0,2588.0,2847.0,3103.0,8883.0,11393.0,2805.0,126.0,29.0,0.0,0.0,0.0,0.0,0.0,0.0,0.0,0.0,0.0,0.0,0.0,0.0,0.0,0.0,0.0,0.0,0.0,0.0,0.0,0.0,0.0
0.912777777778,376262.0,32764.0,11.4840068368,813.0,64392.0,65275.0,65496.0,995.0,2648.0,2851.0,3076.0,8987.0,11214.0,2809.0,155.0,23.0,6.0,0.0,0.0,0.0,0.0,0.0,0.0,0.0,0.0,0.0,0.0,0.0,0.0,0.0,0.0,0.0,0.0,0.0,0.0,0.0,0.0
0.913472222222,368142.0,32765.0,11.2358309171,814.0,64391.0,65272.0,65497.0,1105.0,2664.0,2871.0,3068.0,9035.0,11227.0,2638.0,142.0,14.0,1.0,0.0,0.0,0.0,0.0,0.0,0.0,0.0,0.0,0.0,0.0,0.0,0.0,0.0,0.0,0.0,0.0,0.0,0.0,0.0,0.0
0.914166666667,373108.0,32766.0,11.3870475493,814.0,64391.0,65278.0,65496.0,1046.0,2694.0,2921.0,2959.0,8946.0,11273.0,2754.0,148.0,25.0,0.0,0.0,0.0,0.0,0.0,0.0,0.0,0.0,0.0,0.0,0.0,0.0,0.0,0.0,0.0,0.0,0.0,0.0,0.0,0.0,0.0
0.914861111111,368670.0,32764.0,11.2522890978,819.0,64392.0,65272.0,65496.0,1122.0,2822.0,2848.0,3098.0,9010.0,11014.0,2676.0,142.0,27.0,5.0,0.0,0.0,0.0,0.0,0.0,0.0,0.0,0.0,0.0,0.0,0.0,0.0,0.0,0.0,0.0,0.0,0.0,0.0,0.0,0.0
0.915555555556,363192.0,32767.0,11.0840784936,816.0,64392.0,65272.0,65500.0,1096.0,2818.0,3053.0,3019.0,9174.0,10878.0,2563.0,141.0,21.0,4.0,0.0,0.0,0.0,0.0,0.0,0.0,0.0,0.0,0.0,0.0,0.0,0.0,0.0,0.0,0.0,0.0,0.0,0.0,0.0,0.0
0.91625,366641.0,32755.0,11.1934361166,814.0,64392.0,65276.0,65496.0,1114.0,2839.0,2937.0,3066.0,8978.0,11029.0,2611.0,148.0,32.0,1.0,0.0,0.0,0.0,0.0,0.0,0.0,0.0,0.0,0.0,0.0,0.0,0.0,0.0,0.0,0.0,0.0,0.0,0.0,0.0,0.0
0.916944444444,358818.0,32754.0,10.9549368016,814.0,64392.0,65273.0,65497.0,1197.0,2836.0,3055.0,3252.0,9092.0,10648.0,2496.0,151.0,21.0,6.0,0.0,0.0,0.0,0.0,0.0,0.0,0.0,0.0,0.0,0.0,0.0,0.0,0.0,0.0,0.0,0.0,0.0,0.0,0.0,0.0
0.917638888889,358094.0,32758.0,10.9314976494,819.0,64395.0,65272.0,65496.0,1214.0,3048.0,2969.0,3147.0,9029.0,10656.0,2521.0,149.0,22.0,3.0,0.0,0.0,0.0,0.0,0.0,0.0,0.0,0.0,0.0,0.0,0.0,0.0,0.0,0.0,0.0,0.0,0.0,0.0,0.0,0.0
0.918333333333,353335.0,32755.0,10.7872080598,819.0,64391.0,65272.0,65499.0,1247.0,3087.0,2966.0,3239.0,9146.0,10433.0,2476.0,138.0,21.0,2.0,0.0,0.0,0.0,0.0,0.0,0.0,0.0,0.0,0.0,0.0,0.0,0.0,0.0,0.0,0.0,0.0,0.0,0.0,0.0,0.0
0.919027777778,352992.0,32769.0,10.7721321981,819.0,64392.0,65275.0,65496.0,1285.0,3110.0,2995.0,3189.0,9146.0,10467.0,2398.0,149.0,27.0,3.0,0.0,0.0,0.0,0.0,0.0,0.0,0.0,0.0,0.0,0.0,0.0,0.0,0.0,0.0,0.0,0.0,0.0,0.0,0.0,0.0
0.919722222222,350879.0,32769.0,10.7076505234,819.0,64391.0,65273.0,65499.0,1376.0,3051.0,3094.0,3266.0,9022.0,10325.0,2458.0,158.0,19.0,0.0,0.0,0.0,0.0,0.0,0.0,0.0,0.0,0.0,0.0,0.0,0.0,0.0,0.0,0.0,0.0,0.0,0.0,0.0,0.0,0.0
0.920416666667,345386.0,32764.0,10.5416310585,821.0,64393.0,65272.0,65496.0,1358.0,3108.0,3143.0,3234.0,9246.0,10174.0,2355.0,123.0,22.0,1.0,0.0,0.0,0.0,0.0,0.0,0.0,0.0,0.0,0.0,0.0,0.0,0.0,0.0,0.0,0.0,0.0,0.0,0.0,0.0,0.0
0.921111111111,342480.0,32766.0,10.4522981139,824.0,64392.0,65273.0,65499.0,1368.0,3358.0,3135.0,3289.0,9240.0,9865.0,2344.0,140.0,23.0,4.0,0.0,0.0,0.0,0.0,0.0,0.0,0.0,0.0,0.0,0.0,0.0,0.0,0.0,0.0,0.0,0.0,0.0,0.0,0.0,0.0
0.921805555556,337127.0,32769.0,10.2879855961,824.0,64391.0,65278.0,65496.0,1512.0,3369.0,3197.0,3333.0,9150.0,9856.0,2190.0,130.0,27.0,5.0,0.0,0.0,0.0,0.0,0.0,0.0,0.0,0.0,0.0,0.0,0.0,0.0,0.0,0.0,0.0,0.0,0.0,0.0,0.0,0.0
0.9225,332196.0,32770.0,10.1371986573,824.0,64396.0,65272.0,65500.0,1497.0,3574.0,3195.0,3396.0,9203.0,9555.0,2189.0,135.0,25.0,1.0,0.0,0.0,0.0,0.0,0.0,0.0,0.0,0.0,0.0,0.0,0.0,0.0,0.0,0.0,0.0,0.0,0.0,0.0,0.0,0.0
0.923194444444,328467.0,32763.0,10.0255471111,826.0,64396.0,65273.0,65496.0,1613.0,3571.0,3190.0,3317.0,9334.0,9523.0,2050.0,137.0,26.0,2.0,0.0,0.0,0.0,0.0,0.0,0.0,0.0,0.0,0.0,0.0,0.0,0.0,0.0,0.0,0.0,0.0,0.0,0.0,0.0,0.0
0.923888888889,328212.0,32777.0,10.0134850657,826.0,64392.0,65273.0,65503.0,1601.0,3536.0,3320.0,3445.0,9144.0,9452.0,2112.0,146.0,19.0,2.0,0.0,0.0,0.0,0.0,0.0,0.0,0.0,0.0,0.0,0.0,0.0,0.0,0.0,0.0,0.0,0.0,0.0,0.0,0.0,0.0
0.924583333333,325890.0,32778.0,9.94233937397,826.0,64393.0,65272.0,65497.0,1651.0,3548.0,3379.0,3390.0,9239.0,9325.0,2078.0,150.0,14.0,4.0,0.0,0.0,0.0,0.0,0.0,0.0,0.0,0.0,0.0,0.0,0.0,0.0,0.0,0.0,0.0,0.0,0.0,0.0,0.0,0.0
0.925277777778,325005.0,32778.0,9.91533955702,826.0,64391.0,65272.0,65496.0,1633.0,3671.0,3267.0,3418.0,9337.0,9204.0,2086.0,134.0,26.0,2.0,0.0,0.0,0.0,0.0,0.0,0.0,0.0,0.0,0.0,0.0,0.0,0.0,0.0,0.0,0.0,0.0,0.0,0.0,0.0,0.0
0.925972222222,319495.0,32779.0,9.74694163946,826.0,64392.0,65272.0,65497.0,1725.0,3743.0,3460.0,3540.0,9040.0,9091.0,2009.0,145.0,26.0,0.0,0.0,0.0,0.0,0.0,0.0,0.0,0.0,0.0,0.0,0.0,0.0,0.0,0.0,0.0,0.0,0.0,0.0,0.0,0.0,0.0
0.926666666667,321321.0,32781.0,9.80204996797,827.0,64396.0,65276.0,65495.0,1734.0,3809.0,3266.0,3567.0,9165.0,9036.0,2015.0,158.0,29.0,2.0,0.0,0.0,0.0,0.0,0.0,0.0,0.0,0.0,0.0,0.0,0.0,0.0,0.0,0.0,0.0,0.0,0.0,0.0,0.0,0.0
0.927361111111,316202.0,32779.0,9.64648097868,826.0,64393.0,65272.0,65500.0,1740.0,3848.0,3411.0,3517.0,9301.0,8868.0,1921.0,134.0,38.0,1.0,0.0,0.0,0.0,0.0,0.0,0.0,0.0,0.0,0.0,0.0,0.0,0.0,0.0,0.0,0.0,0.0,0.0,0.0,0.0,0.0
0.928055555556,317764.0,32783.0,9.69295061465,826.0,64392.0,65273.0,65500.0,1739.0,3834.0,3461.0,3424.0,9200.0,8948.0,2014.0,141.0,20.0,2.0,0.0,0.0,0.0,0.0,0.0,0.0,0.0,0.0,0.0,0.0,0.0,0.0,0.0,0.0,0.0,0.0,0.0,0.0,0.0,0.0
0.92875,310180.0,32784.0,9.46132259639,827.0,64394.0,65276.0,65500.0,1757.0,4056.0,3464.0,3675.0,9104.0,8689.0,1866.0,146.0,26.0,1.0,0.0,0.0,0.0,0.0,0.0,0.0,0.0,0.0,0.0,0.0,0.0,0.0,0.0,0.0,0.0,0.0,0.0,0.0,0.0,0.0
0.929444444444,307468.0,32792.0,9.37631129544,827.0,64391.0,65279.0,65496.0,1876.0,4172.0,3460.0,3678.0,9128.0,8448.0,1842.0,153.0,33.0,2.0,0.0,0.0,0.0,0.0,0.0,0.0,0.0,0.0,0.0,0.0,0.0,0.0,0.0,0.0,0.0,0.0,0.0,0.0,0.0,0.0
0.930138888889,255911.0,27330.0,9.36373948042,827.0,64391.0,65273.0,65500.0,1629.0,3373.0,3013.0,2978.0,7547.0,7085.0,1554.0,130.0,20.0,1.0,0.0,0.0,0.0,0.0,0.0,0.0,0.0,0.0,0.0,0.0,0.0,0.0,0.0,0.0,0.0,0.0,0.0,0.0,0.0,0.0
1.7728587963,305511.0,32792.0,9.31663210539,827.0,64392.0,65276.0,65497.0,1971.0,4249.0,3539.0,3678.0,9070.0,8246.0,1831.0,170.0,33.0,5.0,0.0,0.0,0.0,0.0,0.0,0.0,0.0,0.0,0.0,0.0,0.0,0.0,0.0,0.0,0.0,0.0,0.0,0.0,0.0,0.0
1.77702546296,302135.0,32792.0,9.21368016589,829.0,64391.0,65270.0,65503.0,2104.0,4217.0,3507.0,3606.0,9022.0,8377.0,1792.0,138.0,26.0,3.0,0.0,0.0,0.0,0.0,0.0,0.0,0.0,0.0,0.0,0.0,0.0,0.0,0.0,0.0,0.0,0.0,0.0,0.0,0.0,0.0
1.78119212963,295795.0,32795.0,9.01951517,830.0,64391.0,65276.0,65496.0,2137.0,4333.0,3589.0,3795.0,8946.0,8030.0,1818.0,126.0,20.0,1.0,0.0,0.0,0.0,0.0,0.0,0.0,0.0,0.0,0.0,0.0,0.0,0.0,0.0,0.0,0.0,0.0,0.0,0.0,0.0,0.0
1.7853587963,294026.0,32794.0,8.96584741111,829.0,64392.0,65274.0,65494.0,2204.0,4436.0,3669.0,3691.0,8926.0,7971.0,1728.0,143.0,20.0,6.0,0.0,0.0,0.0,0.0,0.0,0.0,0.0,0.0,0.0,0.0,0.0,0.0,0.0,0.0,0.0,0.0,0.0,0.0,0.0,0.0
1.78952546296,289664.0,32786.0,8.83499054474,829.0,64392.0,65273.0,65494.0,2188.0,4542.0,3611.0,3821.0,8961.0,7779.0,1727.0,139.0,18.0,0.0,0.0,0.0,0.0,0.0,0.0,0.0,0.0,0.0,0.0,0.0,0.0,0.0,0.0,0.0,0.0,0.0,0.0,0.0,0.0,0.0
1.79369212963,286741.0,32798.0,8.74263674614,832.0,64391.0,65273.0,65500.0,2330.0,4683.0,3535.0,4089.0,8753.0,7504.0,1708.0,179.0,15.0,2.0,0.0,0.0,0.0,0.0,0.0,0.0,0.0,0.0,0.0,0.0,0.0,0.0,0.0,0.0,0.0,0.0,0.0,0.0,0.0,0.0
1.7978587963,283842.0,32786.0,8.6574147502,834.0,64391.0,65275.0,65500.0,2297.0,4614.0,3604.0,4067.0,8857.0,7578.0,1593.0,156.0,19.0,1.0,0.0,0.0,0.0,0.0,0.0,0.0,0.0,0.0,0.0,0.0,0.0,0.0,0.0,0.0,0.0,0.0,0.0,0.0,0.0,0.0
1.80202546296,282107.0,32810.0,8.59820176775,832.0,64392.0,65272.0,65496.0,2428.0,4655.0,3662.0,4004.0,8866.0,7421.0,1590.0,160.0,22.0,2.0,0.0,0.0,0.0,0.0,0.0,0.0,0.0,0.0,0.0,0.0,0.0,0.0,0.0,0.0,0.0,0.0,0.0,0.0,0.0,0.0
1.80619212963,281393.0,32798.0,8.57957802305,832.0,64396.0,65272.0,65496.0,2502.0,4765.0,3542.0,4188.0,8529.0,7505.0,1575.0,166.0,25.0,1.0,0.0,0.0,0.0,0.0,0.0,0.0,0.0,0.0,0.0,0.0,0.0,0.0,0.0,0.0,0.0,0.0,0.0,0.0,0.0,0.0
1.8103587963,279726.0,32798.0,8.52875175316,829.0,64392.0,65276.0,65494.0,2463.0,4794.0,3566.0,4126.0,8780.0,7284.0,1604.0,158.0,22.0,1.0,0.0,0.0,0.0,0.0,0.0,0.0,0.0,0.0,0.0,0.0,0.0,0.0,0.0,0.0,0.0,0.0,0.0,0.0,0.0,0.0
1.81452546296,281175.0,32792.0,8.57449987802,829.0,64395.0,65272.0,65496.0,2354.0,4755.0,3500.0,4113.0,8753.0,7582.0,1570.0,152.0,13.0,0.0,0.0,0.0,0.0,0.0,0.0,0.0,0.0,0.0,0.0,0.0,0.0,0.0,0.0,0.0,0.0,0.0,0.0,0.0,0.0,0.0
1.81869212963,282852.0,32798.0,8.62406244283,829.0,64392.0,65275.0,65499.0,2416.0,4718.0,3519.0,4096.0,8711.0,7566.0,1599.0,148.0,24.0,1.0,0.0,0.0,0.0,0.0,0.0,0.0,0.0,0.0,0.0,0.0,0.0,0.0,0.0,0.0,0.0,0.0,0.0,0.0,0.0,0.0
1.8228587963,277902.0,32792.0,8.47468894852,832.0,64392.0,65276.0,65495.0,2538.0,4938.0,3490.0,4312.0,8464.0,7258.0,1614.0,153.0,23.0,2.0,0.0,0.0,0.0,0.0,0.0,0.0,0.0,0.0,0.0,0.0,0.0,0.0,0.0,0.0,0.0,0.0,0.0,0.0,0.0,0.0
1.82702546296,272674.0,32791.0,8.31551340307,832.0,64396.0,65276.0,65500.0,2593.0,4912.0,3461.0,4358.0,8692.0,7125.0,1479.0,150.0,19.0,2.0,0.0,0.0,0.0,0.0,0.0,0.0,0.0,0.0,0.0,0.0,0.0,0.0,0.0,0.0,0.0,0.0,0.0,0.0,0.0,0.0
1.83119212963,274947.0,32797.0,8.3832972528,832.0,64391.0,65278.0,65495.0,2674.0,4931.0,3584.0,4228.0,8546.0,7042.0,1606.0,165.0,19.0,2.0,0.0,0.0,0.0,0.0,0.0,0.0,0.0,0.0,0.0,0.0,0.0,0.0,0.0,0.0,0.0,0.0,0.0,0.0,0.0,0.0
1.8353587963,276256.0,32803.0,8.42166874981,832.0,64391.0,65273.0,65495.0,2565.0,4834.0,3571.0,4304.0,8673.0,7069.0,1610.0,154.0,21.0,2.0,0.0,0.0,0.0,0.0,0.0,0.0,0.0,0.0,0.0,0.0,0.0,0.0,0.0,0.0,0.0,0.0,0.0,0.0,0.0,0.0
1.83952546296,274135.0,32794.0,8.35930353113,827.0,64393.0,65272.0,65491.0,2518.0,4905.0,3579.0,4326.0,8714.0,6997.0,1590.0,145.0,17.0,3.0,0.0,0.0,0.0,0.0,0.0,0.0,0.0,0.0,0.0,0.0,0.0,0.0,0.0,0.0,0.0,0.0,0.0,0.0,0.0,0.0
1.84369212963,271140.0,32793.0,8.26822797548,829.0,64396.0,65278.0,65499.0,2559.0,5108.0,3596.0,4294.0,8560.0,6922.0,1609.0,121.0,23.0,1.0,0.0,0.0,0.0,0.0,0.0,0.0,0.0,0.0,0.0,0.0,0.0,0.0,0.0,0.0,0.0,0.0,0.0,0.0,0.0,0.0
1.8478587963,273707.0,32796.0,8.34574338334,829.0,64396.0,65275.0,65500.0,2648.0,4919.0,3610.0,4310.0,8609.0,6944.0,1557.0,171.0,28.0,0.0,0.0,0.0,0.0,0.0,0.0,0.0,0.0,0.0,0.0,0.0,0.0,0.0,0.0,0.0,0.0,0.0,0.0,0.0,0.0,0.0
1.85202546296,278411.0,32784.0,8.49228282089,834.0,64391.0,65272.0,65496.0,2591.0,4887.0,3424.0,4397.0,8370.0,7307.0,1630.0,152.0,26.0,0.0,0.0,0.0,0.0,0.0,0.0,0.0,0.0,0.0,0.0,0.0,0.0,0.0,0.0,0.0,0.0,0.0,0.0,0.0,0.0,0.0
1.85619212963,279039.0,32791.0,8.5096215425,830.0,64392.0,65272.0,65502.0,2634.0,4865.0,3457.0,4449.0,8463.0,7080.0,1632.0,178.0,28.0,5.0,0.0,0.0,0.0,0.0,0.0,0.0,0.0,0.0,0.0,0.0,0.0,0.0,0.0,0.0,0.0,0.0,0.0,0.0,0.0,0.0
1.8603587963,277416.0,32799.0,8.45806274582,827.0,64392.0,65273.0,65505.0,2645.0,4818.0,3421.0,4471.0,8484.0,7162.0,1610.0,161.0,26.0,1.0,0.0,0.0,0.0,0.0,0.0,0.0,0.0,0.0,0.0,0.0,0.0,0.0,0.0,0.0,0.0,0.0,0.0,0.0,0.0,0.0
1.86452546296,279734.0,32794.0,8.53003598219,834.0,64392.0,65272.0,65500.0,2622.0,4826.0,3452.0,4399.0,8351.0,7311.0,1652.0,151.0,28.0,2.0,0.0,0.0,0.0,0.0,0.0,0.0,0.0,0.0,0.0,0.0,0.0,0.0,0.0,0.0,0.0,0.0,0.0,0.0,0.0,0.0
1.86869212963,274369.0,32792.0,8.36694925592,834.0,64391.0,65276.0,65494.0,2687.0,4939.0,3321.0,4593.0,8364.0,7156.0,1559.0,145.0,26.0,2.0,0.0,0.0,0.0,0.0,0.0,0.0,0.0,0.0,0.0,0.0,0.0,0.0,0.0,0.0,0.0,0.0,0.0,0.0,0.0,0.0
1.8728587963,277170.0,32795.0,8.45159323068,829.0,64396.0,65272.0,65500.0,2692.0,4834.0,3348.0,4644.0,8319.0,7196.0,1573.0,157.0,25.0,7.0,0.0,0.0,0.0,0.0,0.0,0.0,0.0,0.0,0.0,0.0,0.0,0.0,0.0,0.0,0.0,0.0,0.0,0.0,0.0,0.0
1.87702546296,270993.0,32791.0,8.26424933671,830.0,64393.0,65272.0,65496.0,2739.0,5029.0,3360.0,4811.0,8298.0,6881.0,1465.0,164.0,40.0,4.0,0.0,0.0,0.0,0.0,0.0,0.0,0.0,0.0,0.0,0.0,0.0,0.0,0.0,0.0,0.0,0.0,0.0,0.0,0.0,0.0
1.88119212963,272912.0,32781.0,8.32531039322,829.0,64392.0,65286.0,65497.0,2593.0,4986.0,3365.0,4719.0,8336.0,7035.0,1587.0,134.0,23.0,3.0,0.0,0.0,0.0,0.0,0.0,0.0,0.0,0.0,0.0,0.0,0.0,0.0,0.0,0.0,0.0,0.0,0.0,0.0,0.0,0.0
1.8853587963,267210.0,32776.0,8.15261166707,829.0,64391.0,65276.0,65491.0,2729.0,4850.0,3288.0,4846.0,8380.0,7089.0,1470.0,113.0,9.0,2.0,0.0,0.0,0.0,0.0,0.0,0.0,0.0,0.0,0.0,0.0,0.0,0.0,0.0,0.0,0.0,0.0,0.0,0.0,0.0,0.0
1.88952546296,268079.0,32770.0,8.1806225206,826.0,64391.0,65273.0,65497.0,2661.0,4933.0,3407.0,4869.0,8227.0,7024.0,1499.0,137.0,11.0,2.0,0.0,0.0,0.0,0.0,0.0,0.0,0.0,0.0,0.0,0.0,0.0,0.0,0.0,0.0,0.0,0.0,0.0,0.0,0.0,0.0
1.89369212963,268118.0,32774.0,8.18081405993,829.0,64393.0,65275.0,65500.0,2683.0,4924.0,3325.0,4928.0,8260.0,7002.0,1499.0,138.0,15.0,0.0,0.0,0.0,0.0,0.0,0.0,0.0,0.0,0.0,0.0,0.0,0.0,0.0,0.0,0.0,0.0,0.0,0.0,0.0,0.0,0.0
1.8978587963,271566.0,32794.0,8.28096603037,827.0,64392.0,65276.0,65495.0,2607.0,5002.0,3278.0,4934.0,8302.0,6948.0,1565.0,125.0,30.0,3.0,0.0,0.0,0.0,0.0,0.0,0.0,0.0,0.0,0.0,0.0,0.0,0.0,0.0,0.0,0.0,0.0,0.0,0.0,0.0,0.0
1.90202546296,273097.0,32790.0,8.32866727661,827.0,64391.0,65272.0,65497.0,2698.0,4885.0,3282.0,4784.0,8368.0,7099.0,1473.0,174.0,25.0,2.0,0.0,0.0,0.0,0.0,0.0,0.0,0.0,0.0,0.0,0.0,0.0,0.0,0.0,0.0,0.0,0.0,0.0,0.0,0.0,0.0
1.90619212963,276578.0,32777.0,8.43817310919,826.0,64396.0,65272.0,65491.0,2615.0,4718.0,3362.0,4662.0,8499.0,7150.0,1587.0,164.0,18.0,2.0,0.0,0.0,0.0,0.0,0.0,0.0,0.0,0.0,0.0,0.0,0.0,0.0,0.0,0.0,0.0,0.0,0.0,0.0,0.0,0.0
1.9103587963,274437.0,32785.0,8.37080982156,826.0,64398.0,65278.0,65492.0,2609.0,5007.0,3337.0,4781.0,8166.0,7120.0,1584.0,156.0,21.0,4.0,0.0,0.0,0.0,0.0,0.0,0.0,0.0,0.0,0.0,0.0,0.0,0.0,0.0,0.0,0.0,0.0,0.0,0.0,0.0,0.0
1.91452546296,277384.0,32790.0,8.45940835621,826.0,64396.0,65275.0,65497.0,2622.0,4746.0,3315.0,4680.0,8405.0,7275.0,1563.0,159.0,23.0,2.0,0.0,0.0,0.0,0.0,0.0,0.0,0.0,0.0,0.0,0.0,0.0,0.0,0.0,0.0,0.0,0.0,0.0,0.0,0.0,0.0
1.91869212963,274700.0,32786.0,8.37857622156,826.0,64392.0,65279.0,65492.0,2621.0,4960.0,3328.0,4565.0,8443.0,7124.0,1570.0,148.0,26.0,1.0,0.0,0.0,0.0,0.0,0.0,0.0,0.0,0.0,0.0,0.0,0.0,0.0,0.0,0.0,0.0,0.0,0.0,0.0,0.0,0.0
1.9228587963,273616.0,32782.0,8.34653163321,826.0,64391.0,65279.0,65500.0,2706.0,4848.0,3408.0,4768.0,8170.0,7109.0,1615.0,131.0,25.0,2.0,0.0,0.0,0.0,0.0,0.0,0.0,0.0,0.0,0.0,0.0,0.0,0.0,0.0,0.0,0.0,0.0,0.0,0.0,0.0,0.0
1.92702546296,271400.0,32777.0,8.28019647924,824.0,64399.0,65273.0,65492.0,2723.0,4962.0,3335.0,4986.0,8114.0,6924.0,1538.0,165.0,26.0,4.0,0.0,0.0,0.0,0.0,0.0,0.0,0.0,0.0,0.0,0.0,0.0,0.0,0.0,0.0,0.0,0.0,0.0,0.0,0.0,0.0
1.93119212963,270846.0,32782.0,8.26203404307,824.0,64392.0,65276.0,65496.0,2661.0,4920.0,3335.0,4942.0,8282.0,6949.0,1501.0,167.0,24.0,1.0,0.0,0.0,0.0,0.0,0.0,0.0,0.0,0.0,0.0,0.0,0.0,0.0,0.0,0.0,0.0,0.0,0.0,0.0,0.0,0.0
1.9353587963,268355.0,32778.0,8.18704618952,824.0,64392.0,65276.0,65500.0,2726.0,4945.0,3377.0,4952.0,8188.0,6927.0,1489.0,151.0,21.0,2.0,0.0,0.0,0.0,0.0,0.0,0.0,0.0,0.0,0.0,0.0,0.0,0.0,0.0,0.0,0.0,0.0,0.0,0.0,0.0,0.0
1.93952546296,270682.0,32780.0,8.25753508237,826.0,64393.0,65273.0,65503.0,2770.0,4850.0,3292.0,5026.0,8253.0,6888.0,1512.0,155.0,32.0,2.0,0.0,0.0,0.0,0.0,0.0,0.0,0.0,0.0,0.0,0.0,0.0,0.0,0.0,0.0,0.0,0.0,0.0,0.0,0.0,0.0
1.94369212963,273007.0,32780.0,8.32846247712,826.0,64393.0,65275.0,65496.0,2726.0,4897.0,3337.0,4931.0,8250.0,6878.0,1560.0,168.0,27.0,6.0,0.0,0.0,0.0,0.0,0.0,0.0,0.0,0.0,0.0,0.0,0.0,0.0,0.0,0.0,0.0,0.0,0.0,0.0,0.0,0.0
1.9478587963,270669.0,32778.0,8.25764232107,822.0,64396.0,65276.0,65502.0,2728.0,5007.0,3145.0,4979.0,8316.0,6888.0,1512.0,184.0,18.0,1.0,0.0,0.0,0.0,0.0,0.0,0.0,0.0,0.0,0.0,0.0,0.0,0.0,0.0,0.0,0.0,0.0,0.0,0.0,0.0,0.0
1.95202546296,271225.0,32781.0,8.27384765565,821.0,64391.0,65275.0,65500.0,2691.0,4871.0,3315.0,5113.0,8123.0,6929.0,1542.0,174.0,23.0,0.0,0.0,0.0,0.0,0.0,0.0,0.0,0.0,0.0,0.0,0.0,0.0,0.0,0.0,0.0,0.0,0.0,0.0,0.0,0.0,0.0
1.95619212963,267183.0,32788.0,8.14880444065,824.0,64396.0,65276.0,65496.0,2790.0,4987.0,3198.0,5188.0,8111.0,6851.0,1472.0,172.0,19.0,0.0,0.0,0.0,0.0,0.0,0.0,0.0,0.0,0.0,0.0,0.0,0.0,0.0,0.0,0.0,0.0,0.0,0.0,0.0,0.0,0.0
1.9603587963,267842.0,32774.0,8.17239275035,822.0,64391.0,65273.0,65495.0,2801.0,4914.0,3090.0,5281.0,8203.0,6845.0,1454.0,156.0,29.0,1.0,0.0,0.0,0.0,0.0,0.0,0.0,0.0,0.0,0.0,0.0,0.0,0.0,0.0,0.0,0.0,0.0,0.0,0.0,0.0,0.0
1.96452546296,275402.0,32768.0,8.40460205078,819.0,64393.0,65276.0,65500.0,2680.0,4818.0,3116.0,5186.0,8141.0,7027.0,1600.0,174.0,23.0,3.0,0.0,0.0,0.0,0.0,0.0,0.0,0.0,0.0,0.0,0.0,0.0,0.0,0.0,0.0,0.0,0.0,0.0,0.0,0.0,0.0
1.96869212963,274627.0,32766.0,8.38146249161,822.0,64396.0,65273.0,65497.0,2626.0,4913.0,3005.0,5100.0,8217.0,7192.0,1519.0,171.0,23.0,0.0,0.0,0.0,0.0,0.0,0.0,0.0,0.0,0.0,0.0,0.0,0.0,0.0,0.0,0.0,0.0,0.0,0.0,0.0,0.0,0.0
1.9728587963,274942.0,32778.0,8.38800414912,821.0,64392.0,65276.0,65496.0,2693.0,4678.0,2986.0,5247.0,8269.0,7200.0,1534.0,145.0,24.0,2.0,0.0,0.0,0.0,0.0,0.0,0.0,0.0,0.0,0.0,0.0,0.0,0.0,0.0,0.0,0.0,0.0,0.0,0.0,0.0,0.0
1.97702546296,274615.0,32773.0,8.37930613615,819.0,64393.0,65273.0,65496.0,2687.0,4721.0,2951.0,5302.0,8262.0,7139.0,1528.0,158.0,23.0,2.0,0.0,0.0,0.0,0.0,0.0,0.0,0.0,0.0,0.0,0.0,0.0,0.0,0.0,0.0,0.0,0.0,0.0,0.0,0.0,0.0
1.98119212963,275087.0,32760.0,8.39703907204,819.0,64395.0,65276.0,65491.0,2764.0,4707.0,2986.0,5230.0,8180.0,7206.0,1485.0,166.0,36.0,0.0,0.0,0.0,0.0,0.0,0.0,0.0,0.0,0.0,0.0,0.0,0.0,0.0,0.0,0.0,0.0,0.0,0.0,0.0,0.0,0.0
1.9853587963,277726.0,32761.0,8.47733585666,821.0,64393.0,65277.0,65492.0,2498.0,4644.0,3075.0,5341.0,8142.0,7325.0,1550.0,163.0,21.0,2.0,0.0,0.0,0.0,0.0,0.0,0.0,0.0,0.0,0.0,0.0,0.0,0.0,0.0,0.0,0.0,0.0,0.0,0.0,0.0,0.0
1.98952546296,277001.0,32753.0,8.45727108967,819.0,64391.0,65279.0,65500.0,2549.0,4655.0,3043.0,5237.0,8250.0,7249.0,1593.0,161.0,16.0,0.0,0.0,0.0,0.0,0.0,0.0,0.0,0.0,0.0,0.0,0.0,0.0,0.0,0.0,0.0,0.0,0.0,0.0,0.0,0.0,0.0
1.99369212963,281525.0,32756.0,8.59460862132,819.0,64392.0,65275.0,65492.0,2425.0,4511.0,3101.0,5299.0,8332.0,7273.0,1613.0,176.0,23.0,3.0,0.0,0.0,0.0,0.0,0.0,0.0,0.0,0.0,0.0,0.0,0.0,0.0,0.0,0.0,0.0,0.0,0.0,0.0,0.0,0.0
1.9978587963,285156.0,32758.0,8.70492704072,816.0,64391.0,65275.0,65500.0,2445.0,4418.0,3045.0,5130.0,8360.0,7515.0,1644.0,177.0,24.0,0.0,0.0,0.0,0.0,0.0,0.0,0.0,0.0,0.0,0.0,0.0,0.0,0.0,0.0,0.0,0.0,0.0,0.0,0.0,0.0,0.0
2.00202546296,284482.0,32756.0,8.68488215899,816.0,64391.0,65279.0,65496.0,2474.0,4452.0,2977.0,5189.0,8329.0,7492.0,1660.0,158.0,22.0,3.0,0.0,0.0,0.0,0.0,0.0,0.0,0.0,0.0,0.0,0.0,0.0,0.0,0.0,0.0,0.0,0.0,0.0,0.0,0.0,0.0
2.00619212963,286443.0,32754.0,8.74528301887,814.0,64391.0,65272.0,65503.0,2429.0,4415.0,2868.0,5259.0,8363.0,7602.0,1625.0,162.0,28.0,3.0,0.0,0.0,0.0,0.0,0.0,0.0,0.0,0.0,0.0,0.0,0.0,0.0,0.0,0.0,0.0,0.0,0.0,0.0,0.0,0.0
2.0103587963,288299.0,32761.0,8.80006715302,819.0,64392.0,65272.0,65500.0,2413.0,4425.0,2847.0,5199.0,8243.0,7761.0,1686.0,166.0,21.0,0.0,0.0,0.0,0.0,0.0,0.0,0.0,0.0,0.0,0.0,0.0,0.0,0.0,0.0,0.0,0.0,0.0,0.0,0.0,0.0,0.0
2.01452546296,288080.0,32754.0,8.79526164743,816.0,64395.0,65276.0,65496.0,2331.0,4292.0,2892.0,5363.0,8315.0,7753.0,1608.0,177.0,21.0,2.0,0.0,0.0,0.0,0.0,0.0,0.0,0.0,0.0,0.0,0.0,0.0,0.0,0.0,0.0,0.0,0.0,0.0,0.0,0.0,0.0
2.01869212963,289765.0,32758.0,8.84562549606,814.0,64395.0,65273.0,65497.0,2312.0,4269.0,2830.0,5175.0,8440.0,7938.0,1629.0,139.0,24.0,2.0,0.0,0.0,0.0,0.0,0.0,0.0,0.0,0.0,0.0,0.0,0.0,0.0,0.0,0.0,0.0,0.0,0.0,0.0,0.0,0.0
2.0228587963,293521.0,32766.0,8.95809680767,814.0,64391.0,65273.0,65499.0,2281.0,4157.0,2794.0,5316.0,8404.0,7891.0,1741.0,158.0,23.0,1.0,0.0,0.0,0.0,0.0,0.0,0.0,0.0,0.0,0.0,0.0,0.0,0.0,0.0,0.0,0.0,0.0,0.0,0.0,0.0,0.0
2.02702546296,287669.0,32757.0,8.78190921025,814.0,64393.0,65276.0,65496.0,2354.0,4339.0,2827.0,5411.0,8356.0,7566.0,1735.0,147.0,19.0,3.0,0.0,0.0,0.0,0.0,0.0,0.0,0.0,0.0,0.0,0.0,0.0,0.0,0.0,0.0,0.0,0.0,0.0,0.0,0.0,0.0
2.03119212963,286292.0,32755.0,8.74040604488,814.0,64391.0,65286.0,65496.0,2416.0,4332.0,2844.0,5360.0,8286.0,7682.0,1667.0,146.0,21.0,1.0,0.0,0.0,0.0,0.0,0.0,0.0,0.0,0.0,0.0,0.0,0.0,0.0,0.0,0.0,0.0,0.0,0.0,0.0,0.0,0.0
2.0353587963,286253.0,32756.0,8.73894858957,814.0,64391.0,65273.0,65497.0,2342.0,4289.0,2798.0,5562.0,8287.0,7705.0,1597.0,142.0,34.0,0.0,0.0,0.0,0.0,0.0,0.0,0.0,0.0,0.0,0.0,0.0,0.0,0.0,0.0,0.0,0.0,0.0,0.0,0.0,0.0,0.0
2.03952546296,289282.0,32748.0,8.83357762306,813.0,64393.0,65273.0,65492.0,2415.0,4326.0,2654.0,5598.0,8157.0,7692.0,1712.0,171.0,21.0,2.0,0.0,0.0,0.0,0.0,0.0,0.0,0.0,0.0,0.0,0.0,0.0,0.0,0.0,0.0,0.0,0.0,0.0,0.0,0.0,0.0
2.04369212963,285468.0,32743.0,8.71844363681,814.0,64396.0,65278.0,65496.0,2375.0,4252.0,2630.0,5623.0,8379.0,7712.0,1606.0,150.0,16.0,0.0,0.0,0.0,0.0,0.0,0.0,0.0,0.0,0.0,0.0,0.0,0.0,0.0,0.0,0.0,0.0,0.0,0.0,0.0,0.0,0.0
2.0478587963,293140.0,32754.0,8.94974659584,811.0,64392.0,65278.0,65494.0,2284.0,3994.0,2715.0,5599.0,8383.0,7913.0,1680.0,157.0,28.0,1.0,0.0,0.0,0.0,0.0,0.0,0.0,0.0,0.0,0.0,0.0,0.0,0.0,0.0,0.0,0.0,0.0,0.0,0.0,0.0,0.0
2.05202546296,297174.0,32750.0,9.07401526718,813.0,64392.0,65276.0,65497.0,2125.0,3934.0,2556.0,5670.0,8481.0,8098.0,1704.0,157.0,23.0,2.0,0.0,0.0,0.0,0.0,0.0,0.0,0.0,0.0,0.0,0.0,0.0,0.0,0.0,0.0,0.0,0.0,0.0,0.0,0.0,0.0
2.05619212963,296559.0,32756.0,9.05357797045,811.0,64392.0,65276.0,65500.0,2157.0,3881.0,2499.0,5688.0,8534.0,8131.0,1690.0,161.0,13.0,2.0,0.0,0.0,0.0,0.0,0.0,0.0,0.0,0.0,0.0,0.0,0.0,0.0,0.0,0.0,0.0,0.0,0.0,0.0,0.0,0.0
2.0603587963,300160.0,32745.0,9.16659031913,811.0,64392.0,65278.0,65496.0,2221.0,3852.0,2382.0,5750.0,8426.0,8167.0,1760.0,161.0,22.0,4.0,0.0,0.0,0.0,0.0,0.0,0.0,0.0,0.0,0.0,0.0,0.0,0.0,0.0,0.0,0.0,0.0,0.0,0.0,0.0,0.0
2.06452546296,298974.0,32741.0,9.13148651538,811.0,64391.0,65273.0,65500.0,2129.0,3762.0,2444.0,5723.0,8579.0,8217.0,1720.0,146.0,19.0,2.0,0.0,0.0,0.0,0.0,0.0,0.0,0.0,0.0,0.0,0.0,0.0,0.0,0.0,0.0,0.0,0.0,0.0,0.0,0.0,0.0
2.06869212963,295107.0,32739.0,9.01392834234,808.0,64391.0,65279.0,65491.0,2222.0,3799.0,2386.0,5868.0,8473.0,8191.0,1635.0,148.0,15.0,2.0,0.0,0.0,0.0,0.0,0.0,0.0,0.0,0.0,0.0,0.0,0.0,0.0,0.0,0.0,0.0,0.0,0.0,0.0,0.0,0.0
2.0728587963,305530.0,32742.0,9.33143974101,809.0,64396.0,65276.0,65498.0,2060.0,3668.0,2387.0,5648.0,8590.0,8463.0,1709.0,189.0,28.0,0.0,0.0,0.0,0.0,0.0,0.0,0.0,0.0,0.0,0.0,0.0,0.0,0.0,0.0,0.0,0.0,0.0,0.0,0.0,0.0,0.0
2.07702546296,306911.0,32731.0,9.3767682014,811.0,64391.0,65281.0,65496.0,1960.0,3489.0,2351.0,5850.0,8569.0,8545.0,1783.0,167.0,16.0,1.0,0.0,0.0,0.0,0.0,0.0,0.0,0.0,0.0,0.0,0.0,0.0,0.0,0.0,0.0,0.0,0.0,0.0,0.0,0.0,0.0
2.08119212963,307097.0,32731.0,9.38245088754,808.0,64391.0,65276.0,65497.0,1949.0,3579.0,2223.0,5856.0,8656.0,8524.0,1760.0,156.0,27.0,1.0,0.0,0.0,0.0,0.0,0.0,0.0,0.0,0.0,0.0,0.0,0.0,0.0,0.0,0.0,0.0,0.0,0.0,0.0,0.0,0.0
2.0853587963,305434.0,32734.0,9.33078756033,804.0,64391.0,65278.0,65499.0,1904.0,3430.0,2344.0,5997.0,8596.0,8565.0,1730.0,148.0,19.0,1.0,0.0,0.0,0.0,0.0,0.0,0.0,0.0,0.0,0.0,0.0,0.0,0.0,0.0,0.0,0.0,0.0,0.0,0.0,0.0,0.0
2.08952546296,313601.0,32734.0,9.58028349728,811.0,64392.0,65273.0,65499.0,1816.0,3409.0,2300.0,5874.0,8570.0,8734.0,1830.0,170.0,28.0,3.0,0.0,0.0,0.0,0.0,0.0,0.0,0.0,0.0,0.0,0.0,0.0,0.0,0.0,0.0,0.0,0.0,0.0,0.0,0.0,0.0
2.09369212963,312443.0,32733.0,9.54519903461,803.0,64393.0,65278.0,65491.0,1854.0,3265.0,2209.0,5736.0,8827.0,8908.0,1770.0,140.0,24.0,0.0,0.0,0.0,0.0,0.0,0.0,0.0,0.0,0.0,0.0,0.0,0.0,0.0,0.0,0.0,0.0,0.0,0.0,0.0,0.0,0.0
2.0978587963,312798.0,32735.0,9.55546051627,808.0,64392.0,65279.0,65491.0,1723.0,3394.0,2272.0,5899.0,8676.0,8781.0,1810.0,156.0,21.0,3.0,0.0,0.0,0.0,0.0,0.0,0.0,0.0,0.0,0.0,0.0,0.0,0.0,0.0,0.0,0.0,0.0,0.0,0.0,0.0,0.0
2.10202546296,313000.0,32729.0,9.56338415473,806.0,64392.0,65272.0,65502.0,1813.0,3332.0,2180.0,5881.0,8733.0,8819.0,1791.0,149.0,31.0,0.0,0.0,0.0,0.0,0.0,0.0,0.0,0.0,0.0,0.0,0.0,0.0,0.0,0.0,0.0,0.0,0.0,0.0,0.0,0.0,0.0
2.10619212963,319254.0,32731.0,9.75387247563,806.0,64391.0,65276.0,65500.0,1689.0,3200.0,2157.0,5755.0,8760.0,9121.0,1874.0,155.0,18.0,2.0,0.0,0.0,0.0,0.0,0.0,0.0,0.0,0.0,0.0,0.0,0.0,0.0,0.0,0.0,0.0,0.0,0.0,0.0,0.0,0.0
2.1103587963,324025.0,32730.0,9.89993889398,803.0,64392.0,65279.0,65496.0,1620.0,3067.0,2161.0,5653.0,8761.0,9364.0,1924.0,166.0,13.0,1.0,0.0,0.0,0.0,0.0,0.0,0.0,0.0,0.0,0.0,0.0,0.0,0.0,0.0,0.0,0.0,0.0,0.0,0.0,0.0,0.0
2.11452546296,322823.0,32733.0,9.86231020682,803.0,64393.0,65279.0,65496.0,1621.0,3143.0,2174.0,5465.0,8996.0,9234.0,1923.0,163.0,14.0,0.0,0.0,0.0,0.0,0.0,0.0,0.0,0.0,0.0,0.0,0.0,0.0,0.0,0.0,0.0,0.0,0.0,0.0,0.0,0.0,0.0
2.11869212963,332504.0,32742.0,10.1552745709,801.0,64396.0,65278.0,65496.0,1537.0,2924.0,2138.0,5348.0,9063.0,9559.0,1980.0,160.0,28.0,5.0,0.0,0.0,0.0,0.0,0.0,0.0,0.0,0.0,0.0,0.0,0.0,0.0,0.0,0.0,0.0,0.0,0.0,0.0,0.0,0.0
2.1228587963,333149.0,32731.0,10.1783935718,801.0,64391.0,65276.0,65496.0,1517.0,2915.0,2129.0,5414.0,8892.0,9646.0,2032.0,158.0,27.0,1.0,0.0,0.0,0.0,0.0,0.0,0.0,0.0,0.0,0.0,0.0,0.0,0.0,0.0,0.0,0.0,0.0,0.0,0.0,0.0,0.0
2.12702546296,334017.0,32727.0,10.2061600513,803.0,64391.0,65278.0,65500.0,1499.0,2915.0,2139.0,5380.0,8825.0,9745.0,2046.0,154.0,21.0,3.0,0.0,0.0,0.0,0.0,0.0,0.0,0.0,0.0,0.0,0.0,0.0,0.0,0.0,0.0,0.0,0.0,0.0,0.0,0.0,0.0
2.13119212963,333893.0,32735.0,10.1998778066,801.0,64393.0,65276.0,65499.0,1504.0,2913.0,2118.0,5408.0,8925.0,9589.0,2107.0,149.0,18.0,4.0,0.0,0.0,0.0,0.0,0.0,0.0,0.0,0.0,0.0,0.0,0.0,0.0,0.0,0.0,0.0,0.0,0.0,0.0,0.0,0.0
2.1353587963,331463.0,32733.0,10.1262640149,801.0,64391.0,65278.0,65496.0,1633.0,2895.0,2220.0,5438.0,8735.0,9577.0,2065.0,142.0,24.0,4.0,0.0,0.0,0.0,0.0,0.0,0.0,0.0,0.0,0.0,0.0,0.0,0.0,0.0,0.0,0.0,0.0,0.0,0.0,0.0,0.0
2.13952546296,329524.0,32732.0,10.0673347183,801.0,64395.0,65276.0,65496.0,1536.0,2948.0,2148.0,5450.0,8956.0,9520.0,2009.0,141.0,23.0,1.0,0.0,0.0,0.0,0.0,0.0,0.0,0.0,0.0,0.0,0.0,0.0,0.0,0.0,0.0,0.0,0.0,0.0,0.0,0.0,0.0
2.14369212963,334142.0,32725.0,10.2106035141,800.0,64391.0,65276.0,65496.0,1453.0,2814.0,2140.0,5520.0,8907.0,9651.0,2064.0,153.0,19.0,4.0,0.0,0.0,0.0,0.0,0.0,0.0,0.0,0.0,0.0,0.0,0.0,0.0,0.0,0.0,0.0,0.0,0.0,0.0,0.0,0.0
2.1478587963,333532.0,32715.0,10.1950787101,801.0,64391.0,65276.0,65497.0,1512.0,2940.0,2108.0,5384.0,8801.0,9726.0,2063.0,164.0,16.0,1.0,0.0,0.0,0.0,0.0,0.0,0.0,0.0,0.0,0.0,0.0,0.0,0.0,0.0,0.0,0.0,0.0,0.0,0.0,0.0,0.0
2.15202546296,337651.0,32724.0,10.3181457035,798.0,64396.0,65273.0,65494.0,1408.0,2793.0,2091.0,5407.0,8913.0,9865.0,2045.0,184.0,15.0,3.0,0.0,0.0,0.0,0.0,0.0,0.0,0.0,0.0,0.0,0.0,0.0,0.0,0.0,0.0,0.0,0.0,0.0,0.0,0.0,0.0
2.15619212963,342810.0,32720.0,10.4770782396,800.0,64391.0,65272.0,65503.0,1305.0,2770.0,2046.0,5247.0,8982.0,10054.0,2124.0,167.0,22.0,3.0,0.0,0.0,0.0,0.0,0.0,0.0,0.0,0.0,0.0,0.0,0.0,0.0,0.0,0.0,0.0,0.0,0.0,0.0,0.0,0.0
2.1603587963,345564.0,32726.0,10.5593106399,800.0,64393.0,65275.0,65497.0,1362.0,2674.0,2037.0,5234.0,8851.0,10222.0,2150.0,172.0,19.0,5.0,0.0,0.0,0.0,0.0,0.0,0.0,0.0,0.0,0.0,0.0,0.0,0.0,0.0,0.0,0.0,0.0,0.0,0.0,0.0,0.0
2.16452546296,353215.0,32721.0,10.7947495492,798.0,64393.0,65276.0,65495.0,1200.0,2527.0,1968.0,5032.0,9072.0,10460.0,2267.0,171.0,23.0,1.0,0.0,0.0,0.0,0.0,0.0,0.0,0.0,0.0,0.0,0.0,0.0,0.0,0.0,0.0,0.0,0.0,0.0,0.0,0.0,0.0
2.16869212963,346216.0,32718.0,10.5818204047,798.0,64396.0,65276.0,65500.0,1244.0,2642.0,2057.0,5087.0,9179.0,10113.0,2205.0,174.0,17.0,0.0,0.0,0.0,0.0,0.0,0.0,0.0,0.0,0.0,0.0,0.0,0.0,0.0,0.0,0.0,0.0,0.0,0.0,0.0,0.0,0.0
2.1728587963,353153.0,32716.0,10.7945042181,798.0,64393.0,65278.0,65500.0,1206.0,2495.0,2119.0,4975.0,8949.0,10449.0,2350.0,152.0,20.0,1.0,0.0,0.0,0.0,0.0,0.0,0.0,0.0,0.0,0.0,0.0,0.0,0.0,0.0,0.0,0.0,0.0,0.0,0.0,0.0,0.0
2.17702546296,358258.0,32711.0,10.9522179083,793.0,64391.0,65276.0,65499.0,1104.0,2444.0,1987.0,4934.0,9143.0,10557.0,2346.0,164.0,29.0,3.0,0.0,0.0,0.0,0.0,0.0,0.0,0.0,0.0,0.0,0.0,0.0,0.0,0.0,0.0,0.0,0.0,0.0,0.0,0.0,0.0
2.18119212963,358528.0,32713.0,10.9598019136,796.0,64392.0,65275.0,65497.0,1166.0,2480.0,2006.0,4867.0,8957.0,10667.0,2378.0,167.0,23.0,2.0,0.0,0.0,0.0,0.0,0.0,0.0,0.0,0.0,0.0,0.0,0.0,0.0,0.0,0.0,0.0,0.0,0.0,0.0,0.0,0.0
2.1853587963,359171.0,32711.0,10.9801290086,795.0,64393.0,65275.0,65496.0,1099.0,2437.0,2027.0,4824.0,8987.0,10805.0,2353.0,152.0,26.0,1.0,0.0,0.0,0.0,0.0,0.0,0.0,0.0,0.0,0.0,0.0,0.0,0.0,0.0,0.0,0.0,0.0,0.0,0.0,0.0,0.0
2.18952546296,362863.0,32713.0,11.0923180387,793.0,64391.0,65274.0,65500.0,1115.0,2395.0,1948.0,4761.0,9127.0,10742.0,2423.0,174.0,25.0,3.0,0.0,0.0,0.0,0.0,0.0,0.0,0.0,0.0,0.0,0.0,0.0,0.0,0.0,0.0,0.0,0.0,0.0,0.0,0.0,0.0
2.19369212963,363546.0,32720.0,11.1108190709,793.0,64391.0,65276.0,65496.0,1088.0,2302.0,2012.0,4709.0,9092.0,10903.0,2432.0,157.0,24.0,1.0,0.0,0.0,0.0,0.0,0.0,0.0,0.0,0.0,0.0,0.0,0.0,0.0,0.0,0.0,0.0,0.0,0.0,0.0,0.0,0.0
2.1978587963,369626.0,32707.0,11.3011281989,795.0,64392.0,65276.0,65496.0,1016.0,2214.0,2008.0,4611.0,9111.0,11008.0,2550.0,158.0,29.0,2.0,0.0,0.0,0.0,0.0,0.0,0.0,0.0,0.0,0.0,0.0,0.0,0.0,0.0,0.0,0.0,0.0,0.0,0.0,0.0,0.0
2.20202546296,364479.0,32692.0,11.1488743423,793.0,64389.0,65278.0,65496.0,1060.0,2221.0,1991.0,4685.0,8962.0,11150.0,2479.0,130.0,14.0,0.0,0.0,0.0,0.0,0.0,0.0,0.0,0.0,0.0,0.0,0.0,0.0,0.0,0.0,0.0,0.0,0.0,0.0,0.0,0.0,0.0
2.20619212963,371636.0,32711.0,11.3611934823,793.0,64391.0,65279.0,65500.0,973.0,2210.0,1885.0,4514.0,9176.0,11253.0,2518.0,158.0,21.0,3.0,0.0,0.0,0.0,0.0,0.0,0.0,0.0,0.0,0.0,0.0,0.0,0.0,0.0,0.0,0.0,0.0,0.0,0.0,0.0,0.0
2.2103587963,373189.0,32701.0,11.4121586496,793.0,64391.0,65276.0,65500.0,992.0,2233.0,1944.0,4413.0,9119.0,11155.0,2678.0,146.0,19.0,2.0,0.0,0.0,0.0,0.0,0.0,0.0,0.0,0.0,0.0,0.0,0.0,0.0,0.0,0.0,0.0,0.0,0.0,0.0,0.0,0.0
2.21452546296,369979.0,32678.0,11.3219597283,790.0,64391.0,65276.0,65496.0,1015.0,2183.0,1906.0,4512.0,9220.0,11123.0,2546.0,149.0,23.0,1.0,0.0,0.0,0.0,0.0,0.0,0.0,0.0,0.0,0.0,0.0,0.0,0.0,0.0,0.0,0.0,0.0,0.0,0.0,0.0,0.0
2.21869212963,375493.0,32714.0,11.4780522101,790.0,64392.0,65278.0,65496.0,976.0,2153.0,1836.0,4467.0,9047.0,11432.0,2626.0,159.0,18.0,0.0,0.0,0.0,0.0,0.0,0.0,0.0,0.0,0.0,0.0,0.0,0.0,0.0,0.0,0.0,0.0,0.0,0.0,0.0,0.0,0.0
2.2228587963,374452.0,32690.0,11.4546344448,793.0,64391.0,65276.0,65496.0,926.0,2168.0,1976.0,4501.0,9059.0,11208.0,2663.0,172.0,16.0,1.0,0.0,0.0,0.0,0.0,0.0,0.0,0.0,0.0,0.0,0.0,0.0,0.0,0.0,0.0,0.0,0.0,0.0,0.0,0.0,0.0
2.22702546296,376634.0,32678.0,11.5256135626,788.0,64393.0,65275.0,65495.0,935.0,2184.0,2007.0,4521.0,9014.0,11109.0,2687.0,188.0,31.0,2.0,0.0,0.0,0.0,0.0,0.0,0.0,0.0,0.0,0.0,0.0,0.0,0.0,0.0,0.0,0.0,0.0,0.0,0.0,0.0,0.0
2.23119212963,383497.0,32716.0,11.7220014672,788.0,64392.0,65276.0,65496.0,868.0,2073.0,2000.0,4362.0,9119.0,11345.0,2701.0,206.0,38.0,4.0,0.0,0.0,0.0,0.0,0.0,0.0,0.0,0.0,0.0,0.0,0.0,0.0,0.0,0.0,0.0,0.0,0.0,0.0,0.0,0.0
2.2353587963,387746.0,32675.0,11.8667482785,788.0,64391.0,65273.0,65497.0,844.0,2000.0,2011.0,4331.0,9026.0,11450.0,2744.0,213.0,53.0,3.0,0.0,0.0,0.0,0.0,0.0,0.0,0.0,0.0,0.0,0.0,0.0,0.0,0.0,0.0,0.0,0.0,0.0,0.0,0.0,0.0
2.23952546296,387636.0,32694.0,11.8564874289,792.0,64393.0,65278.0,65496.0,803.0,2012.0,1990.0,4059.0,9066.0,11779.0,2775.0,178.0,31.0,1.0,0.0,0.0,0.0,0.0,0.0,0.0,0.0,0.0,0.0,0.0,0.0,0.0,0.0,0.0,0.0,0.0,0.0,0.0,0.0,0.0
2.24369212963,384455.0,32706.0,11.754876781,787.0,64392.0,65272.0,65496.0,854.0,1911.0,1972.0,4186.0,9242.0,11585.0,2773.0,156.0,24.0,3.0,0.0,0.0,0.0,0.0,0.0,0.0,0.0,0.0,0.0,0.0,0.0,0.0,0.0,0.0,0.0,0.0,0.0,0.0,0.0,0.0
2.2478587963,387798.0,32692.0,11.8621681145,788.0,64393.0,65276.0,65500.0,815.0,1958.0,1930.0,4215.0,9120.0,11682.0,2751.0,179.0,39.0,3.0,0.0,0.0,0.0,0.0,0.0,0.0,0.0,0.0,0.0,0.0,0.0,0.0,0.0,0.0,0.0,0.0,0.0,0.0,0.0,0.0
2.25202546296,385694.0,32698.0,11.7956449936,787.0,64393.0,65275.0,65499.0,814.0,2000.0,2055.0,4152.0,9078.0,11609.0,2783.0,179.0,24.0,4.0,0.0,0.0,0.0,0.0,0.0,0.0,0.0,0.0,0.0,0.0,0.0,0.0,0.0,0.0,0.0,0.0,0.0,0.0,0.0,0.0
2.25619212963,383753.0,32692.0,11.7384375382,787.0,64392.0,65287.0,65491.0,821.0,2097.0,2060.0,4120.0,9060.0,11504.0,2846.0,160.0,23.0,1.0,0.0,0.0,0.0,0.0,0.0,0.0,0.0,0.0,0.0,0.0,0.0,0.0,0.0,0.0,0.0,0.0,0.0,0.0,0.0,0.0
2.2603587963,389538.0,32692.0,11.9153921449,787.0,64391.0,65276.0,65499.0,781.0,1990.0,2038.0,4074.0,9029.0,11730.0,2830.0,185.0,32.0,3.0,0.0,0.0,0.0,0.0,0.0,0.0,0.0,0.0,0.0,0.0,0.0,0.0,0.0,0.0,0.0,0.0,0.0,0.0,0.0,0.0
2.26452546296,389373.0,32681.0,11.9143539059,787.0,64391.0,65280.0,65495.0,782.0,1941.0,2064.0,4002.0,9094.0,11761.0,2830.0,173.0,31.0,3.0,0.0,0.0,0.0,0.0,0.0,0.0,0.0,0.0,0.0,0.0,0.0,0.0,0.0,0.0,0.0,0.0,0.0,0.0,0.0,0.0
2.26869212963,390646.0,32696.0,11.9478223636,788.0,64391.0,65278.0,65496.0,761.0,2002.0,2010.0,3972.0,9040.0,11842.0,2864.0,179.0,22.0,4.0,0.0,0.0,0.0,0.0,0.0,0.0,0.0,0.0,0.0,0.0,0.0,0.0,0.0,0.0,0.0,0.0,0.0,0.0,0.0,0.0
2.2728587963,389899.0,32671.0,11.9341005785,785.0,64396.0,65276.0,65496.0,799.0,1929.0,1995.0,4045.0,9055.0,11806.0,2821.0,191.0,29.0,1.0,0.0,0.0,0.0,0.0,0.0,0.0,0.0,0.0,0.0,0.0,0.0,0.0,0.0,0.0,0.0,0.0,0.0,0.0,0.0,0.0
2.27702546296,381586.0,32700.0,11.6692966361,785.0,64395.0,65278.0,65496.0,777.0,1986.0,2166.0,4129.0,9094.0,11663.0,2720.0,137.0,28.0,0.0,0.0,0.0,0.0,0.0,0.0,0.0,0.0,0.0,0.0,0.0,0.0,0.0,0.0,0.0,0.0,0.0,0.0,0.0,0.0,0.0
2.28119212963,386981.0,32691.0,11.8375393839,787.0,64393.0,65276.0,65496.0,790.0,2013.0,1790.0,4255.0,9140.0,11737.0,2767.0,171.0,25.0,3.0,0.0,0.0,0.0,0.0,0.0,0.0,0.0,0.0,0.0,0.0,0.0,0.0,0.0,0.0,0.0,0.0,0.0,0.0,0.0,0.0
2.2853587963,389268.0,32692.0,11.9071332436,783.0,64392.0,65273.0,65496.0,801.0,1966.0,1849.0,4183.0,9129.0,11741.0,2798.0,197.0,26.0,2.0,0.0,0.0,0.0,0.0,0.0,0.0,0.0,0.0,0.0,0.0,0.0,0.0,0.0,0.0,0.0,0.0,0.0,0.0,0.0,0.0
2.28952546296,383521.0,32694.0,11.730623356,785.0,64391.0,65275.0,65505.0,835.0,1927.0,1913.0,4230.0,9188.0,11695.0,2722.0,163.0,21.0,0.0,0.0,0.0,0.0,0.0,0.0,0.0,0.0,0.0,0.0,0.0,0.0,0.0,0.0,0.0,0.0,0.0,0.0,0.0,0.0,0.0
2.29369212963,386503.0,32686.0,11.8247261825,782.0,64396.0,65273.0,65500.0,843.0,1955.0,1910.0,4314.0,9034.0,11600.0,2838.0,157.0,33.0,2.0,0.0,0.0,0.0,0.0,0.0,0.0,0.0,0.0,0.0,0.0,0.0,0.0,0.0,0.0,0.0,0.0,0.0,0.0,0.0,0.0
2.2978587963,387070.0,32678.0,11.8449721525,783.0,64392.0,65276.0,65497.0,806.0,1950.0,1890.0,4351.0,9006.0,11663.0,2802.0,180.0,28.0,2.0,0.0,0.0,0.0,0.0,0.0,0.0,0.0,0.0,0.0,0.0,0.0,0.0,0.0,0.0,0.0,0.0,0.0,0.0,0.0,0.0
2.30202546296,384118.0,32691.0,11.7499617632,782.0,64393.0,65276.0,65496.0,837.0,1906.0,1878.0,4188.0,9293.0,11682.0,2727.0,154.0,26.0,0.0,0.0,0.0,0.0,0.0,0.0,0.0,0.0,0.0,0.0,0.0,0.0,0.0,0.0,0.0,0.0,0.0,0.0,0.0,0.0,0.0
2.30619212963,388573.0,32688.0,11.8873286833,782.0,64391.0,65275.0,65500.0,811.0,1825.0,1904.0,4047.0,9294.0,11835.0,2798.0,143.0,28.0,3.0,0.0,0.0,0.0,0.0,0.0,0.0,0.0,0.0,0.0,0.0,0.0,0.0,0.0,0.0,0.0,0.0,0.0,0.0,0.0,0.0
2.3103587963,390311.0,32685.0,11.9415940034,785.0,64395.0,65278.0,65499.0,752.0,1969.0,1875.0,4050.0,9245.0,11748.0,2837.0,175.0,33.0,1.0,0.0,0.0,0.0,0.0,0.0,0.0,0.0,0.0,0.0,0.0,0.0,0.0,0.0,0.0,0.0,0.0,0.0,0.0,0.0,0.0
2.31452546296,393202.0,32678.0,12.0326213355,782.0,64396.0,65279.0,65496.0,758.0,1880.0,1999.0,3897.0,9043.0,12014.0,2895.0,161.0,29.0,2.0,0.0,0.0,0.0,0.0,0.0,0.0,0.0,0.0,0.0,0.0,0.0,0.0,0.0,0.0,0.0,0.0,0.0,0.0,0.0,0.0
2.31869212963,401295.0,32665.0,12.2851676106,782.0,64391.0,65276.0,65497.0,724.0,1729.0,1931.0,3854.0,9164.0,12020.0,3001.0,201.0,37.0,4.0,0.0,0.0,0.0,0.0,0.0,0.0,0.0,0.0,0.0,0.0,0.0,0.0,0.0,0.0,0.0,0.0,0.0,0.0,0.0,0.0
2.3228587963,398186.0,32671.0,12.1877506045,782.0,64392.0,65279.0,65500.0,703.0,1816.0,2057.0,3802.0,9011.0,12034.0,3039.0,181.0,28.0,0.0,0.0,0.0,0.0,0.0,0.0,0.0,0.0,0.0,0.0,0.0,0.0,0.0,0.0,0.0,0.0,0.0,0.0,0.0,0.0,0.0
2.32702546296,398663.0,32670.0,12.2027242118,780.0,64391.0,65275.0,65496.0,759.0,1817.0,1985.0,3623.0,9128.0,12109.0,3062.0,165.0,20.0,2.0,0.0,0.0,0.0,0.0,0.0,0.0,0.0,0.0,0.0,0.0,0.0,0.0,0.0,0.0,0.0,0.0,0.0,0.0,0.0,0.0
2.33119212963,406623.0,32664.0,12.4486590742,777.0,64395.0,65276.0,65496.0,660.0,1739.0,2014.0,3466.0,9140.0,12253.0,3182.0,178.0,28.0,4.0,0.0,0.0,0.0,0.0,0.0,0.0,0.0,0.0,0.0,0.0,0.0,0.0,0.0,0.0,0.0,0.0,0.0,0.0,0.0,0.0
2.3353587963,407717.0,32655.0,12.485591793,779.0,64393.0,65276.0,65500.0,625.0,1801.0,2024.0,3467.0,9178.0,12091.0,3251.0,181.0,31.0,6.0,0.0,0.0,0.0,0.0,0.0,0.0,0.0,0.0,0.0,0.0,0.0,0.0,0.0,0.0,0.0,0.0,0.0,0.0,0.0,0.0
2.33952546296,409761.0,32675.0,12.5405049732,775.0,64392.0,65278.0,65496.0,632.0,1765.0,2014.0,3426.0,9073.0,12233.0,3311.0,196.0,23.0,2.0,0.0,0.0,0.0,0.0,0.0,0.0,0.0,0.0,0.0,0.0,0.0,0.0,0.0,0.0,0.0,0.0,0.0,0.0,0.0,0.0
2.34369212963,410071.0,32666.0,12.5534500704,775.0,64391.0,65276.0,65497.0,625.0,1707.0,2144.0,3283.0,9142.0,12233.0,3305.0,201.0,25.0,1.0,0.0,0.0,0.0,0.0,0.0,0.0,0.0,0.0,0.0,0.0,0.0,0.0,0.0,0.0,0.0,0.0,0.0,0.0,0.0,0.0
2.3478587963,412647.0,32656.0,12.6361771191,780.0,64391.0,65276.0,65503.0,621.0,1741.0,2147.0,3283.0,9049.0,12256.0,3304.0,221.0,28.0,6.0,0.0,0.0,0.0,0.0,0.0,0.0,0.0,0.0,0.0,0.0,0.0,0.0,0.0,0.0,0.0,0.0,0.0,0.0,0.0,0.0
2.35202546296,412727.0,32660.0,12.6370789957,775.0,64396.0,65276.0,65502.0,607.0,1789.0,2147.0,3275.0,9067.0,12117.0,3413.0,214.0,29.0,2.0,0.0,0.0,0.0,0.0,0.0,0.0,0.0,0.0,0.0,0.0,0.0,0.0,0.0,0.0,0.0,0.0,0.0,0.0,0.0,0.0
2.35619212963,412012.0,32653.0,12.6178911585,775.0,64391.0,65276.0,65500.0,576.0,1776.0,2126.0,3294.0,9131.0,12099.0,3413.0,211.0,27.0,0.0,0.0,0.0,0.0,0.0,0.0,0.0,0.0,0.0,0.0,0.0,0.0,0.0,0.0,0.0,0.0,0.0,0.0,0.0,0.0,0.0
2.3603587963,410626.0,32666.0,12.5704402131,774.0,64391.0,65278.0,65497.0,612.0,1708.0,2165.0,3251.0,9338.0,11969.0,3396.0,195.0,31.0,1.0,0.0,0.0,0.0,0.0,0.0,0.0,0.0,0.0,0.0,0.0,0.0,0.0,0.0,0.0,0.0,0.0,0.0,0.0,0.0,0.0
2.36452546296,412692.0,32662.0,12.6352336048,774.0,64392.0,65278.0,65500.0,610.0,1738.0,2199.0,3145.0,9131.0,12228.0,3391.0,186.0,30.0,4.0,0.0,0.0,0.0,0.0,0.0,0.0,0.0,0.0,0.0,0.0,0.0,0.0,0.0,0.0,0.0,0.0,0.0,0.0,0.0,0.0
2.36869212963,414720.0,32654.0,12.7004348625,775.0,64399.0,65276.0,65494.0,585.0,1792.0,2138.0,3187.0,9096.0,12166.0,3435.0,224.0,29.0,2.0,0.0,0.0,0.0,0.0,0.0,0.0,0.0,0.0,0.0,0.0,0.0,0.0,0.0,0.0,0.0,0.0,0.0,0.0,0.0,0.0
2.3728587963,413877.0,32653.0,12.6750068906,774.0,64391.0,65278.0,65497.0,638.0,1737.0,2132.0,3201.0,9170.0,12041.0,3503.0,197.0,34.0,0.0,0.0,0.0,0.0,0.0,0.0,0.0,0.0,0.0,0.0,0.0,0.0,0.0,0.0,0.0,0.0,0.0,0.0,0.0,0.0,0.0
2.37702546296,415874.0,32656.0,12.7349951004,774.0,64391.0,65276.0,65496.0,608.0,1892.0,2083.0,3240.0,8999.0,12102.0,3463.0,233.0,29.0,7.0,0.0,0.0,0.0,0.0,0.0,0.0,0.0,0.0,0.0,0.0,0.0,0.0,0.0,0.0,0.0,0.0,0.0,0.0,0.0,0.0
2.38119212963,412398.0,32651.0,12.6304860494,775.0,64391.0,65276.0,65499.0,688.0,1762.0,2140.0,3235.0,9201.0,11884.0,3486.0,231.0,22.0,2.0,0.0,0.0,0.0,0.0,0.0,0.0,0.0,0.0,0.0,0.0,0.0,0.0,0.0,0.0,0.0,0.0,0.0,0.0,0.0,0.0
2.3853587963,412127.0,32654.0,12.6210265205,774.0,64391.0,65279.0,65500.0,654.0,1829.0,2143.0,3341.0,9181.0,11790.0,3444.0,236.0,31.0,5.0,0.0,0.0,0.0,0.0,0.0,0.0,0.0,0.0,0.0,0.0,0.0,0.0,0.0,0.0,0.0,0.0,0.0,0.0,0.0,0.0
2.38952546296,412153.0,32645.0,12.6253024966,774.0,64399.0,65278.0,65496.0,620.0,1827.0,2063.0,3414.0,9168.0,11810.0,3472.0,245.0,25.0,1.0,0.0,0.0,0.0,0.0,0.0,0.0,0.0,0.0,0.0,0.0,0.0,0.0,0.0,0.0,0.0,0.0,0.0,0.0,0.0,0.0
2.39369212963,407763.0,32640.0,12.4927389706,774.0,64391.0,65279.0,65496.0,668.0,1889.0,2099.0,3483.0,9258.0,11505.0,3486.0,226.0,24.0,2.0,0.0,0.0,0.0,0.0,0.0,0.0,0.0,0.0,0.0,0.0,0.0,0.0,0.0,0.0,0.0,0.0,0.0,0.0,0.0,0.0
2.3978587963,411819.0,32646.0,12.6146848006,774.0,64392.0,65279.0,65500.0,679.0,1935.0,1922.0,3564.0,9279.0,11425.0,3559.0,242.0,40.0,1.0,0.0,0.0,0.0,0.0,0.0,0.0,0.0,0.0,0.0,0.0,0.0,0.0,0.0,0.0,0.0,0.0,0.0,0.0,0.0,0.0
2.40202546296,411754.0,32641.0,12.6146257774,772.0,64392.0,65278.0,65500.0,748.0,1836.0,1935.0,3686.0,9255.0,11295.0,3595.0,252.0,36.0,3.0,0.0,0.0,0.0,0.0,0.0,0.0,0.0,0.0,0.0,0.0,0.0,0.0,0.0,0.0,0.0,0.0,0.0,0.0,0.0,0.0
2.40619212963,409932.0,32641.0,12.5588064091,774.0,64390.0,65276.0,65505.0,713.0,2014.0,1921.0,3753.0,9257.0,11030.0,3659.0,261.0,29.0,4.0,0.0,0.0,0.0,0.0,0.0,0.0,0.0,0.0,0.0,0.0,0.0,0.0,0.0,0.0,0.0,0.0,0.0,0.0,0.0,0.0
2.4103587963,407678.0,32636.0,12.4916656453,774.0,64390.0,65280.0,65502.0,742.0,1934.0,1850.0,3761.0,9451.0,11056.0,3567.0,232.0,43.0,0.0,0.0,0.0,0.0,0.0,0.0,0.0,0.0,0.0,0.0,0.0,0.0,0.0,0.0,0.0,0.0,0.0,0.0,0.0,0.0,0.0
2.41452546296,406962.0,32647.0,12.4655251631,774.0,64391.0,65280.0,65496.0,778.0,1954.0,1850.0,3891.0,9348.0,10905.0,3637.0,254.0,30.0,0.0,0.0,0.0,0.0,0.0,0.0,0.0,0.0,0.0,0.0,0.0,0.0,0.0,0.0,0.0,0.0,0.0,0.0,0.0,0.0,0.0
2.41869212963,400027.0,32618.0,12.26399534,774.0,64391.0,65279.0,65496.0,784.0,2043.0,1870.0,3987.0,9447.0,10748.0,3482.0,224.0,27.0,6.0,0.0,0.0,0.0,0.0,0.0,0.0,0.0,0.0,0.0,0.0,0.0,0.0,0.0,0.0,0.0,0.0,0.0,0.0,0.0,0.0
2.4228587963,404246.0,32637.0,12.3861261758,772.0,64391.0,65278.0,65500.0,798.0,2022.0,1826.0,3981.0,9251.0,10968.0,3517.0,230.0,42.0,2.0,0.0,0.0,0.0,0.0,0.0,0.0,0.0,0.0,0.0,0.0,0.0,0.0,0.0,0.0,0.0,0.0,0.0,0.0,0.0,0.0
2.42702546296,401988.0,32641.0,12.3154315125,774.0,64391.0,65279.0,65500.0,782.0,1984.0,1722.0,4036.0,9494.0,10899.0,3459.0,235.0,26.0,4.0,0.0,0.0,0.0,0.0,0.0,0.0,0.0,0.0,0.0,0.0,0.0,0.0,0.0,0.0,0.0,0.0,0.0,0.0,0.0,0.0
2.43119212963,405567.0,32638.0,12.4262209694,774.0,64391.0,65279.0,65496.0,796.0,1869.0,1643.0,4127.0,9452.0,10984.0,3486.0,242.0,35.0,4.0,0.0,0.0,0.0,0.0,0.0,0.0,0.0,0.0,0.0,0.0,0.0,0.0,0.0,0.0,0.0,0.0,0.0,0.0,0.0,0.0
2.4353587963,409515.0,32644.0,12.5448780787,774.0,64391.0,65280.0,65496.0,860.0,1879.0,1476.0,4159.0,9420.0,10969.0,3579.0,262.0,34.0,6.0,0.0,0.0,0.0,0.0,0.0,0.0,0.0,0.0,0.0,0.0,0.0,0.0,0.0,0.0,0.0,0.0,0.0,0.0,0.0,0.0
2.43952546296,405113.0,32642.0,12.41078978,772.0,64390.0,65280.0,65491.0,891.0,1827.0,1321.0,4379.0,9573.0,10901.0,3479.0,225.0,42.0,4.0,0.0,0.0,0.0,0.0,0.0,0.0,0.0,0.0,0.0,0.0,0.0,0.0,0.0,0.0,0.0,0.0,0.0,0.0,0.0,0.0
2.44369212963,402010.0,32637.0,12.3176149769,774.0,64391.0,65279.0,65500.0,988.0,1830.0,1198.0,4526.0,9714.0,10579.0,3527.0,246.0,26.0,3.0,0.0,0.0,0.0,0.0,0.0,0.0,0.0,0.0,0.0,0.0,0.0,0.0,0.0,0.0,0.0,0.0,0.0,0.0,0.0,0.0
2.4478587963,398474.0,32640.0,12.2081495098,774.0,64392.0,65281.0,65503.0,1036.0,1848.0,1063.0,4721.0,9586.0,10727.0,3398.0,240.0,17.0,4.0,0.0,0.0,0.0,0.0,0.0,0.0,0.0,0.0,0.0,0.0,0.0,0.0,0.0,0.0,0.0,0.0,0.0,0.0,0.0,0.0
2.45202546296,392730.0,32632.0,12.0351189017,774.0,64391.0,65280.0,65502.0,1166.0,1744.0,1045.0,4764.0,10050.0,10322.0,3276.0,230.0,33.0,2.0,0.0,0.0,0.0,0.0,0.0,0.0,0.0,0.0,0.0,0.0,0.0,0.0,0.0,0.0,0.0,0.0,0.0,0.0,0.0,0.0
2.45619212963,395698.0,32643.0,12.121986337,772.0,64393.0,65279.0,65496.0,1131.0,1702.0,930.0,4840.0,10109.0,10396.0,3254.0,241.0,33.0,7.0,0.0,0.0,0.0,0.0,0.0,0.0,0.0,0.0,0.0,0.0,0.0,0.0,0.0,0.0,0.0,0.0,0.0,0.0,0.0,0.0
2.4603587963,391809.0,32645.0,12.0021136468,772.0,64391.0,65280.0,65496.0,1214.0,1727.0,809.0,4980.0,10236.0,10222.0,3183.0,234.0,33.0,6.0,1.0,0.0,0.0,0.0,0.0,0.0,0.0,0.0,0.0,0.0,0.0,0.0,0.0,0.0,0.0,0.0,0.0,0.0,0.0,0.0
2.46452546296,387549.0,32643.0,11.8723462917,774.0,64387.0,65279.0,65496.0,1396.0,1801.0,664.0,5125.0,10298.0,9858.0,3243.0,217.0,34.0,7.0,0.0,0.0,0.0,0.0,0.0,0.0,0.0,0.0,0.0,0.0,0.0,0.0,0.0,0.0,0.0,0.0,0.0,0.0,0.0,0.0
2.46869212963,383483.0,32644.0,11.7474267859,774.0,64391.0,65279.0,65497.0,1446.0,1751.0,684.0,5293.0,10455.0,9630.0,3098.0,245.0,32.0,10.0,0.0,0.0,0.0,0.0,0.0,0.0,0.0,0.0,0.0,0.0,0.0,0.0,0.0,0.0,0.0,0.0,0.0,0.0,0.0,0.0
2.4728587963,374451.0,32634.0,11.4742599743,774.0,64387.0,65278.0,65502.0,1576.0,1639.0,628.0,5539.0,10647.0,9354.0,3012.0,198.0,39.0,2.0,0.0,0.0,0.0,0.0,0.0,0.0,0.0,0.0,0.0,0.0,0.0,0.0,0.0,0.0,0.0,0.0,0.0,0.0,0.0,0.0
2.47702546296,372278.0,32640.0,11.4055759804,774.0,64392.0,65281.0,65499.0,1606.0,1816.0,581.0,5521.0,10710.0,9174.0,2956.0,241.0,33.0,2.0,0.0,0.0,0.0,0.0,0.0,0.0,0.0,0.0,0.0,0.0,0.0,0.0,0.0,0.0,0.0,0.0,0.0,0.0,0.0,0.0
2.48119212963,372671.0,32648.0,11.4148186719,774.0,64391.0,65284.0,65491.0,1712.0,1743.0,596.0,5632.0,10543.0,9143.0,3011.0,230.0,35.0,2.0,1.0,0.0,0.0,0.0,0.0,0.0,0.0,0.0,0.0,0.0,0.0,0.0,0.0,0.0,0.0,0.0,0.0,0.0,0.0,0.0
2.4853587963,367707.0,32646.0,11.2634625988,774.0,64391.0,65283.0,65500.0,1821.0,1837.0,591.0,5598.0,10793.0,8787.0,2945.0,230.0,38.0,6.0,0.0,0.0,0.0,0.0,0.0,0.0,0.0,0.0,0.0,0.0,0.0,0.0,0.0,0.0,0.0,0.0,0.0,0.0,0.0,0.0
2.48952546296,369295.0,32645.0,11.3124521366,774.0,64390.0,65280.0,65500.0,1883.0,1897.0,613.0,5403.0,10724.0,8819.0,3033.0,232.0,37.0,4.0,0.0,0.0,0.0,0.0,0.0,0.0,0.0,0.0,0.0,0.0,0.0,0.0,0.0,0.0,0.0,0.0,0.0,0.0,0.0,0.0
2.49369212963,366324.0,32646.0,11.2210990627,774.0,64392.0,65282.0,65502.0,1796.0,1862.0,631.0,5574.0,10641.0,8920.0,2989.0,198.0,33.0,2.0,0.0,0.0,0.0,0.0,0.0,0.0,0.0,0.0,0.0,0.0,0.0,0.0,0.0,0.0,0.0,0.0,0.0,0.0,0.0,0.0
2.4978587963,372059.0,32655.0,11.3936303782,774.0,64390.0,65283.0,65500.0,1805.0,1905.0,669.0,5388.0,10520.0,9036.0,3052.0,246.0,28.0,6.0,0.0,0.0,0.0,0.0,0.0,0.0,0.0,0.0,0.0,0.0,0.0,0.0,0.0,0.0,0.0,0.0,0.0,0.0,0.0,0.0
2.50202546296,365711.0,32651.0,11.2006064133,777.0,64391.0,65284.0,65502.0,1927.0,1933.0,745.0,5594.0,10423.0,8773.0,2996.0,215.0,39.0,6.0,0.0,0.0,0.0,0.0,0.0,0.0,0.0,0.0,0.0,0.0,0.0,0.0,0.0,0.0,0.0,0.0,0.0,0.0,0.0,0.0
2.50619212963,372430.0,32654.0,11.4053408465,774.0,64388.0,65283.0,65500.0,1802.0,1990.0,704.0,5308.0,10551.0,9006.0,3004.0,240.0,37.0,12.0,0.0,0.0,0.0,0.0,0.0,0.0,0.0,0.0,0.0,0.0,0.0,0.0,0.0,0.0,0.0,0.0,0.0,0.0,0.0,0.0
2.5103587963,370029.0,32650.0,11.3332006126,774.0,64387.0,65286.0,65496.0,1740.0,1999.0,727.0,5168.0,10598.0,9176.0,3006.0,201.0,29.0,6.0,0.0,0.0,0.0,0.0,0.0,0.0,0.0,0.0,0.0,0.0,0.0,0.0,0.0,0.0,0.0,0.0,0.0,0.0,0.0,0.0
2.51452546296,377275.0,32659.0,11.5519458648,777.0,64391.0,65281.0,65496.0,1670.0,2031.0,834.0,5026.0,10378.0,9333.0,3111.0,227.0,43.0,6.0,0.0,0.0,0.0,0.0,0.0,0.0,0.0,0.0,0.0,0.0,0.0,0.0,0.0,0.0,0.0,0.0,0.0,0.0,0.0,0.0
2.51869212963,382157.0,32656.0,11.7025048996,779.0,64392.0,65283.0,65496.0,1593.0,1961.0,816.0,4759.0,10273.0,9852.0,3143.0,223.0,34.0,2.0,0.0,0.0,0.0,0.0,0.0,0.0,0.0,0.0,0.0,0.0,0.0,0.0,0.0,0.0,0.0,0.0,0.0,0.0,0.0,0.0
2.5228587963,389003.0,32661.0,11.9103211782,775.0,64388.0,65281.0,65502.0,1552.0,1959.0,918.0,4594.0,10100.0,9949.0,3322.0,221.0,42.0,4.0,0.0,0.0,0.0,0.0,0.0,0.0,0.0,0.0,0.0,0.0,0.0,0.0,0.0,0.0,0.0,0.0,0.0,0.0,0.0,0.0
2.52702546296,387824.0,32649.0,11.8785873993,782.0,64387.0,65286.0,65500.0,1469.0,1958.0,855.0,4461.0,10325.0,10058.0,3275.0,219.0,27.0,2.0,0.0,0.0,0.0,0.0,0.0,0.0,0.0,0.0,0.0,0.0,0.0,0.0,0.0,0.0,0.0,0.0,0.0,0.0,0.0,0.0
2.53119212963,396681.0,32656.0,12.1472623714,783.0,64395.0,65283.0,65497.0,1437.0,1897.0,908.0,4262.0,10180.0,10361.0,3340.0,221.0,40.0,10.0,0.0,0.0,0.0,0.0,0.0,0.0,0.0,0.0,0.0,0.0,0.0,0.0,0.0,0.0,0.0,0.0,0.0,0.0,0.0,0.0
2.5353587963,396359.0,32660.0,12.135915493,787.0,64391.0,65283.0,65502.0,1380.0,1891.0,942.0,4128.0,10211.0,10507.0,3350.0,212.0,35.0,4.0,0.0,0.0,0.0,0.0,0.0,0.0,0.0,0.0,0.0,0.0,0.0,0.0,0.0,0.0,0.0,0.0,0.0,0.0,0.0,0.0
2.53952546296,403123.0,32662.0,12.3422631805,785.0,64392.0,65281.0,65500.0,1274.0,1755.0,920.0,4092.0,10223.0,10752.0,3390.0,208.0,37.0,11.0,0.0,0.0,0.0,0.0,0.0,0.0,0.0,0.0,0.0,0.0,0.0,0.0,0.0,0.0,0.0,0.0,0.0,0.0,0.0,0.0
2.54369212963,406779.0,32666.0,12.4526725035,785.0,64393.0,65283.0,65497.0,1134.0,1773.0,995.0,3970.0,10032.0,11044.0,3468.0,208.0,38.0,4.0,0.0,0.0,0.0,0.0,0.0,0.0,0.0,0.0,0.0,0.0,0.0,0.0,0.0,0.0,0.0,0.0,0.0,0.0,0.0,0.0
2.5478587963,395257.0,32681.0,12.0943973563,787.0,64391.0,65283.0,65497.0,1046.0,1793.0,1052.0,4458.0,10119.0,10782.0,3190.0,207.0,31.0,3.0,0.0,0.0,0.0,0.0,0.0,0.0,0.0,0.0,0.0,0.0,0.0,0.0,0.0,0.0,0.0,0.0,0.0,0.0,0.0,0.0
2.55202546296,389856.0,32674.0,11.9316888046,782.0,64399.0,65281.0,65502.0,1020.0,1884.0,1142.0,4574.0,10270.0,10497.0,3049.0,182.0,49.0,7.0,0.0,0.0,0.0,0.0,0.0,0.0,0.0,0.0,0.0,0.0,0.0,0.0,0.0,0.0,0.0,0.0,0.0,0.0,0.0,0.0
2.55619212963,381714.0,32676.0,11.6817847962,787.0,64387.0,65287.0,65500.0,1149.0,2036.0,1185.0,4835.0,9976.0,10301.0,2968.0,175.0,46.0,5.0,0.0,0.0,0.0,0.0,0.0,0.0,0.0,0.0,0.0,0.0,0.0,0.0,0.0,0.0,0.0,0.0,0.0,0.0,0.0,0.0
2.5603587963,374908.0,32669.0,11.4759557991,787.0,64390.0,65287.0,65502.0,1161.0,2176.0,1314.0,4882.0,10064.0,9951.0,2902.0,175.0,35.0,9.0,0.0,0.0,0.0,0.0,0.0,0.0,0.0,0.0,0.0,0.0,0.0,0.0,0.0,0.0,0.0,0.0,0.0,0.0,0.0,0.0
2.56452546296,365694.0,32675.0,11.1918592196,787.0,64391.0,65287.0,65502.0,1260.0,2216.0,1385.0,5157.0,9928.0,9667.0,2846.0,203.0,11.0,2.0,0.0,0.0,0.0,0.0,0.0,0.0,0.0,0.0,0.0,0.0,0.0,0.0,0.0,0.0,0.0,0.0,0.0,0.0,0.0,0.0
2.56869212963,363470.0,32685.0,11.1203916169,787.0,64395.0,65283.0,65497.0,1345.0,2350.0,1398.0,5243.0,9815.0,9531.0,2769.0,201.0,28.0,5.0,0.0,0.0,0.0,0.0,0.0,0.0,0.0,0.0,0.0,0.0,0.0,0.0,0.0,0.0,0.0,0.0,0.0,0.0,0.0,0.0
2.5728587963,357241.0,32678.0,10.9321561907,790.0,64390.0,65286.0,65496.0,1369.0,2495.0,1379.0,5291.0,9951.0,9281.0,2706.0,168.0,34.0,4.0,0.0,0.0,0.0,0.0,0.0,0.0,0.0,0.0,0.0,0.0,0.0,0.0,0.0,0.0,0.0,0.0,0.0,0.0,0.0,0.0
2.57702546296,357003.0,32680.0,10.9242044064,790.0,64391.0,65286.0,65500.0,1371.0,2477.0,1413.0,5267.0,9915.0,9329.0,2697.0,182.0,26.0,3.0,0.0,0.0,0.0,0.0,0.0,0.0,0.0,0.0,0.0,0.0,0.0,0.0,0.0,0.0,0.0,0.0,0.0,0.0,0.0,0.0
2.58119212963,346169.0,32688.0,10.5900942242,795.0,64387.0,65286.0,65500.0,1549.0,2625.0,1522.0,5563.0,9853.0,8760.0,2610.0,170.0,34.0,2.0,0.0,0.0,0.0,0.0,0.0,0.0,0.0,0.0,0.0,0.0,0.0,0.0,0.0,0.0,0.0,0.0,0.0,0.0,0.0,0.0
2.5853587963,340855.0,32696.0,10.4249755322,793.0,64387.0,65287.0,65500.0,1621.0,2743.0,1454.0,5717.0,9906.0,8574.0,2475.0,171.0,25.0,10.0,0.0,0.0,0.0,0.0,0.0,0.0,0.0,0.0,0.0,0.0,0.0,0.0,0.0,0.0,0.0,0.0,0.0,0.0,0.0,0.0
2.58952546296,335735.0,32687.0,10.2712087374,793.0,64391.0,65286.0,65496.0,1669.0,2793.0,1503.0,5786.0,9851.0,8493.0,2384.0,177.0,27.0,4.0,0.0,0.0,0.0,0.0,0.0,0.0,0.0,0.0,0.0,0.0,0.0,0.0,0.0,0.0,0.0,0.0,0.0,0.0,0.0,0.0
2.59369212963,332347.0,32689.0,10.1669368901,793.0,64391.0,65286.0,65502.0,1767.0,2791.0,1558.0,5690.0,10004.0,8400.0,2265.0,176.0,33.0,5.0,0.0,0.0,0.0,0.0,0.0,0.0,0.0,0.0,0.0,0.0,0.0,0.0,0.0,0.0,0.0,0.0,0.0,0.0,0.0,0.0
2.5978587963,329536.0,32714.0,10.0732408143,795.0,64391.0,65286.0,65503.0,1832.0,2960.0,1542.0,5737.0,9708.0,8384.0,2381.0,146.0,23.0,1.0,0.0,0.0,0.0,0.0,0.0,0.0,0.0,0.0,0.0,0.0,0.0,0.0,0.0,0.0,0.0,0.0,0.0,0.0,0.0,0.0
2.60202546296,324650.0,32710.0,9.92509935799,796.0,64390.0,65289.0,65495.0,1946.0,3056.0,1531.0,5653.0,9878.0,8222.0,2241.0,157.0,24.0,2.0,0.0,0.0,0.0,0.0,0.0,0.0,0.0,0.0,0.0,0.0,0.0,0.0,0.0,0.0,0.0,0.0,0.0,0.0,0.0,0.0
2.60619212963,319528.0,32610.0,9.798466728,795.0,64391.0,65288.0,65494.0,2056.0,3074.0,1635.0,5592.0,9664.0,8180.0,2272.0,121.0,15.0,1.0,0.0,0.0,0.0,0.0,0.0,0.0,0.0,0.0,0.0,0.0,0.0,0.0,0.0,0.0,0.0,0.0,0.0,0.0,0.0,0.0
2.6103587963,322358.0,32713.0,9.8541252713,796.0,64391.0,65286.0,65496.0,1943.0,3176.0,1503.0,5806.0,9683.0,8196.0,2234.0,147.0,23.0,2.0,0.0,0.0,0.0,0.0,0.0,0.0,0.0,0.0,0.0,0.0,0.0,0.0,0.0,0.0,0.0,0.0,0.0,0.0,0.0,0.0
2.61452546296,321988.0,32706.0,9.84492142115,798.0,64390.0,65287.0,65498.0,1972.0,3086.0,1505.0,5917.0,9818.0,7955.0,2266.0,163.0,21.0,3.0,0.0,0.0,0.0,0.0,0.0,0.0,0.0,0.0,0.0,0.0,0.0,0.0,0.0,0.0,0.0,0.0,0.0,0.0,0.0,0.0
2.61869212963,312260.0,32679.0,9.55537195141,798.0,64391.0,65286.0,65502.0,2110.0,3226.0,1525.0,5988.0,9812.0,7819.0,2023.0,146.0,26.0,4.0,0.0,0.0,0.0,0.0,0.0,0.0,0.0,0.0,0.0,0.0,0.0,0.0,0.0,0.0,0.0,0.0,0.0,0.0,0.0,0.0
2.6228587963,315554.0,32704.0,9.64878913894,801.0,64391.0,65283.0,65504.0,2164.0,3140.0,1439.0,5970.0,9741.0,7977.0,2079.0,176.0,18.0,0.0,0.0,0.0,0.0,0.0,0.0,0.0,0.0,0.0,0.0,0.0,0.0,0.0,0.0,0.0,0.0,0.0,0.0,0.0,0.0,0.0
2.62702546296,314898.0,32721.0,9.62372788118,801.0,64391.0,65287.0,65500.0,2177.0,3202.0,1542.0,5967.0,9697.0,7838.0,2111.0,158.0,26.0,3.0,0.0,0.0,0.0,0.0,0.0,0.0,0.0,0.0,0.0,0.0,0.0,0.0,0.0,0.0,0.0,0.0,0.0,0.0,0.0,0.0
2.63119212963,314827.0,32715.0,9.62332263488,801.0,64392.0,65288.0,65496.0,2138.0,3153.0,1483.0,6029.0,9698.0,7996.0,2031.0,166.0,15.0,6.0,0.0,0.0,0.0,0.0,0.0,0.0,0.0,0.0,0.0,0.0,0.0,0.0,0.0,0.0,0.0,0.0,0.0,0.0,0.0,0.0
2.6353587963,316755.0,32705.0,9.68521632778,800.0,64392.0,65286.0,65504.0,2221.0,3101.0,1649.0,5763.0,9683.0,7985.0,2117.0,160.0,20.0,6.0,0.0,0.0,0.0,0.0,0.0,0.0,0.0,0.0,0.0,0.0,0.0,0.0,0.0,0.0,0.0,0.0,0.0,0.0,0.0,0.0
2.63952546296,311595.0,32712.0,9.52540352164,801.0,64390.0,65287.0,65499.0,2281.0,3167.0,1640.0,5927.0,9770.0,7699.0,2037.0,155.0,33.0,3.0,0.0,0.0,0.0,0.0,0.0,0.0,0.0,0.0,0.0,0.0,0.0,0.0,0.0,0.0,0.0,0.0,0.0,0.0,0.0,0.0
2.64369212963,311597.0,32720.0,9.52313569682,801.0,64392.0,65286.0,65496.0,2274.0,3317.0,1586.0,5777.0,9676.0,7849.0,2057.0,162.0,22.0,0.0,0.0,0.0,0.0,0.0,0.0,0.0,0.0,0.0,0.0,0.0,0.0,0.0,0.0,0.0,0.0,0.0,0.0,0.0,0.0,0.0
2.6478587963,311068.0,32714.0,9.50871186648,803.0,64391.0,65286.0,65503.0,2178.0,3330.0,1633.0,5876.0,9639.0,7877.0,1984.0,172.0,24.0,1.0,0.0,0.0,0.0,0.0,0.0,0.0,0.0,0.0,0.0,0.0,0.0,0.0,0.0,0.0,0.0,0.0,0.0,0.0,0.0,0.0
2.65202546296,314391.0,32715.0,9.60999541495,804.0,64391.0,65287.0,65500.0,2198.0,3293.0,1555.0,5797.0,9672.0,7932.0,2082.0,157.0,28.0,1.0,0.0,0.0,0.0,0.0,0.0,0.0,0.0,0.0,0.0,0.0,0.0,0.0,0.0,0.0,0.0,0.0,0.0,0.0,0.0,0.0
2.65619212963,312253.0,32717.0,9.54405966317,808.0,64391.0,65287.0,65496.0,2241.0,3203.0,1581.0,5948.0,9674.0,7794.0,2098.0,155.0,23.0,0.0,0.0,0.0,0.0,0.0,0.0,0.0,0.0,0.0,0.0,0.0,0.0,0.0,0.0,0.0,0.0,0.0,0.0,0.0,0.0,0.0
2.6603587963,311818.0,32725.0,9.52843391902,808.0,64391.0,65286.0,65500.0,2191.0,3320.0,1645.0,5678.0,9746.0,7935.0,2042.0,151.0,14.0,3.0,0.0,0.0,0.0,0.0,0.0,0.0,0.0,0.0,0.0,0.0,0.0,0.0,0.0,0.0,0.0,0.0,0.0,0.0,0.0,0.0
2.66452546296,315357.0,32731.0,9.63481103541,804.0,64391.0,65283.0,65503.0,2084.0,3129.0,1676.0,5871.0,9792.0,7935.0,2047.0,170.0,25.0,2.0,0.0,0.0,0.0,0.0,0.0,0.0,0.0,0.0,0.0,0.0,0.0,0.0,0.0,0.0,0.0,0.0,0.0,0.0,0.0,0.0
2.66869212963,320105.0,32728.0,9.78076876069,808.0,64399.0,65287.0,65495.0,2027.0,3277.0,1668.0,5429.0,9848.0,8140.0,2138.0,180.0,20.0,1.0,0.0,0.0,0.0,0.0,0.0,0.0,0.0,0.0,0.0,0.0,0.0,0.0,0.0,0.0,0.0,0.0,0.0,0.0,0.0,0.0
2.6728587963,318821.0,32737.0,9.73885817271,801.0,64390.0,65287.0,65496.0,1940.0,3235.0,1693.0,5732.0,9785.0,8043.0,2118.0,159.0,30.0,2.0,0.0,0.0,0.0,0.0,0.0,0.0,0.0,0.0,0.0,0.0,0.0,0.0,0.0,0.0,0.0,0.0,0.0,0.0,0.0,0.0
2.67702546296,322423.0,32727.0,9.85189598802,809.0,64390.0,65290.0,65503.0,2027.0,3277.0,1723.0,5531.0,9581.0,8170.0,2210.0,176.0,31.0,1.0,0.0,0.0,0.0,0.0,0.0,0.0,0.0,0.0,0.0,0.0,0.0,0.0,0.0,0.0,0.0,0.0,0.0,0.0,0.0,0.0
2.68119212963,320052.0,32728.0,9.77914935224,808.0,64384.0,65295.0,65496.0,1873.0,3168.0,1852.0,5655.0,9698.0,8191.0,2100.0,156.0,33.0,2.0,0.0,0.0,0.0,0.0,0.0,0.0,0.0,0.0,0.0,0.0,0.0,0.0,0.0,0.0,0.0,0.0,0.0,0.0,0.0,0.0
2.6853587963,326058.0,32739.0,9.95931457894,808.0,64388.0,65287.0,65499.0,1812.0,3070.0,1812.0,5629.0,9674.0,8346.0,2195.0,163.0,35.0,3.0,0.0,0.0,0.0,0.0,0.0,0.0,0.0,0.0,0.0,0.0,0.0,0.0,0.0,0.0,0.0,0.0,0.0,0.0,0.0,0.0
2.68952546296,326275.0,32733.0,9.96776952922,809.0,64390.0,65287.0,65497.0,1793.0,3057.0,1791.0,5741.0,9524.0,8450.0,2175.0,167.0,31.0,4.0,0.0,0.0,0.0,0.0,0.0,0.0,0.0,0.0,0.0,0.0,0.0,0.0,0.0,0.0,0.0,0.0,0.0,0.0,0.0,0.0
2.69369212963,322831.0,32732.0,9.86285592081,811.0,64391.0,65287.0,65502.0,1814.0,3005.0,1743.0,5667.0,9861.0,8360.0,2094.0,161.0,25.0,2.0,0.0,0.0,0.0,0.0,0.0,0.0,0.0,0.0,0.0,0.0,0.0,0.0,0.0,0.0,0.0,0.0,0.0,0.0,0.0,0.0
2.6978587963,327119.0,32733.0,9.99355390584,809.0,64391.0,65287.0,65496.0,1751.0,3041.0,1829.0,5585.0,9818.0,8365.0,2110.0,196.0,32.0,6.0,0.0,0.0,0.0,0.0,0.0,0.0,0.0,0.0,0.0,0.0,0.0,0.0,0.0,0.0,0.0,0.0,0.0,0.0,0.0,0.0
2.70202546296,327037.0,32733.0,9.99104878868,811.0,64391.0,65287.0,65500.0,1616.0,3029.0,1848.0,5712.0,9777.0,8375.0,2168.0,174.0,31.0,3.0,0.0,0.0,0.0,0.0,0.0,0.0,0.0,0.0,0.0,0.0,0.0,0.0,0.0,0.0,0.0,0.0,0.0,0.0,0.0,0.0
2.70619212963,330322.0,32732.0,10.0917145301,813.0,64391.0,65287.0,65500.0,1659.0,3014.0,1826.0,5556.0,9729.0,8487.0,2254.0,177.0,26.0,4.0,0.0,0.0,0.0,0.0,0.0,0.0,0.0,0.0,0.0,0.0,0.0,0.0,0.0,0.0,0.0,0.0,0.0,0.0,0.0,0.0
2.7103587963,328506.0,32733.0,10.0359270461,811.0,64387.0,65291.0,65496.0,1674.0,2904.0,1827.0,5859.0,9638.0,8396.0,2245.0,156.0,27.0,7.0,0.0,0.0,0.0,0.0,0.0,0.0,0.0,0.0,0.0,0.0,0.0,0.0,0.0,0.0,0.0,0.0,0.0,0.0,0.0,0.0
2.71452546296,330380.0,32740.0,10.0910201588,809.0,64390.0,65287.0,65496.0,1602.0,2958.0,1775.0,5840.0,9686.0,8435.0,2220.0,190.0,30.0,4.0,0.0,0.0,0.0,0.0,0.0,0.0,0.0,0.0,0.0,0.0,0.0,0.0,0.0,0.0,0.0,0.0,0.0,0.0,0.0,0.0
2.71869212963,334372.0,32732.0,10.2154466577,813.0,64391.0,65286.0,65500.0,1462.0,3000.0,1716.0,5861.0,9742.0,8420.0,2312.0,171.0,42.0,6.0,0.0,0.0,0.0,0.0,0.0,0.0,0.0,0.0,0.0,0.0,0.0,0.0,0.0,0.0,0.0,0.0,0.0,0.0,0.0,0.0
2.7228587963,332917.0,32739.0,10.1688200617,811.0,64391.0,65288.0,65497.0,1403.0,2975.0,1829.0,5785.0,9625.0,8610.0,2308.0,181.0,23.0,0.0,0.0,0.0,0.0,0.0,0.0,0.0,0.0,0.0,0.0,0.0,0.0,0.0,0.0,0.0,0.0,0.0,0.0,0.0,0.0,0.0
2.72702546296,330478.0,32747.0,10.0918557425,811.0,64391.0,65287.0,65496.0,1497.0,2856.0,1789.0,5799.0,9958.0,8400.0,2242.0,179.0,26.0,1.0,0.0,0.0,0.0,0.0,0.0,0.0,0.0,0.0,0.0,0.0,0.0,0.0,0.0,0.0,0.0,0.0,0.0,0.0,0.0,0.0
2.73119212963,328982.0,32746.0,10.0464789593,811.0,64391.0,65286.0,65500.0,1406.0,2970.0,1804.0,5807.0,9739.0,8627.0,2229.0,144.0,19.0,1.0,0.0,0.0,0.0,0.0,0.0,0.0,0.0,0.0,0.0,0.0,0.0,0.0,0.0,0.0,0.0,0.0,0.0,0.0,0.0,0.0
2.7353587963,329124.0,32740.0,10.0526572999,809.0,64388.0,65287.0,65496.0,1495.0,2874.0,1805.0,5862.0,9685.0,8563.0,2305.0,133.0,17.0,1.0,0.0,0.0,0.0,0.0,0.0,0.0,0.0,0.0,0.0,0.0,0.0,0.0,0.0,0.0,0.0,0.0,0.0,0.0,0.0,0.0
2.73952546296,332464.0,32734.0,10.1565344901,813.0,64391.0,65287.0,65497.0,1376.0,2766.0,1819.0,5745.0,9849.0,8744.0,2275.0,143.0,15.0,2.0,0.0,0.0,0.0,0.0,0.0,0.0,0.0,0.0,0.0,0.0,0.0,0.0,0.0,0.0,0.0,0.0,0.0,0.0,0.0,0.0
2.74369212963,337471.0,32736.0,10.3088648583,809.0,64388.0,65288.0,65500.0,1353.0,2795.0,1700.0,5727.0,9766.0,8804.0,2413.0,166.0,12.0,0.0,0.0,0.0,0.0,0.0,0.0,0.0,0.0,0.0,0.0,0.0,0.0,0.0,0.0,0.0,0.0,0.0,0.0,0.0,0.0,0.0
2.7478587963,338009.0,32741.0,10.3237225497,814.0,64390.0,65287.0,65502.0,1405.0,2759.0,1805.0,5682.0,9700.0,8805.0,2400.0,161.0,22.0,2.0,0.0,0.0,0.0,0.0,0.0,0.0,0.0,0.0,0.0,0.0,0.0,0.0,0.0,0.0,0.0,0.0,0.0,0.0,0.0,0.0
2.75202546296,340919.0,32735.0,10.4145104628,808.0,64391.0,65287.0,65495.0,1245.0,2795.0,1766.0,5750.0,9745.0,8786.0,2456.0,164.0,25.0,3.0,0.0,0.0,0.0,0.0,0.0,0.0,0.0,0.0,0.0,0.0,0.0,0.0,0.0,0.0,0.0,0.0,0.0,0.0,0.0,0.0
2.75619212963,343025.0,32745.0,10.4756451367,811.0,64391.0,65287.0,65497.0,1338.0,2691.0,1761.0,5659.0,9656.0,9018.0,2421.0,171.0,27.0,3.0,0.0,0.0,0.0,0.0,0.0,0.0,0.0,0.0,0.0,0.0,0.0,0.0,0.0,0.0,0.0,0.0,0.0,0.0,0.0,0.0
2.7603587963,287782.0,27286.0,10.5468738547,808.0,64390.0,65288.0,65496.0,1078.0,2220.0,1479.0,4685.0,8097.0,7489.0,2051.0,167.0,17.0,3.0,0.0,0.0,0.0,0.0,0.0,0.0,0.0,0.0,0.0,0.0,0.0,0.0,0.0,0.0,0.0,0.0,0.0,0.0,0.0,0.0
2.77225694444,348163.0,32728.0,10.6380774872,811.0,64391.0,65286.0,65500.0,1241.0,2637.0,1811.0,5514.0,9753.0,8990.0,2578.0,174.0,26.0,4.0,0.0,0.0,0.0,0.0,0.0,0.0,0.0,0.0,0.0,0.0,0.0,0.0,0.0,0.0,0.0,0.0,0.0,0.0,0.0,0.0
2.77642361111,350205.0,32737.0,10.6975287901,813.0,64391.0,65284.0,65502.0,1204.0,2509.0,1786.0,5617.0,9729.0,9053.0,2653.0,158.0,25.0,3.0,0.0,0.0,0.0,0.0,0.0,0.0,0.0,0.0,0.0,0.0,0.0,0.0,0.0,0.0,0.0,0.0,0.0,0.0,0.0,0.0
2.78059027778,354494.0,32736.0,10.8288734115,811.0,64390.0,65288.0,65502.0,1180.0,2672.0,1709.0,5455.0,9603.0,9208.0,2689.0,186.0,33.0,1.0,0.0,0.0,0.0,0.0,0.0,0.0,0.0,0.0,0.0,0.0,0.0,0.0,0.0,0.0,0.0,0.0,0.0,0.0,0.0,0.0
2.78475694444,356657.0,32744.0,10.8922856096,813.0,64387.0,65287.0,65500.0,1138.0,2509.0,1850.0,5350.0,9605.0,9293.0,2815.0,164.0,17.0,3.0,0.0,0.0,0.0,0.0,0.0,0.0,0.0,0.0,0.0,0.0,0.0,0.0,0.0,0.0,0.0,0.0,0.0,0.0,0.0,0.0
2.78892361111,362119.0,32744.0,11.059094796,814.0,64384.0,65295.0,65497.0,1104.0,2529.0,1763.0,5382.0,9625.0,9260.0,2836.0,203.0,40.0,2.0,0.0,0.0,0.0,0.0,0.0,0.0,0.0,0.0,0.0,0.0,0.0,0.0,0.0,0.0,0.0,0.0,0.0,0.0,0.0,0.0
2.79309027778,362847.0,32743.0,11.0816663104,814.0,64385.0,65287.0,65500.0,1111.0,2475.0,1694.0,5426.0,9538.0,9424.0,2845.0,200.0,26.0,4.0,0.0,0.0,0.0,0.0,0.0,0.0,0.0,0.0,0.0,0.0,0.0,0.0,0.0,0.0,0.0,0.0,0.0,0.0,0.0,0.0
2.79725694444,362117.0,32744.0,11.0590337161,814.0,64391.0,65287.0,65503.0,1100.0,2399.0,1677.0,5461.0,9593.0,9441.0,2859.0,194.0,18.0,2.0,0.0,0.0,0.0,0.0,0.0,0.0,0.0,0.0,0.0,0.0,0.0,0.0,0.0,0.0,0.0,0.0,0.0,0.0,0.0,0.0
2.80142361111,371854.0,32748.0,11.3550140467,809.0,64387.0,65289.0,65500.0,996.0,2406.0,1566.0,5315.0,9498.0,9745.0,2976.0,218.0,25.0,3.0,0.0,0.0,0.0,0.0,0.0,0.0,0.0,0.0,0.0,0.0,0.0,0.0,0.0,0.0,0.0,0.0,0.0,0.0,0.0,0.0
2.80559027778,367926.0,32736.0,11.239186217,811.0,64388.0,65288.0,65500.0,1022.0,2336.0,1675.0,5266.0,9541.0,9761.0,2936.0,172.0,25.0,2.0,0.0,0.0,0.0,0.0,0.0,0.0,0.0,0.0,0.0,0.0,0.0,0.0,0.0,0.0,0.0,0.0,0.0,0.0,0.0,0.0
2.80975694444,370088.0,32744.0,11.3024676277,813.0,64391.0,65287.0,65499.0,1030.0,2360.0,1580.0,5464.0,9445.0,9651.0,2989.0,189.0,33.0,3.0,0.0,0.0,0.0,0.0,0.0,0.0,0.0,0.0,0.0,0.0,0.0,0.0,0.0,0.0,0.0,0.0,0.0,0.0,0.0,0.0
2.81392361111,376380.0,32743.0,11.4949760254,811.0,64391.0,65288.0,65496.0,1025.0,2286.0,1573.0,5165.0,9634.0,9618.0,3227.0,183.0,30.0,2.0,0.0,0.0,0.0,0.0,0.0,0.0,0.0,0.0,0.0,0.0,0.0,0.0,0.0,0.0,0.0,0.0,0.0,0.0,0.0,0.0
2.81809027778,378502.0,32746.0,11.5587247297,811.0,64388.0,65287.0,65499.0,957.0,2198.0,1540.0,5150.0,9506.0,10030.0,3158.0,185.0,19.0,3.0,0.0,0.0,0.0,0.0,0.0,0.0,0.0,0.0,0.0,0.0,0.0,0.0,0.0,0.0,0.0,0.0,0.0,0.0,0.0,0.0
2.82225694444,374606.0,32734.0,11.4439420786,811.0,64391.0,65288.0,65496.0,1095.0,2280.0,1525.0,5123.0,9466.0,9948.0,3081.0,195.0,20.0,1.0,0.0,0.0,0.0,0.0,0.0,0.0,0.0,0.0,0.0,0.0,0.0,0.0,0.0,0.0,0.0,0.0,0.0,0.0,0.0,0.0
2.82642361111,389186.0,32741.0,11.8868085886,811.0,64387.0,65287.0,65494.0,925.0,2118.0,1526.0,5034.0,9383.0,10105.0,3391.0,229.0,29.0,1.0,0.0,0.0,0.0,0.0,0.0,0.0,0.0,0.0,0.0,0.0,0.0,0.0,0.0,0.0,0.0,0.0,0.0,0.0,0.0,0.0
2.83059027778,387925.0,32737.0,11.8497418823,811.0,64390.0,65287.0,65500.0,958.0,2159.0,1401.0,4949.0,9476.0,10318.0,3239.0,197.0,33.0,7.0,0.0,0.0,0.0,0.0,0.0,0.0,0.0,0.0,0.0,0.0,0.0,0.0,0.0,0.0,0.0,0.0,0.0,0.0,0.0,0.0
2.83475694444,390246.0,32726.0,11.9246470696,811.0,64387.0,65295.0,65499.0,959.0,2042.0,1392.0,4881.0,9553.0,10320.0,3344.0,203.0,30.0,2.0,0.0,0.0,0.0,0.0,0.0,0.0,0.0,0.0,0.0,0.0,0.0,0.0,0.0,0.0,0.0,0.0,0.0,0.0,0.0,0.0
2.83892361111,398345.0,32744.0,12.1654348888,808.0,64391.0,65287.0,65500.0,864.0,1955.0,1253.0,4829.0,9493.0,10676.0,3442.0,198.0,29.0,5.0,0.0,0.0,0.0,0.0,0.0,0.0,0.0,0.0,0.0,0.0,0.0,0.0,0.0,0.0,0.0,0.0,0.0,0.0,0.0,0.0
2.84309027778,399854.0,32728.0,12.2174896113,811.0,64390.0,65289.0,65499.0,868.0,1960.0,1195.0,4574.0,9627.0,10814.0,3450.0,218.0,22.0,0.0,0.0,0.0,0.0,0.0,0.0,0.0,0.0,0.0,0.0,0.0,0.0,0.0,0.0,0.0,0.0,0.0,0.0,0.0,0.0,0.0
2.84725694444,407439.0,32733.0,12.4473467143,808.0,64387.0,65289.0,65496.0,896.0,1857.0,1155.0,4526.0,9508.0,10893.0,3645.0,228.0,22.0,3.0,0.0,0.0,0.0,0.0,0.0,0.0,0.0,0.0,0.0,0.0,0.0,0.0,0.0,0.0,0.0,0.0,0.0,0.0,0.0,0.0
2.85142361111,405349.0,32739.0,12.3812272824,811.0,64387.0,65289.0,65499.0,919.0,1813.0,1142.0,4577.0,9580.0,10876.0,3584.0,225.0,21.0,2.0,0.0,0.0,0.0,0.0,0.0,0.0,0.0,0.0,0.0,0.0,0.0,0.0,0.0,0.0,0.0,0.0,0.0,0.0,0.0,0.0
2.85559027778,407891.0,32738.0,12.4592522451,808.0,64390.0,65292.0,65497.0,897.0,1745.0,1093.0,4576.0,9665.0,10905.0,3597.0,231.0,27.0,2.0,0.0,0.0,0.0,0.0,0.0,0.0,0.0,0.0,0.0,0.0,0.0,0.0,0.0,0.0,0.0,0.0,0.0,0.0,0.0,0.0
2.85975694444,410568.0,32729.0,12.544471264,811.0,64391.0,65287.0,65502.0,868.0,1892.0,1098.0,4326.0,9641.0,11015.0,3618.0,237.0,30.0,4.0,0.0,0.0,0.0,0.0,0.0,0.0,0.0,0.0,0.0,0.0,0.0,0.0,0.0,0.0,0.0,0.0,0.0,0.0,0.0,0.0
2.86392361111,409521.0,32742.0,12.5075132857,808.0,64387.0,65292.0,65496.0,923.0,1783.0,1149.0,4434.0,9771.0,10772.0,3619.0,258.0,28.0,5.0,0.0,0.0,0.0,0.0,0.0,0.0,0.0,0.0,0.0,0.0,0.0,0.0,0.0,0.0,0.0,0.0,0.0,0.0,0.0,0.0
2.86809027778,406185.0,32734.0,12.4086576648,808.0,64391.0,65289.0,65500.0,940.0,1767.0,1051.0,4435.0,9746.0,11041.0,3521.0,200.0,31.0,2.0,0.0,0.0,0.0,0.0,0.0,0.0,0.0,0.0,0.0,0.0,0.0,0.0,0.0,0.0,0.0,0.0,0.0,0.0,0.0,0.0
2.87225694444,406472.0,32735.0,12.4170459753,803.0,64391.0,65287.0,65492.0,905.0,1754.0,1081.0,4539.0,9752.0,10901.0,3544.0,234.0,22.0,3.0,0.0,0.0,0.0,0.0,0.0,0.0,0.0,0.0,0.0,0.0,0.0,0.0,0.0,0.0,0.0,0.0,0.0,0.0,0.0,0.0
2.87642361111,408536.0,32738.0,12.4789541206,808.0,64390.0,65289.0,65499.0,887.0,1766.0,1045.0,4450.0,9650.0,11129.0,3563.0,221.0,27.0,0.0,0.0,0.0,0.0,0.0,0.0,0.0,0.0,0.0,0.0,0.0,0.0,0.0,0.0,0.0,0.0,0.0,0.0,0.0,0.0,0.0
2.88059027778,408749.0,32725.0,12.4904201681,808.0,64391.0,65287.0,65496.0,877.0,1733.0,1084.0,4402.0,9803.0,11035.0,3517.0,240.0,34.0,0.0,0.0,0.0,0.0,0.0,0.0,0.0,0.0,0.0,0.0,0.0,0.0,0.0,0.0,0.0,0.0,0.0,0.0,0.0,0.0,0.0
2.88475694444,416697.0,32734.0,12.7297916539,808.0,64387.0,65292.0,65499.0,848.0,1673.0,1004.0,4410.0,9606.0,11160.0,3764.0,235.0,33.0,1.0,0.0,0.0,0.0,0.0,0.0,0.0,0.0,0.0,0.0,0.0,0.0,0.0,0.0,0.0,0.0,0.0,0.0,0.0,0.0,0.0
2.88892361111,414942.0,32729.0,12.6781142106,808.0,64390.0,65287.0,65500.0,914.0,1668.0,965.0,4256.0,9794.0,11166.0,3701.0,239.0,24.0,2.0,0.0,0.0,0.0,0.0,0.0,0.0,0.0,0.0,0.0,0.0,0.0,0.0,0.0,0.0,0.0,0.0,0.0,0.0,0.0,0.0
2.89309027778,413194.0,32741.0,12.6200788003,808.0,64387.0,65294.0,65494.0,863.0,1646.0,1086.0,4346.0,9735.0,11140.0,3656.0,245.0,23.0,1.0,0.0,0.0,0.0,0.0,0.0,0.0,0.0,0.0,0.0,0.0,0.0,0.0,0.0,0.0,0.0,0.0,0.0,0.0,0.0,0.0
2.89725694444,411072.0,32726.0,12.5610218175,808.0,64391.0,65287.0,65503.0,905.0,1706.0,975.0,4374.0,9842.0,11033.0,3644.0,216.0,29.0,2.0,0.0,0.0,0.0,0.0,0.0,0.0,0.0,0.0,0.0,0.0,0.0,0.0,0.0,0.0,0.0,0.0,0.0,0.0,0.0,0.0
2.90142361111,414079.0,32730.0,12.6513596089,808.0,64391.0,65288.0,65496.0,918.0,1653.0,919.0,4317.0,9915.0,11135.0,3593.0,246.0,28.0,6.0,0.0,0.0,0.0,0.0,0.0,0.0,0.0,0.0,0.0,0.0,0.0,0.0,0.0,0.0,0.0,0.0,0.0,0.0,0.0,0.0
2.90559027778,414194.0,32728.0,12.6556465412,806.0,64387.0,65287.0,65502.0,830.0,1586.0,976.0,4312.0,9910.0,11157.0,3736.0,195.0,24.0,2.0,0.0,0.0,0.0,0.0,0.0,0.0,0.0,0.0,0.0,0.0,0.0,0.0,0.0,0.0,0.0,0.0,0.0,0.0,0.0,0.0
2.90975694444,414718.0,32740.0,12.6670128283,804.0,64390.0,65288.0,65496.0,890.0,1518.0,960.0,4302.0,9965.0,11215.0,3626.0,237.0,25.0,2.0,0.0,0.0,0.0,0.0,0.0,0.0,0.0,0.0,0.0,0.0,0.0,0.0,0.0,0.0,0.0,0.0,0.0,0.0,0.0,0.0
2.91392361111,415351.0,32734.0,12.6886723285,808.0,64388.0,65288.0,65496.0,915.0,1663.0,918.0,4193.0,9975.0,11183.0,3625.0,222.0,32.0,8.0,0.0,0.0,0.0,0.0,0.0,0.0,0.0,0.0,0.0,0.0,0.0,0.0,0.0,0.0,0.0,0.0,0.0,0.0,0.0,0.0
2.91809027778,412319.0,32732.0,12.5968165709,804.0,64391.0,65288.0,65500.0,969.0,1581.0,871.0,4281.0,10154.0,11061.0,3539.0,241.0,31.0,4.0,0.0,0.0,0.0,0.0,0.0,0.0,0.0,0.0,0.0,0.0,0.0,0.0,0.0,0.0,0.0,0.0,0.0,0.0,0.0,0.0
2.92225694444,413673.0,32726.0,12.6404999083,803.0,64387.0,65287.0,65500.0,911.0,1583.0,879.0,4471.0,10012.0,10976.0,3605.0,252.0,33.0,4.0,0.0,0.0,0.0,0.0,0.0,0.0,0.0,0.0,0.0,0.0,0.0,0.0,0.0,0.0,0.0,0.0,0.0,0.0,0.0,0.0
2.92642361111,406643.0,32725.0,12.426065699,803.0,64390.0,65287.0,65500.0,944.0,1583.0,968.0,4407.0,10153.0,10985.0,3428.0,226.0,28.0,3.0,0.0,0.0,0.0,0.0,0.0,0.0,0.0,0.0,0.0,0.0,0.0,0.0,0.0,0.0,0.0,0.0,0.0,0.0,0.0,0.0
2.93059027778,407569.0,32735.0,12.4505575073,801.0,64398.0,65287.0,65503.0,938.0,1613.0,918.0,4414.0,10164.0,10858.0,3591.0,222.0,16.0,1.0,0.0,0.0,0.0,0.0,0.0,0.0,0.0,0.0,0.0,0.0,0.0,0.0,0.0,0.0,0.0,0.0,0.0,0.0,0.0,0.0
2.93475694444,400211.0,32730.0,12.2276504736,801.0,64387.0,65292.0,65496.0,954.0,1647.0,956.0,4337.0,10315.0,10957.0,3354.0,199.0,11.0,0.0,0.0,0.0,0.0,0.0,0.0,0.0,0.0,0.0,0.0,0.0,0.0,0.0,0.0,0.0,0.0,0.0,0.0,0.0,0.0,0.0
2.93892361111,403412.0,32729.0,12.325827248,801.0,64388.0,65287.0,65503.0,964.0,1610.0,899.0,4419.0,10253.0,10873.0,3506.0,189.0,16.0,0.0,0.0,0.0,0.0,0.0,0.0,0.0,0.0,0.0,0.0,0.0,0.0,0.0,0.0,0.0,0.0,0.0,0.0,0.0,0.0,0.0
2.94309027778,403030.0,32722.0,12.3167899273,801.0,64390.0,65291.0,65496.0,964.0,1606.0,928.0,4438.0,10383.0,10726.0,3429.0,230.0,15.0,3.0,0.0,0.0,0.0,0.0,0.0,0.0,0.0,0.0,0.0,0.0,0.0,0.0,0.0,0.0,0.0,0.0,0.0,0.0,0.0,0.0
2.94725694444,402866.0,32719.0,12.3129068737,801.0,64390.0,65292.0,65496.0,1055.0,1674.0,972.0,4498.0,10291.0,10463.0,3486.0,254.0,23.0,3.0,0.0,0.0,0.0,0.0,0.0,0.0,0.0,0.0,0.0,0.0,0.0,0.0,0.0,0.0,0.0,0.0,0.0,0.0,0.0,0.0
2.95142361111,398339.0,32718.0,12.1749190048,801.0,64385.0,65289.0,65496.0,1045.0,1755.0,986.0,4447.0,10663.0,10156.0,3386.0,243.0,34.0,3.0,0.0,0.0,0.0,0.0,0.0,0.0,0.0,0.0,0.0,0.0,0.0,0.0,0.0,0.0,0.0,0.0,0.0,0.0,0.0,0.0
2.95559027778,399761.0,32721.0,12.2172610862,801.0,64393.0,65292.0,65496.0,1058.0,1709.0,940.0,4453.0,10597.0,10327.0,3343.0,262.0,28.0,4.0,0.0,0.0,0.0,0.0,0.0,0.0,0.0,0.0,0.0,0.0,0.0,0.0,0.0,0.0,0.0,0.0,0.0,0.0,0.0,0.0
2.95975694444,392015.0,32721.0,11.9805323798,801.0,64391.0,65287.0,65500.0,1111.0,1701.0,973.0,4714.0,10651.0,9959.0,3357.0,236.0,19.0,0.0,0.0,0.0,0.0,0.0,0.0,0.0,0.0,0.0,0.0,0.0,0.0,0.0,0.0,0.0,0.0,0.0,0.0,0.0,0.0,0.0
2.96392361111,391472.0,32720.0,11.9643031785,801.0,64390.0,65289.0,65499.0,1123.0,1720.0,938.0,4701.0,10734.0,9898.0,3351.0,239.0,14.0,2.0,0.0,0.0,0.0,0.0,0.0,0.0,0.0,0.0,0.0,0.0,0.0,0.0,0.0,0.0,0.0,0.0,0.0,0.0,0.0,0.0
2.96809027778,386988.0,32717.0,11.8283461198,800.0,64388.0,65295.0,65496.0,1194.0,1738.0,981.0,4856.0,10743.0,9668.0,3285.0,227.0,22.0,3.0,0.0,0.0,0.0,0.0,0.0,0.0,0.0,0.0,0.0,0.0,0.0,0.0,0.0,0.0,0.0,0.0,0.0,0.0,0.0,0.0
2.97225694444,386377.0,32712.0,11.811475911,801.0,64387.0,65291.0,65500.0,1178.0,1861.0,984.0,4801.0,10644.0,9697.0,3287.0,241.0,19.0,0.0,0.0,0.0,0.0,0.0,0.0,0.0,0.0,0.0,0.0,0.0,0.0,0.0,0.0,0.0,0.0,0.0,0.0,0.0,0.0,0.0
2.97642361111,389476.0,32713.0,11.9058478281,800.0,64390.0,65289.0,65502.0,1165.0,1734.0,979.0,4778.0,10726.0,9792.0,3261.0,252.0,23.0,3.0,0.0,0.0,0.0,0.0,0.0,0.0,0.0,0.0,0.0,0.0,0.0,0.0,0.0,0.0,0.0,0.0,0.0,0.0,0.0,0.0
2.98059027778,388964.0,32724.0,11.8861997311,801.0,64390.0,65292.0,65499.0,1131.0,1814.0,971.0,4706.0,10698.0,9894.0,3262.0,217.0,29.0,2.0,0.0,0.0,0.0,0.0,0.0,0.0,0.0,0.0,0.0,0.0,0.0,0.0,0.0,0.0,0.0,0.0,0.0,0.0,0.0,0.0
2.98475694444,389108.0,32700.0,11.8993272171,800.0,64391.0,65295.0,65496.0,1149.0,1750.0,1013.0,4799.0,10657.0,9803.0,3254.0,241.0,33.0,1.0,0.0,0.0,0.0,0.0,0.0,0.0,0.0,0.0,0.0,0.0,0.0,0.0,0.0,0.0,0.0,0.0,0.0,0.0,0.0,0.0
2.98892361111,388419.0,32702.0,11.8775304263,798.0,64393.0,65291.0,65496.0,1135.0,1827.0,1026.0,4823.0,10576.0,9778.0,3279.0,229.0,22.0,7.0,0.0,0.0,0.0,0.0,0.0,0.0,0.0,0.0,0.0,0.0,0.0,0.0,0.0,0.0,0.0,0.0,0.0,0.0,0.0,0.0
2.99309027778,385646.0,32708.0,11.7905711141,798.0,64393.0,65289.0,65496.0,1191.0,1838.0,998.0,4951.0,10767.0,9424.0,3263.0,239.0,32.0,5.0,0.0,0.0,0.0,0.0,0.0,0.0,0.0,0.0,0.0,0.0,0.0,0.0,0.0,0.0,0.0,0.0,0.0,0.0,0.0,0.0
2.99725694444,378506.0,32700.0,11.5751070336,800.0,64385.0,65295.0,65500.0,1262.0,1820.0,1013.0,5053.0,10790.0,9408.0,3107.0,222.0,19.0,6.0,0.0,0.0,0.0,0.0,0.0,0.0,0.0,0.0,0.0,0.0,0.0,0.0,0.0,0.0,0.0,0.0,0.0,0.0,0.0,0.0
3.00142361111,378631.0,32693.0,11.5814088643,793.0,64390.0,65289.0,65500.0,1241.0,1825.0,987.0,5112.0,10760.0,9341.0,3176.0,233.0,18.0,0.0,0.0,0.0,0.0,0.0,0.0,0.0,0.0,0.0,0.0,0.0,0.0,0.0,0.0,0.0,0.0,0.0,0.0,0.0,0.0,0.0
3.00559027778,376196.0,32703.0,11.5034094731,798.0,64387.0,65289.0,65497.0,1270.0,1912.0,1002.0,5126.0,10824.0,9196.0,3125.0,218.0,28.0,2.0,0.0,0.0,0.0,0.0,0.0,0.0,0.0,0.0,0.0,0.0,0.0,0.0,0.0,0.0,0.0,0.0,0.0,0.0,0.0,0.0
3.00975694444,377400.0,32713.0,11.5366979488,795.0,64388.0,65292.0,65494.0,1336.0,1932.0,978.0,5210.0,10658.0,9181.0,3144.0,241.0,31.0,2.0,0.0,0.0,0.0,0.0,0.0,0.0,0.0,0.0,0.0,0.0,0.0,0.0,0.0,0.0,0.0,0.0,0.0,0.0,0.0,0.0
3.01392361111,370587.0,32678.0,11.3405655181,796.0,64388.0,65292.0,65499.0,1324.0,1885.0,995.0,5394.0,10922.0,8858.0,3034.0,240.0,24.0,2.0,0.0,0.0,0.0,0.0,0.0,0.0,0.0,0.0,0.0,0.0,0.0,0.0,0.0,0.0,0.0,0.0,0.0,0.0,0.0,0.0
3.01809027778,369488.0,32708.0,11.2965635319,793.0,64384.0,65292.0,65496.0,1324.0,1948.0,948.0,5381.0,10981.0,8937.0,2926.0,229.0,29.0,5.0,0.0,0.0,0.0,0.0,0.0,0.0,0.0,0.0,0.0,0.0,0.0,0.0,0.0,0.0,0.0,0.0,0.0,0.0,0.0,0.0
3.02225694444,362650.0,32692.0,11.0929279334,793.0,64387.0,65292.0,65500.0,1395.0,1960.0,961.0,5538.0,11037.0,8666.0,2901.0,211.0,20.0,3.0,0.0,0.0,0.0,0.0,0.0,0.0,0.0,0.0,0.0,0.0,0.0,0.0,0.0,0.0,0.0,0.0,0.0,0.0,0.0,0.0
3.02642361111,367424.0,32631.0,11.2599675156,793.0,64387.0,65289.0,65503.0,1385.0,1876.0,940.0,5517.0,10968.0,8820.0,2859.0,220.0,36.0,10.0,0.0,0.0,0.0,0.0,0.0,0.0,0.0,0.0,0.0,0.0,0.0,0.0,0.0,0.0,0.0,0.0,0.0,0.0,0.0,0.0
3.03059027778,363188.0,32732.0,11.0958083832,793.0,64387.0,65289.0,65497.0,1387.0,1930.0,983.0,5671.0,11040.0,8552.0,2925.0,221.0,17.0,6.0,0.0,0.0,0.0,0.0,0.0,0.0,0.0,0.0,0.0,0.0,0.0,0.0,0.0,0.0,0.0,0.0,0.0,0.0,0.0,0.0
3.03475694444,362079.0,32634.0,11.0951461666,793.0,64399.0,65289.0,65497.0,1398.0,1981.0,973.0,5682.0,10962.0,8539.0,2838.0,219.0,35.0,7.0,0.0,0.0,0.0,0.0,0.0,0.0,0.0,0.0,0.0,0.0,0.0,0.0,0.0,0.0,0.0,0.0,0.0,0.0,0.0,0.0
3.03892361111,354508.0,32641.0,10.8608192151,790.0,64387.0,65295.0,65496.0,1365.0,1964.0,948.0,5940.0,10999.0,8451.0,2752.0,204.0,16.0,2.0,0.0,0.0,0.0,0.0,0.0,0.0,0.0,0.0,0.0,0.0,0.0,0.0,0.0,0.0,0.0,0.0,0.0,0.0,0.0,0.0
3.04309027778,352107.0,32660.0,10.7809859155,793.0,64387.0,65292.0,65497.0,1346.0,1939.0,940.0,6032.0,11158.0,8303.0,2735.0,191.0,14.0,2.0,0.0,0.0,0.0,0.0,0.0,0.0,0.0,0.0,0.0,0.0,0.0,0.0,0.0,0.0,0.0,0.0,0.0,0.0,0.0,0.0
3.04725694444,357702.0,32698.0,10.9395681693,790.0,64387.0,65292.0,65504.0,1417.0,1942.0,920.0,5996.0,11196.0,8173.0,2779.0,237.0,33.0,5.0,0.0,0.0,0.0,0.0,0.0,0.0,0.0,0.0,0.0,0.0,0.0,0.0,0.0,0.0,0.0,0.0,0.0,0.0,0.0,0.0
3.05142361111,353218.0,32687.0,10.8060696913,788.0,64387.0,65299.0,65497.0,1377.0,1930.0,860.0,6080.0,11508.0,8000.0,2679.0,216.0,30.0,7.0,0.0,0.0,0.0,0.0,0.0,0.0,0.0,0.0,0.0,0.0,0.0,0.0,0.0,0.0,0.0,0.0,0.0,0.0,0.0,0.0
3.05559027778,352180.0,32684.0,10.7753029005,790.0,64387.0,65292.0,65500.0,1320.0,1904.0,894.0,6072.0,11475.0,8147.0,2627.0,215.0,27.0,3.0,0.0,0.0,0.0,0.0,0.0,0.0,0.0,0.0,0.0,0.0,0.0,0.0,0.0,0.0,0.0,0.0,0.0,0.0,0.0,0.0
3.05975694444,355331.0,32704.0,10.8650623777,790.0,64391.0,65292.0,65496.0,1401.0,1769.0,819.0,6001.0,11604.0,8179.0,2681.0,222.0,23.0,5.0,0.0,0.0,0.0,0.0,0.0,0.0,0.0,0.0,0.0,0.0,0.0,0.0,0.0,0.0,0.0,0.0,0.0,0.0,0.0,0.0
3.06392361111,352415.0,32685.0,10.7821630717,793.0,64387.0,65289.0,65499.0,1317.0,1845.0,899.0,6025.0,11668.0,8046.0,2648.0,201.0,33.0,3.0,0.0,0.0,0.0,0.0,0.0,0.0,0.0,0.0,0.0,0.0,0.0,0.0,0.0,0.0,0.0,0.0,0.0,0.0,0.0,0.0
3.06809027778,351558.0,32688.0,10.7549559471,787.0,64384.0,65296.0,65502.0,1346.0,1778.0,848.0,6187.0,11517.0,8222.0,2550.0,204.0,33.0,3.0,0.0,0.0,0.0,0.0,0.0,0.0,0.0,0.0,0.0,0.0,0.0,0.0,0.0,0.0,0.0,0.0,0.0,0.0,0.0,0.0
3.07225694444,350145.0,32695.0,10.7094356935,787.0,64390.0,65288.0,65511.0,1337.0,1701.0,926.0,6262.0,11753.0,7924.0,2544.0,202.0,42.0,4.0,0.0,0.0,0.0,0.0,0.0,0.0,0.0,0.0,0.0,0.0,0.0,0.0,0.0,0.0,0.0,0.0,0.0,0.0,0.0,0.0
3.07642361111,352333.0,32693.0,10.7770164867,787.0,64387.0,65294.0,65496.0,1289.0,1785.0,870.0,6220.0,11603.0,8142.0,2523.0,218.0,38.0,5.0,0.0,0.0,0.0,0.0,0.0,0.0,0.0,0.0,0.0,0.0,0.0,0.0,0.0,0.0,0.0,0.0,0.0,0.0,0.0,0.0
3.08059027778,346775.0,32695.0,10.606361829,787.0,64388.0,65289.0,65500.0,1258.0,1803.0,914.0,6256.0,11751.0,8067.0,2402.0,206.0,37.0,1.0,0.0,0.0,0.0,0.0,0.0,0.0,0.0,0.0,0.0,0.0,0.0,0.0,0.0,0.0,0.0,0.0,0.0,0.0,0.0,0.0
3.08475694444,349743.0,32686.0,10.7000856636,787.0,64390.0,65290.0,65497.0,1265.0,1739.0,924.0,6075.0,11902.0,8013.0,2546.0,189.0,28.0,5.0,0.0,0.0,0.0,0.0,0.0,0.0,0.0,0.0,0.0,0.0,0.0,0.0,0.0,0.0,0.0,0.0,0.0,0.0,0.0,0.0
3.08892361111,348906.0,32688.0,10.673825257,787.0,64387.0,65291.0,65503.0,1157.0,1830.0,960.0,6025.0,11920.0,8076.0,2491.0,202.0,24.0,3.0,0.0,0.0,0.0,0.0,0.0,0.0,0.0,0.0,0.0,0.0,0.0,0.0,0.0,0.0,0.0,0.0,0.0,0.0,0.0,0.0
3.09309027778,344040.0,32685.0,10.5259293254,787.0,64390.0,65294.0,65502.0,1124.0,1786.0,1025.0,6217.0,11933.0,8038.0,2340.0,194.0,25.0,3.0,0.0,0.0,0.0,0.0,0.0,0.0,0.0,0.0,0.0,0.0,0.0,0.0,0.0,0.0,0.0,0.0,0.0,0.0,0.0,0.0
3.09725694444,339524.0,32677.0,10.3903051076,787.0,64388.0,65292.0,65500.0,1199.0,1884.0,1130.0,6111.0,12057.0,7751.0,2349.0,161.0,31.0,4.0,0.0,0.0,0.0,0.0,0.0,0.0,0.0,0.0,0.0,0.0,0.0,0.0,0.0,0.0,0.0,0.0,0.0,0.0,0.0,0.0
3.10142361111,341134.0,32686.0,10.4367007281,787.0,64384.0,65296.0,65496.0,1063.0,1722.0,1224.0,5979.0,12327.0,7878.0,2280.0,187.0,25.0,1.0,0.0,0.0,0.0,0.0,0.0,0.0,0.0,0.0,0.0,0.0,0.0,0.0,0.0,0.0,0.0,0.0,0.0,0.0,0.0,0.0
3.10559027778,341100.0,32689.0,10.4347028052,785.0,64388.0,65292.0,65502.0,1039.0,1842.0,1263.0,6107.0,12010.0,7900.0,2317.0,183.0,25.0,3.0,0.0,0.0,0.0,0.0,0.0,0.0,0.0,0.0,0.0,0.0,0.0,0.0,0.0,0.0,0.0,0.0,0.0,0.0,0.0,0.0
3.10975694444,332133.0,32674.0,10.1650547836,787.0,64391.0,65292.0,65502.0,1022.0,2003.0,1571.0,6195.0,11850.0,7681.0,2133.0,188.0,29.0,2.0,0.0,0.0,0.0,0.0,0.0,0.0,0.0,0.0,0.0,0.0,0.0,0.0,0.0,0.0,0.0,0.0,0.0,0.0,0.0,0.0
3.11392361111,332433.0,32684.0,10.1711234855,783.0,64391.0,65292.0,65500.0,939.0,2085.0,1684.0,6111.0,11779.0,7779.0,2084.0,186.0,33.0,4.0,0.0,0.0,0.0,0.0,0.0,0.0,0.0,0.0,0.0,0.0,0.0,0.0,0.0,0.0,0.0,0.0,0.0,0.0,0.0,0.0
3.11809027778,325368.0,32670.0,9.95922865014,782.0,64391.0,65289.0,65503.0,950.0,2196.0,1918.0,6150.0,11648.0,7593.0,2002.0,182.0,28.0,3.0,0.0,0.0,0.0,0.0,0.0,0.0,0.0,0.0,0.0,0.0,0.0,0.0,0.0,0.0,0.0,0.0,0.0,0.0,0.0,0.0
3.12225694444,319619.0,32680.0,9.78026315789,782.0,64387.0,65294.0,65502.0,1039.0,2415.0,2058.0,6286.0,11331.0,7331.0,2010.0,179.0,29.0,2.0,0.0,0.0,0.0,0.0,0.0,0.0,0.0,0.0,0.0,0.0,0.0,0.0,0.0,0.0,0.0,0.0,0.0,0.0,0.0,0.0
3.12642361111,312917.0,32673.0,9.57723502586,782.0,64390.0,65294.0,65503.0,1054.0,2463.0,2179.0,6604.0,11230.0,7051.0,1889.0,161.0,35.0,7.0,0.0,0.0,0.0,0.0,0.0,0.0,0.0,0.0,0.0,0.0,0.0,0.0,0.0,0.0,0.0,0.0,0.0,0.0,0.0,0.0
3.13059027778,307144.0,32680.0,9.39853121175,783.0,64388.0,65294.0,65500.0,1082.0,2706.0,2327.0,6690.0,10956.0,6852.0,1835.0,200.0,31.0,1.0,0.0,0.0,0.0,0.0,0.0,0.0,0.0,0.0,0.0,0.0,0.0,0.0,0.0,0.0,0.0,0.0,0.0,0.0,0.0,0.0
3.13475694444,298221.0,32678.0,9.12604810576,785.0,64391.0,65292.0,65500.0,1182.0,2839.0,2391.0,6974.0,10748.0,6641.0,1704.0,161.0,32.0,6.0,0.0,0.0,0.0,0.0,0.0,0.0,0.0,0.0,0.0,0.0,0.0,0.0,0.0,0.0,0.0,0.0,0.0,0.0,0.0,0.0
3.13892361111,290951.0,32672.0,8.90520935357,782.0,64385.0,65295.0,65497.0,1333.0,3119.0,2562.0,7127.0,10373.0,6201.0,1750.0,176.0,25.0,6.0,0.0,0.0,0.0,0.0,0.0,0.0,0.0,0.0,0.0,0.0,0.0,0.0,0.0,0.0,0.0,0.0,0.0,0.0,0.0,0.0
3.14309027778,284856.0,32667.0,8.71999265314,780.0,64387.0,65294.0,65497.0,1350.0,3386.0,2641.0,7367.0,9852.0,6154.0,1718.0,180.0,15.0,4.0,0.0,0.0,0.0,0.0,0.0,0.0,0.0,0.0,0.0,0.0,0.0,0.0,0.0,0.0,0.0,0.0,0.0,0.0,0.0,0.0
3.14725694444,279608.0,32677.0,8.55672185329,782.0,64387.0,65292.0,65504.0,1456.0,3490.0,2679.0,7482.0,9822.0,5919.0,1637.0,159.0,27.0,6.0,0.0,0.0,0.0,0.0,0.0,0.0,0.0,0.0,0.0,0.0,0.0,0.0,0.0,0.0,0.0,0.0,0.0,0.0,0.0,0.0
3.15142361111,276164.0,32679.0,8.45080938829,780.0,64387.0,65292.0,65502.0,1436.0,3470.0,2761.0,7773.0,9646.0,5820.0,1570.0,177.0,19.0,7.0,0.0,0.0,0.0,0.0,0.0,0.0,0.0,0.0,0.0,0.0,0.0,0.0,0.0,0.0,0.0,0.0,0.0,0.0,0.0,0.0
3.15559027778,274272.0,32676.0,8.39368343739,780.0,64387.0,65292.0,65504.0,1580.0,3578.0,2641.0,7889.0,9380.0,5826.0,1576.0,181.0,22.0,3.0,0.0,0.0,0.0,0.0,0.0,0.0,0.0,0.0,0.0,0.0,0.0,0.0,0.0,0.0,0.0,0.0,0.0,0.0,0.0,0.0
3.15975694444,268117.0,32660.0,8.20933864054,780.0,64387.0,65295.0,65497.0,1573.0,3683.0,2729.0,8000.0,9330.0,5615.0,1551.0,157.0,22.0,0.0,0.0,0.0,0.0,0.0,0.0,0.0,0.0,0.0,0.0,0.0,0.0,0.0,0.0,0.0,0.0,0.0,0.0,0.0,0.0,0.0
3.16392361111,267394.0,32665.0,8.18594826267,777.0,64387.0,65296.0,65500.0,1694.0,3722.0,2730.0,8063.0,9237.0,5516.0,1496.0,177.0,24.0,6.0,0.0,0.0,0.0,0.0,0.0,0.0,0.0,0.0,0.0,0.0,0.0,0.0,0.0,0.0,0.0,0.0,0.0,0.0,0.0,0.0
3.16809027778,263076.0,32672.0,8.05203232125,777.0,64387.0,65296.0,65500.0,1622.0,3834.0,2723.0,8341.0,9088.0,5409.0,1460.0,170.0,22.0,3.0,0.0,0.0,0.0,0.0,0.0,0.0,0.0,0.0,0.0,0.0,0.0,0.0,0.0,0.0,0.0,0.0,0.0,0.0,0.0,0.0
3.17225694444,262934.0,32666.0,8.04916426866,779.0,64391.0,65296.0,65500.0,1602.0,3788.0,2745.0,8354.0,9064.0,5495.0,1425.0,168.0,23.0,2.0,0.0,0.0,0.0,0.0,0.0,0.0,0.0,0.0,0.0,0.0,0.0,0.0,0.0,0.0,0.0,0.0,0.0,0.0,0.0,0.0
3.17642361111,260818.0,32666.0,7.98438743648,775.0,64387.0,65295.0,65503.0,1531.0,3730.0,2892.0,8620.0,9013.0,5215.0,1471.0,172.0,19.0,3.0,0.0,0.0,0.0,0.0,0.0,0.0,0.0,0.0,0.0,0.0,0.0,0.0,0.0,0.0,0.0,0.0,0.0,0.0,0.0,0.0
3.18059027778,262670.0,32665.0,8.04132863922,777.0,64387.0,65295.0,65500.0,1499.0,3534.0,2898.0,8673.0,9033.0,5433.0,1408.0,159.0,23.0,5.0,0.0,0.0,0.0,0.0,0.0,0.0,0.0,0.0,0.0,0.0,0.0,0.0,0.0,0.0,0.0,0.0,0.0,0.0,0.0,0.0
3.18475694444,264905.0,32662.0,8.11049537689,777.0,64387.0,65294.0,65504.0,1382.0,3539.0,2923.0,8666.0,9077.0,5453.0,1422.0,166.0,30.0,4.0,0.0,0.0,0.0,0.0,0.0,0.0,0.0,0.0,0.0,0.0,0.0,0.0,0.0,0.0,0.0,0.0,0.0,0.0,0.0,0.0
3.18892361111,264278.0,32650.0,8.09427258806,775.0,64385.0,65292.0,65502.0,1326.0,3428.0,2943.0,8749.0,9110.0,5535.0,1351.0,187.0,16.0,5.0,0.0,0.0,0.0,0.0,0.0,0.0,0.0,0.0,0.0,0.0,0.0,0.0,0.0,0.0,0.0,0.0,0.0,0.0,0.0,0.0
3.19309027778,266556.0,32650.0,8.16404287902,775.0,64387.0,65295.0,65497.0,1199.0,3284.0,2910.0,8873.0,9233.0,5592.0,1362.0,167.0,26.0,4.0,0.0,0.0,0.0,0.0,0.0,0.0,0.0,0.0,0.0,0.0,0.0,0.0,0.0,0.0,0.0,0.0,0.0,0.0,0.0,0.0
3.19725694444,268874.0,32660.0,8.23251684017,774.0,64387.0,65295.0,65500.0,1211.0,3228.0,2955.0,8646.0,9314.0,5737.0,1389.0,147.0,27.0,6.0,0.0,0.0,0.0,0.0,0.0,0.0,0.0,0.0,0.0,0.0,0.0,0.0,0.0,0.0,0.0,0.0,0.0,0.0,0.0,0.0
3.20142361111,274181.0,32652.0,8.39706602965,774.0,64387.0,65295.0,65496.0,1064.0,3037.0,2996.0,8750.0,9333.0,5786.0,1464.0,199.0,20.0,3.0,0.0,0.0,0.0,0.0,0.0,0.0,0.0,0.0,0.0,0.0,0.0,0.0,0.0,0.0,0.0,0.0,0.0,0.0,0.0,0.0
3.20559027778,277596.0,32652.0,8.50165380375,774.0,64385.0,65299.0,65502.0,983.0,3050.0,2891.0,8663.0,9400.0,5964.0,1494.0,177.0,26.0,4.0,0.0,0.0,0.0,0.0,0.0,0.0,0.0,0.0,0.0,0.0,0.0,0.0,0.0,0.0,0.0,0.0,0.0,0.0,0.0,0.0
3.20975694444,281246.0,32651.0,8.61370248997,777.0,64388.0,65295.0,65503.0,950.0,2900.0,2941.0,8472.0,9538.0,6116.0,1515.0,191.0,27.0,1.0,0.0,0.0,0.0,0.0,0.0,0.0,0.0,0.0,0.0,0.0,0.0,0.0,0.0,0.0,0.0,0.0,0.0,0.0,0.0,0.0
3.21392361111,284991.0,32653.0,8.72786573975,774.0,64385.0,65297.0,65500.0,891.0,2693.0,2977.0,8480.0,9509.0,6339.0,1587.0,147.0,23.0,7.0,0.0,0.0,0.0,0.0,0.0,0.0,0.0,0.0,0.0,0.0,0.0,0.0,0.0,0.0,0.0,0.0,0.0,0.0,0.0,0.0
3.21809027778,289986.0,32646.0,8.88274214299,774.0,64387.0,65294.0,65504.0,759.0,2646.0,2964.0,8309.0,9624.0,6515.0,1628.0,174.0,25.0,2.0,0.0,0.0,0.0,0.0,0.0,0.0,0.0,0.0,0.0,0.0,0.0,0.0,0.0,0.0,0.0,0.0,0.0,0.0,0.0,0.0
3.22225694444,299506.0,32649.0,9.17351220558,774.0,64387.0,65295.0,65502.0,772.0,2432.0,2855.0,7961.0,9824.0,6882.0,1711.0,179.0,30.0,3.0,0.0,0.0,0.0,0.0,0.0,0.0,0.0,0.0,0.0,0.0,0.0,0.0,0.0,0.0,0.0,0.0,0.0,0.0,0.0,0.0
3.22642361111,306084.0,32638.0,9.37814817084,774.0,64387.0,65295.0,65500.0,752.0,2320.0,2702.0,7964.0,9833.0,7084.0,1734.0,213.0,30.0,6.0,0.0,0.0,0.0,0.0,0.0,0.0,0.0,0.0,0.0,0.0,0.0,0.0,0.0,0.0,0.0,0.0,0.0,0.0,0.0,0.0
3.23059027778,313150.0,32644.0,9.59288077441,774.0,64398.0,65295.0,65499.0,683.0,2200.0,2525.0,7641.0,10223.0,7369.0,1752.0,208.0,37.0,6.0,0.0,0.0,0.0,0.0,0.0,0.0,0.0,0.0,0.0,0.0,0.0,0.0,0.0,0.0,0.0,0.0,0.0,0.0,0.0,0.0
3.23475694444,316412.0,32652.0,9.69043243905,774.0,64385.0,65295.0,65500.0,646.0,2216.0,2362.0,7466.0,10431.0,7492.0,1796.0,206.0,30.0,7.0,0.0,0.0,0.0,0.0,0.0,0.0,0.0,0.0,0.0,0.0,0.0,0.0,0.0,0.0,0.0,0.0,0.0,0.0,0.0,0.0
3.23892361111,318380.0,32641.0,9.7539903802,769.0,64385.0,65295.0,65510.0,675.0,2084.0,2134.0,7363.0,10740.0,7601.0,1813.0,202.0,26.0,3.0,0.0,0.0,0.0,0.0,0.0,0.0,0.0,0.0,0.0,0.0,0.0,0.0,0.0,0.0,0.0,0.0,0.0,0.0,0.0,0.0
3.24309027778,318980.0,32639.0,9.77297098563,772.0,64387.0,65296.0,65504.0,711.0,2182.0,2069.0,7301.0,10796.0,7486.0,1864.0,198.0,25.0,7.0,0.0,0.0,0.0,0.0,0.0,0.0,0.0,0.0,0.0,0.0,0.0,0.0,0.0,0.0,0.0,0.0,0.0,0.0,0.0,0.0
3.24725694444,320988.0,32639.0,9.83449247832,771.0,64387.0,65296.0,65496.0,729.0,2062.0,1991.0,7288.0,10776.0,7668.0,1905.0,201.0,14.0,5.0,0.0,0.0,0.0,0.0,0.0,0.0,0.0,0.0,0.0,0.0,0.0,0.0,0.0,0.0,0.0,0.0,0.0,0.0,0.0,0.0
3.25142361111,323236.0,32643.0,9.90215360108,771.0,64384.0,65296.0,65492.0,773.0,2108.0,1806.0,7163.0,11164.0,7532.0,1834.0,222.0,34.0,7.0,0.0,0.0,0.0,0.0,0.0,0.0,0.0,0.0,0.0,0.0,0.0,0.0,0.0,0.0,0.0,0.0,0.0,0.0,0.0,0.0
3.25559027778,322582.0,32642.0,9.88242142026,769.0,64385.0,65297.0,65500.0,747.0,2034.0,1744.0,7267.0,11191.0,7506.0,1937.0,188.0,22.0,6.0,0.0,0.0,0.0,0.0,0.0,0.0,0.0,0.0,0.0,0.0,0.0,0.0,0.0,0.0,0.0,0.0,0.0,0.0,0.0,0.0
3.25975694444,325175.0,32636.0,9.96369040324,767.0,64385.0,65299.0,65500.0,760.0,2029.0,1665.0,7138.0,11286.0,7557.0,1966.0,208.0,24.0,3.0,0.0,0.0,0.0,0.0,0.0,0.0,0.0,0.0,0.0,0.0,0.0,0.0,0.0,0.0,0.0,0.0,0.0,0.0,0.0,0.0
3.26392361111,325511.0,32633.0,9.97490270585,767.0,64385.0,65297.0,65504.0,826.0,1943.0,1420.0,7260.0,11441.0,7528.0,1997.0,193.0,23.0,2.0,0.0,0.0,0.0,0.0,0.0,0.0,0.0,0.0,0.0,0.0,0.0,0.0,0.0,0.0,0.0,0.0,0.0,0.0,0.0,0.0
3.26809027778,325418.0,32634.0,9.97174725746,766.0,64384.0,65296.0,65503.0,828.0,1930.0,1328.0,7064.0,11808.0,7488.0,1987.0,180.0,17.0,4.0,0.0,0.0,0.0,0.0,0.0,0.0,0.0,0.0,0.0,0.0,0.0,0.0,0.0,0.0,0.0,0.0,0.0,0.0,0.0,0.0
3.27225694444,327062.0,32636.0,10.021509989,767.0,64388.0,65295.0,65502.0,844.0,1966.0,1302.0,7133.0,11775.0,7363.0,2017.0,208.0,24.0,4.0,0.0,0.0,0.0,0.0,0.0,0.0,0.0,0.0,0.0,0.0,0.0,0.0,0.0,0.0,0.0,0.0,0.0,0.0,0.0,0.0
3.27642361111,327482.0,32637.0,10.034071759,764.0,64385.0,65297.0,65500.0,909.0,1942.0,1212.0,7189.0,11717.0,7441.0,1995.0,201.0,24.0,7.0,0.0,0.0,0.0,0.0,0.0,0.0,0.0,0.0,0.0,0.0,0.0,0.0,0.0,0.0,0.0,0.0,0.0,0.0,0.0,0.0
3.28059027778,322633.0,32627.0,9.88852790634,766.0,64385.0,65299.0,65500.0,923.0,2139.0,1091.0,7244.0,11793.0,7259.0,1958.0,189.0,30.0,1.0,0.0,0.0,0.0,0.0,0.0,0.0,0.0,0.0,0.0,0.0,0.0,0.0,0.0,0.0,0.0,0.0,0.0,0.0,0.0,0.0
3.28475694444,324930.0,32635.0,9.95648843266,766.0,64388.0,65300.0,65500.0,1053.0,2086.0,1176.0,7151.0,11546.0,7428.0,1953.0,208.0,30.0,4.0,0.0,0.0,0.0,0.0,0.0,0.0,0.0,0.0,0.0,0.0,0.0,0.0,0.0,0.0,0.0,0.0,0.0,0.0,0.0,0.0
3.28892361111,323512.0,32625.0,9.91607662835,761.0,64387.0,65299.0,65504.0,1124.0,2218.0,1211.0,7268.0,11273.0,7280.0,1996.0,223.0,25.0,7.0,0.0,0.0,0.0,0.0,0.0,0.0,0.0,0.0,0.0,0.0,0.0,0.0,0.0,0.0,0.0,0.0,0.0,0.0,0.0,0.0
3.29309027778,322583.0,32632.0,9.88548050993,764.0,64387.0,65295.0,65502.0,1121.0,2341.0,1343.0,7075.0,11135.0,7321.0,2059.0,210.0,25.0,2.0,0.0,0.0,0.0,0.0,0.0,0.0,0.0,0.0,0.0,0.0,0.0,0.0,0.0,0.0,0.0,0.0,0.0,0.0,0.0,0.0
3.29725694444,323510.0,32636.0,9.91267312171,764.0,64384.0,65300.0,65500.0,1126.0,2298.0,1374.0,7090.0,10971.0,7492.0,2059.0,205.0,15.0,6.0,0.0,0.0,0.0,0.0,0.0,0.0,0.0,0.0,0.0,0.0,0.0,0.0,0.0,0.0,0.0,0.0,0.0,0.0,0.0,0.0
3.30142361111,328671.0,32627.0,10.0735893585,764.0,64389.0,65300.0,65496.0,1136.0,2311.0,1488.0,6760.0,10941.0,7599.0,2132.0,227.0,31.0,2.0,0.0,0.0,0.0,0.0,0.0,0.0,0.0,0.0,0.0,0.0,0.0,0.0,0.0,0.0,0.0,0.0,0.0,0.0,0.0,0.0
3.30559027778,339876.0,32625.0,10.4176551724,762.0,64384.0,65297.0,65502.0,1021.0,2154.0,1607.0,6365.0,10613.0,8351.0,2271.0,215.0,24.0,4.0,0.0,0.0,0.0,0.0,0.0,0.0,0.0,0.0,0.0,0.0,0.0,0.0,0.0,0.0,0.0,0.0,0.0,0.0,0.0,0.0
3.30975694444,346401.0,32627.0,10.6170043216,762.0,64384.0,65301.0,65504.0,897.0,2089.0,1632.0,6052.0,10739.0,8705.0,2266.0,211.0,28.0,8.0,0.0,0.0,0.0,0.0,0.0,0.0,0.0,0.0,0.0,0.0,0.0,0.0,0.0,0.0,0.0,0.0,0.0,0.0,0.0,0.0
3.31392361111,347758.0,32632.0,10.6569624908,762.0,64387.0,65297.0,65504.0,902.0,1930.0,1614.0,5856.0,10933.0,8942.0,2214.0,210.0,28.0,3.0,0.0,0.0,0.0,0.0,0.0,0.0,0.0,0.0,0.0,0.0,0.0,0.0,0.0,0.0,0.0,0.0,0.0,0.0,0.0,0.0
3.31809027778,350737.0,32623.0,10.7512184655,762.0,64382.0,65299.0,65502.0,885.0,1925.0,1634.0,5732.0,10817.0,9119.0,2278.0,200.0,31.0,2.0,0.0,0.0,0.0,0.0,0.0,0.0,0.0,0.0,0.0,0.0,0.0,0.0,0.0,0.0,0.0,0.0,0.0,0.0,0.0,0.0
3.32225694444,352446.0,32625.0,10.8029425287,762.0,64387.0,65297.0,65502.0,802.0,1880.0,1659.0,5602.0,10923.0,9279.0,2247.0,203.0,28.0,2.0,0.0,0.0,0.0,0.0,0.0,0.0,0.0,0.0,0.0,0.0,0.0,0.0,0.0,0.0,0.0,0.0,0.0,0.0,0.0,0.0
3.32642361111,354316.0,32616.0,10.863257297,762.0,64383.0,65299.0,65500.0,805.0,1846.0,1679.0,5364.0,11047.0,9429.0,2205.0,207.0,32.0,2.0,0.0,0.0,0.0,0.0,0.0,0.0,0.0,0.0,0.0,0.0,0.0,0.0,0.0,0.0,0.0,0.0,0.0,0.0,0.0,0.0
3.33059027778,363246.0,32624.0,11.1343182933,762.0,64387.0,65297.0,65504.0,701.0,1718.0,1532.0,5238.0,10987.0,9909.0,2318.0,186.0,31.0,4.0,0.0,0.0,0.0,0.0,0.0,0.0,0.0,0.0,0.0,0.0,0.0,0.0,0.0,0.0,0.0,0.0,0.0,0.0,0.0,0.0
3.33475694444,371569.0,32627.0,11.3883899838,762.0,64385.0,65297.0,65504.0,624.0,1487.0,1447.0,5169.0,11030.0,10318.0,2296.0,210.0,43.0,3.0,0.0,0.0,0.0,0.0,0.0,0.0,0.0,0.0,0.0,0.0,0.0,0.0,0.0,0.0,0.0,0.0,0.0,0.0,0.0,0.0
3.33892361111,373750.0,32619.0,11.4580459242,761.0,64387.0,65299.0,65500.0,610.0,1470.0,1426.0,5207.0,10915.0,10308.0,2439.0,212.0,27.0,5.0,0.0,0.0,0.0,0.0,0.0,0.0,0.0,0.0,0.0,0.0,0.0,0.0,0.0,0.0,0.0,0.0,0.0,0.0,0.0,0.0
3.34309027778,369728.0,32626.0,11.3323116533,762.0,64385.0,65299.0,65500.0,616.0,1454.0,1419.0,5269.0,11041.0,10218.0,2380.0,208.0,18.0,3.0,0.0,0.0,0.0,0.0,0.0,0.0,0.0,0.0,0.0,0.0,0.0,0.0,0.0,0.0,0.0,0.0,0.0,0.0,0.0,0.0
3.34725694444,368265.0,32614.0,11.2916232293,762.0,64385.0,65303.0,65503.0,609.0,1497.0,1514.0,5235.0,11046.0,10146.0,2350.0,180.0,32.0,5.0,0.0,0.0,0.0,0.0,0.0,0.0,0.0,0.0,0.0,0.0,0.0,0.0,0.0,0.0,0.0,0.0,0.0,0.0,0.0,0.0
3.35142361111,366572.0,32609.0,11.2414364133,762.0,64387.0,65297.0,65500.0,600.0,1498.0,1467.0,5617.0,10853.0,9995.0,2366.0,165.0,44.0,4.0,0.0,0.0,0.0,0.0,0.0,0.0,0.0,0.0,0.0,0.0,0.0,0.0,0.0,0.0,0.0,0.0,0.0,0.0,0.0,0.0
3.35559027778,359490.0,32613.0,11.0229049765,761.0,64385.0,65299.0,65497.0,640.0,1512.0,1557.0,5782.0,10895.0,9860.0,2135.0,185.0,42.0,5.0,0.0,0.0,0.0,0.0,0.0,0.0,0.0,0.0,0.0,0.0,0.0,0.0,0.0,0.0,0.0,0.0,0.0,0.0,0.0,0.0
3.35975694444,354330.0,32615.0,10.8640196229,762.0,64383.0,65302.0,65502.0,642.0,1602.0,1664.0,6114.0,10624.0,9545.0,2178.0,220.0,25.0,1.0,0.0,0.0,0.0,0.0,0.0,0.0,0.0,0.0,0.0,0.0,0.0,0.0,0.0,0.0,0.0,0.0,0.0,0.0,0.0,0.0
3.36392361111,347973.0,32618.0,10.6681280275,754.0,64384.0,65304.0,65504.0,630.0,1721.0,1738.0,6324.0,10741.0,9082.0,2151.0,198.0,29.0,4.0,0.0,0.0,0.0,0.0,0.0,0.0,0.0,0.0,0.0,0.0,0.0,0.0,0.0,0.0,0.0,0.0,0.0,0.0,0.0,0.0
3.36809027778,341058.0,32616.0,10.4567696836,759.0,64385.0,65302.0,65502.0,691.0,1808.0,1661.0,6526.0,10718.0,9015.0,1979.0,186.0,28.0,4.0,0.0,0.0,0.0,0.0,0.0,0.0,0.0,0.0,0.0,0.0,0.0,0.0,0.0,0.0,0.0,0.0,0.0,0.0,0.0,0.0
3.37225694444,342558.0,32614.0,10.5034034464,759.0,64387.0,65302.0,65503.0,667.0,1804.0,1611.0,6641.0,10687.0,8946.0,2027.0,193.0,36.0,2.0,0.0,0.0,0.0,0.0,0.0,0.0,0.0,0.0,0.0,0.0,0.0,0.0,0.0,0.0,0.0,0.0,0.0,0.0,0.0,0.0
3.37642361111,338279.0,32612.0,10.3728382191,758.0,64384.0,65299.0,65502.0,703.0,1821.0,1793.0,6800.0,10715.0,8555.0,1978.0,193.0,50.0,4.0,0.0,0.0,0.0,0.0,0.0,0.0,0.0,0.0,0.0,0.0,0.0,0.0,0.0,0.0,0.0,0.0,0.0,0.0,0.0,0.0
3.38059027778,328853.0,32600.0,10.0875153374,756.0,64385.0,65299.0,65502.0,765.0,1965.0,1752.0,7010.0,10892.0,8077.0,1908.0,198.0,25.0,8.0,0.0,0.0,0.0,0.0,0.0,0.0,0.0,0.0,0.0,0.0,0.0,0.0,0.0,0.0,0.0,0.0,0.0,0.0,0.0,0.0
3.38475694444,325069.0,32607.0,9.96930107032,756.0,64385.0,65303.0,65500.0,740.0,2021.0,1830.0,7111.0,10774.0,8121.0,1788.0,181.0,35.0,6.0,0.0,0.0,0.0,0.0,0.0,0.0,0.0,0.0,0.0,0.0,0.0,0.0,0.0,0.0,0.0,0.0,0.0,0.0,0.0,0.0
3.38892361111,317592.0,32610.0,9.73909843606,756.0,64384.0,65303.0,65504.0,806.0,2088.0,1870.0,7283.0,10889.0,7716.0,1748.0,176.0,30.0,4.0,0.0,0.0,0.0,0.0,0.0,0.0,0.0,0.0,0.0,0.0,0.0,0.0,0.0,0.0,0.0,0.0,0.0,0.0,0.0,0.0
3.39309027778,302252.0,32606.0,9.26982763908,756.0,64384.0,65304.0,65496.0,889.0,2208.0,2044.0,7619.0,10965.0,7118.0,1580.0,160.0,22.0,1.0,0.0,0.0,0.0,0.0,0.0,0.0,0.0,0.0,0.0,0.0,0.0,0.0,0.0,0.0,0.0,0.0,0.0,0.0,0.0,0.0
3.39725694444,294449.0,32606.0,9.03051585598,756.0,64385.0,65303.0,65503.0,937.0,2367.0,1925.0,7914.0,11092.0,6730.0,1456.0,162.0,21.0,2.0,0.0,0.0,0.0,0.0,0.0,0.0,0.0,0.0,0.0,0.0,0.0,0.0,0.0,0.0,0.0,0.0,0.0,0.0,0.0,0.0
3.40142361111,291121.0,32601.0,8.92981810374,759.0,64393.0,65304.0,65502.0,1038.0,2317.0,2010.0,8076.0,10976.0,6630.0,1353.0,167.0,32.0,2.0,0.0,0.0,0.0,0.0,0.0,0.0,0.0,0.0,0.0,0.0,0.0,0.0,0.0,0.0,0.0,0.0,0.0,0.0,0.0,0.0
3.40559027778,289287.0,32604.0,8.87274567538,756.0,64385.0,65304.0,65497.0,1061.0,2429.0,1985.0,8082.0,10992.0,6484.0,1376.0,160.0,34.0,1.0,0.0,0.0,0.0,0.0,0.0,0.0,0.0,0.0,0.0,0.0,0.0,0.0,0.0,0.0,0.0,0.0,0.0,0.0,0.0,0.0
3.40975694444,285664.0,32605.0,8.7613556203,754.0,64383.0,65299.0,65503.0,1182.0,2502.0,2053.0,8132.0,11004.0,6150.0,1376.0,167.0,36.0,3.0,0.0,0.0,0.0,0.0,0.0,0.0,0.0,0.0,0.0,0.0,0.0,0.0,0.0,0.0,0.0,0.0,0.0,0.0,0.0,0.0
3.41392361111,271638.0,32608.0,8.33040971541,753.0,64380.0,65304.0,65496.0,1357.0,2694.0,2118.0,8407.0,10757.0,5878.0,1237.0,142.0,18.0,0.0,0.0,0.0,0.0,0.0,0.0,0.0,0.0,0.0,0.0,0.0,0.0,0.0,0.0,0.0,0.0,0.0,0.0,0.0,0.0,0.0
3.41809027778,262449.0,32600.0,8.05058282209,751.0,64387.0,65304.0,65504.0,1550.0,3081.0,2124.0,8622.0,10351.0,5572.0,1127.0,151.0,21.0,1.0,0.0,0.0,0.0,0.0,0.0,0.0,0.0,0.0,0.0,0.0,0.0,0.0,0.0,0.0,0.0,0.0,0.0,0.0,0.0,0.0
3.42225694444,255843.0,32605.0,7.84674129735,759.0,64383.0,65303.0,65504.0,1768.0,3229.0,2161.0,8737.0,10116.0,5346.0,1075.0,151.0,22.0,0.0,0.0,0.0,0.0,0.0,0.0,0.0,0.0,0.0,0.0,0.0,0.0,0.0,0.0,0.0,0.0,0.0,0.0,0.0,0.0,0.0
3.42642361111,256820.0,32611.0,7.87525681519,751.0,64385.0,65303.0,65502.0,1853.0,3278.0,2171.0,8470.0,10037.0,5567.0,1084.0,130.0,19.0,2.0,0.0,0.0,0.0,0.0,0.0,0.0,0.0,0.0,0.0,0.0,0.0,0.0,0.0,0.0,0.0,0.0,0.0,0.0,0.0,0.0
3.43059027778,260664.0,32600.0,7.99582822086,758.0,64383.0,65304.0,65511.0,1805.0,3320.0,2228.0,8292.0,9937.0,5714.0,1149.0,130.0,21.0,4.0,0.0,0.0,0.0,0.0,0.0,0.0,0.0,0.0,0.0,0.0,0.0,0.0,0.0,0.0,0.0,0.0,0.0,0.0,0.0,0.0
3.43475694444,255347.0,32598.0,7.83321062642,756.0,64382.0,65304.0,65500.0,1933.0,3485.0,2295.0,8426.0,9764.0,5410.0,1116.0,136.0,31.0,2.0,0.0,0.0,0.0,0.0,0.0,0.0,0.0,0.0,0.0,0.0,0.0,0.0,0.0,0.0,0.0,0.0,0.0,0.0,0.0,0.0
3.43892361111,259076.0,32598.0,7.94760414749,756.0,64380.0,65304.0,65499.0,1896.0,3454.0,2295.0,8302.0,9752.0,5550.0,1182.0,136.0,27.0,4.0,0.0,0.0,0.0,0.0,0.0,0.0,0.0,0.0,0.0,0.0,0.0,0.0,0.0,0.0,0.0,0.0,0.0,0.0,0.0,0.0
3.44309027778,266315.0,32612.0,8.16616582853,753.0,64383.0,65304.0,65496.0,1835.0,3309.0,2355.0,8032.0,9627.0,6066.0,1206.0,155.0,26.0,1.0,0.0,0.0,0.0,0.0,0.0,0.0,0.0,0.0,0.0,0.0,0.0,0.0,0.0,0.0,0.0,0.0,0.0,0.0,0.0,0.0
3.44725694444,272583.0,32602.0,8.36092877738,756.0,64385.0,65306.0,65502.0,1676.0,3287.0,2274.0,8065.0,9731.0,6097.0,1256.0,176.0,36.0,4.0,0.0,0.0,0.0,0.0,0.0,0.0,0.0,0.0,0.0,0.0,0.0,0.0,0.0,0.0,0.0,0.0,0.0,0.0,0.0,0.0
3.45142361111,273568.0,32599.0,8.39191386239,756.0,64384.0,65300.0,65504.0,1662.0,3246.0,2049.0,7892.0,10030.0,6265.0,1277.0,154.0,21.0,3.0,0.0,0.0,0.0,0.0,0.0,0.0,0.0,0.0,0.0,0.0,0.0,0.0,0.0,0.0,0.0,0.0,0.0,0.0,0.0,0.0
3.45559027778,281513.0,32602.0,8.63483835348,756.0,64384.0,65304.0,65502.0,1619.0,2985.0,1992.0,7686.0,10161.0,6631.0,1361.0,137.0,28.0,2.0,0.0,0.0,0.0,0.0,0.0,0.0,0.0,0.0,0.0,0.0,0.0,0.0,0.0,0.0,0.0,0.0,0.0,0.0,0.0,0.0
3.45975694444,286123.0,32601.0,8.77650992301,753.0,64382.0,65308.0,65500.0,1594.0,2975.0,2050.0,7702.0,9916.0,6775.0,1359.0,198.0,30.0,2.0,0.0,0.0,0.0,0.0,0.0,0.0,0.0,0.0,0.0,0.0,0.0,0.0,0.0,0.0,0.0,0.0,0.0,0.0,0.0,0.0
3.46392361111,288480.0,32608.0,8.84690873405,756.0,64384.0,65303.0,65504.0,1489.0,3012.0,2162.0,7434.0,9876.0,6987.0,1472.0,149.0,23.0,4.0,0.0,0.0,0.0,0.0,0.0,0.0,0.0,0.0,0.0,0.0,0.0,0.0,0.0,0.0,0.0,0.0,0.0,0.0,0.0,0.0
3.46809027778,298519.0,32600.0,9.15702453988,753.0,64387.0,65303.0,65505.0,1410.0,2849.0,2163.0,7024.0,10108.0,7261.0,1581.0,166.0,37.0,1.0,0.0,0.0,0.0,0.0,0.0,0.0,0.0,0.0,0.0,0.0,0.0,0.0,0.0,0.0,0.0,0.0,0.0,0.0,0.0,0.0
3.47225694444,309698.0,32599.0,9.50023006841,756.0,64384.0,65303.0,65504.0,1322.0,2718.0,2000.0,6643.0,10089.0,7927.0,1718.0,149.0,32.0,1.0,0.0,0.0,0.0,0.0,0.0,0.0,0.0,0.0,0.0,0.0,0.0,0.0,0.0,0.0,0.0,0.0,0.0,0.0,0.0,0.0
3.47642361111,321761.0,32604.0,9.86875843455,756.0,64382.0,65303.0,65500.0,1205.0,2437.0,1876.0,6451.0,10281.0,8326.0,1830.0,158.0,36.0,4.0,0.0,0.0,0.0,0.0,0.0,0.0,0.0,0.0,0.0,0.0,0.0,0.0,0.0,0.0,0.0,0.0,0.0,0.0,0.0,0.0
3.48059027778,336372.0,32612.0,10.3143628112,756.0,64383.0,65304.0,65500.0,1102.0,2192.0,1710.0,5960.0,10607.0,8741.0,2111.0,161.0,22.0,6.0,0.0,0.0,0.0,0.0,0.0,0.0,0.0,0.0,0.0,0.0,0.0,0.0,0.0,0.0,0.0,0.0,0.0,0.0,0.0,0.0
3.48475694444,347770.0,32610.0,10.6645200859,759.0,64381.0,65304.0,65500.0,1009.0,2024.0,1515.0,5595.0,10676.0,9479.0,2108.0,167.0,34.0,3.0,0.0,0.0,0.0,0.0,0.0,0.0,0.0,0.0,0.0,0.0,0.0,0.0,0.0,0.0,0.0,0.0,0.0,0.0,0.0,0.0
3.48892361111,350445.0,32595.0,10.7514956282,756.0,64385.0,65304.0,65502.0,927.0,1973.0,1454.0,5459.0,10924.0,9453.0,2211.0,168.0,24.0,2.0,0.0,0.0,0.0,0.0,0.0,0.0,0.0,0.0,0.0,0.0,0.0,0.0,0.0,0.0,0.0,0.0,0.0,0.0,0.0,0.0
3.49309027778,353093.0,32593.0,10.8333998098,754.0,64383.0,65304.0,65503.0,919.0,1901.0,1480.0,5442.0,10776.0,9684.0,2184.0,181.0,22.0,4.0,0.0,0.0,0.0,0.0,0.0,0.0,0.0,0.0,0.0,0.0,0.0,0.0,0.0,0.0,0.0,0.0,0.0,0.0,0.0,0.0
3.49725694444,363317.0,32611.0,11.1409340407,759.0,64380.0,65304.0,65500.0,854.0,1875.0,1415.0,5235.0,10833.0,9722.0,2441.0,205.0,29.0,2.0,0.0,0.0,0.0,0.0,0.0,0.0,0.0,0.0,0.0,0.0,0.0,0.0,0.0,0.0,0.0,0.0,0.0,0.0,0.0,0.0
3.50142361111,363397.0,32607.0,11.1447541939,759.0,64383.0,65304.0,65500.0,928.0,1829.0,1390.0,5149.0,11084.0,9555.0,2430.0,201.0,35.0,6.0,0.0,0.0,0.0,0.0,0.0,0.0,0.0,0.0,0.0,0.0,0.0,0.0,0.0,0.0,0.0,0.0,0.0,0.0,0.0,0.0
3.50559027778,363449.0,32607.0,11.1463489435,759.0,64384.0,65304.0,65506.0,932.0,1927.0,1411.0,4865.0,10975.0,9875.0,2396.0,192.0,33.0,1.0,0.0,0.0,0.0,0.0,0.0,0.0,0.0,0.0,0.0,0.0,0.0,0.0,0.0,0.0,0.0,0.0,0.0,0.0,0.0,0.0
3.50975694444,356341.0,32607.0,10.9283589413,758.0,64384.0,65305.0,65502.0,983.0,2045.0,1562.0,5037.0,10930.0,9444.0,2390.0,184.0,31.0,1.0,0.0,0.0,0.0,0.0,0.0,0.0,0.0,0.0,0.0,0.0,0.0,0.0,0.0,0.0,0.0,0.0,0.0,0.0,0.0,0.0
3.51392361111,351351.0,32614.0,10.7730115901,761.0,64384.0,65308.0,65500.0,1020.0,2065.0,1629.0,5293.0,10837.0,9219.0,2343.0,175.0,31.0,2.0,0.0,0.0,0.0,0.0,0.0,0.0,0.0,0.0,0.0,0.0,0.0,0.0,0.0,0.0,0.0,0.0,0.0,0.0,0.0,0.0
3.51809027778,351425.0,32613.0,10.7756109527,759.0,64383.0,65307.0,65502.0,1134.0,2133.0,1580.0,5259.0,10945.0,8930.0,2406.0,182.0,41.0,3.0,0.0,0.0,0.0,0.0,0.0,0.0,0.0,0.0,0.0,0.0,0.0,0.0,0.0,0.0,0.0,0.0,0.0,0.0,0.0,0.0
3.52225694444,366993.0,32608.0,11.2546921001,761.0,64383.0,65308.0,65500.0,1105.0,2079.0,1519.0,5213.0,10550.0,8969.0,2877.0,273.0,18.0,5.0,0.0,0.0,0.0,0.0,0.0,0.0,0.0,0.0,0.0,0.0,0.0,0.0,0.0,0.0,0.0,0.0,0.0,0.0,0.0,0.0
3.52642361111,335553.0,32615.0,10.2883029281,759.0,64382.0,65307.0,65502.0,1189.0,2321.0,1564.0,5758.0,10938.0,8489.0,2149.0,182.0,24.0,1.0,0.0,0.0,0.0,0.0,0.0,0.0,0.0,0.0,0.0,0.0,0.0,0.0,0.0,0.0,0.0,0.0,0.0,0.0,0.0,0.0
3.53059027778,334264.0,32615.0,10.2487812356,761.0,64380.0,65308.0,65504.0,1200.0,2278.0,1511.0,5837.0,11028.0,8437.0,2137.0,161.0,23.0,3.0,0.0,0.0,0.0,0.0,0.0,0.0,0.0,0.0,0.0,0.0,0.0,0.0,0.0,0.0,0.0,0.0,0.0,0.0,0.0,0.0
3.53475694444,335026.0,32609.0,10.2740347757,759.0,64384.0,65305.0,65504.0,1187.0,2150.0,1464.0,5867.0,11222.0,8454.0,2063.0,169.0,30.0,3.0,0.0,0.0,0.0,0.0,0.0,0.0,0.0,0.0,0.0,0.0,0.0,0.0,0.0,0.0,0.0,0.0,0.0,0.0,0.0,0.0
3.53892361111,335590.0,32615.0,10.2894373754,762.0,64384.0,65308.0,65500.0,1184.0,2042.0,1348.0,5947.0,11261.0,8559.0,2087.0,169.0,17.0,1.0,0.0,0.0,0.0,0.0,0.0,0.0,0.0,0.0,0.0,0.0,0.0,0.0,0.0,0.0,0.0,0.0,0.0,0.0,0.0,0.0
3.54309027778,331808.0,32624.0,10.170671898,762.0,64385.0,65308.0,65504.0,1187.0,2074.0,1227.0,6200.0,11458.0,8296.0,1990.0,161.0,30.0,1.0,0.0,0.0,0.0,0.0,0.0,0.0,0.0,0.0,0.0,0.0,0.0,0.0,0.0,0.0,0.0,0.0,0.0,0.0,0.0,0.0
3.54725694444,333240.0,32617.0,10.2167581323,764.0,64383.0,65305.0,65503.0,1128.0,1992.0,1220.0,6140.0,11667.0,8246.0,2038.0,161.0,23.0,2.0,0.0,0.0,0.0,0.0,0.0,0.0,0.0,0.0,0.0,0.0,0.0,0.0,0.0,0.0,0.0,0.0,0.0,0.0,0.0,0.0
3.55142361111,336978.0,32619.0,10.3307274901,762.0,64380.0,65311.0,65499.0,1108.0,1848.0,1101.0,5932.0,11860.0,8617.0,1977.0,148.0,27.0,1.0,0.0,0.0,0.0,0.0,0.0,0.0,0.0,0.0,0.0,0.0,0.0,0.0,0.0,0.0,0.0,0.0,0.0,0.0,0.0,0.0
3.55559027778,337687.0,32614.0,10.3540504078,761.0,64384.0,65308.0,65500.0,1032.0,1749.0,1193.0,6016.0,11956.0,8613.0,1846.0,159.0,47.0,3.0,0.0,0.0,0.0,0.0,0.0,0.0,0.0,0.0,0.0,0.0,0.0,0.0,0.0,0.0,0.0,0.0,0.0,0.0,0.0,0.0
3.55975694444,338500.0,32627.0,10.3748429215,764.0,64383.0,65308.0,65504.0,1029.0,1680.0,1144.0,5941.0,12038.0,8724.0,1880.0,158.0,30.0,3.0,0.0,0.0,0.0,0.0,0.0,0.0,0.0,0.0,0.0,0.0,0.0,0.0,0.0,0.0,0.0,0.0,0.0,0.0,0.0,0.0
3.56392361111,337115.0,32619.0,10.3349274962,764.0,64382.0,65308.0,65497.0,869.0,1725.0,1315.0,5824.0,12041.0,8887.0,1773.0,154.0,28.0,3.0,0.0,0.0,0.0,0.0,0.0,0.0,0.0,0.0,0.0,0.0,0.0,0.0,0.0,0.0,0.0,0.0,0.0,0.0,0.0,0.0
3.56809027778,332748.0,32626.0,10.1988598051,766.0,64384.0,65305.0,65504.0,880.0,1732.0,1516.0,5644.0,12144.0,8880.0,1654.0,153.0,19.0,4.0,0.0,0.0,0.0,0.0,0.0,0.0,0.0,0.0,0.0,0.0,0.0,0.0,0.0,0.0,0.0,0.0,0.0,0.0,0.0,0.0
3.57225694444,335470.0,32627.0,10.2819750513,767.0,64382.0,65310.0,65502.0,798.0,1758.0,1672.0,5564.0,12002.0,9018.0,1625.0,151.0,30.0,9.0,0.0,0.0,0.0,0.0,0.0,0.0,0.0,0.0,0.0,0.0,0.0,0.0,0.0,0.0,0.0,0.0,0.0,0.0,0.0,0.0
3.57642361111,329389.0,32639.0,10.0918839425,767.0,64381.0,65308.0,65503.0,791.0,1893.0,1808.0,5706.0,11938.0,8683.0,1630.0,158.0,30.0,2.0,0.0,0.0,0.0,0.0,0.0,0.0,0.0,0.0,0.0,0.0,0.0,0.0,0.0,0.0,0.0,0.0,0.0,0.0,0.0,0.0
3.58059027778,323456.0,32642.0,9.9091967404,769.0,64388.0,65308.0,65500.0,829.0,2072.0,1990.0,5843.0,11708.0,8495.0,1508.0,159.0,29.0,9.0,0.0,0.0,0.0,0.0,0.0,0.0,0.0,0.0,0.0,0.0,0.0,0.0,0.0,0.0,0.0,0.0,0.0,0.0,0.0,0.0
3.58475694444,319247.0,32624.0,9.78564860226,772.0,64385.0,65307.0,65502.0,929.0,2111.0,2030.0,5817.0,11566.0,8490.0,1524.0,130.0,20.0,7.0,0.0,0.0,0.0,0.0,0.0,0.0,0.0,0.0,0.0,0.0,0.0,0.0,0.0,0.0,0.0,0.0,0.0,0.0,0.0,0.0
3.58892361111,314698.0,32631.0,9.64414207349,772.0,64385.0,65310.0,65500.0,996.0,2200.0,2075.0,5903.0,11550.0,8251.0,1469.0,170.0,15.0,2.0,0.0,0.0,0.0,0.0,0.0,0.0,0.0,0.0,0.0,0.0,0.0,0.0,0.0,0.0,0.0,0.0,0.0,0.0,0.0,0.0
3.59309027778,312648.0,32633.0,9.58073116171,772.0,64380.0,65311.0,65503.0,1027.0,2240.0,2210.0,5859.0,11551.0,8104.0,1456.0,159.0,25.0,2.0,0.0,0.0,0.0,0.0,0.0,0.0,0.0,0.0,0.0,0.0,0.0,0.0,0.0,0.0,0.0,0.0,0.0,0.0,0.0,0.0
3.59725694444,307197.0,32647.0,9.40965479217,772.0,64384.0,65310.0,65502.0,1146.0,2405.0,2150.0,6125.0,11377.0,7805.0,1474.0,134.0,28.0,3.0,0.0,0.0,0.0,0.0,0.0,0.0,0.0,0.0,0.0,0.0,0.0,0.0,0.0,0.0,0.0,0.0,0.0,0.0,0.0,0.0
3.60142361111,306062.0,32643.0,9.37603774163,772.0,64383.0,65311.0,65500.0,1196.0,2480.0,2047.0,6320.0,11202.0,7741.0,1482.0,148.0,24.0,3.0,0.0,0.0,0.0,0.0,0.0,0.0,0.0,0.0,0.0,0.0,0.0,0.0,0.0,0.0,0.0,0.0,0.0,0.0,0.0,0.0
3.60559027778,304275.0,32649.0,9.31958099789,772.0,64384.0,65311.0,65503.0,1273.0,2541.0,2169.0,6239.0,11221.0,7569.0,1446.0,149.0,39.0,3.0,0.0,0.0,0.0,0.0,0.0,0.0,0.0,0.0,0.0,0.0,0.0,0.0,0.0,0.0,0.0,0.0,0.0,0.0,0.0,0.0
3.60975694444,307731.0,32643.0,9.42716662072,774.0,64383.0,65311.0,65503.0,1222.0,2535.0,2094.0,6216.0,11162.0,7678.0,1540.0,170.0,22.0,4.0,0.0,0.0,0.0,0.0,0.0,0.0,0.0,0.0,0.0,0.0,0.0,0.0,0.0,0.0,0.0,0.0,0.0,0.0,0.0,0.0
3.61392361111,303798.0,32648.0,9.30525606469,774.0,64384.0,65311.0,65500.0,1307.0,2592.0,2121.0,6293.0,11234.0,7430.0,1458.0,176.0,34.0,3.0,0.0,0.0,0.0,0.0,0.0,0.0,0.0,0.0,0.0,0.0,0.0,0.0,0.0,0.0,0.0,0.0,0.0,0.0,0.0,0.0
3.61809027778,302014.0,32650.0,9.25004594181,774.0,64392.0,65308.0,65497.0,1377.0,2546.0,2064.0,6395.0,11146.0,7493.0,1425.0,176.0,26.0,2.0,0.0,0.0,0.0,0.0,0.0,0.0,0.0,0.0,0.0,0.0,0.0,0.0,0.0,0.0,0.0,0.0,0.0,0.0,0.0,0.0
3.62225694444,297961.0,32649.0,9.12619069497,775.0,64384.0,65311.0,65502.0,1441.0,2701.0,2104.0,6435.0,11006.0,7345.0,1431.0,162.0,20.0,4.0,0.0,0.0,0.0,0.0,0.0,0.0,0.0,0.0,0.0,0.0,0.0,0.0,0.0,0.0,0.0,0.0,0.0,0.0,0.0,0.0
3.62642361111,296187.0,32659.0,9.06907743654,777.0,64380.0,65310.0,65504.0,1433.0,2743.0,2000.0,6383.0,11223.0,7289.0,1415.0,155.0,18.0,0.0,0.0,0.0,0.0,0.0,0.0,0.0,0.0,0.0,0.0,0.0,0.0,0.0,0.0,0.0,0.0,0.0,0.0,0.0,0.0,0.0
3.63059027778,298959.0,32663.0,9.15283348131,779.0,64380.0,65313.0,65499.0,1492.0,2725.0,1967.0,6557.0,11065.0,7153.0,1528.0,144.0,25.0,7.0,0.0,0.0,0.0,0.0,0.0,0.0,0.0,0.0,0.0,0.0,0.0,0.0,0.0,0.0,0.0,0.0,0.0,0.0,0.0,0.0
3.63475694444,296384.0,32651.0,9.07733300665,782.0,64380.0,65312.0,65500.0,1642.0,2686.0,1905.0,6522.0,11123.0,7128.0,1455.0,162.0,26.0,2.0,0.0,0.0,0.0,0.0,0.0,0.0,0.0,0.0,0.0,0.0,0.0,0.0,0.0,0.0,0.0,0.0,0.0,0.0,0.0,0.0
3.63892361111,295490.0,32665.0,9.04607377927,782.0,64385.0,65311.0,65503.0,1580.0,2752.0,1947.0,6641.0,11093.0,7016.0,1453.0,145.0,33.0,5.0,0.0,0.0,0.0,0.0,0.0,0.0,0.0,0.0,0.0,0.0,0.0,0.0,0.0,0.0,0.0,0.0,0.0,0.0,0.0,0.0
3.64309027778,296645.0,32666.0,9.08115471744,785.0,64384.0,65311.0,65504.0,1631.0,2759.0,1863.0,6550.0,11143.0,7042.0,1476.0,173.0,28.0,1.0,0.0,0.0,0.0,0.0,0.0,0.0,0.0,0.0,0.0,0.0,0.0,0.0,0.0,0.0,0.0,0.0,0.0,0.0,0.0,0.0
3.64725694444,297073.0,32668.0,9.09370025713,782.0,64383.0,65311.0,65500.0,1608.0,2785.0,1850.0,6663.0,10908.0,7208.0,1443.0,173.0,28.0,2.0,0.0,0.0,0.0,0.0,0.0,0.0,0.0,0.0,0.0,0.0,0.0,0.0,0.0,0.0,0.0,0.0,0.0,0.0,0.0,0.0
3.65142361111,299202.0,32662.0,9.16055354847,785.0,64380.0,65311.0,65502.0,1646.0,2774.0,1814.0,6598.0,11009.0,7022.0,1616.0,147.0,34.0,2.0,0.0,0.0,0.0,0.0,0.0,0.0,0.0,0.0,0.0,0.0,0.0,0.0,0.0,0.0,0.0,0.0,0.0,0.0,0.0,0.0
3.65559027778,298962.0,32676.0,9.14928387808,785.0,64383.0,65310.0,65500.0,1680.0,2712.0,1885.0,6634.0,11053.0,6951.0,1550.0,171.0,35.0,5.0,0.0,0.0,0.0,0.0,0.0,0.0,0.0,0.0,0.0,0.0,0.0,0.0,0.0,0.0,0.0,0.0,0.0,0.0,0.0,0.0
3.65975694444,299110.0,32683.0,9.15185264511,787.0,64383.0,65308.0,65500.0,1633.0,2836.0,1743.0,6583.0,11021.0,7123.0,1538.0,178.0,27.0,1.0,0.0,0.0,0.0,0.0,0.0,0.0,0.0,0.0,0.0,0.0,0.0,0.0,0.0,0.0,0.0,0.0,0.0,0.0,0.0,0.0
3.66392361111,300832.0,32675.0,9.20679418516,787.0,64383.0,65310.0,65502.0,1766.0,2816.0,1726.0,6531.0,10945.0,7061.0,1624.0,169.0,34.0,3.0,0.0,0.0,0.0,0.0,0.0,0.0,0.0,0.0,0.0,0.0,0.0,0.0,0.0,0.0,0.0,0.0,0.0,0.0,0.0,0.0
3.66809027778,296505.0,32678.0,9.0735357121,787.0,64383.0,65311.0,65500.0,1829.0,2813.0,1738.0,6614.0,11078.0,6850.0,1548.0,170.0,36.0,2.0,0.0,0.0,0.0,0.0,0.0,0.0,0.0,0.0,0.0,0.0,0.0,0.0,0.0,0.0,0.0,0.0,0.0,0.0,0.0,0.0
3.67225694444,297702.0,32689.0,9.10710024779,787.0,64385.0,65311.0,65503.0,1742.0,2904.0,1747.0,6642.0,10928.0,6896.0,1621.0,188.0,18.0,3.0,0.0,0.0,0.0,0.0,0.0,0.0,0.0,0.0,0.0,0.0,0.0,0.0,0.0,0.0,0.0,0.0,0.0,0.0,0.0,0.0
3.67642361111,294457.0,32691.0,9.00728029121,788.0,64383.0,65311.0,65500.0,1842.0,2963.0,1705.0,6773.0,10904.0,6756.0,1532.0,182.0,29.0,5.0,0.0,0.0,0.0,0.0,0.0,0.0,0.0,0.0,0.0,0.0,0.0,0.0,0.0,0.0,0.0,0.0,0.0,0.0,0.0,0.0
3.68059027778,297367.0,32700.0,9.09379204893,787.0,64380.0,65311.0,65502.0,1781.0,2969.0,1689.0,6549.0,11037.0,6861.0,1602.0,182.0,30.0,0.0,0.0,0.0,0.0,0.0,0.0,0.0,0.0,0.0,0.0,0.0,0.0,0.0,0.0,0.0,0.0,0.0,0.0,0.0,0.0,0.0
3.68475694444,297065.0,32687.0,9.08816960871,788.0,64379.0,65310.0,65505.0,1825.0,2835.0,1697.0,6839.0,10953.0,6671.0,1674.0,157.0,29.0,7.0,0.0,0.0,0.0,0.0,0.0,0.0,0.0,0.0,0.0,0.0,0.0,0.0,0.0,0.0,0.0,0.0,0.0,0.0,0.0,0.0
3.68892361111,299346.0,32698.0,9.15487185761,792.0,64385.0,65308.0,65502.0,1901.0,2876.0,1659.0,6812.0,10806.0,6694.0,1715.0,205.0,26.0,4.0,0.0,0.0,0.0,0.0,0.0,0.0,0.0,0.0,0.0,0.0,0.0,0.0,0.0,0.0,0.0,0.0,0.0,0.0,0.0,0.0
3.69309027778,295801.0,32701.0,9.04562551604,793.0,64382.0,65311.0,65502.0,1888.0,2913.0,1686.0,6727.0,10860.0,6799.0,1624.0,174.0,30.0,0.0,0.0,0.0,0.0,0.0,0.0,0.0,0.0,0.0,0.0,0.0,0.0,0.0,0.0,0.0,0.0,0.0,0.0,0.0,0.0,0.0
3.69725694444,297193.0,32713.0,9.08485923028,795.0,64383.0,65311.0,65502.0,1889.0,2905.0,1626.0,6783.0,10864.0,6678.0,1774.0,179.0,15.0,0.0,0.0,0.0,0.0,0.0,0.0,0.0,0.0,0.0,0.0,0.0,0.0,0.0,0.0,0.0,0.0,0.0,0.0,0.0,0.0,0.0
3.70142361111,299629.0,32760.0,9.14618437118,793.0,64380.0,65311.0,65503.0,2009.0,2987.0,1595.0,6753.0,10545.0,6796.0,1890.0,171.0,13.0,1.0,0.0,0.0,0.0,0.0,0.0,0.0,0.0,0.0,0.0,0.0,0.0,0.0,0.0,0.0,0.0,0.0,0.0,0.0,0.0,0.0
3.70559027778,287019.0,32673.0,8.78459278303,795.0,64386.0,65311.0,65499.0,2067.0,2985.0,1597.0,7112.0,10729.0,6330.0,1708.0,124.0,21.0,0.0,0.0,0.0,0.0,0.0,0.0,0.0,0.0,0.0,0.0,0.0,0.0,0.0,0.0,0.0,0.0,0.0,0.0,0.0,0.0,0.0
3.70975694444,299433.0,32703.0,9.15613246491,793.0,64382.0,65311.0,65496.0,2136.0,3015.0,1563.0,6853.0,10443.0,6612.0,1842.0,211.0,24.0,4.0,0.0,0.0,0.0,0.0,0.0,0.0,0.0,0.0,0.0,0.0,0.0,0.0,0.0,0.0,0.0,0.0,0.0,0.0,0.0,0.0
3.71392361111,299809.0,32700.0,9.16847094801,793.0,64380.0,65311.0,65500.0,2181.0,3043.0,1601.0,6721.0,10489.0,6485.0,1973.0,178.0,23.0,6.0,0.0,0.0,0.0,0.0,0.0,0.0,0.0,0.0,0.0,0.0,0.0,0.0,0.0,0.0,0.0,0.0,0.0,0.0,0.0,0.0
3.71809027778,299424.0,32712.0,9.1533382245,798.0,64384.0,65311.0,65503.0,2093.0,2882.0,1585.0,6937.0,10567.0,6504.0,1933.0,191.0,17.0,3.0,0.0,0.0,0.0,0.0,0.0,0.0,0.0,0.0,0.0,0.0,0.0,0.0,0.0,0.0,0.0,0.0,0.0,0.0,0.0,0.0
3.72225694444,301798.0,32702.0,9.22873218763,800.0,64387.0,65310.0,65502.0,2020.0,2922.0,1560.0,6907.0,10612.0,6520.0,1930.0,196.0,34.0,1.0,0.0,0.0,0.0,0.0,0.0,0.0,0.0,0.0,0.0,0.0,0.0,0.0,0.0,0.0,0.0,0.0,0.0,0.0,0.0,0.0
3.72642361111,303290.0,32723.0,9.26840448614,800.0,64383.0,65311.0,65497.0,2005.0,2906.0,1604.0,6918.0,10444.0,6610.0,2026.0,182.0,27.0,1.0,0.0,0.0,0.0,0.0,0.0,0.0,0.0,0.0,0.0,0.0,0.0,0.0,0.0,0.0,0.0,0.0,0.0,0.0,0.0,0.0
3.73059027778,298560.0,32713.0,9.12664689879,801.0,64382.0,65311.0,65496.0,2131.0,3056.0,1540.0,6788.0,10631.0,6398.0,1961.0,184.0,22.0,2.0,0.0,0.0,0.0,0.0,0.0,0.0,0.0,0.0,0.0,0.0,0.0,0.0,0.0,0.0,0.0,0.0,0.0,0.0,0.0,0.0
3.73475694444,298502.0,32707.0,9.1265478338,801.0,64384.0,65311.0,65502.0,2247.0,2944.0,1477.0,6837.0,10537.0,6492.0,1981.0,170.0,22.0,0.0,0.0,0.0,0.0,0.0,0.0,0.0,0.0,0.0,0.0,0.0,0.0,0.0,0.0,0.0,0.0,0.0,0.0,0.0,0.0,0.0
3.73892361111,296598.0,32728.0,9.06251527744,801.0,64385.0,65313.0,65500.0,2273.0,2996.0,1581.0,6976.0,10441.0,6244.0,2012.0,180.0,25.0,0.0,0.0,0.0,0.0,0.0,0.0,0.0,0.0,0.0,0.0,0.0,0.0,0.0,0.0,0.0,0.0,0.0,0.0,0.0,0.0,0.0
3.74309027778,296083.0,32714.0,9.05065109739,801.0,64379.0,65318.0,65497.0,2273.0,3105.0,1527.0,6949.0,10342.0,6288.0,2042.0,172.0,13.0,3.0,0.0,0.0,0.0,0.0,0.0,0.0,0.0,0.0,0.0,0.0,0.0,0.0,0.0,0.0,0.0,0.0,0.0,0.0,0.0,0.0
3.74725694444,299830.0,32725.0,9.16210847976,801.0,64383.0,65311.0,65500.0,2262.0,3064.0,1501.0,7021.0,10168.0,6453.0,2034.0,196.0,25.0,1.0,0.0,0.0,0.0,0.0,0.0,0.0,0.0,0.0,0.0,0.0,0.0,0.0,0.0,0.0,0.0,0.0,0.0,0.0,0.0,0.0
3.75142361111,305116.0,32730.0,9.32221203789,803.0,64379.0,65311.0,65500.0,2166.0,2966.0,1515.0,6846.0,10417.0,6441.0,2159.0,186.0,34.0,0.0,0.0,0.0,0.0,0.0,0.0,0.0,0.0,0.0,0.0,0.0,0.0,0.0,0.0,0.0,0.0,0.0,0.0,0.0,0.0,0.0
3.75559027778,303494.0,32724.0,9.2743552133,804.0,64384.0,65311.0,65504.0,2232.0,3058.0,1668.0,6725.0,10293.0,6403.0,2109.0,198.0,35.0,3.0,0.0,0.0,0.0,0.0,0.0,0.0,0.0,0.0,0.0,0.0,0.0,0.0,0.0,0.0,0.0,0.0,0.0,0.0,0.0,0.0
3.75975694444,257481.0,27276.0,9.43983721953,804.0,64382.0,65312.0,65496.0,1905.0,2515.0,1321.0,5449.0,8426.0,5547.0,1938.0,159.0,15.0,1.0,0.0,0.0,0.0,0.0,0.0,0.0,0.0,0.0,0.0,0.0,0.0,0.0,0.0,0.0,0.0,0.0,0.0,0.0,0.0,0.0
3.77159722222,304650.0,32738.0,9.3056997984,806.0,64382.0,65311.0,65500.0,2426.0,3106.0,1530.0,6635.0,10013.0,6572.0,2259.0,171.0,25.0,1.0,0.0,0.0,0.0,0.0,0.0,0.0,0.0,0.0,0.0,0.0,0.0,0.0,0.0,0.0,0.0,0.0,0.0,0.0,0.0,0.0
3.77576388889,307752.0,32732.0,9.40217524135,808.0,64385.0,65308.0,65503.0,2323.0,3176.0,1510.0,6393.0,10136.0,6743.0,2245.0,179.0,25.0,2.0,0.0,0.0,0.0,0.0,0.0,0.0,0.0,0.0,0.0,0.0,0.0,0.0,0.0,0.0,0.0,0.0,0.0,0.0,0.0,0.0
3.77993055556,310334.0,32725.0,9.48308632544,809.0,64384.0,65311.0,65500.0,2442.0,3200.0,1537.0,6347.0,9850.0,6834.0,2281.0,200.0,31.0,3.0,0.0,0.0,0.0,0.0,0.0,0.0,0.0,0.0,0.0,0.0,0.0,0.0,0.0,0.0,0.0,0.0,0.0,0.0,0.0,0.0
3.78409722222,306063.0,32724.0,9.35286028603,803.0,64384.0,65311.0,65507.0,2367.0,3247.0,1492.0,6356.0,10005.0,6852.0,2212.0,168.0,25.0,0.0,0.0,0.0,0.0,0.0,0.0,0.0,0.0,0.0,0.0,0.0,0.0,0.0,0.0,0.0,0.0,0.0,0.0,0.0,0.0,0.0
3.78826388889,313280.0,32733.0,9.57076955977,811.0,64381.0,65311.0,65504.0,2338.0,3160.0,1548.0,6070.0,10003.0,7124.0,2293.0,166.0,25.0,6.0,0.0,0.0,0.0,0.0,0.0,0.0,0.0,0.0,0.0,0.0,0.0,0.0,0.0,0.0,0.0,0.0,0.0,0.0,0.0,0.0
3.79243055556,315762.0,32733.0,9.64659517918,803.0,64386.0,65311.0,65498.0,2191.0,3038.0,1566.0,6124.0,10015.0,7365.0,2237.0,159.0,34.0,4.0,0.0,0.0,0.0,0.0,0.0,0.0,0.0,0.0,0.0,0.0,0.0,0.0,0.0,0.0,0.0,0.0,0.0,0.0,0.0,0.0
3.79659722222,319095.0,32739.0,9.7466324567,811.0,64385.0,65311.0,65499.0,2158.0,3013.0,1497.0,6114.0,9911.0,7514.0,2323.0,187.0,22.0,0.0,0.0,0.0,0.0,0.0,0.0,0.0,0.0,0.0,0.0,0.0,0.0,0.0,0.0,0.0,0.0,0.0,0.0,0.0,0.0,0.0
3.80076388889,317474.0,32741.0,9.69652728994,814.0,64384.0,65308.0,65496.0,2094.0,3024.0,1535.0,6013.0,10044.0,7660.0,2174.0,168.0,26.0,3.0,0.0,0.0,0.0,0.0,0.0,0.0,0.0,0.0,0.0,0.0,0.0,0.0,0.0,0.0,0.0,0.0,0.0,0.0,0.0,0.0
3.80493055556,319768.0,32743.0,9.76599578536,809.0,64384.0,65311.0,65500.0,2089.0,2856.0,1548.0,6044.0,9921.0,7902.0,2188.0,174.0,21.0,0.0,0.0,0.0,0.0,0.0,0.0,0.0,0.0,0.0,0.0,0.0,0.0,0.0,0.0,0.0,0.0,0.0,0.0,0.0,0.0,0.0
3.80909722222,321278.0,32747.0,9.81091397685,811.0,64385.0,65311.0,65500.0,2079.0,2956.0,1487.0,5939.0,9987.0,7933.0,2157.0,176.0,31.0,2.0,0.0,0.0,0.0,0.0,0.0,0.0,0.0,0.0,0.0,0.0,0.0,0.0,0.0,0.0,0.0,0.0,0.0,0.0,0.0,0.0
3.81326388889,320575.0,32744.0,9.790343269,811.0,64383.0,65311.0,65499.0,2079.0,2983.0,1476.0,5932.0,9896.0,8030.0,2156.0,163.0,28.0,1.0,0.0,0.0,0.0,0.0,0.0,0.0,0.0,0.0,0.0,0.0,0.0,0.0,0.0,0.0,0.0,0.0,0.0,0.0,0.0,0.0
3.81743055556,321553.0,32739.0,9.82171110907,811.0,64384.0,65310.0,65502.0,1936.0,2831.0,1541.0,5876.0,10157.0,8106.0,2093.0,178.0,20.0,1.0,0.0,0.0,0.0,0.0,0.0,0.0,0.0,0.0,0.0,0.0,0.0,0.0,0.0,0.0,0.0,0.0,0.0,0.0,0.0,0.0
3.82159722222,322834.0,32743.0,9.85963412027,813.0,64385.0,65311.0,65497.0,1823.0,2854.0,1552.0,5913.0,10001.0,8350.0,2066.0,157.0,27.0,0.0,0.0,0.0,0.0,0.0,0.0,0.0,0.0,0.0,0.0,0.0,0.0,0.0,0.0,0.0,0.0,0.0,0.0,0.0,0.0,0.0
3.82576388889,323390.0,32742.0,9.87691649869,813.0,64384.0,65311.0,65497.0,1891.0,2788.0,1497.0,5940.0,9947.0,8424.0,2074.0,161.0,18.0,2.0,0.0,0.0,0.0,0.0,0.0,0.0,0.0,0.0,0.0,0.0,0.0,0.0,0.0,0.0,0.0,0.0,0.0,0.0,0.0,0.0
3.82993055556,325645.0,32747.0,9.9442697041,813.0,64383.0,65311.0,65504.0,1892.0,2801.0,1504.0,5729.0,10119.0,8402.0,2100.0,178.0,21.0,1.0,0.0,0.0,0.0,0.0,0.0,0.0,0.0,0.0,0.0,0.0,0.0,0.0,0.0,0.0,0.0,0.0,0.0,0.0,0.0,0.0
3.83409722222,329098.0,32739.0,10.0521701946,814.0,64380.0,65312.0,65500.0,1800.0,2684.0,1557.0,5717.0,10018.0,8654.0,2105.0,184.0,19.0,1.0,0.0,0.0,0.0,0.0,0.0,0.0,0.0,0.0,0.0,0.0,0.0,0.0,0.0,0.0,0.0,0.0,0.0,0.0,0.0,0.0
3.83826388889,328715.0,32750.0,10.0370992366,813.0,64384.0,65311.0,65500.0,1721.0,2669.0,1517.0,5831.0,10061.0,8720.0,2030.0,176.0,23.0,2.0,0.0,0.0,0.0,0.0,0.0,0.0,0.0,0.0,0.0,0.0,0.0,0.0,0.0,0.0,0.0,0.0,0.0,0.0,0.0,0.0
3.84243055556,330600.0,32739.0,10.0980481994,811.0,64383.0,65311.0,65497.0,1599.0,2620.0,1558.0,5838.0,10033.0,8810.0,2107.0,153.0,18.0,3.0,0.0,0.0,0.0,0.0,0.0,0.0,0.0,0.0,0.0,0.0,0.0,0.0,0.0,0.0,0.0,0.0,0.0,0.0,0.0,0.0
3.84659722222,329891.0,32738.0,10.0766998595,813.0,64380.0,65311.0,65496.0,1608.0,2597.0,1609.0,5789.0,10041.0,8863.0,2048.0,161.0,21.0,1.0,0.0,0.0,0.0,0.0,0.0,0.0,0.0,0.0,0.0,0.0,0.0,0.0,0.0,0.0,0.0,0.0,0.0,0.0,0.0,0.0
3.85076388889,332651.0,32746.0,10.1585231784,814.0,64383.0,65310.0,65499.0,1539.0,2569.0,1571.0,5869.0,10009.0,8880.0,2121.0,168.0,19.0,1.0,0.0,0.0,0.0,0.0,0.0,0.0,0.0,0.0,0.0,0.0,0.0,0.0,0.0,0.0,0.0,0.0,0.0,0.0,0.0,0.0
3.85493055556,336953.0,32750.0,10.2886412214,813.0,64387.0,65310.0,65504.0,1509.0,2551.0,1645.0,5526.0,10010.0,9240.0,2072.0,167.0,28.0,2.0,0.0,0.0,0.0,0.0,0.0,0.0,0.0,0.0,0.0,0.0,0.0,0.0,0.0,0.0,0.0,0.0,0.0,0.0,0.0,0.0
3.85909722222,335253.0,32744.0,10.2386086,814.0,64384.0,65312.0,65500.0,1555.0,2543.0,1613.0,5641.0,9987.0,9143.0,2073.0,159.0,27.0,3.0,0.0,0.0,0.0,0.0,0.0,0.0,0.0,0.0,0.0,0.0,0.0,0.0,0.0,0.0,0.0,0.0,0.0,0.0,0.0,0.0
3.86326388889,333983.0,32744.0,10.1998228683,814.0,64382.0,65311.0,65500.0,1482.0,2537.0,1605.0,5599.0,10092.0,9231.0,2023.0,154.0,20.0,1.0,0.0,0.0,0.0,0.0,0.0,0.0,0.0,0.0,0.0,0.0,0.0,0.0,0.0,0.0,0.0,0.0,0.0,0.0,0.0,0.0
3.86743055556,334439.0,32754.0,10.2106307627,813.0,64383.0,65311.0,65494.0,1397.0,2609.0,1583.0,5772.0,9995.0,9147.0,2067.0,165.0,18.0,1.0,0.0,0.0,0.0,0.0,0.0,0.0,0.0,0.0,0.0,0.0,0.0,0.0,0.0,0.0,0.0,0.0,0.0,0.0,0.0,0.0
3.87159722222,338220.0,32749.0,10.3276435922,813.0,64381.0,65310.0,65497.0,1433.0,2488.0,1588.0,5811.0,9910.0,9253.0,2044.0,195.0,22.0,5.0,0.0,0.0,0.0,0.0,0.0,0.0,0.0,0.0,0.0,0.0,0.0,0.0,0.0,0.0,0.0,0.0,0.0,0.0,0.0,0.0
3.87576388889,334092.0,32748.0,10.2019054599,813.0,64385.0,65311.0,65495.0,1412.0,2520.0,1608.0,5841.0,9902.0,9281.0,2005.0,155.0,23.0,1.0,0.0,0.0,0.0,0.0,0.0,0.0,0.0,0.0,0.0,0.0,0.0,0.0,0.0,0.0,0.0,0.0,0.0,0.0,0.0,0.0
3.87993055556,336459.0,32751.0,10.2732435651,811.0,64383.0,65311.0,65500.0,1409.0,2465.0,1551.0,5633.0,10095.0,9403.0,2027.0,148.0,18.0,2.0,0.0,0.0,0.0,0.0,0.0,0.0,0.0,0.0,0.0,0.0,0.0,0.0,0.0,0.0,0.0,0.0,0.0,0.0,0.0,0.0
3.88409722222,332980.0,32747.0,10.1682596879,814.0,64385.0,65310.0,65497.0,1391.0,2570.0,1707.0,5511.0,9943.0,9528.0,1952.0,126.0,19.0,0.0,0.0,0.0,0.0,0.0,0.0,0.0,0.0,0.0,0.0,0.0,0.0,0.0,0.0,0.0,0.0,0.0,0.0,0.0,0.0,0.0
3.88826388889,339976.0,32751.0,10.3806295991,814.0,64382.0,65311.0,65494.0,1301.0,2384.0,1676.0,5668.0,9920.0,9621.0,1986.0,162.0,32.0,1.0,0.0,0.0,0.0,0.0,0.0,0.0,0.0,0.0,0.0,0.0,0.0,0.0,0.0,0.0,0.0,0.0,0.0,0.0,0.0,0.0
3.89243055556,333807.0,32739.0,10.196004765,811.0,64384.0,65311.0,65499.0,1365.0,2487.0,1660.0,5654.0,9933.0,9560.0,1922.0,137.0,21.0,0.0,0.0,0.0,0.0,0.0,0.0,0.0,0.0,0.0,0.0,0.0,0.0,0.0,0.0,0.0,0.0,0.0,0.0,0.0,0.0,0.0
3.89659722222,339131.0,32746.0,10.3564099432,814.0,64383.0,65311.0,65497.0,1297.0,2489.0,1709.0,5670.0,9726.0,9684.0,1991.0,152.0,22.0,6.0,0.0,0.0,0.0,0.0,0.0,0.0,0.0,0.0,0.0,0.0,0.0,0.0,0.0,0.0,0.0,0.0,0.0,0.0,0.0,0.0
3.90076388889,337133.0,32746.0,10.2953948574,813.0,64387.0,65311.0,65502.0,1316.0,2495.0,1633.0,5541.0,10035.0,9602.0,1951.0,149.0,22.0,2.0,0.0,0.0,0.0,0.0,0.0,0.0,0.0,0.0,0.0,0.0,0.0,0.0,0.0,0.0,0.0,0.0,0.0,0.0,0.0,0.0
3.90493055556,334308.0,32743.0,10.2100601655,811.0,64382.0,65311.0,65497.0,1344.0,2502.0,1773.0,5747.0,9703.0,9618.0,1883.0,141.0,29.0,3.0,0.0,0.0,0.0,0.0,0.0,0.0,0.0,0.0,0.0,0.0,0.0,0.0,0.0,0.0,0.0,0.0,0.0,0.0,0.0,0.0
3.90909722222,329959.0,32744.0,10.0769301246,811.0,64385.0,65311.0,65496.0,1441.0,2567.0,1764.0,5652.0,9721.0,9638.0,1807.0,131.0,22.0,1.0,0.0,0.0,0.0,0.0,0.0,0.0,0.0,0.0,0.0,0.0,0.0,0.0,0.0,0.0,0.0,0.0,0.0,0.0,0.0,0.0
3.91326388889,333426.0,32753.0,10.1800140445,813.0,64387.0,65310.0,65496.0,1326.0,2512.0,1859.0,5691.0,9796.0,9517.0,1870.0,152.0,27.0,3.0,0.0,0.0,0.0,0.0,0.0,0.0,0.0,0.0,0.0,0.0,0.0,0.0,0.0,0.0,0.0,0.0,0.0,0.0,0.0,0.0
3.91743055556,332668.0,32740.0,10.1609040929,811.0,64382.0,65319.0,65497.0,1266.0,2568.0,1794.0,5770.0,9713.0,9594.0,1881.0,128.0,22.0,4.0,0.0,0.0,0.0,0.0,0.0,0.0,0.0,0.0,0.0,0.0,0.0,0.0,0.0,0.0,0.0,0.0,0.0,0.0,0.0,0.0
3.92159722222,329004.0,32740.0,10.0489920586,811.0,64383.0,65311.0,65497.0,1356.0,2552.0,1830.0,5830.0,9838.0,9412.0,1735.0,157.0,24.0,6.0,0.0,0.0,0.0,0.0,0.0,0.0,0.0,0.0,0.0,0.0,0.0,0.0,0.0,0.0,0.0,0.0,0.0,0.0,0.0,0.0
3.92576388889,326295.0,32747.0,9.96411885058,811.0,64385.0,65311.0,65495.0,1410.0,2645.0,1835.0,5847.0,9724.0,9411.0,1702.0,139.0,30.0,4.0,0.0,0.0,0.0,0.0,0.0,0.0,0.0,0.0,0.0,0.0,0.0,0.0,0.0,0.0,0.0,0.0,0.0,0.0,0.0,0.0
3.92993055556,324390.0,32742.0,9.90745831043,808.0,64387.0,65312.0,65496.0,1402.0,2660.0,1827.0,5993.0,9681.0,9297.0,1728.0,123.0,25.0,6.0,0.0,0.0,0.0,0.0,0.0,0.0,0.0,0.0,0.0,0.0,0.0,0.0,0.0,0.0,0.0,0.0,0.0,0.0,0.0,0.0
3.93409722222,324091.0,32745.0,9.89741945335,809.0,64383.0,65311.0,65491.0,1317.0,2633.0,1879.0,5905.0,9546.0,9651.0,1682.0,118.0,13.0,1.0,0.0,0.0,0.0,0.0,0.0,0.0,0.0,0.0,0.0,0.0,0.0,0.0,0.0,0.0,0.0,0.0,0.0,0.0,0.0,0.0
3.93826388889,328109.0,32748.0,10.0192072798,809.0,64384.0,65311.0,65502.0,1235.0,2469.0,1976.0,5826.0,9758.0,9590.0,1734.0,148.0,9.0,3.0,0.0,0.0,0.0,0.0,0.0,0.0,0.0,0.0,0.0,0.0,0.0,0.0,0.0,0.0,0.0,0.0,0.0,0.0,0.0,0.0
3.94243055556,337680.0,32732.0,10.3165098375,804.0,64390.0,65311.0,65496.0,1144.0,2342.0,1793.0,5752.0,9637.0,9980.0,1953.0,118.0,11.0,2.0,0.0,0.0,0.0,0.0,0.0,0.0,0.0,0.0,0.0,0.0,0.0,0.0,0.0,0.0,0.0,0.0,0.0,0.0,0.0,0.0
3.94659722222,343926.0,32734.0,10.5066902914,808.0,64385.0,65311.0,65502.0,989.0,2194.0,1846.0,5672.0,9767.0,10072.0,2047.0,131.0,15.0,1.0,0.0,0.0,0.0,0.0,0.0,0.0,0.0,0.0,0.0,0.0,0.0,0.0,0.0,0.0,0.0,0.0,0.0,0.0,0.0,0.0
3.95076388889,349684.0,32741.0,10.6803090926,803.0,64384.0,65312.0,65496.0,1077.0,2180.0,1764.0,5578.0,9590.0,10281.0,2092.0,147.0,32.0,0.0,0.0,0.0,0.0,0.0,0.0,0.0,0.0,0.0,0.0,0.0,0.0,0.0,0.0,0.0,0.0,0.0,0.0,0.0,0.0,0.0
3.95493055556,349898.0,32733.0,10.6894571228,806.0,64382.0,65311.0,65496.0,951.0,2132.0,1757.0,5701.0,9783.0,10125.0,2093.0,164.0,25.0,2.0,0.0,0.0,0.0,0.0,0.0,0.0,0.0,0.0,0.0,0.0,0.0,0.0,0.0,0.0,0.0,0.0,0.0,0.0,0.0,0.0
3.95909722222,355482.0,32735.0,10.8593859783,809.0,64384.0,65311.0,65496.0,943.0,2120.0,1669.0,5464.0,9789.0,10454.0,2089.0,174.0,30.0,3.0,0.0,0.0,0.0,0.0,0.0,0.0,0.0,0.0,0.0,0.0,0.0,0.0,0.0,0.0,0.0,0.0,0.0,0.0,0.0,0.0
3.96326388889,355233.0,32729.0,10.8537688289,808.0,64383.0,65311.0,65500.0,989.0,2089.0,1712.0,5610.0,9576.0,10367.0,2194.0,166.0,21.0,5.0,0.0,0.0,0.0,0.0,0.0,0.0,0.0,0.0,0.0,0.0,0.0,0.0,0.0,0.0,0.0,0.0,0.0,0.0,0.0,0.0
3.96743055556,352340.0,32728.0,10.7657052066,808.0,64385.0,65311.0,65496.0,958.0,2126.0,1757.0,5617.0,9639.0,10269.0,2184.0,156.0,21.0,1.0,0.0,0.0,0.0,0.0,0.0,0.0,0.0,0.0,0.0,0.0,0.0,0.0,0.0,0.0,0.0,0.0,0.0,0.0,0.0,0.0
3.97159722222,354140.0,32725.0,10.8216959511,808.0,64384.0,65311.0,65497.0,967.0,2122.0,1761.0,5652.0,9502.0,10357.0,2174.0,160.0,26.0,4.0,0.0,0.0,0.0,0.0,0.0,0.0,0.0,0.0,0.0,0.0,0.0,0.0,0.0,0.0,0.0,0.0,0.0,0.0,0.0,0.0
3.97576388889,356954.0,32728.0,10.906685407,808.0,64384.0,65311.0,65495.0,900.0,2016.0,1687.0,5655.0,9572.0,10479.0,2247.0,148.0,22.0,2.0,0.0,0.0,0.0,0.0,0.0,0.0,0.0,0.0,0.0,0.0,0.0,0.0,0.0,0.0,0.0,0.0,0.0,0.0,0.0,0.0
3.97993055556,357921.0,32726.0,10.9369003239,804.0,64385.0,65311.0,65500.0,879.0,2101.0,1678.0,5476.0,9682.0,10415.0,2332.0,143.0,19.0,1.0,0.0,0.0,0.0,0.0,0.0,0.0,0.0,0.0,0.0,0.0,0.0,0.0,0.0,0.0,0.0,0.0,0.0,0.0,0.0,0.0
3.98409722222,356777.0,32731.0,10.9002780239,803.0,64383.0,65311.0,65496.0,863.0,2025.0,1696.0,5612.0,9590.0,10552.0,2235.0,133.0,24.0,1.0,0.0,0.0,0.0,0.0,0.0,0.0,0.0,0.0,0.0,0.0,0.0,0.0,0.0,0.0,0.0,0.0,0.0,0.0,0.0,0.0
3.98826388889,361286.0,32721.0,11.0414107148,803.0,64383.0,65312.0,65500.0,900.0,2040.0,1627.0,5568.0,9457.0,10615.0,2331.0,155.0,27.0,1.0,0.0,0.0,0.0,0.0,0.0,0.0,0.0,0.0,0.0,0.0,0.0,0.0,0.0,0.0,0.0,0.0,0.0,0.0,0.0,0.0
3.99243055556,363167.0,32723.0,11.0982183785,804.0,64387.0,65312.0,65496.0,937.0,1905.0,1579.0,5552.0,9547.0,10628.0,2402.0,153.0,18.0,2.0,0.0,0.0,0.0,0.0,0.0,0.0,0.0,0.0,0.0,0.0,0.0,0.0,0.0,0.0,0.0,0.0,0.0,0.0,0.0,0.0
3.99659722222,365093.0,32728.0,11.1553715473,800.0,64385.0,65311.0,65496.0,891.0,1961.0,1690.0,5340.0,9567.0,10698.0,2390.0,162.0,28.0,1.0,0.0,0.0,0.0,0.0,0.0,0.0,0.0,0.0,0.0,0.0,0.0,0.0,0.0,0.0,0.0,0.0,0.0,0.0,0.0,0.0
4.00076388889,364924.0,32723.0,11.1519114996,801.0,64383.0,65311.0,65500.0,877.0,1958.0,1601.0,5471.0,9565.0,10673.0,2391.0,158.0,27.0,2.0,0.0,0.0,0.0,0.0,0.0,0.0,0.0,0.0,0.0,0.0,0.0,0.0,0.0,0.0,0.0,0.0,0.0,0.0,0.0,0.0
4.00493055556,368485.0,32719.0,11.2621107002,801.0,64385.0,65311.0,65500.0,796.0,1853.0,1646.0,5493.0,9499.0,10854.0,2370.0,176.0,28.0,4.0,0.0,0.0,0.0,0.0,0.0,0.0,0.0,0.0,0.0,0.0,0.0,0.0,0.0,0.0,0.0,0.0,0.0,0.0,0.0,0.0
4.00909722222,364531.0,32724.0,11.1395611783,801.0,64385.0,65311.0,65496.0,890.0,1893.0,1597.0,5503.0,9653.0,10613.0,2383.0,167.0,23.0,2.0,0.0,0.0,0.0,0.0,0.0,0.0,0.0,0.0,0.0,0.0,0.0,0.0,0.0,0.0,0.0,0.0,0.0,0.0,0.0,0.0
4.01326388889,365350.0,32712.0,11.1686842749,801.0,64384.0,65311.0,65500.0,889.0,1896.0,1645.0,5459.0,9557.0,10677.0,2401.0,156.0,31.0,1.0,0.0,0.0,0.0,0.0,0.0,0.0,0.0,0.0,0.0,0.0,0.0,0.0,0.0,0.0,0.0,0.0,0.0,0.0,0.0,0.0
4.01743055556,356742.0,32722.0,10.9022064666,801.0,64383.0,65313.0,65497.0,932.0,2016.0,1585.0,5773.0,9486.0,10548.0,2197.0,161.0,23.0,1.0,0.0,0.0,0.0,0.0,0.0,0.0,0.0,0.0,0.0,0.0,0.0,0.0,0.0,0.0,0.0,0.0,0.0,0.0,0.0,0.0
4.02159722222,358187.0,32709.0,10.9507169281,801.0,64385.0,65313.0,65496.0,894.0,1983.0,1648.0,5707.0,9532.0,10502.0,2259.0,163.0,18.0,3.0,0.0,0.0,0.0,0.0,0.0,0.0,0.0,0.0,0.0,0.0,0.0,0.0,0.0,0.0,0.0,0.0,0.0,0.0,0.0,0.0
4.02576388889,354814.0,32717.0,10.844942996,800.0,64391.0,65311.0,65495.0,905.0,2012.0,1741.0,5704.0,9535.0,10471.0,2176.0,148.0,22.0,3.0,0.0,0.0,0.0,0.0,0.0,0.0,0.0,0.0,0.0,0.0,0.0,0.0,0.0,0.0,0.0,0.0,0.0,0.0,0.0,0.0
4.02993055556,356140.0,32713.0,10.8868034115,793.0,64385.0,65313.0,65497.0,913.0,2036.0,1648.0,5784.0,9419.0,10546.0,2184.0,158.0,22.0,3.0,0.0,0.0,0.0,0.0,0.0,0.0,0.0,0.0,0.0,0.0,0.0,0.0,0.0,0.0,0.0,0.0,0.0,0.0,0.0,0.0
4.03409722222,354895.0,32715.0,10.8480819196,800.0,64383.0,65311.0,65494.0,965.0,2017.0,1677.0,5839.0,9529.0,10287.0,2213.0,157.0,27.0,4.0,0.0,0.0,0.0,0.0,0.0,0.0,0.0,0.0,0.0,0.0,0.0,0.0,0.0,0.0,0.0,0.0,0.0,0.0,0.0,0.0
4.03826388889,351868.0,32715.0,10.7555555556,800.0,64387.0,65311.0,65499.0,971.0,2060.0,1648.0,6004.0,9452.0,10176.0,2227.0,154.0,23.0,0.0,0.0,0.0,0.0,0.0,0.0,0.0,0.0,0.0,0.0,0.0,0.0,0.0,0.0,0.0,0.0,0.0,0.0,0.0,0.0,0.0
4.04243055556,347948.0,32714.0,10.6360579568,800.0,64385.0,65311.0,65496.0,997.0,2136.0,1650.0,6134.0,9433.0,10071.0,2109.0,155.0,27.0,2.0,0.0,0.0,0.0,0.0,0.0,0.0,0.0,0.0,0.0,0.0,0.0,0.0,0.0,0.0,0.0,0.0,0.0,0.0,0.0,0.0
4.04659722222,348805.0,32710.0,10.6635585448,798.0,64387.0,65312.0,65500.0,974.0,2045.0,1728.0,5962.0,9508.0,10204.0,2110.0,161.0,18.0,0.0,0.0,0.0,0.0,0.0,0.0,0.0,0.0,0.0,0.0,0.0,0.0,0.0,0.0,0.0,0.0,0.0,0.0,0.0,0.0,0.0
4.05076388889,342809.0,32708.0,10.480891525,798.0,64387.0,65312.0,65496.0,1015.0,2121.0,1716.0,6242.0,9576.0,9816.0,2051.0,147.0,20.0,4.0,0.0,0.0,0.0,0.0,0.0,0.0,0.0,0.0,0.0,0.0,0.0,0.0,0.0,0.0,0.0,0.0,0.0,0.0,0.0,0.0
4.05493055556,344433.0,32706.0,10.5311869382,796.0,64385.0,65311.0,65496.0,1018.0,2175.0,1729.0,6238.0,9477.0,9807.0,2071.0,156.0,32.0,3.0,0.0,0.0,0.0,0.0,0.0,0.0,0.0,0.0,0.0,0.0,0.0,0.0,0.0,0.0,0.0,0.0,0.0,0.0,0.0,0.0
4.05909722222,339031.0,32702.0,10.3672864045,798.0,64384.0,65312.0,65491.0,1095.0,2283.0,1706.0,6188.0,9649.0,9612.0,1989.0,152.0,23.0,5.0,0.0,0.0,0.0,0.0,0.0,0.0,0.0,0.0,0.0,0.0,0.0,0.0,0.0,0.0,0.0,0.0,0.0,0.0,0.0,0.0
4.06326388889,341485.0,32714.0,10.4384972795,793.0,64383.0,65313.0,65496.0,1091.0,2311.0,1755.0,6386.0,9375.0,9527.0,2048.0,182.0,35.0,4.0,0.0,0.0,0.0,0.0,0.0,0.0,0.0,0.0,0.0,0.0,0.0,0.0,0.0,0.0,0.0,0.0,0.0,0.0,0.0,0.0
4.06743055556,338855.0,32683.0,10.3679282808,793.0,64387.0,65311.0,65495.0,1126.0,2229.0,1615.0,6445.0,9458.0,9629.0,1988.0,167.0,24.0,2.0,0.0,0.0,0.0,0.0,0.0,0.0,0.0,0.0,0.0,0.0,0.0,0.0,0.0,0.0,0.0,0.0,0.0,0.0,0.0,0.0
4.07159722222,349435.0,32689.0,10.6896815443,793.0,64384.0,65311.0,65497.0,1092.0,2201.0,1653.0,6212.0,9467.0,9673.0,2150.0,183.0,53.0,5.0,0.0,0.0,0.0,0.0,0.0,0.0,0.0,0.0,0.0,0.0,0.0,0.0,0.0,0.0,0.0,0.0,0.0,0.0,0.0,0.0
4.07576388889,338764.0,32705.0,10.3581715334,793.0,64387.0,65311.0,65496.0,1143.0,2262.0,1641.0,6485.0,9660.0,9273.0,2015.0,186.0,39.0,1.0,0.0,0.0,0.0,0.0,0.0,0.0,0.0,0.0,0.0,0.0,0.0,0.0,0.0,0.0,0.0,0.0,0.0,0.0,0.0,0.0
4.07993055556,326655.0,32663.0,10.000765392,795.0,64383.0,65312.0,65500.0,1227.0,2371.0,1620.0,6717.0,9586.0,9085.0,1894.0,148.0,14.0,1.0,0.0,0.0,0.0,0.0,0.0,0.0,0.0,0.0,0.0,0.0,0.0,0.0,0.0,0.0,0.0,0.0,0.0,0.0,0.0,0.0
4.08409722222,327635.0,32717.0,10.0142127946,790.0,64384.0,65311.0,65494.0,1310.0,2417.0,1589.0,6738.0,9636.0,8907.0,1933.0,163.0,23.0,1.0,0.0,0.0,0.0,0.0,0.0,0.0,0.0,0.0,0.0,0.0,0.0,0.0,0.0,0.0,0.0,0.0,0.0,0.0,0.0,0.0
4.08826388889,326722.0,32692.0,9.99394347241,792.0,64382.0,65311.0,65502.0,1246.0,2370.0,1604.0,6766.0,9664.0,9042.0,1823.0,145.0,29.0,3.0,0.0,0.0,0.0,0.0,0.0,0.0,0.0,0.0,0.0,0.0,0.0,0.0,0.0,0.0,0.0,0.0,0.0,0.0,0.0,0.0
4.09243055556,325254.0,32684.0,9.9514747277,788.0,64384.0,65312.0,65494.0,1288.0,2312.0,1537.0,6819.0,9762.0,8984.0,1809.0,151.0,19.0,3.0,0.0,0.0,0.0,0.0,0.0,0.0,0.0,0.0,0.0,0.0,0.0,0.0,0.0,0.0,0.0,0.0,0.0,0.0,0.0,0.0
4.09659722222,328115.0,32699.0,10.0344047219,788.0,64385.0,65311.0,65496.0,1306.0,2233.0,1479.0,6869.0,9879.0,8876.0,1857.0,172.0,25.0,3.0,0.0,0.0,0.0,0.0,0.0,0.0,0.0,0.0,0.0,0.0,0.0,0.0,0.0,0.0,0.0,0.0,0.0,0.0,0.0,0.0
4.10076388889,324234.0,32703.0,9.91450325658,790.0,64384.0,65312.0,65497.0,1304.0,2242.0,1558.0,6937.0,9925.0,8731.0,1831.0,144.0,29.0,2.0,0.0,0.0,0.0,0.0,0.0,0.0,0.0,0.0,0.0,0.0,0.0,0.0,0.0,0.0,0.0,0.0,0.0,0.0,0.0,0.0
4.10493055556,321637.0,32687.0,9.83990577294,788.0,64387.0,65308.0,65496.0,1378.0,2199.0,1455.0,6954.0,10119.0,8643.0,1759.0,160.0,17.0,3.0,0.0,0.0,0.0,0.0,0.0,0.0,0.0,0.0,0.0,0.0,0.0,0.0,0.0,0.0,0.0,0.0,0.0,0.0,0.0,0.0
4.10909722222,318027.0,32689.0,9.72886903851,788.0,64383.0,65313.0,65497.0,1341.0,2271.0,1536.0,7089.0,10121.0,8450.0,1684.0,173.0,23.0,1.0,0.0,0.0,0.0,0.0,0.0,0.0,0.0,0.0,0.0,0.0,0.0,0.0,0.0,0.0,0.0,0.0,0.0,0.0,0.0,0.0
4.11326388889,317570.0,32694.0,9.7134030709,787.0,64387.0,65311.0,65499.0,1428.0,2298.0,1452.0,7174.0,10039.0,8406.0,1710.0,157.0,28.0,2.0,0.0,0.0,0.0,0.0,0.0,0.0,0.0,0.0,0.0,0.0,0.0,0.0,0.0,0.0,0.0,0.0,0.0,0.0,0.0,0.0
4.11743055556,317150.0,32690.0,9.70174365249,787.0,64387.0,65312.0,65494.0,1492.0,2264.0,1341.0,7187.0,10096.0,8386.0,1753.0,148.0,23.0,0.0,0.0,0.0,0.0,0.0,0.0,0.0,0.0,0.0,0.0,0.0,0.0,0.0,0.0,0.0,0.0,0.0,0.0,0.0,0.0,0.0
4.12159722222,310772.0,32686.0,9.50780150523,787.0,64387.0,65311.0,65495.0,1546.0,2394.0,1311.0,7477.0,10153.0,7932.0,1688.0,160.0,23.0,2.0,0.0,0.0,0.0,0.0,0.0,0.0,0.0,0.0,0.0,0.0,0.0,0.0,0.0,0.0,0.0,0.0,0.0,0.0,0.0,0.0
4.12576388889,307844.0,32679.0,9.42023929741,787.0,64387.0,65315.0,65495.0,1539.0,2426.0,1375.0,7469.0,10215.0,7806.0,1686.0,137.0,25.0,1.0,0.0,0.0,0.0,0.0,0.0,0.0,0.0,0.0,0.0,0.0,0.0,0.0,0.0,0.0,0.0,0.0,0.0,0.0,0.0,0.0
4.12993055556,307841.0,32676.0,9.42101236381,787.0,64385.0,65311.0,65499.0,1555.0,2339.0,1307.0,7374.0,10462.0,7872.0,1602.0,139.0,24.0,2.0,0.0,0.0,0.0,0.0,0.0,0.0,0.0,0.0,0.0,0.0,0.0,0.0,0.0,0.0,0.0,0.0,0.0,0.0,0.0,0.0
4.13409722222,307409.0,32683.0,9.40577670348,785.0,64384.0,65313.0,65496.0,1646.0,2415.0,1359.0,7461.0,10186.0,7812.0,1609.0,166.0,28.0,1.0,0.0,0.0,0.0,0.0,0.0,0.0,0.0,0.0,0.0,0.0,0.0,0.0,0.0,0.0,0.0,0.0,0.0,0.0,0.0,0.0
4.13826388889,305870.0,32679.0,9.35983353224,782.0,64386.0,65316.0,65497.0,1600.0,2288.0,1317.0,7645.0,10640.0,7340.0,1655.0,160.0,32.0,2.0,0.0,0.0,0.0,0.0,0.0,0.0,0.0,0.0,0.0,0.0,0.0,0.0,0.0,0.0,0.0,0.0,0.0,0.0,0.0,0.0
4.14243055556,298726.0,32673.0,9.14290086616,783.0,64385.0,65311.0,65500.0,1842.0,2380.0,1247.0,7685.0,10525.0,7222.0,1602.0,155.0,13.0,2.0,0.0,0.0,0.0,0.0,0.0,0.0,0.0,0.0,0.0,0.0,0.0,0.0,0.0,0.0,0.0,0.0,0.0,0.0,0.0,0.0
4.14659722222,299384.0,32679.0,9.16135744668,785.0,64384.0,65312.0,65496.0,1802.0,2422.0,1139.0,7719.0,10678.0,7191.0,1547.0,152.0,26.0,3.0,0.0,0.0,0.0,0.0,0.0,0.0,0.0,0.0,0.0,0.0,0.0,0.0,0.0,0.0,0.0,0.0,0.0,0.0,0.0,0.0
4.15076388889,300923.0,32664.0,9.21268062699,785.0,64385.0,65311.0,65497.0,1763.0,2383.0,1138.0,7722.0,10870.0,6987.0,1612.0,155.0,28.0,6.0,0.0,0.0,0.0,0.0,0.0,0.0,0.0,0.0,0.0,0.0,0.0,0.0,0.0,0.0,0.0,0.0,0.0,0.0,0.0,0.0
4.15493055556,295932.0,32661.0,9.06071461376,783.0,64384.0,65313.0,65496.0,1904.0,2434.0,1223.0,7719.0,10728.0,6941.0,1524.0,157.0,27.0,4.0,0.0,0.0,0.0,0.0,0.0,0.0,0.0,0.0,0.0,0.0,0.0,0.0,0.0,0.0,0.0,0.0,0.0,0.0,0.0,0.0
4.15909722222,293505.0,32661.0,8.98640580509,779.0,64382.0,65313.0,65489.0,1878.0,2391.0,1187.0,7927.0,10909.0,6642.0,1522.0,181.0,23.0,1.0,0.0,0.0,0.0,0.0,0.0,0.0,0.0,0.0,0.0,0.0,0.0,0.0,0.0,0.0,0.0,0.0,0.0,0.0,0.0,0.0
4.16326388889,288382.0,32669.0,8.82738988031,782.0,64383.0,65312.0,65496.0,1820.0,2514.0,1166.0,8048.0,10954.0,6534.0,1467.0,143.0,22.0,1.0,0.0,0.0,0.0,0.0,0.0,0.0,0.0,0.0,0.0,0.0,0.0,0.0,0.0,0.0,0.0,0.0,0.0,0.0,0.0,0.0
4.16743055556,292759.0,32670.0,8.96109580655,780.0,64387.0,65313.0,65494.0,1906.0,2421.0,1167.0,7845.0,10862.0,6748.0,1532.0,179.0,10.0,0.0,0.0,0.0,0.0,0.0,0.0,0.0,0.0,0.0,0.0,0.0,0.0,0.0,0.0,0.0,0.0,0.0,0.0,0.0,0.0,0.0
4.17159722222,293965.0,32674.0,8.9969088572,777.0,64384.0,65312.0,65497.0,1834.0,2433.0,1126.0,7968.0,10982.0,6583.0,1551.0,170.0,25.0,2.0,0.0,0.0,0.0,0.0,0.0,0.0,0.0,0.0,0.0,0.0,0.0,0.0,0.0,0.0,0.0,0.0,0.0,0.0,0.0,0.0
4.17576388889,291689.0,32651.0,8.93353955468,780.0,64385.0,65312.0,65494.0,1852.0,2363.0,1165.0,8047.0,11001.0,6539.0,1499.0,156.0,25.0,4.0,0.0,0.0,0.0,0.0,0.0,0.0,0.0,0.0,0.0,0.0,0.0,0.0,0.0,0.0,0.0,0.0,0.0,0.0,0.0,0.0
4.17993055556,291538.0,32664.0,8.92536125398,780.0,64384.0,65311.0,65500.0,1862.0,2388.0,1067.0,8134.0,10996.0,6479.0,1556.0,160.0,22.0,0.0,0.0,0.0,0.0,0.0,0.0,0.0,0.0,0.0,0.0,0.0,0.0,0.0,0.0,0.0,0.0,0.0,0.0,0.0,0.0,0.0
4.18409722222,283761.0,32659.0,8.6886003858,777.0,64384.0,65315.0,65494.0,2082.0,2753.0,1130.0,8007.0,11026.0,5927.0,1552.0,151.0,28.0,3.0,0.0,0.0,0.0,0.0,0.0,0.0,0.0,0.0,0.0,0.0,0.0,0.0,0.0,0.0,0.0,0.0,0.0,0.0,0.0,0.0
4.18826388889,281361.0,32666.0,8.61326761771,777.0,64380.0,65315.0,65499.0,2344.0,2833.0,1202.0,7993.0,10715.0,5780.0,1599.0,175.0,22.0,3.0,0.0,0.0,0.0,0.0,0.0,0.0,0.0,0.0,0.0,0.0,0.0,0.0,0.0,0.0,0.0,0.0,0.0,0.0,0.0,0.0
4.19243055556,279222.0,32655.0,8.5506660542,774.0,64384.0,65312.0,65497.0,2406.0,3016.0,1269.0,7825.0,10698.0,5617.0,1613.0,187.0,22.0,2.0,0.0,0.0,0.0,0.0,0.0,0.0,0.0,0.0,0.0,0.0,0.0,0.0,0.0,0.0,0.0,0.0,0.0,0.0,0.0,0.0
4.19659722222,279467.0,32655.0,8.55816873373,774.0,64385.0,65312.0,65491.0,2547.0,3077.0,1317.0,7607.0,10528.0,5762.0,1599.0,194.0,22.0,2.0,0.0,0.0,0.0,0.0,0.0,0.0,0.0,0.0,0.0,0.0,0.0,0.0,0.0,0.0,0.0,0.0,0.0,0.0,0.0,0.0
4.20076388889,278982.0,32652.0,8.5441014333,774.0,64385.0,65315.0,65494.0,2491.0,3308.0,1427.0,7549.0,10448.0,5482.0,1725.0,198.0,21.0,3.0,0.0,0.0,0.0,0.0,0.0,0.0,0.0,0.0,0.0,0.0,0.0,0.0,0.0,0.0,0.0,0.0,0.0,0.0,0.0,0.0
4.20493055556,279486.0,32657.0,8.55822641394,777.0,64384.0,65313.0,65496.0,2406.0,3204.0,1421.0,7676.0,10480.0,5577.0,1679.0,185.0,26.0,3.0,0.0,0.0,0.0,0.0,0.0,0.0,0.0,0.0,0.0,0.0,0.0,0.0,0.0,0.0,0.0,0.0,0.0,0.0,0.0,0.0
4.20909722222,281863.0,32655.0,8.6315418772,774.0,64385.0,65312.0,65498.0,2512.0,3189.0,1533.0,7266.0,10552.0,5607.0,1797.0,169.0,28.0,2.0,0.0,0.0,0.0,0.0,0.0,0.0,0.0,0.0,0.0,0.0,0.0,0.0,0.0,0.0,0.0,0.0,0.0,0.0,0.0,0.0
4.21326388889,282357.0,32659.0,8.64561070455,774.0,64384.0,65315.0,65500.0,2281.0,3343.0,1621.0,7311.0,10412.0,5730.0,1754.0,175.0,31.0,1.0,0.0,0.0,0.0,0.0,0.0,0.0,0.0,0.0,0.0,0.0,0.0,0.0,0.0,0.0,0.0,0.0,0.0,0.0,0.0,0.0
4.21743055556,285416.0,32640.0,8.7443627451,774.0,64383.0,65318.0,65495.0,2337.0,3346.0,1721.0,7095.0,10307.0,5791.0,1818.0,185.0,40.0,0.0,0.0,0.0,0.0,0.0,0.0,0.0,0.0,0.0,0.0,0.0,0.0,0.0,0.0,0.0,0.0,0.0,0.0,0.0,0.0,0.0
4.22159722222,283224.0,32641.0,8.67694004473,774.0,64382.0,65315.0,65491.0,2254.0,3458.0,1787.0,6990.0,10421.0,5696.0,1818.0,191.0,26.0,0.0,0.0,0.0,0.0,0.0,0.0,0.0,0.0,0.0,0.0,0.0,0.0,0.0,0.0,0.0,0.0,0.0,0.0,0.0,0.0,0.0
4.22576388889,288153.0,32639.0,8.82848739238,769.0,64385.0,65312.0,65496.0,2196.0,3339.0,1717.0,6899.0,10469.0,5943.0,1870.0,180.0,24.0,2.0,0.0,0.0,0.0,0.0,0.0,0.0,0.0,0.0,0.0,0.0,0.0,0.0,0.0,0.0,0.0,0.0,0.0,0.0,0.0,0.0
4.22993055556,290628.0,32645.0,8.90268034921,772.0,64384.0,65311.0,65496.0,2138.0,3416.0,1894.0,6714.0,10411.0,5946.0,1902.0,186.0,34.0,4.0,0.0,0.0,0.0,0.0,0.0,0.0,0.0,0.0,0.0,0.0,0.0,0.0,0.0,0.0,0.0,0.0,0.0,0.0,0.0,0.0
4.23409722222,288602.0,32631.0,8.84441175569,769.0,64384.0,65313.0,65502.0,2035.0,3312.0,1915.0,6693.0,10598.0,6017.0,1863.0,179.0,18.0,1.0,0.0,0.0,0.0,0.0,0.0,0.0,0.0,0.0,0.0,0.0,0.0,0.0,0.0,0.0,0.0,0.0,0.0,0.0,0.0,0.0
4.23826388889,297661.0,32644.0,9.11839848058,767.0,64383.0,65316.0,65495.0,1936.0,3255.0,1821.0,6603.0,10460.0,6400.0,1962.0,174.0,32.0,1.0,0.0,0.0,0.0,0.0,0.0,0.0,0.0,0.0,0.0,0.0,0.0,0.0,0.0,0.0,0.0,0.0,0.0,0.0,0.0,0.0
4.24243055556,299524.0,32637.0,9.17743665165,772.0,64382.0,65316.0,65498.0,1829.0,3178.0,2019.0,6353.0,10550.0,6492.0,2021.0,174.0,20.0,1.0,0.0,0.0,0.0,0.0,0.0,0.0,0.0,0.0,0.0,0.0,0.0,0.0,0.0,0.0,0.0,0.0,0.0,0.0,0.0,0.0
4.24659722222,306348.0,32633.0,9.38767505286,769.0,64385.0,65315.0,65496.0,1723.0,3148.0,2074.0,6029.0,10581.0,6833.0,2026.0,192.0,24.0,3.0,0.0,0.0,0.0,0.0,0.0,0.0,0.0,0.0,0.0,0.0,0.0,0.0,0.0,0.0,0.0,0.0,0.0,0.0,0.0,0.0
4.25076388889,308448.0,32629.0,9.4531858163,767.0,64383.0,65313.0,65496.0,1745.0,3042.0,2159.0,5818.0,10651.0,6992.0,1997.0,195.0,26.0,4.0,0.0,0.0,0.0,0.0,0.0,0.0,0.0,0.0,0.0,0.0,0.0,0.0,0.0,0.0,0.0,0.0,0.0,0.0,0.0,0.0
4.25493055556,312687.0,32630.0,9.58280723261,767.0,64381.0,65316.0,65495.0,1577.0,2997.0,2063.0,5469.0,10961.0,7336.0,2035.0,177.0,13.0,2.0,0.0,0.0,0.0,0.0,0.0,0.0,0.0,0.0,0.0,0.0,0.0,0.0,0.0,0.0,0.0,0.0,0.0,0.0,0.0,0.0
4.25909722222,320855.0,32636.0,9.83132124035,767.0,64382.0,65318.0,65496.0,1457.0,2807.0,2118.0,5355.0,10891.0,7735.0,2065.0,175.0,33.0,0.0,0.0,0.0,0.0,0.0,0.0,0.0,0.0,0.0,0.0,0.0,0.0,0.0,0.0,0.0,0.0,0.0,0.0,0.0,0.0,0.0
4.26326388889,319513.0,32636.0,9.79020100503,766.0,64380.0,65315.0,65495.0,1319.0,2773.0,2236.0,5355.0,10866.0,7875.0,2031.0,162.0,18.0,1.0,0.0,0.0,0.0,0.0,0.0,0.0,0.0,0.0,0.0,0.0,0.0,0.0,0.0,0.0,0.0,0.0,0.0,0.0,0.0,0.0
4.26743055556,323973.0,32636.0,9.9268599093,766.0,64383.0,65321.0,65494.0,1321.0,2751.0,2189.0,5273.0,10807.0,8037.0,2048.0,187.0,21.0,2.0,0.0,0.0,0.0,0.0,0.0,0.0,0.0,0.0,0.0,0.0,0.0,0.0,0.0,0.0,0.0,0.0,0.0,0.0,0.0,0.0
4.27159722222,322314.0,32630.0,9.87784247625,764.0,64382.0,65315.0,65496.0,1322.0,2684.0,2339.0,5258.0,10692.0,8150.0,1985.0,176.0,23.0,1.0,0.0,0.0,0.0,0.0,0.0,0.0,0.0,0.0,0.0,0.0,0.0,0.0,0.0,0.0,0.0,0.0,0.0,0.0,0.0,0.0
4.27576388889,317937.0,32628.0,9.74429937477,762.0,64384.0,65313.0,65500.0,1313.0,2761.0,2382.0,5443.0,10584.0,8034.0,1919.0,173.0,15.0,4.0,0.0,0.0,0.0,0.0,0.0,0.0,0.0,0.0,0.0,0.0,0.0,0.0,0.0,0.0,0.0,0.0,0.0,0.0,0.0,0.0
4.27993055556,321236.0,32629.0,9.8451071133,762.0,64385.0,65315.0,65495.0,1194.0,2794.0,2493.0,5434.0,10395.0,8125.0,2003.0,158.0,32.0,1.0,0.0,0.0,0.0,0.0,0.0,0.0,0.0,0.0,0.0,0.0,0.0,0.0,0.0,0.0,0.0,0.0,0.0,0.0,0.0,0.0
4.28409722222,323149.0,32623.0,9.90555742881,762.0,64384.0,65315.0,65503.0,1223.0,2661.0,2416.0,5366.0,10536.0,8237.0,1991.0,163.0,29.0,1.0,0.0,0.0,0.0,0.0,0.0,0.0,0.0,0.0,0.0,0.0,0.0,0.0,0.0,0.0,0.0,0.0,0.0,0.0,0.0,0.0
4.28826388889,321589.0,32627.0,9.8565298679,762.0,64380.0,65318.0,65496.0,1188.0,2733.0,2482.0,5345.0,10392.0,8368.0,1933.0,159.0,27.0,0.0,0.0,0.0,0.0,0.0,0.0,0.0,0.0,0.0,0.0,0.0,0.0,0.0,0.0,0.0,0.0,0.0,0.0,0.0,0.0,0.0
4.29243055556,319400.0,32614.0,9.79334028331,762.0,64380.0,65318.0,65496.0,1265.0,2872.0,2714.0,5331.0,10202.0,8002.0,2010.0,191.0,26.0,1.0,0.0,0.0,0.0,0.0,0.0,0.0,0.0,0.0,0.0,0.0,0.0,0.0,0.0,0.0,0.0,0.0,0.0,0.0,0.0,0.0
4.29659722222,309136.0,32616.0,9.47804758401,761.0,64380.0,65315.0,65496.0,1285.0,3112.0,2890.0,5453.0,10018.0,7829.0,1834.0,168.0,26.0,1.0,0.0,0.0,0.0,0.0,0.0,0.0,0.0,0.0,0.0,0.0,0.0,0.0,0.0,0.0,0.0,0.0,0.0,0.0,0.0,0.0
4.30076388889,303040.0,32620.0,9.29000613121,762.0,64382.0,65318.0,65500.0,1354.0,3316.0,3148.0,5357.0,9728.0,7738.0,1805.0,153.0,20.0,1.0,0.0,0.0,0.0,0.0,0.0,0.0,0.0,0.0,0.0,0.0,0.0,0.0,0.0,0.0,0.0,0.0,0.0,0.0,0.0,0.0
4.30493055556,298749.0,32617.0,9.15930343073,761.0,64385.0,65313.0,65492.0,1408.0,3495.0,3319.0,5498.0,9418.0,7535.0,1752.0,163.0,25.0,4.0,0.0,0.0,0.0,0.0,0.0,0.0,0.0,0.0,0.0,0.0,0.0,0.0,0.0,0.0,0.0,0.0,0.0,0.0,0.0,0.0
4.30909722222,285898.0,32617.0,8.76530643529,756.0,64383.0,65315.0,65498.0,1469.0,3672.0,3553.0,5658.0,9495.0,7001.0,1588.0,154.0,24.0,3.0,0.0,0.0,0.0,0.0,0.0,0.0,0.0,0.0,0.0,0.0,0.0,0.0,0.0,0.0,0.0,0.0,0.0,0.0,0.0,0.0
4.31326388889,276651.0,32613.0,8.48284426456,761.0,64385.0,65313.0,65502.0,1609.0,3899.0,3864.0,5840.0,9096.0,6544.0,1574.0,162.0,23.0,2.0,0.0,0.0,0.0,0.0,0.0,0.0,0.0,0.0,0.0,0.0,0.0,0.0,0.0,0.0,0.0,0.0,0.0,0.0,0.0,0.0
4.31743055556,271272.0,32613.0,8.31791003588,759.0,64383.0,65315.0,65504.0,1699.0,4076.0,3974.0,5756.0,8992.0,6452.0,1468.0,174.0,21.0,1.0,0.0,0.0,0.0,0.0,0.0,0.0,0.0,0.0,0.0,0.0,0.0,0.0,0.0,0.0,0.0,0.0,0.0,0.0,0.0,0.0
4.32159722222,259360.0,32613.0,7.95265691595,759.0,64387.0,65318.0,65491.0,1915.0,4392.0,4050.0,5993.0,8662.0,6064.0,1362.0,149.0,25.0,1.0,0.0,0.0,0.0,0.0,0.0,0.0,0.0,0.0,0.0,0.0,0.0,0.0,0.0,0.0,0.0,0.0,0.0,0.0,0.0,0.0
4.32576388889,259500.0,32609.0,7.95792572603,759.0,64387.0,65319.0,65496.0,1934.0,4314.0,4061.0,5876.0,8997.0,5844.0,1407.0,150.0,25.0,1.0,0.0,0.0,0.0,0.0,0.0,0.0,0.0,0.0,0.0,0.0,0.0,0.0,0.0,0.0,0.0,0.0,0.0,0.0,0.0,0.0
4.32993055556,255607.0,32613.0,7.83758010609,761.0,64382.0,65318.0,65500.0,1917.0,4499.0,4058.0,6122.0,8891.0,5597.0,1313.0,185.0,31.0,0.0,0.0,0.0,0.0,0.0,0.0,0.0,0.0,0.0,0.0,0.0,0.0,0.0,0.0,0.0,0.0,0.0,0.0,0.0,0.0,0.0
4.33409722222,256764.0,32606.0,7.87474697908,758.0,64384.0,65319.0,65488.0,1816.0,4414.0,3977.0,6291.0,8920.0,5618.0,1390.0,151.0,28.0,1.0,0.0,0.0,0.0,0.0,0.0,0.0,0.0,0.0,0.0,0.0,0.0,0.0,0.0,0.0,0.0,0.0,0.0,0.0,0.0,0.0
4.33826388889,256427.0,32600.0,7.86585889571,756.0,64380.0,65319.0,65494.0,1946.0,4283.0,3906.0,6265.0,8957.0,5722.0,1340.0,156.0,25.0,0.0,0.0,0.0,0.0,0.0,0.0,0.0,0.0,0.0,0.0,0.0,0.0,0.0,0.0,0.0,0.0,0.0,0.0,0.0,0.0,0.0
4.34243055556,248997.0,32610.0,7.6356025759,756.0,64383.0,65319.0,65491.0,1912.0,4451.0,3983.0,6227.0,9181.0,5477.0,1213.0,150.0,15.0,1.0,0.0,0.0,0.0,0.0,0.0,0.0,0.0,0.0,0.0,0.0,0.0,0.0,0.0,0.0,0.0,0.0,0.0,0.0,0.0,0.0
4.34659722222,250891.0,32603.0,7.69533478514,758.0,64380.0,65319.0,65496.0,1874.0,4301.0,4097.0,6295.0,9210.0,5423.0,1225.0,150.0,25.0,3.0,0.0,0.0,0.0,0.0,0.0,0.0,0.0,0.0,0.0,0.0,0.0,0.0,0.0,0.0,0.0,0.0,0.0,0.0,0.0,0.0
4.35076388889,255610.0,32592.0,7.8427221404,754.0,64384.0,65318.0,65496.0,1756.0,4046.0,3908.0,6339.0,9537.0,5651.0,1163.0,164.0,25.0,3.0,0.0,0.0,0.0,0.0,0.0,0.0,0.0,0.0,0.0,0.0,0.0,0.0,0.0,0.0,0.0,0.0,0.0,0.0,0.0,0.0
4.35493055556,255221.0,32595.0,7.83006596104,756.0,64383.0,65319.0,65497.0,1669.0,4081.0,3920.0,6409.0,9526.0,5673.0,1126.0,161.0,26.0,4.0,0.0,0.0,0.0,0.0,0.0,0.0,0.0,0.0,0.0,0.0,0.0,0.0,0.0,0.0,0.0,0.0,0.0,0.0,0.0,0.0
4.35909722222,253751.0,32604.0,7.78281805913,756.0,64383.0,65318.0,65499.0,1697.0,4007.0,3896.0,6518.0,9503.0,5719.0,1079.0,158.0,25.0,2.0,0.0,0.0,0.0,0.0,0.0,0.0,0.0,0.0,0.0,0.0,0.0,0.0,0.0,0.0,0.0,0.0,0.0,0.0,0.0,0.0
4.36326388889,256165.0,32605.0,7.85661708327,756.0,64383.0,65319.0,65495.0,1621.0,3945.0,3900.0,6393.0,9740.0,5692.0,1132.0,151.0,31.0,0.0,0.0,0.0,0.0,0.0,0.0,0.0,0.0,0.0,0.0,0.0,0.0,0.0,0.0,0.0,0.0,0.0,0.0,0.0,0.0,0.0
4.36743055556,257070.0,32592.0,7.88751840943,753.0,64382.0,65319.0,65489.0,1513.0,3788.0,4003.0,6557.0,9575.0,5867.0,1102.0,166.0,21.0,0.0,0.0,0.0,0.0,0.0,0.0,0.0,0.0,0.0,0.0,0.0,0.0,0.0,0.0,0.0,0.0,0.0,0.0,0.0,0.0,0.0
4.37159722222,255443.0,32586.0,7.83904130608,751.0,64379.0,65318.0,65496.0,1455.0,3781.0,4071.0,6548.0,9584.0,5867.0,1136.0,127.0,16.0,1.0,0.0,0.0,0.0,0.0,0.0,0.0,0.0,0.0,0.0,0.0,0.0,0.0,0.0,0.0,0.0,0.0,0.0,0.0,0.0,0.0
4.37576388889,260989.0,32587.0,8.00899131556,751.0,64383.0,65319.0,65498.0,1387.0,3621.0,3996.0,6712.0,9456.0,6092.0,1146.0,157.0,19.0,1.0,0.0,0.0,0.0,0.0,0.0,0.0,0.0,0.0,0.0,0.0,0.0,0.0,0.0,0.0,0.0,0.0,0.0,0.0,0.0,0.0
4.37993055556,265372.0,32591.0,8.14249332638,750.0,64376.0,65318.0,65494.0,1218.0,3456.0,4106.0,6772.0,9497.0,6179.0,1194.0,144.0,16.0,9.0,0.0,0.0,0.0,0.0,0.0,0.0,0.0,0.0,0.0,0.0,0.0,0.0,0.0,0.0,0.0,0.0,0.0,0.0,0.0,0.0
4.38409722222,274150.0,32593.0,8.4113153131,750.0,64391.0,65319.0,65491.0,1100.0,3202.0,4116.0,6717.0,9429.0,6570.0,1256.0,176.0,24.0,3.0,0.0,0.0,0.0,0.0,0.0,0.0,0.0,0.0,0.0,0.0,0.0,0.0,0.0,0.0,0.0,0.0,0.0,0.0,0.0,0.0
4.38826388889,278701.0,32588.0,8.55225850006,750.0,64382.0,65319.0,65494.0,1029.0,3093.0,4242.0,6741.0,9122.0,6795.0,1379.0,158.0,25.0,4.0,0.0,0.0,0.0,0.0,0.0,0.0,0.0,0.0,0.0,0.0,0.0,0.0,0.0,0.0,0.0,0.0,0.0,0.0,0.0,0.0
4.39243055556,288375.0,32590.0,8.84857318196,750.0,64380.0,65320.0,65496.0,927.0,3005.0,4117.0,6478.0,9123.0,7252.0,1508.0,152.0,23.0,5.0,0.0,0.0,0.0,0.0,0.0,0.0,0.0,0.0,0.0,0.0,0.0,0.0,0.0,0.0,0.0,0.0,0.0,0.0,0.0,0.0
4.39659722222,292697.0,32584.0,8.98284434078,750.0,64383.0,65319.0,65494.0,904.0,2935.0,4113.0,6352.0,9036.0,7520.0,1535.0,159.0,27.0,3.0,0.0,0.0,0.0,0.0,0.0,0.0,0.0,0.0,0.0,0.0,0.0,0.0,0.0,0.0,0.0,0.0,0.0,0.0,0.0,0.0
4.40076388889,293823.0,32589.0,9.01601767468,750.0,64380.0,65321.0,65494.0,943.0,2853.0,4021.0,6304.0,8980.0,7789.0,1550.0,122.0,24.0,3.0,0.0,0.0,0.0,0.0,0.0,0.0,0.0,0.0,0.0,0.0,0.0,0.0,0.0,0.0,0.0,0.0,0.0,0.0,0.0,0.0
4.40493055556,308202.0,32592.0,9.45636966127,750.0,64382.0,65320.0,65496.0,929.0,2810.0,3684.0,6026.0,9006.0,8127.0,1811.0,181.0,18.0,0.0,0.0,0.0,0.0,0.0,0.0,0.0,0.0,0.0,0.0,0.0,0.0,0.0,0.0,0.0,0.0,0.0,0.0,0.0,0.0,0.0
4.40909722222,303753.0,32584.0,9.32215197643,750.0,64380.0,65319.0,65496.0,880.0,2785.0,3892.0,6018.0,8871.0,8272.0,1700.0,156.0,9.0,1.0,0.0,0.0,0.0,0.0,0.0,0.0,0.0,0.0,0.0,0.0,0.0,0.0,0.0,0.0,0.0,0.0,0.0,0.0,0.0,0.0
4.41326388889,305810.0,32579.0,9.38672150772,750.0,64380.0,65323.0,65491.0,900.0,2838.0,3810.0,6002.0,8870.0,8284.0,1686.0,167.0,19.0,3.0,0.0,0.0,0.0,0.0,0.0,0.0,0.0,0.0,0.0,0.0,0.0,0.0,0.0,0.0,0.0,0.0,0.0,0.0,0.0,0.0
4.41743055556,310531.0,32589.0,9.52870600509,748.0,64383.0,65319.0,65502.0,936.0,2825.0,3685.0,5794.0,9045.0,8368.0,1730.0,173.0,31.0,2.0,0.0,0.0,0.0,0.0,0.0,0.0,0.0,0.0,0.0,0.0,0.0,0.0,0.0,0.0,0.0,0.0,0.0,0.0,0.0,0.0
4.42159722222,311277.0,32575.0,9.55570222563,746.0,64380.0,65320.0,65496.0,1032.0,2849.0,3560.0,5589.0,9119.0,8503.0,1718.0,182.0,20.0,3.0,0.0,0.0,0.0,0.0,0.0,0.0,0.0,0.0,0.0,0.0,0.0,0.0,0.0,0.0,0.0,0.0,0.0,0.0,0.0,0.0
4.42576388889,304558.0,32579.0,9.34829184444,748.0,64382.0,65319.0,65491.0,1086.0,3044.0,3591.0,5399.0,9392.0,8298.0,1590.0,150.0,24.0,5.0,0.0,0.0,0.0,0.0,0.0,0.0,0.0,0.0,0.0,0.0,0.0,0.0,0.0,0.0,0.0,0.0,0.0,0.0,0.0,0.0
4.42993055556,304120.0,32576.0,9.33570726916,746.0,64382.0,65319.0,65496.0,1211.0,3244.0,3512.0,5333.0,9443.0,8049.0,1549.0,197.0,29.0,9.0,0.0,0.0,0.0,0.0,0.0,0.0,0.0,0.0,0.0,0.0,0.0,0.0,0.0,0.0,0.0,0.0,0.0,0.0,0.0,0.0
4.43409722222,294790.0,32583.0,9.04735598318,746.0,64383.0,65323.0,65496.0,1424.0,3344.0,3555.0,5176.0,9764.0,7613.0,1505.0,171.0,26.0,5.0,0.0,0.0,0.0,0.0,0.0,0.0,0.0,0.0,0.0,0.0,0.0,0.0,0.0,0.0,0.0,0.0,0.0,0.0,0.0,0.0
4.43826388889,291034.0,32578.0,8.93345202284,746.0,64380.0,65326.0,65496.0,1466.0,3546.0,3502.0,5121.0,9754.0,7469.0,1548.0,148.0,21.0,3.0,0.0,0.0,0.0,0.0,0.0,0.0,0.0,0.0,0.0,0.0,0.0,0.0,0.0,0.0,0.0,0.0,0.0,0.0,0.0,0.0
4.44243055556,285423.0,32580.0,8.76068139963,746.0,64383.0,65319.0,65499.0,1642.0,3711.0,3732.0,5048.0,9643.0,7099.0,1493.0,189.0,19.0,4.0,0.0,0.0,0.0,0.0,0.0,0.0,0.0,0.0,0.0,0.0,0.0,0.0,0.0,0.0,0.0,0.0,0.0,0.0,0.0,0.0
4.44659722222,280303.0,32570.0,8.6061713233,746.0,64382.0,65324.0,65496.0,1801.0,4013.0,3711.0,4991.0,9529.0,6854.0,1455.0,181.0,32.0,3.0,0.0,0.0,0.0,0.0,0.0,0.0,0.0,0.0,0.0,0.0,0.0,0.0,0.0,0.0,0.0,0.0,0.0,0.0,0.0,0.0
4.45076388889,265609.0,32582.0,8.1520164508,748.0,64380.0,65320.0,65500.0,2026.0,4381.0,4010.0,5154.0,9170.0,6264.0,1376.0,174.0,24.0,3.0,0.0,0.0,0.0,0.0,0.0,0.0,0.0,0.0,0.0,0.0,0.0,0.0,0.0,0.0,0.0,0.0,0.0,0.0,0.0,0.0
4.45493055556,260286.0,32581.0,7.98888922992,750.0,64381.0,65324.0,65495.0,2205.0,4426.0,3996.0,5557.0,8869.0,5990.0,1325.0,185.0,20.0,8.0,0.0,0.0,0.0,0.0,0.0,0.0,0.0,0.0,0.0,0.0,0.0,0.0,0.0,0.0,0.0,0.0,0.0,0.0,0.0,0.0
4.45909722222,252286.0,32577.0,7.74429812444,750.0,64383.0,65324.0,65494.0,2372.0,4734.0,3980.0,5640.0,8709.0,5640.0,1293.0,178.0,28.0,3.0,0.0,0.0,0.0,0.0,0.0,0.0,0.0,0.0,0.0,0.0,0.0,0.0,0.0,0.0,0.0,0.0,0.0,0.0,0.0,0.0
4.46326388889,247288.0,32579.0,7.59041100095,745.0,64380.0,65320.0,65499.0,2418.0,4792.0,3916.0,5932.0,8691.0,5380.0,1247.0,175.0,23.0,5.0,0.0,0.0,0.0,0.0,0.0,0.0,0.0,0.0,0.0,0.0,0.0,0.0,0.0,0.0,0.0,0.0,0.0,0.0,0.0,0.0
4.46743055556,249828.0,32582.0,7.66766926524,748.0,64380.0,65320.0,65500.0,2225.0,4592.0,3888.0,6595.0,8423.0,5361.0,1298.0,162.0,29.0,9.0,0.0,0.0,0.0,0.0,0.0,0.0,0.0,0.0,0.0,0.0,0.0,0.0,0.0,0.0,0.0,0.0,0.0,0.0,0.0,0.0
4.47159722222,244978.0,32570.0,7.52158428001,746.0,64377.0,65321.0,65500.0,2318.0,4690.0,3494.0,7285.0,8196.0,5134.0,1230.0,195.0,20.0,8.0,0.0,0.0,0.0,0.0,0.0,0.0,0.0,0.0,0.0,0.0,0.0,0.0,0.0,0.0,0.0,0.0,0.0,0.0,0.0,0.0
4.47576388889,238552.0,32560.0,7.32653562654,743.0,64376.0,65326.0,65494.0,2431.0,4568.0,3266.0,7977.0,8103.0,4900.0,1107.0,174.0,23.0,11.0,0.0,0.0,0.0,0.0,0.0,0.0,0.0,0.0,0.0,0.0,0.0,0.0,0.0,0.0,0.0,0.0,0.0,0.0,0.0,0.0
4.47993055556,237703.0,32581.0,7.29575519475,748.0,64379.0,65324.0,65495.0,2233.0,4481.0,3257.0,8299.0,8297.0,4670.0,1128.0,187.0,24.0,5.0,0.0,0.0,0.0,0.0,0.0,0.0,0.0,0.0,0.0,0.0,0.0,0.0,0.0,0.0,0.0,0.0,0.0,0.0,0.0,0.0
4.48409722222,238680.0,32580.0,7.32596685083,743.0,64383.0,65324.0,65491.0,2308.0,4368.0,2996.0,8674.0,8261.0,4587.0,1164.0,190.0,27.0,5.0,0.0,0.0,0.0,0.0,0.0,0.0,0.0,0.0,0.0,0.0,0.0,0.0,0.0,0.0,0.0,0.0,0.0,0.0,0.0,0.0
4.48826388889,240360.0,32584.0,7.37662656519,748.0,64384.0,65320.0,65491.0,2168.0,4142.0,2723.0,9007.0,8479.0,4770.0,1095.0,165.0,31.0,4.0,0.0,0.0,0.0,0.0,0.0,0.0,0.0,0.0,0.0,0.0,0.0,0.0,0.0,0.0,0.0,0.0,0.0,0.0,0.0,0.0
4.49243055556,242900.0,32572.0,7.45732531008,748.0,64379.0,65324.0,65496.0,1966.0,4046.0,2831.0,8944.0,8469.0,5056.0,1068.0,162.0,27.0,3.0,0.0,0.0,0.0,0.0,0.0,0.0,0.0,0.0,0.0,0.0,0.0,0.0,0.0,0.0,0.0,0.0,0.0,0.0,0.0,0.0
4.49659722222,248919.0,32583.0,7.63953595433,748.0,64381.0,65324.0,65496.0,1962.0,3723.0,2866.0,8908.0,8543.0,5302.0,1063.0,184.0,26.0,6.0,0.0,0.0,0.0,0.0,0.0,0.0,0.0,0.0,0.0,0.0,0.0,0.0,0.0,0.0,0.0,0.0,0.0,0.0,0.0,0.0
4.50076388889,253563.0,32574.0,7.78421440413,748.0,64383.0,65326.0,65491.0,1657.0,3659.0,2876.0,8880.0,8709.0,5481.0,1086.0,196.0,29.0,1.0,0.0,0.0,0.0,0.0,0.0,0.0,0.0,0.0,0.0,0.0,0.0,0.0,0.0,0.0,0.0,0.0,0.0,0.0,0.0,0.0
4.50493055556,257088.0,32582.0,7.89049168252,746.0,64380.0,65324.0,65495.0,1451.0,3434.0,3049.0,8621.0,9014.0,5698.0,1126.0,169.0,17.0,3.0,0.0,0.0,0.0,0.0,0.0,0.0,0.0,0.0,0.0,0.0,0.0,0.0,0.0,0.0,0.0,0.0,0.0,0.0,0.0,0.0
4.50909722222,261341.0,32583.0,8.02077770617,750.0,64380.0,65324.0,65491.0,1352.0,3447.0,3327.0,8308.0,8657.0,6187.0,1117.0,161.0,25.0,2.0,0.0,0.0,0.0,0.0,0.0,0.0,0.0,0.0,0.0,0.0,0.0,0.0,0.0,0.0,0.0,0.0,0.0,0.0,0.0,0.0
4.51326388889,262106.0,32580.0,8.04499693063,750.0,64380.0,65327.0,65491.0,1377.0,3376.0,3377.0,8206.0,8742.0,6192.0,1127.0,156.0,22.0,5.0,0.0,0.0,0.0,0.0,0.0,0.0,0.0,0.0,0.0,0.0,0.0,0.0,0.0,0.0,0.0,0.0,0.0,0.0,0.0,0.0
4.51743055556,265265.0,32589.0,8.139709718,748.0,64382.0,65328.0,65500.0,1280.0,3295.0,3499.0,8265.0,8503.0,6412.0,1143.0,160.0,29.0,3.0,0.0,0.0,0.0,0.0,0.0,0.0,0.0,0.0,0.0,0.0,0.0,0.0,0.0,0.0,0.0,0.0,0.0,0.0,0.0,0.0
4.52159722222,260393.0,32583.0,7.99168277936,748.0,64379.0,65323.0,65497.0,1278.0,3371.0,3985.0,8091.0,8272.0,6293.0,1107.0,157.0,24.0,5.0,0.0,0.0,0.0,0.0,0.0,0.0,0.0,0.0,0.0,0.0,0.0,0.0,0.0,0.0,0.0,0.0,0.0,0.0,0.0,0.0
4.52576388889,255744.0,32586.0,7.84827840177,756.0,64379.0,65328.0,65492.0,1217.0,3540.0,4004.0,8235.0,8115.0,6274.0,1026.0,145.0,30.0,0.0,0.0,0.0,0.0,0.0,0.0,0.0,0.0,0.0,0.0,0.0,0.0,0.0,0.0,0.0,0.0,0.0,0.0,0.0,0.0,0.0
4.52993055556,253626.0,32586.0,7.78328116369,750.0,64377.0,65326.0,65496.0,1281.0,3606.0,4332.0,7989.0,7933.0,6283.0,969.0,165.0,26.0,2.0,0.0,0.0,0.0,0.0,0.0,0.0,0.0,0.0,0.0,0.0,0.0,0.0,0.0,0.0,0.0,0.0,0.0,0.0,0.0,0.0
4.53409722222,260122.0,32587.0,7.9823856139,750.0,64380.0,65324.0,65492.0,1211.0,3554.0,4542.0,7911.0,7610.0,6473.0,1080.0,165.0,33.0,8.0,0.0,0.0,0.0,0.0,0.0,0.0,0.0,0.0,0.0,0.0,0.0,0.0,0.0,0.0,0.0,0.0,0.0,0.0,0.0,0.0
4.53826388889,249704.0,32591.0,7.6617471081,750.0,64382.0,65324.0,65491.0,1204.0,3770.0,5057.0,7925.0,7131.0,6336.0,988.0,150.0,25.0,5.0,0.0,0.0,0.0,0.0,0.0,0.0,0.0,0.0,0.0,0.0,0.0,0.0,0.0,0.0,0.0,0.0,0.0,0.0,0.0,0.0
4.54243055556,248985.0,32590.0,7.63992022093,753.0,64380.0,65331.0,65496.0,1212.0,3841.0,5080.0,7966.0,7004.0,6327.0,977.0,154.0,21.0,8.0,0.0,0.0,0.0,0.0,0.0,0.0,0.0,0.0,0.0,0.0,0.0,0.0,0.0,0.0,0.0,0.0,0.0,0.0,0.0,0.0
4.54659722222,247294.0,32583.0,7.58966332136,751.0,64382.0,65326.0,65491.0,1169.0,3830.0,5192.0,7978.0,6958.0,6344.0,927.0,154.0,27.0,4.0,0.0,0.0,0.0,0.0,0.0,0.0,0.0,0.0,0.0,0.0,0.0,0.0,0.0,0.0,0.0,0.0,0.0,0.0,0.0,0.0
4.55076388889,250431.0,32608.0,7.68004784102,754.0,64379.0,65327.0,65492.0,1214.0,3867.0,5240.0,7859.0,6821.0,6404.0,1012.0,160.0,23.0,8.0,0.0,0.0,0.0,0.0,0.0,0.0,0.0,0.0,0.0,0.0,0.0,0.0,0.0,0.0,0.0,0.0,0.0,0.0,0.0,0.0
4.55493055556,254783.0,32594.0,7.81686813524,756.0,64379.0,65326.0,65496.0,1155.0,3843.0,5218.0,7832.0,6737.0,6611.0,983.0,170.0,34.0,11.0,0.0,0.0,0.0,0.0,0.0,0.0,0.0,0.0,0.0,0.0,0.0,0.0,0.0,0.0,0.0,0.0,0.0,0.0,0.0,0.0
4.55909722222,244038.0,32604.0,7.48490982702,756.0,64380.0,65327.0,65491.0,1279.0,4008.0,5419.0,7940.0,6487.0,6354.0,933.0,155.0,26.0,3.0,0.0,0.0,0.0,0.0,0.0,0.0,0.0,0.0,0.0,0.0,0.0,0.0,0.0,0.0,0.0,0.0,0.0,0.0,0.0,0.0
4.56326388889,238498.0,32604.0,7.31499202552,759.0,64382.0,65326.0,65497.0,1428.0,4264.0,5593.0,7806.0,6240.0,6191.0,893.0,163.0,22.0,4.0,0.0,0.0,0.0,0.0,0.0,0.0,0.0,0.0,0.0,0.0,0.0,0.0,0.0,0.0,0.0,0.0,0.0,0.0,0.0,0.0
4.56743055556,237586.0,32605.0,7.2867965036,759.0,64387.0,65326.0,65496.0,1464.0,4342.0,5668.0,7909.0,6018.0,6133.0,873.0,167.0,20.0,11.0,0.0,0.0,0.0,0.0,0.0,0.0,0.0,0.0,0.0,0.0,0.0,0.0,0.0,0.0,0.0,0.0,0.0,0.0,0.0,0.0
4.57159722222,234493.0,32603.0,7.19237493482,758.0,64383.0,65327.0,65496.0,1525.0,4469.0,5712.0,7712.0,6083.0,6063.0,845.0,159.0,32.0,3.0,0.0,0.0,0.0,0.0,0.0,0.0,0.0,0.0,0.0,0.0,0.0,0.0,0.0,0.0,0.0,0.0,0.0,0.0,0.0,0.0
4.57576388889,226880.0,32613.0,6.95673504431,761.0,64376.0,65328.0,65495.0,1682.0,4718.0,5715.0,8035.0,5726.0,5767.0,776.0,157.0,30.0,7.0,0.0,0.0,0.0,0.0,0.0,0.0,0.0,0.0,0.0,0.0,0.0,0.0,0.0,0.0,0.0,0.0,0.0,0.0,0.0,0.0
4.57993055556,216373.0,32602.0,6.63680142323,761.0,64380.0,65324.0,65496.0,1763.0,5007.0,5893.0,7939.0,5468.0,5637.0,753.0,131.0,11.0,0.0,0.0,0.0,0.0,0.0,0.0,0.0,0.0,0.0,0.0,0.0,0.0,0.0,0.0,0.0,0.0,0.0,0.0,0.0,0.0,0.0
4.58409722222,215941.0,32614.0,6.62111363218,762.0,64380.0,65327.0,65496.0,1825.0,5035.0,5865.0,7932.0,5503.0,5624.0,669.0,138.0,21.0,2.0,0.0,0.0,0.0,0.0,0.0,0.0,0.0,0.0,0.0,0.0,0.0,0.0,0.0,0.0,0.0,0.0,0.0,0.0,0.0,0.0
4.58826388889,217453.0,32627.0,6.66481748245,761.0,64380.0,65327.0,65489.0,1884.0,5043.0,5867.0,7819.0,5585.0,5551.0,690.0,166.0,19.0,3.0,0.0,0.0,0.0,0.0,0.0,0.0,0.0,0.0,0.0,0.0,0.0,0.0,0.0,0.0,0.0,0.0,0.0,0.0,0.0,0.0
4.59243055556,219911.0,32623.0,6.74098028998,762.0,64380.0,65328.0,65491.0,2061.0,5181.0,5591.0,7737.0,5599.0,5576.0,672.0,161.0,37.0,8.0,0.0,0.0,0.0,0.0,0.0,0.0,0.0,0.0,0.0,0.0,0.0,0.0,0.0,0.0,0.0,0.0,0.0,0.0,0.0,0.0
4.59659722222,225227.0,32622.0,6.9041444424,762.0,64376.0,65328.0,65488.0,2067.0,5231.0,5400.0,7209.0,5997.0,5754.0,772.0,160.0,22.0,10.0,0.0,0.0,0.0,0.0,0.0,0.0,0.0,0.0,0.0,0.0,0.0,0.0,0.0,0.0,0.0,0.0,0.0,0.0,0.0,0.0
4.60076388889,229059.0,32641.0,7.01752397292,764.0,64377.0,65324.0,65492.0,2042.0,5091.0,5040.0,7090.0,6419.0,6002.0,776.0,158.0,21.0,2.0,0.0,0.0,0.0,0.0,0.0,0.0,0.0,0.0,0.0,0.0,0.0,0.0,0.0,0.0,0.0,0.0,0.0,0.0,0.0,0.0
4.60493055556,234170.0,32626.0,7.177404524,762.0,64382.0,65324.0,65496.0,2048.0,4890.0,4936.0,6952.0,6650.0,6150.0,808.0,167.0,23.0,2.0,0.0,0.0,0.0,0.0,0.0,0.0,0.0,0.0,0.0,0.0,0.0,0.0,0.0,0.0,0.0,0.0,0.0,0.0,0.0,0.0
4.60909722222,240759.0,32640.0,7.37619485294,766.0,64380.0,65326.0,65495.0,2073.0,4859.0,4774.0,6516.0,6948.0,6396.0,878.0,173.0,21.0,2.0,0.0,0.0,0.0,0.0,0.0,0.0,0.0,0.0,0.0,0.0,0.0,0.0,0.0,0.0,0.0,0.0,0.0,0.0,0.0,0.0
4.61326388889,239318.0,32630.0,7.33429359485,767.0,64372.0,65336.0,65494.0,2135.0,4850.0,4652.0,6411.0,7260.0,6324.0,814.0,154.0,26.0,4.0,0.0,0.0,0.0,0.0,0.0,0.0,0.0,0.0,0.0,0.0,0.0,0.0,0.0,0.0,0.0,0.0,0.0,0.0,0.0,0.0
4.61743055556,247126.0,32635.0,7.57242224605,767.0,64377.0,65326.0,65496.0,2095.0,4782.0,4424.0,6194.0,7530.0,6492.0,926.0,158.0,30.0,4.0,0.0,0.0,0.0,0.0,0.0,0.0,0.0,0.0,0.0,0.0,0.0,0.0,0.0,0.0,0.0,0.0,0.0,0.0,0.0,0.0
4.62159722222,249734.0,32643.0,7.65046104831,767.0,64383.0,65328.0,65494.0,2166.0,4796.0,4307.0,5757.0,7868.0,6639.0,919.0,164.0,21.0,6.0,0.0,0.0,0.0,0.0,0.0,0.0,0.0,0.0,0.0,0.0,0.0,0.0,0.0,0.0,0.0,0.0,0.0,0.0,0.0,0.0
4.62576388889,253065.0,32640.0,7.75321691176,769.0,64387.0,65328.0,65491.0,2094.0,4613.0,4268.0,5827.0,8042.0,6585.0,1010.0,178.0,21.0,2.0,0.0,0.0,0.0,0.0,0.0,0.0,0.0,0.0,0.0,0.0,0.0,0.0,0.0,0.0,0.0,0.0,0.0,0.0,0.0,0.0
4.62993055556,256754.0,32635.0,7.86744292937,774.0,64377.0,65328.0,65496.0,2144.0,4738.0,4174.0,5539.0,8093.0,6740.0,997.0,170.0,32.0,8.0,0.0,0.0,0.0,0.0,0.0,0.0,0.0,0.0,0.0,0.0,0.0,0.0,0.0,0.0,0.0,0.0,0.0,0.0,0.0,0.0
4.63409722222,257359.0,32649.0,7.88259977335,774.0,64380.0,65328.0,65492.0,2165.0,4595.0,4096.0,5439.0,8416.0,6730.0,1004.0,171.0,29.0,4.0,0.0,0.0,0.0,0.0,0.0,0.0,0.0,0.0,0.0,0.0,0.0,0.0,0.0,0.0,0.0,0.0,0.0,0.0,0.0,0.0
4.63826388889,262521.0,32658.0,8.03848980342,772.0,64383.0,65327.0,65491.0,2200.0,4483.0,3731.0,5042.0,9307.0,6551.0,1148.0,175.0,17.0,4.0,0.0,0.0,0.0,0.0,0.0,0.0,0.0,0.0,0.0,0.0,0.0,0.0,0.0,0.0,0.0,0.0,0.0,0.0,0.0,0.0
4.64243055556,275069.0,32649.0,8.42503598885,774.0,64383.0,65327.0,65496.0,2132.0,4299.0,3685.0,4556.0,9667.0,6740.0,1365.0,171.0,26.0,8.0,0.0,0.0,0.0,0.0,0.0,0.0,0.0,0.0,0.0,0.0,0.0,0.0,0.0,0.0,0.0,0.0,0.0,0.0,0.0,0.0
4.64659722222,273616.0,32661.0,8.37745323168,775.0,64377.0,65328.0,65491.0,2148.0,4284.0,3566.0,4352.0,10095.0,6648.0,1390.0,152.0,25.0,1.0,0.0,0.0,0.0,0.0,0.0,0.0,0.0,0.0,0.0,0.0,0.0,0.0,0.0,0.0,0.0,0.0,0.0,0.0,0.0,0.0
4.65076388889,276387.0,32661.0,8.46229447965,774.0,64381.0,65327.0,65487.0,2104.0,4297.0,3521.0,4302.0,10130.0,6625.0,1506.0,159.0,15.0,2.0,0.0,0.0,0.0,0.0,0.0,0.0,0.0,0.0,0.0,0.0,0.0,0.0,0.0,0.0,0.0,0.0,0.0,0.0,0.0,0.0
4.65493055556,279836.0,32660.0,8.56815676669,779.0,64384.0,65327.0,65491.0,2114.0,4374.0,3481.0,4309.0,10020.0,6608.0,1531.0,198.0,21.0,4.0,0.0,0.0,0.0,0.0,0.0,0.0,0.0,0.0,0.0,0.0,0.0,0.0,0.0,0.0,0.0,0.0,0.0,0.0,0.0,0.0
4.65909722222,279334.0,32664.0,8.55173891746,780.0,64383.0,65326.0,65491.0,2128.0,4436.0,3489.0,4302.0,10127.0,6416.0,1537.0,193.0,29.0,7.0,0.0,0.0,0.0,0.0,0.0,0.0,0.0,0.0,0.0,0.0,0.0,0.0,0.0,0.0,0.0,0.0,0.0,0.0,0.0,0.0
4.66326388889,283209.0,32663.0,8.67063650002,785.0,64382.0,65328.0,65491.0,2058.0,4341.0,3420.0,4333.0,9995.0,6649.0,1660.0,180.0,25.0,2.0,0.0,0.0,0.0,0.0,0.0,0.0,0.0,0.0,0.0,0.0,0.0,0.0,0.0,0.0,0.0,0.0,0.0,0.0,0.0,0.0
4.66743055556,285191.0,32673.0,8.72864444648,782.0,64383.0,65326.0,65494.0,2072.0,4251.0,3266.0,4338.0,10212.0,6638.0,1683.0,191.0,20.0,2.0,0.0,0.0,0.0,0.0,0.0,0.0,0.0,0.0,0.0,0.0,0.0,0.0,0.0,0.0,0.0,0.0,0.0,0.0,0.0,0.0
4.67159722222,288882.0,32678.0,8.84025950181,782.0,64376.0,65335.0,65489.0,1929.0,4066.0,3194.0,4439.0,10370.0,6765.0,1707.0,188.0,18.0,2.0,0.0,0.0,0.0,0.0,0.0,0.0,0.0,0.0,0.0,0.0,0.0,0.0,0.0,0.0,0.0,0.0,0.0,0.0,0.0,0.0
4.67576388889,291434.0,32680.0,8.91780905753,785.0,64382.0,65328.0,65491.0,1974.0,4188.0,3045.0,4565.0,10226.0,6702.0,1744.0,202.0,28.0,6.0,0.0,0.0,0.0,0.0,0.0,0.0,0.0,0.0,0.0,0.0,0.0,0.0,0.0,0.0,0.0,0.0,0.0,0.0,0.0,0.0
4.67993055556,285876.0,32673.0,8.74960976953,787.0,64380.0,65331.0,65488.0,2067.0,4224.0,3178.0,4570.0,10183.0,6534.0,1691.0,196.0,26.0,4.0,0.0,0.0,0.0,0.0,0.0,0.0,0.0,0.0,0.0,0.0,0.0,0.0,0.0,0.0,0.0,0.0,0.0,0.0,0.0,0.0
4.68409722222,286246.0,32683.0,8.7582535263,787.0,64379.0,65329.0,65491.0,1997.0,4264.0,3275.0,4562.0,10084.0,6498.0,1783.0,200.0,19.0,1.0,0.0,0.0,0.0,0.0,0.0,0.0,0.0,0.0,0.0,0.0,0.0,0.0,0.0,0.0,0.0,0.0,0.0,0.0,0.0,0.0
4.68826388889,284074.0,32685.0,8.69126510632,787.0,64382.0,65327.0,65487.0,2040.0,4248.0,3315.0,4555.0,10062.0,6585.0,1652.0,206.0,20.0,2.0,0.0,0.0,0.0,0.0,0.0,0.0,0.0,0.0,0.0,0.0,0.0,0.0,0.0,0.0,0.0,0.0,0.0,0.0,0.0,0.0
4.69243055556,288676.0,32687.0,8.83152323554,787.0,64383.0,65324.0,65494.0,2046.0,4094.0,3167.0,4662.0,10202.0,6540.0,1750.0,191.0,30.0,5.0,0.0,0.0,0.0,0.0,0.0,0.0,0.0,0.0,0.0,0.0,0.0,0.0,0.0,0.0,0.0,0.0,0.0,0.0,0.0,0.0
4.69659722222,288973.0,32679.0,8.84277364668,788.0,64380.0,65328.0,65494.0,2001.0,3927.0,3003.0,4884.0,10206.0,6736.0,1714.0,184.0,21.0,3.0,0.0,0.0,0.0,0.0,0.0,0.0,0.0,0.0,0.0,0.0,0.0,0.0,0.0,0.0,0.0,0.0,0.0,0.0,0.0,0.0
4.70076388889,293311.0,32683.0,8.97442095279,788.0,64384.0,65324.0,65495.0,1928.0,3927.0,2902.0,4805.0,10225.0,6846.0,1842.0,196.0,12.0,0.0,0.0,0.0,0.0,0.0,0.0,0.0,0.0,0.0,0.0,0.0,0.0,0.0,0.0,0.0,0.0,0.0,0.0,0.0,0.0,0.0
4.70493055556,297288.0,32709.0,9.08887462166,790.0,64384.0,65328.0,65491.0,1921.0,3898.0,2877.0,4749.0,10132.0,7092.0,1826.0,189.0,22.0,3.0,0.0,0.0,0.0,0.0,0.0,0.0,0.0,0.0,0.0,0.0,0.0,0.0,0.0,0.0,0.0,0.0,0.0,0.0,0.0,0.0
4.70909722222,296236.0,32680.0,9.06474908201,790.0,64379.0,65328.0,65491.0,1912.0,3896.0,2828.0,4835.0,10218.0,6970.0,1803.0,186.0,29.0,3.0,0.0,0.0,0.0,0.0,0.0,0.0,0.0,0.0,0.0,0.0,0.0,0.0,0.0,0.0,0.0,0.0,0.0,0.0,0.0,0.0
4.71326388889,300596.0,32692.0,9.19478771565,788.0,64382.0,65328.0,65488.0,1845.0,3844.0,2730.0,4903.0,10222.0,7093.0,1822.0,197.0,29.0,7.0,0.0,0.0,0.0,0.0,0.0,0.0,0.0,0.0,0.0,0.0,0.0,0.0,0.0,0.0,0.0,0.0,0.0,0.0,0.0,0.0
4.71743055556,297177.0,32698.0,9.08853752523,793.0,64383.0,65327.0,65491.0,1857.0,3801.0,2760.0,4906.0,10283.0,7051.0,1828.0,195.0,17.0,0.0,0.0,0.0,0.0,0.0,0.0,0.0,0.0,0.0,0.0,0.0,0.0,0.0,0.0,0.0,0.0,0.0,0.0,0.0,0.0,0.0
4.72159722222,302024.0,32720.0,9.23056234719,793.0,64380.0,65326.0,65491.0,1677.0,3600.0,2656.0,5056.0,10575.0,7072.0,1882.0,179.0,19.0,4.0,0.0,0.0,0.0,0.0,0.0,0.0,0.0,0.0,0.0,0.0,0.0,0.0,0.0,0.0,0.0,0.0,0.0,0.0,0.0,0.0
4.72576388889,303419.0,32728.0,9.27093009044,795.0,64382.0,65328.0,65494.0,1762.0,3499.0,2600.0,5048.0,10534.0,7225.0,1841.0,196.0,21.0,2.0,0.0,0.0,0.0,0.0,0.0,0.0,0.0,0.0,0.0,0.0,0.0,0.0,0.0,0.0,0.0,0.0,0.0,0.0,0.0,0.0
4.72993055556,305582.0,32733.0,9.33559404882,793.0,64380.0,65327.0,65496.0,1735.0,3394.0,2556.0,5019.0,10513.0,7450.0,1861.0,189.0,16.0,0.0,0.0,0.0,0.0,0.0,0.0,0.0,0.0,0.0,0.0,0.0,0.0,0.0,0.0,0.0,0.0,0.0,0.0,0.0,0.0,0.0
4.73409722222,304401.0,32649.0,9.32344022788,795.0,64380.0,65331.0,65488.0,1752.0,3317.0,2530.0,4928.0,10615.0,7466.0,1860.0,168.0,13.0,0.0,0.0,0.0,0.0,0.0,0.0,0.0,0.0,0.0,0.0,0.0,0.0,0.0,0.0,0.0,0.0,0.0,0.0,0.0,0.0,0.0
4.73826388889,314347.0,32695.0,9.61452821532,798.0,64380.0,65326.0,65487.0,1709.0,3249.0,2367.0,4927.0,10710.0,7547.0,1951.0,196.0,37.0,2.0,0.0,0.0,0.0,0.0,0.0,0.0,0.0,0.0,0.0,0.0,0.0,0.0,0.0,0.0,0.0,0.0,0.0,0.0,0.0,0.0
4.74243055556,314487.0,32701.0,9.6170453503,800.0,64380.0,65328.0,65491.0,1640.0,3167.0,2256.0,5104.0,10731.0,7648.0,1949.0,175.0,26.0,5.0,0.0,0.0,0.0,0.0,0.0,0.0,0.0,0.0,0.0,0.0,0.0,0.0,0.0,0.0,0.0,0.0,0.0,0.0,0.0,0.0
4.74659722222,311294.0,32710.0,9.51678385815,800.0,64382.0,65327.0,65490.0,1702.0,3192.0,2243.0,4970.0,10835.0,7728.0,1850.0,162.0,26.0,2.0,0.0,0.0,0.0,0.0,0.0,0.0,0.0,0.0,0.0,0.0,0.0,0.0,0.0,0.0,0.0,0.0,0.0,0.0,0.0,0.0
4.75076388889,317319.0,32708.0,9.70157148098,798.0,64382.0,65327.0,65488.0,1557.0,3141.0,2299.0,4841.0,10785.0,7870.0,2022.0,180.0,12.0,1.0,0.0,0.0,0.0,0.0,0.0,0.0,0.0,0.0,0.0,0.0,0.0,0.0,0.0,0.0,0.0,0.0,0.0,0.0,0.0,0.0
4.75493055556,319556.0,32708.0,9.76996453467,800.0,64385.0,65328.0,65492.0,1507.0,3050.0,2191.0,5039.0,10772.0,7978.0,1954.0,194.0,21.0,2.0,0.0,0.0,0.0,0.0,0.0,0.0,0.0,0.0,0.0,0.0,0.0,0.0,0.0,0.0,0.0,0.0,0.0,0.0,0.0,0.0
4.75909722222,268033.0,27261.0,9.83210447159,800.0,64383.0,65326.0,65494.0,1252.0,2409.0,1740.0,4198.0,9157.0,6732.0,1592.0,162.0,14.0,5.0,0.0,0.0,0.0,0.0,0.0,0.0,0.0,0.0,0.0,0.0,0.0,0.0,0.0,0.0,0.0,0.0,0.0,0.0,0.0,0.0
4.77097222222,320909.0,32723.0,9.80683311432,800.0,64380.0,65328.0,65494.0,1499.0,2943.0,2077.0,5027.0,10941.0,8106.0,1932.0,177.0,16.0,5.0,0.0,0.0,0.0,0.0,0.0,0.0,0.0,0.0,0.0,0.0,0.0,0.0,0.0,0.0,0.0,0.0,0.0,0.0,0.0,0.0
4.77513888889,320546.0,32722.0,9.7960393619,801.0,64380.0,65328.0,65496.0,1562.0,2898.0,1976.0,4956.0,11252.0,7973.0,1896.0,176.0,32.0,1.0,0.0,0.0,0.0,0.0,0.0,0.0,0.0,0.0,0.0,0.0,0.0,0.0,0.0,0.0,0.0,0.0,0.0,0.0,0.0,0.0
4.77930555556,323404.0,32727.0,9.88187123782,801.0,64383.0,65331.0,65488.0,1443.0,2844.0,2030.0,5059.0,11009.0,8178.0,1969.0,168.0,26.0,1.0,0.0,0.0,0.0,0.0,0.0,0.0,0.0,0.0,0.0,0.0,0.0,0.0,0.0,0.0,0.0,0.0,0.0,0.0,0.0,0.0
4.78347222222,324419.0,32712.0,9.9174309122,806.0,64380.0,65327.0,65492.0,1431.0,2769.0,2055.0,5055.0,11051.0,8185.0,1962.0,177.0,24.0,3.0,0.0,0.0,0.0,0.0,0.0,0.0,0.0,0.0,0.0,0.0,0.0,0.0,0.0,0.0,0.0,0.0,0.0,0.0,0.0,0.0
4.78763888889,328460.0,32738.0,10.0329891869,801.0,64379.0,65327.0,65489.0,1464.0,2750.0,2073.0,4919.0,10994.0,8219.0,2112.0,184.0,22.0,1.0,0.0,0.0,0.0,0.0,0.0,0.0,0.0,0.0,0.0,0.0,0.0,0.0,0.0,0.0,0.0,0.0,0.0,0.0,0.0,0.0
4.79180555556,325452.0,32722.0,9.9459690728,808.0,64383.0,65328.0,65487.0,1431.0,2770.0,2047.0,5019.0,11138.0,8116.0,1980.0,191.0,29.0,1.0,0.0,0.0,0.0,0.0,0.0,0.0,0.0,0.0,0.0,0.0,0.0,0.0,0.0,0.0,0.0,0.0,0.0,0.0,0.0,0.0
4.79597222222,324051.0,32726.0,9.90194340891,808.0,64382.0,65328.0,65487.0,1514.0,2739.0,1992.0,4908.0,11268.0,8186.0,1907.0,185.0,25.0,2.0,0.0,0.0,0.0,0.0,0.0,0.0,0.0,0.0,0.0,0.0,0.0,0.0,0.0,0.0,0.0,0.0,0.0,0.0,0.0,0.0
4.80013888889,327522.0,32735.0,10.005254315,803.0,64384.0,65328.0,65492.0,1386.0,2740.0,1985.0,5069.0,11139.0,8192.0,2009.0,185.0,27.0,3.0,0.0,0.0,0.0,0.0,0.0,0.0,0.0,0.0,0.0,0.0,0.0,0.0,0.0,0.0,0.0,0.0,0.0,0.0,0.0,0.0
4.80430555556,326964.0,32734.0,9.98851347223,808.0,64382.0,65328.0,65490.0,1440.0,2636.0,2034.0,5093.0,11122.0,8234.0,1968.0,173.0,28.0,6.0,0.0,0.0,0.0,0.0,0.0,0.0,0.0,0.0,0.0,0.0,0.0,0.0,0.0,0.0,0.0,0.0,0.0,0.0,0.0,0.0
4.80847222222,323954.0,32731.0,9.8974672329,808.0,64382.0,65328.0,65491.0,1449.0,2730.0,1966.0,5005.0,11179.0,8260.0,1957.0,166.0,19.0,0.0,0.0,0.0,0.0,0.0,0.0,0.0,0.0,0.0,0.0,0.0,0.0,0.0,0.0,0.0,0.0,0.0,0.0,0.0,0.0,0.0
4.81263888889,326296.0,32734.0,9.96810655587,808.0,64382.0,65327.0,65486.0,1445.0,2558.0,1973.0,5036.0,11240.0,8368.0,1922.0,162.0,29.0,1.0,0.0,0.0,0.0,0.0,0.0,0.0,0.0,0.0,0.0,0.0,0.0,0.0,0.0,0.0,0.0,0.0,0.0,0.0,0.0,0.0
4.81680555556,325070.0,32738.0,9.92943979473,808.0,64383.0,65327.0,65487.0,1433.0,2770.0,1930.0,5008.0,11213.0,8262.0,1935.0,150.0,35.0,2.0,0.0,0.0,0.0,0.0,0.0,0.0,0.0,0.0,0.0,0.0,0.0,0.0,0.0,0.0,0.0,0.0,0.0,0.0,0.0,0.0
4.82097222222,329875.0,32738.0,10.0762111308,814.0,64387.0,65328.0,65487.0,1324.0,2593.0,2021.0,5008.0,11191.0,8345.0,2059.0,173.0,23.0,1.0,0.0,0.0,0.0,0.0,0.0,0.0,0.0,0.0,0.0,0.0,0.0,0.0,0.0,0.0,0.0,0.0,0.0,0.0,0.0,0.0
4.82513888889,327713.0,32735.0,10.0110890484,811.0,64379.0,65328.0,65486.0,1251.0,2661.0,2088.0,5039.0,11094.0,8492.0,1906.0,172.0,32.0,0.0,0.0,0.0,0.0,0.0,0.0,0.0,0.0,0.0,0.0,0.0,0.0,0.0,0.0,0.0,0.0,0.0,0.0,0.0,0.0,0.0
4.82930555556,326802.0,32738.0,9.98234467591,813.0,64380.0,65328.0,65495.0,1373.0,2644.0,1935.0,4984.0,11306.0,8357.0,1949.0,168.0,20.0,2.0,0.0,0.0,0.0,0.0,0.0,0.0,0.0,0.0,0.0,0.0,0.0,0.0,0.0,0.0,0.0,0.0,0.0,0.0,0.0,0.0
4.83347222222,327306.0,32738.0,9.99773962979,811.0,64387.0,65328.0,65491.0,1346.0,2614.0,2018.0,5088.0,11104.0,8475.0,1891.0,170.0,29.0,3.0,0.0,0.0,0.0,0.0,0.0,0.0,0.0,0.0,0.0,0.0,0.0,0.0,0.0,0.0,0.0,0.0,0.0,0.0,0.0,0.0
4.83763888889,324259.0,32737.0,9.90496991172,811.0,64382.0,65328.0,65491.0,1371.0,2631.0,2088.0,5023.0,11152.0,8377.0,1904.0,178.0,12.0,1.0,0.0,0.0,0.0,0.0,0.0,0.0,0.0,0.0,0.0,0.0,0.0,0.0,0.0,0.0,0.0,0.0,0.0,0.0,0.0,0.0
4.84180555556,328298.0,32744.0,10.0262032739,811.0,64387.0,65328.0,65488.0,1313.0,2652.0,2001.0,4969.0,11157.0,8544.0,1907.0,177.0,21.0,3.0,0.0,0.0,0.0,0.0,0.0,0.0,0.0,0.0,0.0,0.0,0.0,0.0,0.0,0.0,0.0,0.0,0.0,0.0,0.0,0.0
4.84597222222,323947.0,32738.0,9.89513714949,811.0,64376.0,65335.0,65489.0,1436.0,2657.0,2069.0,4972.0,11136.0,8395.0,1880.0,172.0,21.0,0.0,0.0,0.0,0.0,0.0,0.0,0.0,0.0,0.0,0.0,0.0,0.0,0.0,0.0,0.0,0.0,0.0,0.0,0.0,0.0,0.0
4.85013888889,328513.0,32746.0,10.0321565993,813.0,64382.0,65328.0,65492.0,1346.0,2543.0,1967.0,4991.0,11315.0,8518.0,1856.0,178.0,29.0,3.0,0.0,0.0,0.0,0.0,0.0,0.0,0.0,0.0,0.0,0.0,0.0,0.0,0.0,0.0,0.0,0.0,0.0,0.0,0.0,0.0
4.85430555556,328241.0,32747.0,10.0235441414,813.0,64383.0,65327.0,65491.0,1300.0,2631.0,1981.0,5006.0,11245.0,8459.0,1925.0,172.0,27.0,1.0,0.0,0.0,0.0,0.0,0.0,0.0,0.0,0.0,0.0,0.0,0.0,0.0,0.0,0.0,0.0,0.0,0.0,0.0,0.0,0.0
4.85847222222,328956.0,32743.0,10.0466053813,813.0,64384.0,65328.0,65488.0,1355.0,2634.0,1995.0,4897.0,11291.0,8438.0,1905.0,201.0,26.0,1.0,0.0,0.0,0.0,0.0,0.0,0.0,0.0,0.0,0.0,0.0,0.0,0.0,0.0,0.0,0.0,0.0,0.0,0.0,0.0,0.0
4.86263888889,329672.0,32743.0,10.0684726506,811.0,64382.0,65329.0,65491.0,1352.0,2520.0,1962.0,4961.0,11243.0,8568.0,1934.0,182.0,20.0,1.0,0.0,0.0,0.0,0.0,0.0,0.0,0.0,0.0,0.0,0.0,0.0,0.0,0.0,0.0,0.0,0.0,0.0,0.0,0.0,0.0
4.86680555556,328403.0,32748.0,10.0281849273,811.0,64380.0,65328.0,65494.0,1255.0,2539.0,1954.0,5107.0,11167.0,8644.0,1905.0,154.0,22.0,1.0,0.0,0.0,0.0,0.0,0.0,0.0,0.0,0.0,0.0,0.0,0.0,0.0,0.0,0.0,0.0,0.0,0.0,0.0,0.0,0.0
4.87097222222,335060.0,32740.0,10.2339645693,811.0,64379.0,65329.0,65487.0,1250.0,2402.0,2007.0,4843.0,11243.0,8824.0,1962.0,182.0,25.0,2.0,0.0,0.0,0.0,0.0,0.0,0.0,0.0,0.0,0.0,0.0,0.0,0.0,0.0,0.0,0.0,0.0,0.0,0.0,0.0,0.0
4.87513888889,333489.0,32748.0,10.1834921217,811.0,64384.0,65328.0,65491.0,1213.0,2437.0,2088.0,4765.0,11231.0,8853.0,1971.0,175.0,14.0,1.0,0.0,0.0,0.0,0.0,0.0,0.0,0.0,0.0,0.0,0.0,0.0,0.0,0.0,0.0,0.0,0.0,0.0,0.0,0.0,0.0
4.87930555556,336628.0,32742.0,10.2812290025,814.0,64383.0,65329.0,65489.0,1128.0,2396.0,2102.0,4863.0,11188.0,8859.0,2009.0,163.0,32.0,2.0,0.0,0.0,0.0,0.0,0.0,0.0,0.0,0.0,0.0,0.0,0.0,0.0,0.0,0.0,0.0,0.0,0.0,0.0,0.0,0.0
4.88347222222,333521.0,32741.0,10.1866467121,813.0,64383.0,65328.0,65491.0,1169.0,2365.0,2120.0,4859.0,11193.0,8937.0,1928.0,143.0,22.0,5.0,0.0,0.0,0.0,0.0,0.0,0.0,0.0,0.0,0.0,0.0,0.0,0.0,0.0,0.0,0.0,0.0,0.0,0.0,0.0,0.0
4.88763888889,336419.0,32748.0,10.2729632344,811.0,64381.0,65328.0,65490.0,1117.0,2381.0,2029.0,4779.0,11342.0,8978.0,1922.0,170.0,28.0,2.0,0.0,0.0,0.0,0.0,0.0,0.0,0.0,0.0,0.0,0.0,0.0,0.0,0.0,0.0,0.0,0.0,0.0,0.0,0.0,0.0
4.89180555556,334152.0,32737.0,10.2071662034,813.0,64384.0,65328.0,65488.0,1094.0,2314.0,2021.0,4849.0,11238.0,9166.0,1891.0,151.0,13.0,0.0,0.0,0.0,0.0,0.0,0.0,0.0,0.0,0.0,0.0,0.0,0.0,0.0,0.0,0.0,0.0,0.0,0.0,0.0,0.0,0.0
4.89597222222,333080.0,32742.0,10.1728666544,813.0,64383.0,65328.0,65494.0,1111.0,2344.0,2116.0,4730.0,11330.0,9065.0,1895.0,132.0,16.0,3.0,0.0,0.0,0.0,0.0,0.0,0.0,0.0,0.0,0.0,0.0,0.0,0.0,0.0,0.0,0.0,0.0,0.0,0.0,0.0,0.0
4.90013888889,332280.0,32743.0,10.148123263,813.0,64383.0,65328.0,65491.0,1133.0,2454.0,2039.0,4763.0,11175.0,9097.0,1940.0,135.0,6.0,1.0,0.0,0.0,0.0,0.0,0.0,0.0,0.0,0.0,0.0,0.0,0.0,0.0,0.0,0.0,0.0,0.0,0.0,0.0,0.0,0.0
4.90430555556,332592.0,32729.0,10.1619970057,808.0,64384.0,65326.0,65488.0,1098.0,2344.0,1986.0,4895.0,11367.0,9019.0,1867.0,129.0,21.0,3.0,0.0,0.0,0.0,0.0,0.0,0.0,0.0,0.0,0.0,0.0,0.0,0.0,0.0,0.0,0.0,0.0,0.0,0.0,0.0,0.0
4.90847222222,336558.0,32751.0,10.2762663735,811.0,64383.0,65324.0,65492.0,1104.0,2324.0,1987.0,4775.0,11399.0,9104.0,1876.0,149.0,29.0,4.0,0.0,0.0,0.0,0.0,0.0,0.0,0.0,0.0,0.0,0.0,0.0,0.0,0.0,0.0,0.0,0.0,0.0,0.0,0.0,0.0
4.91263888889,341285.0,32732.0,10.4266467066,813.0,64380.0,65328.0,65489.0,1018.0,2247.0,1937.0,4751.0,11352.0,9212.0,2040.0,154.0,20.0,1.0,0.0,0.0,0.0,0.0,0.0,0.0,0.0,0.0,0.0,0.0,0.0,0.0,0.0,0.0,0.0,0.0,0.0,0.0,0.0,0.0
4.91680555556,341149.0,32736.0,10.4212182307,809.0,64384.0,65329.0,65488.0,1040.0,2249.0,1972.0,4719.0,11252.0,9295.0,2039.0,151.0,19.0,0.0,0.0,0.0,0.0,0.0,0.0,0.0,0.0,0.0,0.0,0.0,0.0,0.0,0.0,0.0,0.0,0.0,0.0,0.0,0.0,0.0
4.92097222222,342880.0,32739.0,10.4731360152,808.0,64377.0,65331.0,65489.0,1037.0,2216.0,1976.0,4668.0,11307.0,9314.0,2041.0,155.0,24.0,1.0,0.0,0.0,0.0,0.0,0.0,0.0,0.0,0.0,0.0,0.0,0.0,0.0,0.0,0.0,0.0,0.0,0.0,0.0,0.0,0.0
4.92513888889,346797.0,32742.0,10.5918086861,813.0,64382.0,65328.0,65495.0,1011.0,2223.0,1955.0,4598.0,11286.0,9403.0,2056.0,174.0,36.0,0.0,0.0,0.0,0.0,0.0,0.0,0.0,0.0,0.0,0.0,0.0,0.0,0.0,0.0,0.0,0.0,0.0,0.0,0.0,0.0,0.0
4.92930555556,345352.0,32740.0,10.5483200977,811.0,64383.0,65328.0,65487.0,1066.0,2132.0,1976.0,4759.0,11095.0,9449.0,2067.0,177.0,16.0,3.0,0.0,0.0,0.0,0.0,0.0,0.0,0.0,0.0,0.0,0.0,0.0,0.0,0.0,0.0,0.0,0.0,0.0,0.0,0.0,0.0
4.93347222222,344478.0,32742.0,10.5209822247,808.0,64380.0,65328.0,65487.0,968.0,2184.0,1961.0,4783.0,11225.0,9376.0,2046.0,180.0,19.0,0.0,0.0,0.0,0.0,0.0,0.0,0.0,0.0,0.0,0.0,0.0,0.0,0.0,0.0,0.0,0.0,0.0,0.0,0.0,0.0,0.0
4.93763888889,342971.0,32740.0,10.4755956017,808.0,64381.0,65328.0,65489.0,955.0,2133.0,1969.0,4619.0,11459.0,9498.0,1931.0,153.0,21.0,2.0,0.0,0.0,0.0,0.0,0.0,0.0,0.0,0.0,0.0,0.0,0.0,0.0,0.0,0.0,0.0,0.0,0.0,0.0,0.0,0.0
4.94180555556,345121.0,32738.0,10.5419084856,811.0,64382.0,65328.0,65491.0,938.0,2081.0,1956.0,4740.0,11295.0,9577.0,1955.0,175.0,20.0,1.0,0.0,0.0,0.0,0.0,0.0,0.0,0.0,0.0,0.0,0.0,0.0,0.0,0.0,0.0,0.0,0.0,0.0,0.0,0.0,0.0
4.94597222222,340800.0,32737.0,10.4102391789,808.0,64379.0,65328.0,65487.0,971.0,2204.0,1988.0,4741.0,11371.0,9325.0,1945.0,177.0,15.0,0.0,0.0,0.0,0.0,0.0,0.0,0.0,0.0,0.0,0.0,0.0,0.0,0.0,0.0,0.0,0.0,0.0,0.0,0.0,0.0,0.0
4.95013888889,341992.0,32730.0,10.4488848152,809.0,64383.0,65328.0,65494.0,936.0,2106.0,1943.0,4690.0,11497.0,9483.0,1886.0,174.0,14.0,1.0,0.0,0.0,0.0,0.0,0.0,0.0,0.0,0.0,0.0,0.0,0.0,0.0,0.0,0.0,0.0,0.0,0.0,0.0,0.0,0.0
4.95430555556,348681.0,32734.0,10.6519520987,808.0,64382.0,65329.0,65489.0,925.0,2121.0,1862.0,4639.0,11335.0,9594.0,2071.0,164.0,20.0,3.0,0.0,0.0,0.0,0.0,0.0,0.0,0.0,0.0,0.0,0.0,0.0,0.0,0.0,0.0,0.0,0.0,0.0,0.0,0.0,0.0
4.95847222222,353956.0,32734.0,10.8130995295,808.0,64383.0,65328.0,65488.0,860.0,1930.0,1803.0,4587.0,11493.0,9851.0,1994.0,173.0,42.0,1.0,0.0,0.0,0.0,0.0,0.0,0.0,0.0,0.0,0.0,0.0,0.0,0.0,0.0,0.0,0.0,0.0,0.0,0.0,0.0,0.0
4.96263888889,348123.0,32732.0,10.6355554198,808.0,64380.0,65328.0,65494.0,890.0,1933.0,1835.0,4646.0,11606.0,9693.0,1927.0,180.0,22.0,0.0,0.0,0.0,0.0,0.0,0.0,0.0,0.0,0.0,0.0,0.0,0.0,0.0,0.0,0.0,0.0,0.0,0.0,0.0,0.0,0.0
4.96680555556,350974.0,32736.0,10.7213465298,811.0,64382.0,65328.0,65488.0,881.0,2026.0,1924.0,4609.0,11335.0,9693.0,2088.0,146.0,31.0,3.0,0.0,0.0,0.0,0.0,0.0,0.0,0.0,0.0,0.0,0.0,0.0,0.0,0.0,0.0,0.0,0.0,0.0,0.0,0.0,0.0
4.97097222222,347539.0,32734.0,10.6170648256,801.0,64381.0,65329.0,65487.0,927.0,2075.0,1846.0,4631.0,11370.0,9702.0,2002.0,159.0,22.0,0.0,0.0,0.0,0.0,0.0,0.0,0.0,0.0,0.0,0.0,0.0,0.0,0.0,0.0,0.0,0.0,0.0,0.0,0.0,0.0,0.0
4.97513888889,348692.0,32732.0,10.6529390199,808.0,64384.0,65328.0,65491.0,854.0,2060.0,1866.0,4745.0,11362.0,9638.0,2015.0,166.0,23.0,3.0,0.0,0.0,0.0,0.0,0.0,0.0,0.0,0.0,0.0,0.0,0.0,0.0,0.0,0.0,0.0,0.0,0.0,0.0,0.0,0.0
4.97930555556,350302.0,32737.0,10.7004917983,806.0,64380.0,65328.0,65491.0,878.0,2002.0,1816.0,4589.0,11579.0,9633.0,2036.0,183.0,21.0,0.0,0.0,0.0,0.0,0.0,0.0,0.0,0.0,0.0,0.0,0.0,0.0,0.0,0.0,0.0,0.0,0.0,0.0,0.0,0.0,0.0
4.98347222222,349244.0,32736.0,10.6684995112,804.0,64385.0,65328.0,65489.0,894.0,2068.0,1722.0,4687.0,11595.0,9494.0,2096.0,157.0,21.0,2.0,0.0,0.0,0.0,0.0,0.0,0.0,0.0,0.0,0.0,0.0,0.0,0.0,0.0,0.0,0.0,0.0,0.0,0.0,0.0,0.0
4.98763888889,356781.0,32739.0,10.8977366444,804.0,64379.0,65328.0,65491.0,888.0,1925.0,1700.0,4526.0,11357.0,10034.0,2113.0,172.0,22.0,2.0,0.0,0.0,0.0,0.0,0.0,0.0,0.0,0.0,0.0,0.0,0.0,0.0,0.0,0.0,0.0,0.0,0.0,0.0,0.0,0.0
4.99180555556,354179.0,32738.0,10.8185900177,803.0,64382.0,65329.0,65491.0,867.0,1973.0,1667.0,4724.0,11507.0,9732.0,2065.0,170.0,25.0,8.0,0.0,0.0,0.0,0.0,0.0,0.0,0.0,0.0,0.0,0.0,0.0,0.0,0.0,0.0,0.0,0.0,0.0,0.0,0.0,0.0
4.99597222222,352231.0,32730.0,10.7617170791,806.0,64383.0,65328.0,65487.0,913.0,1877.0,1755.0,4767.0,11450.0,9689.0,2092.0,158.0,26.0,3.0,0.0,0.0,0.0,0.0,0.0,0.0,0.0,0.0,0.0,0.0,0.0,0.0,0.0,0.0,0.0,0.0,0.0,0.0,0.0,0.0
5.00013888889,352618.0,32725.0,10.7751871658,803.0,64383.0,65329.0,65484.0,858.0,1972.0,1699.0,4792.0,11322.0,9852.0,2018.0,189.0,21.0,2.0,0.0,0.0,0.0,0.0,0.0,0.0,0.0,0.0,0.0,0.0,0.0,0.0,0.0,0.0,0.0,0.0,0.0,0.0,0.0,0.0
5.00430555556,355498.0,32723.0,10.8638572258,804.0,64382.0,65329.0,65487.0,870.0,1794.0,1600.0,4668.0,11647.0,9886.0,2039.0,200.0,19.0,0.0,0.0,0.0,0.0,0.0,0.0,0.0,0.0,0.0,0.0,0.0,0.0,0.0,0.0,0.0,0.0,0.0,0.0,0.0,0.0,0.0
5.00847222222,356019.0,32726.0,10.8787813971,801.0,64384.0,65328.0,65497.0,844.0,1863.0,1522.0,4692.0,11621.0,9925.0,2062.0,170.0,25.0,2.0,0.0,0.0,0.0,0.0,0.0,0.0,0.0,0.0,0.0,0.0,0.0,0.0,0.0,0.0,0.0,0.0,0.0,0.0,0.0,0.0
5.01263888889,358650.0,32717.0,10.9621909099,801.0,64380.0,65328.0,65491.0,766.0,1820.0,1431.0,4810.0,11607.0,9967.0,2127.0,156.0,32.0,1.0,0.0,0.0,0.0,0.0,0.0,0.0,0.0,0.0,0.0,0.0,0.0,0.0,0.0,0.0,0.0,0.0,0.0,0.0,0.0,0.0
5.01680555556,358052.0,32715.0,10.944581996,803.0,64380.0,65328.0,65491.0,882.0,1666.0,1321.0,4894.0,11577.0,10089.0,2120.0,144.0,20.0,2.0,0.0,0.0,0.0,0.0,0.0,0.0,0.0,0.0,0.0,0.0,0.0,0.0,0.0,0.0,0.0,0.0,0.0,0.0,0.0,0.0
5.02097222222,357352.0,32722.0,10.9208483589,801.0,64384.0,65328.0,65487.0,749.0,1638.0,1269.0,5024.0,11761.0,10097.0,1996.0,166.0,21.0,1.0,0.0,0.0,0.0,0.0,0.0,0.0,0.0,0.0,0.0,0.0,0.0,0.0,0.0,0.0,0.0,0.0,0.0,0.0,0.0,0.0
5.02513888889,359948.0,32726.0,10.9988388437,808.0,64383.0,65329.0,65488.0,829.0,1578.0,1349.0,4814.0,11686.0,10263.0,1994.0,195.0,17.0,1.0,0.0,0.0,0.0,0.0,0.0,0.0,0.0,0.0,0.0,0.0,0.0,0.0,0.0,0.0,0.0,0.0,0.0,0.0,0.0,0.0
5.02930555556,363513.0,32715.0,11.1115084823,804.0,64382.0,65329.0,65488.0,809.0,1659.0,1233.0,4811.0,11600.0,10291.0,2116.0,164.0,29.0,3.0,0.0,0.0,0.0,0.0,0.0,0.0,0.0,0.0,0.0,0.0,0.0,0.0,0.0,0.0,0.0,0.0,0.0,0.0,0.0,0.0
5.03347222222,361372.0,32716.0,11.0457268615,806.0,64380.0,65334.0,65486.0,777.0,1676.0,1308.0,4840.0,11649.0,10203.0,2072.0,156.0,31.0,4.0,0.0,0.0,0.0,0.0,0.0,0.0,0.0,0.0,0.0,0.0,0.0,0.0,0.0,0.0,0.0,0.0,0.0,0.0,0.0,0.0
5.03763888889,360218.0,32719.0,11.0094440539,803.0,64380.0,65331.0,65487.0,819.0,1724.0,1299.0,4922.0,11500.0,10171.0,2080.0,177.0,26.0,1.0,0.0,0.0,0.0,0.0,0.0,0.0,0.0,0.0,0.0,0.0,0.0,0.0,0.0,0.0,0.0,0.0,0.0,0.0,0.0,0.0
5.04180555556,362108.0,32722.0,11.0661939979,801.0,64380.0,65327.0,65494.0,772.0,1658.0,1261.0,4878.0,11498.0,10402.0,2048.0,184.0,21.0,0.0,0.0,0.0,0.0,0.0,0.0,0.0,0.0,0.0,0.0,0.0,0.0,0.0,0.0,0.0,0.0,0.0,0.0,0.0,0.0,0.0
5.04597222222,361407.0,32717.0,11.0464590274,801.0,64382.0,65328.0,65491.0,780.0,1679.0,1302.0,4871.0,11489.0,10360.0,2045.0,159.0,30.0,2.0,0.0,0.0,0.0,0.0,0.0,0.0,0.0,0.0,0.0,0.0,0.0,0.0,0.0,0.0,0.0,0.0,0.0,0.0,0.0,0.0
5.05013888889,360305.0,32717.0,11.0127762325,801.0,64377.0,65328.0,65487.0,741.0,1657.0,1332.0,4882.0,11563.0,10341.0,1993.0,188.0,19.0,1.0,0.0,0.0,0.0,0.0,0.0,0.0,0.0,0.0,0.0,0.0,0.0,0.0,0.0,0.0,0.0,0.0,0.0,0.0,0.0,0.0
5.05430555556,361110.0,32717.0,11.037381178,801.0,64391.0,65328.0,65491.0,797.0,1566.0,1348.0,4830.0,11595.0,10336.0,2055.0,167.0,23.0,0.0,0.0,0.0,0.0,0.0,0.0,0.0,0.0,0.0,0.0,0.0,0.0,0.0,0.0,0.0,0.0,0.0,0.0,0.0,0.0,0.0
5.05847222222,359281.0,32706.0,10.9851709167,800.0,64381.0,65329.0,65488.0,762.0,1659.0,1327.0,4862.0,11566.0,10313.0,2047.0,149.0,19.0,2.0,0.0,0.0,0.0,0.0,0.0,0.0,0.0,0.0,0.0,0.0,0.0,0.0,0.0,0.0,0.0,0.0,0.0,0.0,0.0,0.0
5.06263888889,362288.0,32708.0,11.0764339,800.0,64381.0,65328.0,65488.0,734.0,1644.0,1346.0,4832.0,11398.0,10541.0,2024.0,161.0,27.0,1.0,0.0,0.0,0.0,0.0,0.0,0.0,0.0,0.0,0.0,0.0,0.0,0.0,0.0,0.0,0.0,0.0,0.0,0.0,0.0,0.0
5.06680555556,360785.0,32711.0,11.0294702088,795.0,64382.0,65331.0,65487.0,749.0,1635.0,1373.0,4893.0,11494.0,10329.0,2044.0,168.0,25.0,1.0,0.0,0.0,0.0,0.0,0.0,0.0,0.0,0.0,0.0,0.0,0.0,0.0,0.0,0.0,0.0,0.0,0.0,0.0,0.0,0.0
5.07097222222,360747.0,32719.0,11.0256120297,798.0,64380.0,65328.0,65491.0,778.0,1639.0,1280.0,5003.0,11511.0,10320.0,1981.0,175.0,27.0,5.0,0.0,0.0,0.0,0.0,0.0,0.0,0.0,0.0,0.0,0.0,0.0,0.0,0.0,0.0,0.0,0.0,0.0,0.0,0.0,0.0
5.07513888889,356607.0,32715.0,10.9004126547,800.0,64382.0,65331.0,65488.0,778.0,1627.0,1346.0,4910.0,11605.0,10380.0,1884.0,164.0,19.0,2.0,0.0,0.0,0.0,0.0,0.0,0.0,0.0,0.0,0.0,0.0,0.0,0.0,0.0,0.0,0.0,0.0,0.0,0.0,0.0,0.0
5.07930555556,358972.0,32723.0,10.9700210861,800.0,64380.0,65331.0,65486.0,752.0,1716.0,1318.0,5055.0,11360.0,10310.0,2029.0,159.0,21.0,3.0,0.0,0.0,0.0,0.0,0.0,0.0,0.0,0.0,0.0,0.0,0.0,0.0,0.0,0.0,0.0,0.0,0.0,0.0,0.0,0.0
5.08347222222,358262.0,32699.0,10.9563595217,801.0,64377.0,65337.0,65487.0,811.0,1730.0,1316.0,5097.0,11395.0,10135.0,1992.0,193.0,28.0,2.0,0.0,0.0,0.0,0.0,0.0,0.0,0.0,0.0,0.0,0.0,0.0,0.0,0.0,0.0,0.0,0.0,0.0,0.0,0.0,0.0
5.08763888889,356733.0,32700.0,10.909266055,798.0,64379.0,65329.0,65489.0,845.0,1817.0,1220.0,5079.0,11348.0,10194.0,2004.0,171.0,19.0,3.0,0.0,0.0,0.0,0.0,0.0,0.0,0.0,0.0,0.0,0.0,0.0,0.0,0.0,0.0,0.0,0.0,0.0,0.0,0.0,0.0
5.09180555556,356138.0,32705.0,10.8894052897,798.0,64380.0,65328.0,65495.0,839.0,1854.0,1274.0,5090.0,11272.0,10117.0,2093.0,145.0,18.0,3.0,0.0,0.0,0.0,0.0,0.0,0.0,0.0,0.0,0.0,0.0,0.0,0.0,0.0,0.0,0.0,0.0,0.0,0.0,0.0,0.0
5.09597222222,358786.0,32707.0,10.9697006757,798.0,64380.0,65329.0,65494.0,855.0,1886.0,1262.0,5076.0,11141.0,10201.0,2076.0,181.0,29.0,0.0,0.0,0.0,0.0,0.0,0.0,0.0,0.0,0.0,0.0,0.0,0.0,0.0,0.0,0.0,0.0,0.0,0.0,0.0,0.0,0.0
5.10013888889,356051.0,32710.0,10.885081015,800.0,64380.0,65331.0,65487.0,917.0,1855.0,1412.0,5069.0,11011.0,10218.0,2049.0,146.0,30.0,3.0,0.0,0.0,0.0,0.0,0.0,0.0,0.0,0.0,0.0,0.0,0.0,0.0,0.0,0.0,0.0,0.0,0.0,0.0,0.0,0.0
5.10430555556,358072.0,32675.0,10.9585921959,793.0,64380.0,65331.0,65491.0,870.0,1816.0,1402.0,5043.0,11182.0,10073.0,2071.0,184.0,32.0,2.0,0.0,0.0,0.0,0.0,0.0,0.0,0.0,0.0,0.0,0.0,0.0,0.0,0.0,0.0,0.0,0.0,0.0,0.0,0.0,0.0
5.10847222222,352010.0,32714.0,10.7602249801,793.0,64383.0,65329.0,65488.0,888.0,1894.0,1482.0,5068.0,11132.0,10022.0,2071.0,141.0,15.0,1.0,0.0,0.0,0.0,0.0,0.0,0.0,0.0,0.0,0.0,0.0,0.0,0.0,0.0,0.0,0.0,0.0,0.0,0.0,0.0,0.0
5.11263888889,350736.0,32704.0,10.7245596869,795.0,64382.0,65329.0,65491.0,1004.0,2092.0,1604.0,5001.0,10713.0,9949.0,2191.0,137.0,13.0,0.0,0.0,0.0,0.0,0.0,0.0,0.0,0.0,0.0,0.0,0.0,0.0,0.0,0.0,0.0,0.0,0.0,0.0,0.0,0.0,0.0
5.11680555556,358911.0,32742.0,10.9617921935,798.0,64384.0,65329.0,65489.0,956.0,2083.0,1656.0,4863.0,10798.0,9968.0,2166.0,211.0,40.0,1.0,0.0,0.0,0.0,0.0,0.0,0.0,0.0,0.0,0.0,0.0,0.0,0.0,0.0,0.0,0.0,0.0,0.0,0.0,0.0,0.0
5.12097222222,354713.0,32742.0,10.8335776678,795.0,64381.0,65328.0,65489.0,954.0,2111.0,1629.0,5058.0,10747.0,9928.0,2094.0,178.0,40.0,3.0,0.0,0.0,0.0,0.0,0.0,0.0,0.0,0.0,0.0,0.0,0.0,0.0,0.0,0.0,0.0,0.0,0.0,0.0,0.0,0.0
5.12513888889,352602.0,32722.0,10.7756860828,793.0,64381.0,65329.0,65487.0,965.0,2228.0,1659.0,4902.0,10683.0,9926.0,2163.0,176.0,19.0,1.0,0.0,0.0,0.0,0.0,0.0,0.0,0.0,0.0,0.0,0.0,0.0,0.0,0.0,0.0,0.0,0.0,0.0,0.0,0.0,0.0
5.12930555556,349477.0,32697.0,10.6883506132,795.0,64381.0,65328.0,65487.0,1023.0,2195.0,1771.0,5091.0,10584.0,9771.0,2028.0,201.0,30.0,3.0,0.0,0.0,0.0,0.0,0.0,0.0,0.0,0.0,0.0,0.0,0.0,0.0,0.0,0.0,0.0,0.0,0.0,0.0,0.0,0.0
5.13347222222,347099.0,32728.0,10.6055670985,793.0,64379.0,65331.0,65487.0,937.0,2243.0,1776.0,5284.0,10491.0,9727.0,2059.0,192.0,19.0,0.0,0.0,0.0,0.0,0.0,0.0,0.0,0.0,0.0,0.0,0.0,0.0,0.0,0.0,0.0,0.0,0.0,0.0,0.0,0.0,0.0
5.13763888889,340450.0,32714.0,10.4068594486,793.0,64379.0,65328.0,65488.0,937.0,2286.0,1816.0,5199.0,10721.0,9644.0,1954.0,142.0,14.0,1.0,0.0,0.0,0.0,0.0,0.0,0.0,0.0,0.0,0.0,0.0,0.0,0.0,0.0,0.0,0.0,0.0,0.0,0.0,0.0,0.0
5.14180555556,346483.0,32656.0,10.6100869672,793.0,64376.0,65331.0,65491.0,931.0,2325.0,1869.0,5117.0,10502.0,9640.0,2065.0,174.0,31.0,2.0,0.0,0.0,0.0,0.0,0.0,0.0,0.0,0.0,0.0,0.0,0.0,0.0,0.0,0.0,0.0,0.0,0.0,0.0,0.0,0.0
5.14597222222,345990.0,32705.0,10.5791163431,793.0,64382.0,65328.0,65491.0,983.0,2294.0,1844.0,5256.0,10539.0,9525.0,2013.0,223.0,28.0,0.0,0.0,0.0,0.0,0.0,0.0,0.0,0.0,0.0,0.0,0.0,0.0,0.0,0.0,0.0,0.0,0.0,0.0,0.0,0.0,0.0
5.15013888889,339486.0,32680.0,10.3881884945,792.0,64382.0,65328.0,65486.0,998.0,2406.0,1960.0,5254.0,10432.0,9485.0,1950.0,167.0,26.0,2.0,0.0,0.0,0.0,0.0,0.0,0.0,0.0,0.0,0.0,0.0,0.0,0.0,0.0,0.0,0.0,0.0,0.0,0.0,0.0,0.0
5.15430555556,339101.0,32680.0,10.3764075887,790.0,64391.0,65328.0,65487.0,989.0,2417.0,2000.0,5149.0,10519.0,9426.0,2002.0,154.0,23.0,1.0,0.0,0.0,0.0,0.0,0.0,0.0,0.0,0.0,0.0,0.0,0.0,0.0,0.0,0.0,0.0,0.0,0.0,0.0,0.0,0.0
5.15847222222,338386.0,32683.0,10.3535783129,788.0,64382.0,65331.0,65486.0,1023.0,2362.0,2068.0,5158.0,10465.0,9447.0,1995.0,142.0,19.0,4.0,0.0,0.0,0.0,0.0,0.0,0.0,0.0,0.0,0.0,0.0,0.0,0.0,0.0,0.0,0.0,0.0,0.0,0.0,0.0,0.0
5.16263888889,337077.0,32702.0,10.3075347074,788.0,64380.0,65334.0,65486.0,1065.0,2457.0,2042.0,5126.0,10410.0,9506.0,1899.0,177.0,20.0,0.0,0.0,0.0,0.0,0.0,0.0,0.0,0.0,0.0,0.0,0.0,0.0,0.0,0.0,0.0,0.0,0.0,0.0,0.0,0.0,0.0
5.16680555556,340346.0,32689.0,10.4116369421,790.0,64383.0,65329.0,65486.0,993.0,2420.0,2187.0,5134.0,10219.0,9504.0,2055.0,148.0,27.0,2.0,0.0,0.0,0.0,0.0,0.0,0.0,0.0,0.0,0.0,0.0,0.0,0.0,0.0,0.0,0.0,0.0,0.0,0.0,0.0,0.0
5.17097222222,336406.0,32695.0,10.2892185349,793.0,64383.0,65328.0,65491.0,1016.0,2452.0,2119.0,5197.0,10424.0,9366.0,1921.0,178.0,22.0,0.0,0.0,0.0,0.0,0.0,0.0,0.0,0.0,0.0,0.0,0.0,0.0,0.0,0.0,0.0,0.0,0.0,0.0,0.0,0.0,0.0
5.17513888889,337840.0,32684.0,10.3365561131,787.0,64380.0,65331.0,65484.0,1029.0,2478.0,2073.0,5248.0,10340.0,9351.0,1972.0,157.0,35.0,1.0,0.0,0.0,0.0,0.0,0.0,0.0,0.0,0.0,0.0,0.0,0.0,0.0,0.0,0.0,0.0,0.0,0.0,0.0,0.0,0.0
5.17930555556,334872.0,32701.0,10.2404207822,788.0,64380.0,65329.0,65486.0,1014.0,2526.0,2211.0,5243.0,10227.0,9343.0,1964.0,152.0,18.0,3.0,0.0,0.0,0.0,0.0,0.0,0.0,0.0,0.0,0.0,0.0,0.0,0.0,0.0,0.0,0.0,0.0,0.0,0.0,0.0,0.0
5.18347222222,336207.0,32693.0,10.2837610498,788.0,64383.0,65331.0,65491.0,1000.0,2491.0,2210.0,5228.0,10270.0,9317.0,1995.0,158.0,23.0,1.0,0.0,0.0,0.0,0.0,0.0,0.0,0.0,0.0,0.0,0.0,0.0,0.0,0.0,0.0,0.0,0.0,0.0,0.0,0.0,0.0
5.18763888889,340206.0,32681.0,10.4099017778,787.0,64377.0,65334.0,65486.0,1023.0,2492.0,2309.0,4904.0,10345.0,9354.0,2055.0,167.0,28.0,4.0,0.0,0.0,0.0,0.0,0.0,0.0,0.0,0.0,0.0,0.0,0.0,0.0,0.0,0.0,0.0,0.0,0.0,0.0,0.0,0.0
5.19180555556,336944.0,32696.0,10.3053584536,787.0,64377.0,65331.0,65491.0,1025.0,2526.0,2303.0,4831.0,10387.0,9474.0,1987.0,139.0,22.0,2.0,0.0,0.0,0.0,0.0,0.0,0.0,0.0,0.0,0.0,0.0,0.0,0.0,0.0,0.0,0.0,0.0,0.0,0.0,0.0,0.0
5.19597222222,337051.0,32692.0,10.3098923284,787.0,64384.0,65328.0,65488.0,1048.0,2603.0,2398.0,5007.0,10157.0,9231.0,2055.0,161.0,28.0,4.0,0.0,0.0,0.0,0.0,0.0,0.0,0.0,0.0,0.0,0.0,0.0,0.0,0.0,0.0,0.0,0.0,0.0,0.0,0.0,0.0
5.20013888889,334639.0,32678.0,10.2404981945,788.0,64383.0,65329.0,65488.0,1079.0,2743.0,2504.0,4834.0,10086.0,9199.0,2030.0,180.0,21.0,2.0,0.0,0.0,0.0,0.0,0.0,0.0,0.0,0.0,0.0,0.0,0.0,0.0,0.0,0.0,0.0,0.0,0.0,0.0,0.0,0.0
5.20430555556,333774.0,32686.0,10.2115278713,787.0,64381.0,65331.0,65487.0,1014.0,2690.0,2456.0,4799.0,10276.0,9272.0,2014.0,145.0,19.0,1.0,0.0,0.0,0.0,0.0,0.0,0.0,0.0,0.0,0.0,0.0,0.0,0.0,0.0,0.0,0.0,0.0,0.0,0.0,0.0,0.0
5.20847222222,330645.0,32689.0,10.1148704457,787.0,64383.0,65329.0,65488.0,1056.0,2647.0,2573.0,4845.0,10228.0,9207.0,1977.0,141.0,14.0,1.0,0.0,0.0,0.0,0.0,0.0,0.0,0.0,0.0,0.0,0.0,0.0,0.0,0.0,0.0,0.0,0.0,0.0,0.0,0.0,0.0
5.21263888889,326298.0,32681.0,9.98433340473,787.0,64380.0,65335.0,65487.0,1072.0,2788.0,2529.0,5037.0,10252.0,8910.0,1930.0,143.0,18.0,2.0,0.0,0.0,0.0,0.0,0.0,0.0,0.0,0.0,0.0,0.0,0.0,0.0,0.0,0.0,0.0,0.0,0.0,0.0,0.0,0.0
5.21680555556,321927.0,32688.0,9.84847650514,787.0,64384.0,65328.0,65488.0,1104.0,2823.0,2604.0,5096.0,10321.0,8698.0,1891.0,130.0,19.0,2.0,0.0,0.0,0.0,0.0,0.0,0.0,0.0,0.0,0.0,0.0,0.0,0.0,0.0,0.0,0.0,0.0,0.0,0.0,0.0,0.0
5.22097222222,318143.0,32676.0,9.73628963153,783.0,64382.0,65331.0,65487.0,1140.0,2895.0,2724.0,5028.0,10337.0,8561.0,1844.0,124.0,22.0,1.0,0.0,0.0,0.0,0.0,0.0,0.0,0.0,0.0,0.0,0.0,0.0,0.0,0.0,0.0,0.0,0.0,0.0,0.0,0.0,0.0
5.22513888889,320370.0,32686.0,9.80144404332,787.0,64393.0,65331.0,65487.0,1173.0,2948.0,2679.0,4954.0,10309.0,8535.0,1930.0,141.0,15.0,2.0,0.0,0.0,0.0,0.0,0.0,0.0,0.0,0.0,0.0,0.0,0.0,0.0,0.0,0.0,0.0,0.0,0.0,0.0,0.0,0.0
5.22930555556,320549.0,32676.0,9.80992165504,788.0,64382.0,65331.0,65489.0,1164.0,2917.0,2718.0,4795.0,10513.0,8523.0,1875.0,150.0,19.0,2.0,0.0,0.0,0.0,0.0,0.0,0.0,0.0,0.0,0.0,0.0,0.0,0.0,0.0,0.0,0.0,0.0,0.0,0.0,0.0,0.0
5.23347222222,317983.0,32676.0,9.73139307137,785.0,64380.0,65331.0,65487.0,1256.0,2985.0,2785.0,4701.0,10412.0,8502.0,1880.0,138.0,16.0,1.0,0.0,0.0,0.0,0.0,0.0,0.0,0.0,0.0,0.0,0.0,0.0,0.0,0.0,0.0,0.0,0.0,0.0,0.0,0.0,0.0
5.23763888889,319819.0,32666.0,9.79057735872,785.0,64383.0,65332.0,65487.0,1250.0,2913.0,2745.0,4740.0,10495.0,8485.0,1865.0,148.0,22.0,3.0,0.0,0.0,0.0,0.0,0.0,0.0,0.0,0.0,0.0,0.0,0.0,0.0,0.0,0.0,0.0,0.0,0.0,0.0,0.0,0.0
5.24180555556,318967.0,32666.0,9.76449519378,785.0,64380.0,65334.0,65487.0,1237.0,2989.0,2767.0,4615.0,10524.0,8531.0,1836.0,138.0,29.0,0.0,0.0,0.0,0.0,0.0,0.0,0.0,0.0,0.0,0.0,0.0,0.0,0.0,0.0,0.0,0.0,0.0,0.0,0.0,0.0,0.0
5.24597222222,317596.0,32678.0,9.71895464839,782.0,64379.0,65334.0,65484.0,1200.0,2954.0,2831.0,4611.0,10587.0,8559.0,1769.0,148.0,16.0,3.0,0.0,0.0,0.0,0.0,0.0,0.0,0.0,0.0,0.0,0.0,0.0,0.0,0.0,0.0,0.0,0.0,0.0,0.0,0.0,0.0
5.25013888889,321981.0,32673.0,9.85465062896,782.0,64391.0,65331.0,65487.0,1179.0,2937.0,2734.0,4600.0,10497.0,8788.0,1744.0,161.0,31.0,2.0,0.0,0.0,0.0,0.0,0.0,0.0,0.0,0.0,0.0,0.0,0.0,0.0,0.0,0.0,0.0,0.0,0.0,0.0,0.0,0.0
5.25430555556,321454.0,32676.0,9.83761782348,785.0,64383.0,65331.0,65487.0,1224.0,2822.0,2782.0,4479.0,10602.0,8796.0,1811.0,144.0,13.0,3.0,0.0,0.0,0.0,0.0,0.0,0.0,0.0,0.0,0.0,0.0,0.0,0.0,0.0,0.0,0.0,0.0,0.0,0.0,0.0,0.0
5.25847222222,326888.0,32670.0,10.0057545148,782.0,64379.0,65334.0,65487.0,1113.0,2800.0,2760.0,4388.0,10547.0,9050.0,1839.0,149.0,21.0,3.0,0.0,0.0,0.0,0.0,0.0,0.0,0.0,0.0,0.0,0.0,0.0,0.0,0.0,0.0,0.0,0.0,0.0,0.0,0.0,0.0
5.26263888889,332975.0,32670.0,10.1920722375,782.0,64380.0,65334.0,65486.0,1031.0,2689.0,2773.0,4301.0,10650.0,9066.0,1971.0,164.0,21.0,4.0,0.0,0.0,0.0,0.0,0.0,0.0,0.0,0.0,0.0,0.0,0.0,0.0,0.0,0.0,0.0,0.0,0.0,0.0,0.0,0.0
5.26680555556,328620.0,32662.0,10.0612332374,779.0,64380.0,65331.0,65487.0,1116.0,2714.0,2665.0,4360.0,10628.0,9136.0,1892.0,128.0,21.0,2.0,0.0,0.0,0.0,0.0,0.0,0.0,0.0,0.0,0.0,0.0,0.0,0.0,0.0,0.0,0.0,0.0,0.0,0.0,0.0,0.0
5.27097222222,329518.0,32678.0,10.0837872575,782.0,64380.0,65331.0,65487.0,960.0,2578.0,2826.0,4220.0,10753.0,9375.0,1819.0,135.0,12.0,0.0,0.0,0.0,0.0,0.0,0.0,0.0,0.0,0.0,0.0,0.0,0.0,0.0,0.0,0.0,0.0,0.0,0.0,0.0,0.0,0.0
5.27513888889,330396.0,32675.0,10.1115837796,782.0,64380.0,65337.0,65488.0,1003.0,2614.0,2737.0,4335.0,10681.0,9294.0,1859.0,133.0,16.0,3.0,0.0,0.0,0.0,0.0,0.0,0.0,0.0,0.0,0.0,0.0,0.0,0.0,0.0,0.0,0.0,0.0,0.0,0.0,0.0,0.0
5.27930555556,335083.0,32666.0,10.2578522011,782.0,64381.0,65331.0,65487.0,993.0,2533.0,2817.0,4173.0,10676.0,9319.0,1994.0,138.0,22.0,1.0,0.0,0.0,0.0,0.0,0.0,0.0,0.0,0.0,0.0,0.0,0.0,0.0,0.0,0.0,0.0,0.0,0.0,0.0,0.0,0.0
5.28347222222,334011.0,32665.0,10.2253482321,780.0,64377.0,65334.0,65486.0,968.0,2561.0,2751.0,4247.0,10502.0,9587.0,1906.0,125.0,16.0,2.0,0.0,0.0,0.0,0.0,0.0,0.0,0.0,0.0,0.0,0.0,0.0,0.0,0.0,0.0,0.0,0.0,0.0,0.0,0.0,0.0
5.28763888889,335574.0,32664.0,10.2735121234,782.0,64382.0,65334.0,65487.0,956.0,2460.0,2795.0,4291.0,10537.0,9569.0,1884.0,148.0,23.0,1.0,0.0,0.0,0.0,0.0,0.0,0.0,0.0,0.0,0.0,0.0,0.0,0.0,0.0,0.0,0.0,0.0,0.0,0.0,0.0,0.0
5.29180555556,332833.0,32679.0,10.1849199792,782.0,64379.0,65331.0,65487.0,952.0,2595.0,2939.0,4264.0,10421.0,9502.0,1835.0,144.0,23.0,4.0,0.0,0.0,0.0,0.0,0.0,0.0,0.0,0.0,0.0,0.0,0.0,0.0,0.0,0.0,0.0,0.0,0.0,0.0,0.0,0.0
5.29597222222,328560.0,32669.0,10.0572408093,782.0,64383.0,65332.0,65484.0,967.0,2590.0,3013.0,4306.0,10434.0,9415.0,1780.0,146.0,18.0,0.0,0.0,0.0,0.0,0.0,0.0,0.0,0.0,0.0,0.0,0.0,0.0,0.0,0.0,0.0,0.0,0.0,0.0,0.0,0.0,0.0
5.30013888889,330096.0,32661.0,10.1067328006,782.0,64381.0,65331.0,65487.0,937.0,2568.0,3042.0,4379.0,10165.0,9617.0,1800.0,136.0,15.0,2.0,0.0,0.0,0.0,0.0,0.0,0.0,0.0,0.0,0.0,0.0,0.0,0.0,0.0,0.0,0.0,0.0,0.0,0.0,0.0,0.0
5.30430555556,334336.0,32672.0,10.2331047992,782.0,64383.0,65331.0,65487.0,941.0,2470.0,3111.0,4327.0,10086.0,9704.0,1872.0,133.0,25.0,3.0,0.0,0.0,0.0,0.0,0.0,0.0,0.0,0.0,0.0,0.0,0.0,0.0,0.0,0.0,0.0,0.0,0.0,0.0,0.0,0.0
5.30847222222,326279.0,32664.0,9.98894807739,782.0,64383.0,65329.0,65487.0,924.0,2537.0,3313.0,4495.0,9928.0,9626.0,1685.0,132.0,22.0,2.0,0.0,0.0,0.0,0.0,0.0,0.0,0.0,0.0,0.0,0.0,0.0,0.0,0.0,0.0,0.0,0.0,0.0,0.0,0.0,0.0
5.31263888889,517501.0,32657.0,15.8465566341,775.0,64380.0,65280.0,35.0,4611.0,4611.0,4611.0,4611.0,4611.0,4611.0,4611.0,267.0,54.0,25.0,10.0,5.0,3.0,4.0,6.0,3.0,2.0,0.0,0.0,0.0,0.0,0.0,0.0,0.0,0.0,0.0,0.0,0.0,0.0,0.0
5.31680555556,838476.0,32660.0,25.6728720147,774.0,64382.0,65276.0,33.0,4980.0,4980.0,4980.0,4980.0,4980.0,4980.0,1992.0,351.0,111.0,80.0,68.0,70.0,45.0,37.0,20.0,3.0,0.0,0.0,0.0,0.0,0.0,0.0,0.0,0.0,0.0,0.0,0.0,0.0,0.0,0.0
5.32097222222,749037.0,32652.0,22.9400036751,771.0,64377.0,65279.0,32.0,5043.0,5043.0,5043.0,5043.0,5043.0,5043.0,1794.0,264.0,76.0,51.0,46.0,53.0,56.0,34.0,10.0,5.0,0.0,0.0,0.0,0.0,0.0,0.0,0.0,0.0,0.0,0.0,0.0,0.0,0.0,0.0
5.32513888889,361354.0,32651.0,11.0671648648,772.0,64377.0,65279.0,35.0,2054.0,2054.0,2054.0,7248.0,10165.0,7237.0,1484.0,211.0,58.0,23.0,29.0,27.0,6.0,0.0,0.0,0.0,0.0,0.0,0.0,0.0,0.0,0.0,0.0,0.0,0.0,0.0,0.0,0.0,0.0,0.0
5.32930555556,313395.0,32638.0,9.60215086709,767.0,64383.0,65276.0,31.0,1560.0,2773.0,1723.0,7204.0,10123.0,7372.0,1524.0,265.0,81.0,13.0,0.0,0.0,0.0,0.0,0.0,0.0,0.0,0.0,0.0,0.0,0.0,0.0,0.0,0.0,0.0,0.0,0.0,0.0,0.0,0.0
5.33347222222,336903.0,32633.0,10.3239971808,764.0,64380.0,65276.0,35.0,2159.0,2159.0,1850.0,7195.0,9971.0,7234.0,1526.0,353.0,126.0,47.0,12.0,1.0,0.0,0.0,0.0,0.0,0.0,0.0,0.0,0.0,0.0,0.0,0.0,0.0,0.0,0.0,0.0,0.0,0.0,0.0
5.33763888889,297250.0,32632.0,9.10915665604,767.0,64380.0,65276.0,31.0,1704.0,2904.0,1775.0,7203.0,10142.0,7253.0,1399.0,205.0,40.0,7.0,0.0,0.0,0.0,0.0,0.0,0.0,0.0,0.0,0.0,0.0,0.0,0.0,0.0,0.0,0.0,0.0,0.0,0.0,0.0,0.0
5.34180555556,291864.0,32642.0,8.94136388702,764.0,64383.0,65276.0,31.0,1629.0,2938.0,1783.0,7274.0,10289.0,7146.0,1367.0,190.0,23.0,3.0,0.0,0.0,0.0,0.0,0.0,0.0,0.0,0.0,0.0,0.0,0.0,0.0,0.0,0.0,0.0,0.0,0.0,0.0,0.0,0.0
5.34597222222,285472.0,32629.0,8.74902693923,767.0,64380.0,65276.0,35.0,1749.0,3000.0,1862.0,7379.0,10104.0,7049.0,1296.0,163.0,25.0,2.0,0.0,0.0,0.0,0.0,0.0,0.0,0.0,0.0,0.0,0.0,0.0,0.0,0.0,0.0,0.0,0.0,0.0,0.0,0.0,0.0
5.35013888889,287325.0,32633.0,8.80473753562,762.0,64380.0,65273.0,31.0,1784.0,2993.0,1852.0,7377.0,10108.0,6935.0,1391.0,159.0,32.0,2.0,0.0,0.0,0.0,0.0,0.0,0.0,0.0,0.0,0.0,0.0,0.0,0.0,0.0,0.0,0.0,0.0,0.0,0.0,0.0,0.0
5.35430555556,288458.0,32635.0,8.83891527501,767.0,64380.0,65273.0,33.0,1783.0,2998.0,1836.0,7365.0,10137.0,6898.0,1394.0,198.0,24.0,2.0,0.0,0.0,0.0,0.0,0.0,0.0,0.0,0.0,0.0,0.0,0.0,0.0,0.0,0.0,0.0,0.0,0.0,0.0,0.0,0.0
5.35847222222,287685.0,32636.0,8.81495894105,767.0,64380.0,65276.0,31.0,1782.0,2979.0,1803.0,7375.0,10128.0,7021.0,1364.0,150.0,29.0,5.0,0.0,0.0,0.0,0.0,0.0,0.0,0.0,0.0,0.0,0.0,0.0,0.0,0.0,0.0,0.0,0.0,0.0,0.0,0.0,0.0
5.36263888889,285772.0,32632.0,8.75741603334,767.0,64379.0,65273.0,35.0,1809.0,2946.0,1869.0,7320.0,10144.0,7015.0,1341.0,167.0,20.0,1.0,0.0,0.0,0.0,0.0,0.0,0.0,0.0,0.0,0.0,0.0,0.0,0.0,0.0,0.0,0.0,0.0,0.0,0.0,0.0,0.0
5.36680555556,283714.0,32624.0,8.6964811182,764.0,64380.0,65279.0,28.0,1725.0,3048.0,1819.0,7445.0,10170.0,6876.0,1382.0,138.0,20.0,1.0,0.0,0.0,0.0,0.0,0.0,0.0,0.0,0.0,0.0,0.0,0.0,0.0,0.0,0.0,0.0,0.0,0.0,0.0,0.0,0.0
5.37097222222,284589.0,32631.0,8.72143054151,767.0,64380.0,65276.0,35.0,1766.0,3047.0,1803.0,7442.0,10067.0,6987.0,1327.0,177.0,14.0,1.0,0.0,0.0,0.0,0.0,0.0,0.0,0.0,0.0,0.0,0.0,0.0,0.0,0.0,0.0,0.0,0.0,0.0,0.0,0.0,0.0
5.37513888889,281559.0,32630.0,8.62883849219,767.0,64376.0,65276.0,33.0,1777.0,3119.0,1854.0,7591.0,9806.0,6980.0,1343.0,144.0,16.0,0.0,0.0,0.0,0.0,0.0,0.0,0.0,0.0,0.0,0.0,0.0,0.0,0.0,0.0,0.0,0.0,0.0,0.0,0.0,0.0,0.0
5.37930555556,283604.0,32630.0,8.69151087956,764.0,64376.0,65279.0,31.0,1770.0,3174.0,1923.0,7394.0,9960.0,6850.0,1364.0,172.0,22.0,1.0,0.0,0.0,0.0,0.0,0.0,0.0,0.0,0.0,0.0,0.0,0.0,0.0,0.0,0.0,0.0,0.0,0.0,0.0,0.0,0.0
5.38347222222,282563.0,32637.0,8.65775040598,762.0,64376.0,65271.0,31.0,1884.0,3153.0,1987.0,7371.0,9780.0,6964.0,1297.0,177.0,21.0,3.0,0.0,0.0,0.0,0.0,0.0,0.0,0.0,0.0,0.0,0.0,0.0,0.0,0.0,0.0,0.0,0.0,0.0,0.0,0.0,0.0
5.38763888889,282365.0,32630.0,8.6535396874,764.0,64380.0,65276.0,35.0,1837.0,3227.0,1939.0,7285.0,9959.0,6849.0,1343.0,167.0,23.0,1.0,0.0,0.0,0.0,0.0,0.0,0.0,0.0,0.0,0.0,0.0,0.0,0.0,0.0,0.0,0.0,0.0,0.0,0.0,0.0,0.0
5.39180555556,280623.0,32631.0,8.59988967546,764.0,64380.0,65279.0,31.0,1749.0,3179.0,2114.0,7324.0,9886.0,6896.0,1321.0,141.0,17.0,4.0,0.0,0.0,0.0,0.0,0.0,0.0,0.0,0.0,0.0,0.0,0.0,0.0,0.0,0.0,0.0,0.0,0.0,0.0,0.0,0.0
5.39597222222,279396.0,32641.0,8.55966422597,766.0,64379.0,65273.0,28.0,1805.0,3180.0,2090.0,7245.0,9968.0,6925.0,1253.0,158.0,16.0,1.0,0.0,0.0,0.0,0.0,0.0,0.0,0.0,0.0,0.0,0.0,0.0,0.0,0.0,0.0,0.0,0.0,0.0,0.0,0.0,0.0
5.40013888889,286654.0,32627.0,8.78579090937,764.0,64377.0,65276.0,31.0,1784.0,3098.0,1900.0,7289.0,9911.0,7007.0,1466.0,154.0,17.0,1.0,0.0,0.0,0.0,0.0,0.0,0.0,0.0,0.0,0.0,0.0,0.0,0.0,0.0,0.0,0.0,0.0,0.0,0.0,0.0,0.0
5.40430555556,282388.0,32634.0,8.65318379604,764.0,64382.0,65276.0,35.0,1733.0,3144.0,1980.0,7425.0,9926.0,6914.0,1332.0,162.0,16.0,2.0,0.0,0.0,0.0,0.0,0.0,0.0,0.0,0.0,0.0,0.0,0.0,0.0,0.0,0.0,0.0,0.0,0.0,0.0,0.0,0.0
5.40847222222,288906.0,32622.0,8.85617068236,762.0,64376.0,65276.0,31.0,1716.0,3124.0,2009.0,7219.0,9889.0,7027.0,1431.0,175.0,30.0,2.0,0.0,0.0,0.0,0.0,0.0,0.0,0.0,0.0,0.0,0.0,0.0,0.0,0.0,0.0,0.0,0.0,0.0,0.0,0.0,0.0
5.41263888889,284161.0,32632.0,8.70804731552,767.0,64382.0,65273.0,32.0,1705.0,3185.0,2044.0,7434.0,9860.0,6879.0,1333.0,161.0,21.0,10.0,0.0,0.0,0.0,0.0,0.0,0.0,0.0,0.0,0.0,0.0,0.0,0.0,0.0,0.0,0.0,0.0,0.0,0.0,0.0,0.0
5.41680555556,285266.0,32630.0,8.74244560221,766.0,64380.0,65276.0,31.0,1812.0,3184.0,1983.0,7347.0,9769.0,6915.0,1447.0,151.0,13.0,9.0,0.0,0.0,0.0,0.0,0.0,0.0,0.0,0.0,0.0,0.0,0.0,0.0,0.0,0.0,0.0,0.0,0.0,0.0,0.0,0.0
5.42097222222,284283.0,32632.0,8.71178597696,767.0,64380.0,65272.0,38.0,1694.0,3223.0,1978.0,7386.0,9891.0,6939.0,1338.0,148.0,30.0,5.0,0.0,0.0,0.0,0.0,0.0,0.0,0.0,0.0,0.0,0.0,0.0,0.0,0.0,0.0,0.0,0.0,0.0,0.0,0.0,0.0
5.42513888889,279184.0,32624.0,8.5576262874,762.0,64382.0,65276.0,31.0,1768.0,3316.0,2070.0,7536.0,9606.0,6864.0,1292.0,150.0,13.0,9.0,0.0,0.0,0.0,0.0,0.0,0.0,0.0,0.0,0.0,0.0,0.0,0.0,0.0,0.0,0.0,0.0,0.0,0.0,0.0,0.0
5.42930555556,283253.0,32619.0,8.68368129005,762.0,64381.0,65276.0,30.0,1754.0,3279.0,2169.0,7249.0,9616.0,7005.0,1369.0,148.0,26.0,4.0,0.0,0.0,0.0,0.0,0.0,0.0,0.0,0.0,0.0,0.0,0.0,0.0,0.0,0.0,0.0,0.0,0.0,0.0,0.0,0.0
5.43347222222,280481.0,32637.0,8.59395777798,762.0,64377.0,65276.0,31.0,1857.0,3305.0,2118.0,7379.0,9558.0,6917.0,1315.0,164.0,19.0,5.0,0.0,0.0,0.0,0.0,0.0,0.0,0.0,0.0,0.0,0.0,0.0,0.0,0.0,0.0,0.0,0.0,0.0,0.0,0.0,0.0
5.43763888889,280356.0,32627.0,8.59276059705,762.0,64382.0,65273.0,30.0,1747.0,3216.0,2138.0,7520.0,9570.0,6943.0,1323.0,148.0,18.0,4.0,0.0,0.0,0.0,0.0,0.0,0.0,0.0,0.0,0.0,0.0,0.0,0.0,0.0,0.0,0.0,0.0,0.0,0.0,0.0,0.0
5.44180555556,282968.0,32632.0,8.67148810983,764.0,64383.0,65276.0,32.0,1719.0,3256.0,2104.0,7330.0,9795.0,6901.0,1332.0,165.0,27.0,3.0,0.0,0.0,0.0,0.0,0.0,0.0,0.0,0.0,0.0,0.0,0.0,0.0,0.0,0.0,0.0,0.0,0.0,0.0,0.0,0.0
5.44597222222,279159.0,32625.0,8.55659770115,762.0,64380.0,65276.0,35.0,1762.0,3161.0,2159.0,7404.0,9824.0,6867.0,1265.0,165.0,16.0,2.0,0.0,0.0,0.0,0.0,0.0,0.0,0.0,0.0,0.0,0.0,0.0,0.0,0.0,0.0,0.0,0.0,0.0,0.0,0.0,0.0
5.45013888889,283351.0,32635.0,8.68242684235,762.0,64376.0,65279.0,32.0,1763.0,3309.0,2037.0,7278.0,9657.0,7062.0,1373.0,130.0,18.0,8.0,0.0,0.0,0.0,0.0,0.0,0.0,0.0,0.0,0.0,0.0,0.0,0.0,0.0,0.0,0.0,0.0,0.0,0.0,0.0,0.0
5.45430555556,283562.0,32631.0,8.68995740247,762.0,64382.0,65278.0,30.0,1716.0,3268.0,2187.0,7204.0,9824.0,6856.0,1388.0,155.0,31.0,2.0,0.0,0.0,0.0,0.0,0.0,0.0,0.0,0.0,0.0,0.0,0.0,0.0,0.0,0.0,0.0,0.0,0.0,0.0,0.0,0.0
5.45847222222,283181.0,32630.0,8.67854734907,764.0,64377.0,65272.0,36.0,1756.0,3315.0,2223.0,7215.0,9544.0,7028.0,1361.0,170.0,10.0,8.0,0.0,0.0,0.0,0.0,0.0,0.0,0.0,0.0,0.0,0.0,0.0,0.0,0.0,0.0,0.0,0.0,0.0,0.0,0.0,0.0
5.46263888889,278146.0,32628.0,8.52476400637,766.0,64380.0,65272.0,35.0,1773.0,3370.0,2338.0,7301.0,9558.0,6789.0,1316.0,160.0,19.0,4.0,0.0,0.0,0.0,0.0,0.0,0.0,0.0,0.0,0.0,0.0,0.0,0.0,0.0,0.0,0.0,0.0,0.0,0.0,0.0,0.0
5.46680555556,275431.0,32636.0,8.43948400539,766.0,64380.0,65276.0,31.0,1808.0,3437.0,2309.0,7410.0,9299.0,6943.0,1267.0,149.0,11.0,3.0,0.0,0.0,0.0,0.0,0.0,0.0,0.0,0.0,0.0,0.0,0.0,0.0,0.0,0.0,0.0,0.0,0.0,0.0,0.0,0.0
5.47097222222,280401.0,32632.0,8.59282299583,766.0,64382.0,65272.0,38.0,1795.0,3465.0,2410.0,6999.0,9521.0,6923.0,1333.0,153.0,29.0,4.0,0.0,0.0,0.0,0.0,0.0,0.0,0.0,0.0,0.0,0.0,0.0,0.0,0.0,0.0,0.0,0.0,0.0,0.0,0.0,0.0
5.47513888889,280987.0,32625.0,8.61262835249,764.0,64380.0,65276.0,35.0,1739.0,3467.0,2322.0,7141.0,9541.0,6831.0,1404.0,153.0,23.0,4.0,0.0,0.0,0.0,0.0,0.0,0.0,0.0,0.0,0.0,0.0,0.0,0.0,0.0,0.0,0.0,0.0,0.0,0.0,0.0,0.0
5.47930555556,278579.0,32638.0,8.53541883694,762.0,64380.0,65276.0,33.0,1877.0,3479.0,2350.0,7042.0,9413.0,6881.0,1440.0,144.0,12.0,0.0,0.0,0.0,0.0,0.0,0.0,0.0,0.0,0.0,0.0,0.0,0.0,0.0,0.0,0.0,0.0,0.0,0.0,0.0,0.0,0.0
5.48347222222,278877.0,32627.0,8.5474300426,762.0,64380.0,65273.0,35.0,1688.0,3557.0,2472.0,7176.0,9211.0,7059.0,1294.0,141.0,22.0,7.0,0.0,0.0,0.0,0.0,0.0,0.0,0.0,0.0,0.0,0.0,0.0,0.0,0.0,0.0,0.0,0.0,0.0,0.0,0.0,0.0
5.48763888889,277561.0,32625.0,8.50761685824,766.0,64380.0,65276.0,33.0,1845.0,3493.0,2508.0,7117.0,9287.0,6889.0,1306.0,149.0,25.0,6.0,0.0,0.0,0.0,0.0,0.0,0.0,0.0,0.0,0.0,0.0,0.0,0.0,0.0,0.0,0.0,0.0,0.0,0.0,0.0,0.0
5.49180555556,276411.0,32619.0,8.47392623931,762.0,64379.0,65276.0,31.0,1776.0,3487.0,2406.0,7158.0,9449.0,6951.0,1224.0,137.0,25.0,6.0,0.0,0.0,0.0,0.0,0.0,0.0,0.0,0.0,0.0,0.0,0.0,0.0,0.0,0.0,0.0,0.0,0.0,0.0,0.0,0.0
5.49597222222,276692.0,32622.0,8.48176077494,766.0,64376.0,65275.0,31.0,1757.0,3540.0,2540.0,7112.0,9181.0,7026.0,1316.0,122.0,26.0,2.0,0.0,0.0,0.0,0.0,0.0,0.0,0.0,0.0,0.0,0.0,0.0,0.0,0.0,0.0,0.0,0.0,0.0,0.0,0.0,0.0
5.50013888889,278784.0,32630.0,8.54379405455,764.0,64383.0,65276.0,31.0,1762.0,3514.0,2573.0,7047.0,9262.0,6904.0,1397.0,156.0,9.0,6.0,0.0,0.0,0.0,0.0,0.0,0.0,0.0,0.0,0.0,0.0,0.0,0.0,0.0,0.0,0.0,0.0,0.0,0.0,0.0,0.0
5.50430555556,278261.0,32634.0,8.52672059815,764.0,64377.0,65273.0,32.0,1758.0,3503.0,2467.0,7218.0,9233.0,6929.0,1353.0,154.0,14.0,5.0,0.0,0.0,0.0,0.0,0.0,0.0,0.0,0.0,0.0,0.0,0.0,0.0,0.0,0.0,0.0,0.0,0.0,0.0,0.0,0.0
5.50847222222,281519.0,32628.0,8.62814147358,762.0,64376.0,65276.0,35.0,1770.0,3465.0,2515.0,7074.0,9303.0,6908.0,1416.0,144.0,25.0,8.0,0.0,0.0,0.0,0.0,0.0,0.0,0.0,0.0,0.0,0.0,0.0,0.0,0.0,0.0,0.0,0.0,0.0,0.0,0.0,0.0
5.51263888889,281679.0,32638.0,8.63040014707,764.0,64376.0,65276.0,35.0,1765.0,3453.0,2395.0,7077.0,9331.0,7029.0,1409.0,160.0,17.0,2.0,0.0,0.0,0.0,0.0,0.0,0.0,0.0,0.0,0.0,0.0,0.0,0.0,0.0,0.0,0.0,0.0,0.0,0.0,0.0,0.0
5.51680555556,278386.0,32626.0,8.53264267762,764.0,64379.0,65276.0,31.0,1788.0,3438.0,2620.0,7211.0,9160.0,6876.0,1357.0,145.0,24.0,7.0,0.0,0.0,0.0,0.0,0.0,0.0,0.0,0.0,0.0,0.0,0.0,0.0,0.0,0.0,0.0,0.0,0.0,0.0,0.0,0.0
5.52097222222,284301.0,32635.0,8.71153669373,764.0,64380.0,65273.0,32.0,1716.0,3519.0,2455.0,7004.0,9288.0,6991.0,1464.0,174.0,19.0,5.0,0.0,0.0,0.0,0.0,0.0,0.0,0.0,0.0,0.0,0.0,0.0,0.0,0.0,0.0,0.0,0.0,0.0,0.0,0.0,0.0
5.52513888889,284047.0,32636.0,8.70348694693,762.0,64380.0,65276.0,31.0,1755.0,3359.0,2408.0,7030.0,9405.0,7068.0,1427.0,155.0,28.0,1.0,0.0,0.0,0.0,0.0,0.0,0.0,0.0,0.0,0.0,0.0,0.0,0.0,0.0,0.0,0.0,0.0,0.0,0.0,0.0,0.0
5.52930555556,280077.0,32628.0,8.58394630379,764.0,64379.0,65276.0,33.0,1632.0,3523.0,2473.0,7118.0,9574.0,6783.0,1337.0,150.0,32.0,6.0,0.0,0.0,0.0,0.0,0.0,0.0,0.0,0.0,0.0,0.0,0.0,0.0,0.0,0.0,0.0,0.0,0.0,0.0,0.0,0.0
5.53347222222,284541.0,32640.0,8.71755514706,767.0,64377.0,65276.0,31.0,1681.0,3475.0,2443.0,6921.0,9512.0,6975.0,1426.0,183.0,21.0,3.0,0.0,0.0,0.0,0.0,0.0,0.0,0.0,0.0,0.0,0.0,0.0,0.0,0.0,0.0,0.0,0.0,0.0,0.0,0.0,0.0
5.53763888889,282232.0,32627.0,8.65025898795,764.0,64377.0,65273.0,33.0,1705.0,3482.0,2539.0,6954.0,9324.0,7046.0,1409.0,138.0,24.0,6.0,0.0,0.0,0.0,0.0,0.0,0.0,0.0,0.0,0.0,0.0,0.0,0.0,0.0,0.0,0.0,0.0,0.0,0.0,0.0,0.0
5.54180555556,285797.0,32630.0,8.75871897027,767.0,64380.0,65273.0,39.0,1650.0,3399.0,2535.0,6810.0,9401.0,7248.0,1399.0,159.0,27.0,2.0,0.0,0.0,0.0,0.0,0.0,0.0,0.0,0.0,0.0,0.0,0.0,0.0,0.0,0.0,0.0,0.0,0.0,0.0,0.0,0.0
5.54597222222,282304.0,32633.0,8.65087488126,764.0,64382.0,65272.0,32.0,1641.0,3474.0,2733.0,6733.0,9376.0,7106.0,1396.0,146.0,27.0,1.0,0.0,0.0,0.0,0.0,0.0,0.0,0.0,0.0,0.0,0.0,0.0,0.0,0.0,0.0,0.0,0.0,0.0,0.0,0.0,0.0
5.55013888889,284172.0,32633.0,8.70811754972,772.0,64377.0,65276.0,35.0,1632.0,3512.0,2686.0,6780.0,9159.0,7297.0,1375.0,167.0,23.0,2.0,0.0,0.0,0.0,0.0,0.0,0.0,0.0,0.0,0.0,0.0,0.0,0.0,0.0,0.0,0.0,0.0,0.0,0.0,0.0,0.0
5.55430555556,280587.0,32636.0,8.59746905258,767.0,64382.0,65276.0,32.0,1724.0,3627.0,2714.0,6719.0,9160.0,7149.0,1379.0,137.0,22.0,5.0,0.0,0.0,0.0,0.0,0.0,0.0,0.0,0.0,0.0,0.0,0.0,0.0,0.0,0.0,0.0,0.0,0.0,0.0,0.0,0.0
5.55847222222,280315.0,32636.0,8.58913469788,767.0,64379.0,65278.0,28.0,1810.0,3625.0,2639.0,6721.0,9174.0,7084.0,1422.0,138.0,19.0,4.0,0.0,0.0,0.0,0.0,0.0,0.0,0.0,0.0,0.0,0.0,0.0,0.0,0.0,0.0,0.0,0.0,0.0,0.0,0.0,0.0
5.56263888889,280574.0,32646.0,8.59443729707,767.0,64380.0,65276.0,33.0,1671.0,3520.0,2765.0,6689.0,9368.0,7078.0,1390.0,151.0,9.0,5.0,0.0,0.0,0.0,0.0,0.0,0.0,0.0,0.0,0.0,0.0,0.0,0.0,0.0,0.0,0.0,0.0,0.0,0.0,0.0,0.0
5.56680555556,283520.0,32633.0,8.68813777465,769.0,64375.0,65279.0,35.0,1745.0,3568.0,2626.0,6925.0,9103.0,7028.0,1451.0,151.0,28.0,8.0,0.0,0.0,0.0,0.0,0.0,0.0,0.0,0.0,0.0,0.0,0.0,0.0,0.0,0.0,0.0,0.0,0.0,0.0,0.0,0.0
5.57097222222,280750.0,32638.0,8.60193639316,767.0,64380.0,65272.0,31.0,1738.0,3646.0,2822.0,6683.0,9173.0,7005.0,1396.0,142.0,23.0,10.0,0.0,0.0,0.0,0.0,0.0,0.0,0.0,0.0,0.0,0.0,0.0,0.0,0.0,0.0,0.0,0.0,0.0,0.0,0.0,0.0
5.57513888889,280199.0,32642.0,8.58400220575,769.0,64380.0,65272.0,38.0,1769.0,3639.0,2796.0,6658.0,9198.0,7028.0,1382.0,140.0,24.0,8.0,0.0,0.0,0.0,0.0,0.0,0.0,0.0,0.0,0.0,0.0,0.0,0.0,0.0,0.0,0.0,0.0,0.0,0.0,0.0,0.0
5.57930555556,281240.0,32638.0,8.61694956799,772.0,64379.0,65275.0,30.0,1773.0,3572.0,2686.0,6746.0,9160.0,7114.0,1423.0,138.0,22.0,4.0,0.0,0.0,0.0,0.0,0.0,0.0,0.0,0.0,0.0,0.0,0.0,0.0,0.0,0.0,0.0,0.0,0.0,0.0,0.0,0.0
5.58347222222,278557.0,32632.0,8.53631404756,772.0,64376.0,65276.0,32.0,1901.0,3627.0,2791.0,6755.0,9033.0,6977.0,1358.0,156.0,29.0,5.0,0.0,0.0,0.0,0.0,0.0,0.0,0.0,0.0,0.0,0.0,0.0,0.0,0.0,0.0,0.0,0.0,0.0,0.0,0.0,0.0
5.58763888889,279525.0,32641.0,8.56361631077,769.0,64376.0,65273.0,36.0,1811.0,3667.0,2737.0,6642.0,9193.0,7062.0,1326.0,180.0,20.0,3.0,0.0,0.0,0.0,0.0,0.0,0.0,0.0,0.0,0.0,0.0,0.0,0.0,0.0,0.0,0.0,0.0,0.0,0.0,0.0,0.0
5.59180555556,285471.0,32646.0,8.74444036023,774.0,64383.0,65272.0,30.0,1736.0,3591.0,2730.0,6661.0,9170.0,7158.0,1360.0,199.0,38.0,3.0,0.0,0.0,0.0,0.0,0.0,0.0,0.0,0.0,0.0,0.0,0.0,0.0,0.0,0.0,0.0,0.0,0.0,0.0,0.0,0.0
5.59597222222,283751.0,32649.0,8.69095531257,772.0,64377.0,65276.0,33.0,1715.0,3469.0,2657.0,6794.0,9196.0,7193.0,1448.0,160.0,14.0,3.0,0.0,0.0,0.0,0.0,0.0,0.0,0.0,0.0,0.0,0.0,0.0,0.0,0.0,0.0,0.0,0.0,0.0,0.0,0.0,0.0
5.60013888889,285580.0,32633.0,8.75126405786,774.0,64379.0,65273.0,35.0,1729.0,3480.0,2672.0,6673.0,9230.0,7194.0,1478.0,146.0,27.0,4.0,0.0,0.0,0.0,0.0,0.0,0.0,0.0,0.0,0.0,0.0,0.0,0.0,0.0,0.0,0.0,0.0,0.0,0.0,0.0,0.0
5.60430555556,284056.0,32648.0,8.70056358736,774.0,64380.0,65276.0,32.0,1634.0,3644.0,2756.0,6657.0,9158.0,7244.0,1359.0,164.0,24.0,8.0,0.0,0.0,0.0,0.0,0.0,0.0,0.0,0.0,0.0,0.0,0.0,0.0,0.0,0.0,0.0,0.0,0.0,0.0,0.0,0.0
5.60847222222,281226.0,32641.0,8.61572868478,777.0,64380.0,65278.0,32.0,1734.0,3606.0,2802.0,6586.0,9169.0,7226.0,1344.0,148.0,19.0,7.0,0.0,0.0,0.0,0.0,0.0,0.0,0.0,0.0,0.0,0.0,0.0,0.0,0.0,0.0,0.0,0.0,0.0,0.0,0.0,0.0
5.61263888889,285840.0,32642.0,8.75681637155,774.0,64376.0,65276.0,38.0,1699.0,3562.0,2769.0,6687.0,9145.0,7118.0,1463.0,162.0,29.0,8.0,0.0,0.0,0.0,0.0,0.0,0.0,0.0,0.0,0.0,0.0,0.0,0.0,0.0,0.0,0.0,0.0,0.0,0.0,0.0,0.0
5.61680555556,282439.0,32655.0,8.64918082989,777.0,64377.0,65274.0,35.0,1712.0,3617.0,2843.0,6744.0,9104.0,7027.0,1413.0,161.0,26.0,8.0,0.0,0.0,0.0,0.0,0.0,0.0,0.0,0.0,0.0,0.0,0.0,0.0,0.0,0.0,0.0,0.0,0.0,0.0,0.0,0.0
5.62097222222,282637.0,32643.0,8.65842600251,775.0,64380.0,65272.0,35.0,1714.0,3609.0,2764.0,6641.0,9107.0,7304.0,1314.0,157.0,26.0,7.0,0.0,0.0,0.0,0.0,0.0,0.0,0.0,0.0,0.0,0.0,0.0,0.0,0.0,0.0,0.0,0.0,0.0,0.0,0.0,0.0
5.62513888889,284885.0,32652.0,8.72488668382,775.0,64377.0,65275.0,31.0,1799.0,3573.0,2654.0,6593.0,9258.0,7237.0,1346.0,147.0,33.0,12.0,0.0,0.0,0.0,0.0,0.0,0.0,0.0,0.0,0.0,0.0,0.0,0.0,0.0,0.0,0.0,0.0,0.0,0.0,0.0,0.0
5.62930555556,281564.0,32653.0,8.62291366796,775.0,64380.0,65278.0,33.0,1757.0,3634.0,2719.0,6645.0,9145.0,7221.0,1356.0,146.0,25.0,5.0,0.0,0.0,0.0,0.0,0.0,0.0,0.0,0.0,0.0,0.0,0.0,0.0,0.0,0.0,0.0,0.0,0.0,0.0,0.0,0.0
5.63347222222,281265.0,32661.0,8.61164691834,779.0,64380.0,65276.0,35.0,1776.0,3597.0,2736.0,6665.0,9140.0,7190.0,1379.0,151.0,26.0,1.0,0.0,0.0,0.0,0.0,0.0,0.0,0.0,0.0,0.0,0.0,0.0,0.0,0.0,0.0,0.0,0.0,0.0,0.0,0.0,0.0
5.63763888889,279646.0,32660.0,8.56233925291,774.0,64376.0,65287.0,30.0,1814.0,3658.0,2776.0,6623.0,9131.0,7111.0,1371.0,147.0,28.0,1.0,0.0,0.0,0.0,0.0,0.0,0.0,0.0,0.0,0.0,0.0,0.0,0.0,0.0,0.0,0.0,0.0,0.0,0.0,0.0,0.0
5.64180555556,279744.0,32662.0,8.56481538179,779.0,64377.0,65272.0,35.0,1723.0,3704.0,2898.0,6641.0,9008.0,7128.0,1383.0,152.0,22.0,3.0,0.0,0.0,0.0,0.0,0.0,0.0,0.0,0.0,0.0,0.0,0.0,0.0,0.0,0.0,0.0,0.0,0.0,0.0,0.0,0.0
5.64597222222,277920.0,32659.0,8.5097522888,779.0,64376.0,65276.0,31.0,1815.0,3708.0,2906.0,6488.0,9214.0,6966.0,1394.0,146.0,18.0,4.0,0.0,0.0,0.0,0.0,0.0,0.0,0.0,0.0,0.0,0.0,0.0,0.0,0.0,0.0,0.0,0.0,0.0,0.0,0.0,0.0
5.65013888889,277659.0,32663.0,8.50071946851,777.0,64377.0,65272.0,31.0,1691.0,3777.0,3115.0,6589.0,8828.0,7079.0,1408.0,159.0,17.0,0.0,0.0,0.0,0.0,0.0,0.0,0.0,0.0,0.0,0.0,0.0,0.0,0.0,0.0,0.0,0.0,0.0,0.0,0.0,0.0,0.0
5.65430555556,277527.0,32659.0,8.49771885238,780.0,64380.0,65276.0,31.0,1800.0,3729.0,3019.0,6382.0,8999.0,7258.0,1307.0,146.0,15.0,4.0,0.0,0.0,0.0,0.0,0.0,0.0,0.0,0.0,0.0,0.0,0.0,0.0,0.0,0.0,0.0,0.0,0.0,0.0,0.0,0.0
5.65847222222,278808.0,32664.0,8.53563556209,780.0,64383.0,65273.0,31.0,1812.0,3804.0,2908.0,6453.0,8984.0,7181.0,1341.0,154.0,24.0,3.0,0.0,0.0,0.0,0.0,0.0,0.0,0.0,0.0,0.0,0.0,0.0,0.0,0.0,0.0,0.0,0.0,0.0,0.0,0.0,0.0
5.66263888889,279254.0,32664.0,8.54928973794,780.0,64380.0,65273.0,31.0,1843.0,3758.0,3070.0,6393.0,8847.0,7191.0,1377.0,155.0,29.0,1.0,0.0,0.0,0.0,0.0,0.0,0.0,0.0,0.0,0.0,0.0,0.0,0.0,0.0,0.0,0.0,0.0,0.0,0.0,0.0,0.0
5.66680555556,281715.0,32670.0,8.6230486685,782.0,64380.0,65276.0,31.0,1732.0,3901.0,2951.0,6292.0,8955.0,7196.0,1468.0,155.0,16.0,4.0,0.0,0.0,0.0,0.0,0.0,0.0,0.0,0.0,0.0,0.0,0.0,0.0,0.0,0.0,0.0,0.0,0.0,0.0,0.0,0.0
5.67097222222,277313.0,32677.0,8.48648896778,785.0,64380.0,65276.0,31.0,1784.0,3755.0,3005.0,6443.0,9014.0,7168.0,1346.0,140.0,21.0,1.0,0.0,0.0,0.0,0.0,0.0,0.0,0.0,0.0,0.0,0.0,0.0,0.0,0.0,0.0,0.0,0.0,0.0,0.0,0.0,0.0
5.67513888889,275688.0,32668.0,8.43908411902,785.0,64376.0,65278.0,28.0,1844.0,3820.0,3206.0,6282.0,8981.0,7070.0,1272.0,165.0,24.0,4.0,0.0,0.0,0.0,0.0,0.0,0.0,0.0,0.0,0.0,0.0,0.0,0.0,0.0,0.0,0.0,0.0,0.0,0.0,0.0,0.0
5.67930555556,281387.0,32673.0,8.61221803936,782.0,64380.0,65276.0,33.0,1763.0,3871.0,2996.0,6291.0,8997.0,7181.0,1371.0,166.0,35.0,2.0,0.0,0.0,0.0,0.0,0.0,0.0,0.0,0.0,0.0,0.0,0.0,0.0,0.0,0.0,0.0,0.0,0.0,0.0,0.0,0.0
5.68347222222,281661.0,32678.0,8.61928514597,785.0,64377.0,65276.0,32.0,1750.0,3907.0,3113.0,6168.0,8819.0,7375.0,1360.0,155.0,24.0,7.0,0.0,0.0,0.0,0.0,0.0,0.0,0.0,0.0,0.0,0.0,0.0,0.0,0.0,0.0,0.0,0.0,0.0,0.0,0.0,0.0
5.68763888889,283107.0,32672.0,8.66512610186,785.0,64382.0,65276.0,32.0,1723.0,3823.0,3116.0,6057.0,8973.0,7317.0,1486.0,160.0,17.0,0.0,0.0,0.0,0.0,0.0,0.0,0.0,0.0,0.0,0.0,0.0,0.0,0.0,0.0,0.0,0.0,0.0,0.0,0.0,0.0,0.0
5.69180555556,279808.0,32682.0,8.56153234196,787.0,64380.0,65275.0,30.0,1714.0,3838.0,3209.0,6150.0,8937.0,7279.0,1377.0,158.0,18.0,2.0,0.0,0.0,0.0,0.0,0.0,0.0,0.0,0.0,0.0,0.0,0.0,0.0,0.0,0.0,0.0,0.0,0.0,0.0,0.0,0.0
5.69597222222,280250.0,32691.0,8.57269584901,787.0,64380.0,65272.0,35.0,1700.0,3958.0,3154.0,6002.0,9047.0,7328.0,1321.0,150.0,27.0,4.0,0.0,0.0,0.0,0.0,0.0,0.0,0.0,0.0,0.0,0.0,0.0,0.0,0.0,0.0,0.0,0.0,0.0,0.0,0.0,0.0
5.70013888889,282070.0,32684.0,8.63021661975,787.0,64377.0,65275.0,31.0,1788.0,3870.0,3220.0,6066.0,8867.0,7249.0,1431.0,167.0,20.0,6.0,0.0,0.0,0.0,0.0,0.0,0.0,0.0,0.0,0.0,0.0,0.0,0.0,0.0,0.0,0.0,0.0,0.0,0.0,0.0,0.0
5.70430555556,282163.0,32692.0,8.63094946776,787.0,64380.0,65274.0,38.0,1756.0,3801.0,3175.0,6011.0,9072.0,7284.0,1409.0,159.0,22.0,3.0,0.0,0.0,0.0,0.0,0.0,0.0,0.0,0.0,0.0,0.0,0.0,0.0,0.0,0.0,0.0,0.0,0.0,0.0,0.0,0.0
5.70847222222,281566.0,32686.0,8.61426910604,788.0,64377.0,65276.0,31.0,1755.0,3844.0,3283.0,6141.0,8742.0,7333.0,1410.0,144.0,29.0,5.0,0.0,0.0,0.0,0.0,0.0,0.0,0.0,0.0,0.0,0.0,0.0,0.0,0.0,0.0,0.0,0.0,0.0,0.0,0.0,0.0
5.71263888889,284547.0,32687.0,8.70520390369,787.0,64380.0,65275.0,28.0,1723.0,3885.0,3159.0,5834.0,9008.0,7464.0,1428.0,160.0,24.0,2.0,0.0,0.0,0.0,0.0,0.0,0.0,0.0,0.0,0.0,0.0,0.0,0.0,0.0,0.0,0.0,0.0,0.0,0.0,0.0,0.0
5.71680555556,282673.0,32685.0,8.64840140737,790.0,64380.0,65272.0,35.0,1693.0,3901.0,3288.0,5939.0,8955.0,7310.0,1414.0,150.0,31.0,4.0,0.0,0.0,0.0,0.0,0.0,0.0,0.0,0.0,0.0,0.0,0.0,0.0,0.0,0.0,0.0,0.0,0.0,0.0,0.0,0.0
5.72097222222,284404.0,32682.0,8.70216021051,788.0,64377.0,65276.0,30.0,1658.0,3796.0,3270.0,5931.0,8949.0,7500.0,1386.0,163.0,27.0,2.0,0.0,0.0,0.0,0.0,0.0,0.0,0.0,0.0,0.0,0.0,0.0,0.0,0.0,0.0,0.0,0.0,0.0,0.0,0.0,0.0
5.72513888889,284527.0,32692.0,8.70326073657,790.0,64384.0,65272.0,32.0,1715.0,3901.0,3245.0,5790.0,8944.0,7466.0,1460.0,139.0,30.0,2.0,0.0,0.0,0.0,0.0,0.0,0.0,0.0,0.0,0.0,0.0,0.0,0.0,0.0,0.0,0.0,0.0,0.0,0.0,0.0,0.0
5.72930555556,282496.0,32699.0,8.63928560506,790.0,64382.0,65276.0,31.0,1799.0,3736.0,3282.0,5889.0,8962.0,7455.0,1406.0,148.0,19.0,3.0,0.0,0.0,0.0,0.0,0.0,0.0,0.0,0.0,0.0,0.0,0.0,0.0,0.0,0.0,0.0,0.0,0.0,0.0,0.0,0.0
5.73347222222,282805.0,32703.0,8.6476775831,788.0,64382.0,65275.0,31.0,1757.0,3831.0,3207.0,5872.0,8948.0,7455.0,1483.0,136.0,12.0,2.0,0.0,0.0,0.0,0.0,0.0,0.0,0.0,0.0,0.0,0.0,0.0,0.0,0.0,0.0,0.0,0.0,0.0,0.0,0.0,0.0
5.73763888889,292145.0,32695.0,8.93546413825,792.0,64377.0,65276.0,31.0,1669.0,3721.0,3326.0,5709.0,8995.0,7578.0,1458.0,194.0,38.0,7.0,0.0,0.0,0.0,0.0,0.0,0.0,0.0,0.0,0.0,0.0,0.0,0.0,0.0,0.0,0.0,0.0,0.0,0.0,0.0,0.0
5.74180555556,288200.0,32701.0,8.8131861411,793.0,64382.0,65276.0,31.0,1656.0,3810.0,3447.0,5834.0,8718.0,7518.0,1502.0,197.0,11.0,8.0,0.0,0.0,0.0,0.0,0.0,0.0,0.0,0.0,0.0,0.0,0.0,0.0,0.0,0.0,0.0,0.0,0.0,0.0,0.0,0.0
5.74597222222,285253.0,32706.0,8.72173301535,793.0,64380.0,65272.0,33.0,1703.0,3755.0,3421.0,5594.0,8903.0,7716.0,1452.0,152.0,9.0,1.0,0.0,0.0,0.0,0.0,0.0,0.0,0.0,0.0,0.0,0.0,0.0,0.0,0.0,0.0,0.0,0.0,0.0,0.0,0.0,0.0
5.75013888889,295090.0,32694.0,9.02581513428,795.0,64380.0,65276.0,31.0,1619.0,3712.0,3369.0,5604.0,8928.0,7679.0,1561.0,181.0,32.0,9.0,0.0,0.0,0.0,0.0,0.0,0.0,0.0,0.0,0.0,0.0,0.0,0.0,0.0,0.0,0.0,0.0,0.0,0.0,0.0,0.0
5.75430555556,285839.0,32686.0,8.74499785841,795.0,64383.0,65272.0,32.0,1699.0,3821.0,3547.0,5655.0,8704.0,7571.0,1485.0,191.0,12.0,1.0,0.0,0.0,0.0,0.0,0.0,0.0,0.0,0.0,0.0,0.0,0.0,0.0,0.0,0.0,0.0,0.0,0.0,0.0,0.0,0.0
5.75847222222,236780.0,27281.0,8.67930061215,793.0,64380.0,65273.0,30.0,1303.0,3128.0,3104.0,4605.0,7288.0,6500.0,1254.0,95.0,4.0,0.0,0.0,0.0,0.0,0.0,0.0,0.0,0.0,0.0,0.0,0.0,0.0,0.0,0.0,0.0,0.0,0.0,0.0,0.0,0.0,0.0
5.77033564815,292619.0,32693.0,8.95050928333,798.0,64380.0,65273.0,38.0,1498.0,3709.0,3581.0,5497.0,8710.0,7924.0,1602.0,156.0,16.0,0.0,0.0,0.0,0.0,0.0,0.0,0.0,0.0,0.0,0.0,0.0,0.0,0.0,0.0,0.0,0.0,0.0,0.0,0.0,0.0,0.0
5.77450231481,287286.0,32707.0,8.78362430061,798.0,64392.0,65272.0,35.0,1609.0,3726.0,3646.0,5353.0,8917.0,7818.0,1480.0,145.0,12.0,1.0,0.0,0.0,0.0,0.0,0.0,0.0,0.0,0.0,0.0,0.0,0.0,0.0,0.0,0.0,0.0,0.0,0.0,0.0,0.0,0.0
5.77866898148,290402.0,32715.0,8.87672321565,800.0,64379.0,65276.0,32.0,1495.0,3760.0,3589.0,5476.0,8839.0,7832.0,1577.0,127.0,17.0,3.0,0.0,0.0,0.0,0.0,0.0,0.0,0.0,0.0,0.0,0.0,0.0,0.0,0.0,0.0,0.0,0.0,0.0,0.0,0.0,0.0
5.78283564815,297616.0,32722.0,9.09528757411,798.0,64383.0,65276.0,35.0,1488.0,3586.0,3553.0,5287.0,9002.0,8012.0,1615.0,149.0,26.0,4.0,0.0,0.0,0.0,0.0,0.0,0.0,0.0,0.0,0.0,0.0,0.0,0.0,0.0,0.0,0.0,0.0,0.0,0.0,0.0,0.0
5.78700231481,296195.0,32703.0,9.05712014188,800.0,64380.0,65273.0,33.0,1466.0,3607.0,3642.0,5160.0,9077.0,7993.0,1571.0,163.0,21.0,3.0,0.0,0.0,0.0,0.0,0.0,0.0,0.0,0.0,0.0,0.0,0.0,0.0,0.0,0.0,0.0,0.0,0.0,0.0,0.0,0.0
5.79116898148,297823.0,32715.0,9.10356105762,798.0,64384.0,65273.0,33.0,1434.0,3593.0,3631.0,5170.0,9008.0,8057.0,1645.0,156.0,21.0,0.0,0.0,0.0,0.0,0.0,0.0,0.0,0.0,0.0,0.0,0.0,0.0,0.0,0.0,0.0,0.0,0.0,0.0,0.0,0.0,0.0
5.79533564815,300279.0,32710.0,9.18003668603,800.0,64379.0,65272.0,33.0,1434.0,3489.0,3735.0,4958.0,8994.0,8250.0,1706.0,121.0,21.0,2.0,0.0,0.0,0.0,0.0,0.0,0.0,0.0,0.0,0.0,0.0,0.0,0.0,0.0,0.0,0.0,0.0,0.0,0.0,0.0,0.0
5.79950231481,303480.0,32720.0,9.27506112469,801.0,64380.0,65272.0,35.0,1266.0,3478.0,3527.0,5065.0,9174.0,8344.0,1708.0,142.0,16.0,0.0,0.0,0.0,0.0,0.0,0.0,0.0,0.0,0.0,0.0,0.0,0.0,0.0,0.0,0.0,0.0,0.0,0.0,0.0,0.0,0.0
5.80366898148,300783.0,32715.0,9.19403943145,800.0,64380.0,65276.0,36.0,1401.0,3503.0,3696.0,5098.0,8933.0,8299.0,1597.0,161.0,24.0,3.0,0.0,0.0,0.0,0.0,0.0,0.0,0.0,0.0,0.0,0.0,0.0,0.0,0.0,0.0,0.0,0.0,0.0,0.0,0.0,0.0
5.80783564815,301539.0,32714.0,9.21742984655,801.0,64380.0,65276.0,32.0,1405.0,3401.0,3581.0,5058.0,9283.0,8170.0,1639.0,150.0,25.0,2.0,0.0,0.0,0.0,0.0,0.0,0.0,0.0,0.0,0.0,0.0,0.0,0.0,0.0,0.0,0.0,0.0,0.0,0.0,0.0,0.0
5.81200231481,306017.0,32727.0,9.35059736609,800.0,64379.0,65267.0,30.0,1306.0,3435.0,3531.0,4978.0,9123.0,8518.0,1661.0,152.0,19.0,4.0,0.0,0.0,0.0,0.0,0.0,0.0,0.0,0.0,0.0,0.0,0.0,0.0,0.0,0.0,0.0,0.0,0.0,0.0,0.0,0.0
5.81616898148,305191.0,32722.0,9.32678320396,801.0,64383.0,65275.0,31.0,1259.0,3351.0,3560.0,5048.0,9118.0,8533.0,1701.0,138.0,14.0,0.0,0.0,0.0,0.0,0.0,0.0,0.0,0.0,0.0,0.0,0.0,0.0,0.0,0.0,0.0,0.0,0.0,0.0,0.0,0.0,0.0
5.82033564815,310117.0,32720.0,9.47790342298,801.0,64377.0,65276.0,35.0,1284.0,3303.0,3571.0,4874.0,9218.0,8468.0,1813.0,176.0,13.0,0.0,0.0,0.0,0.0,0.0,0.0,0.0,0.0,0.0,0.0,0.0,0.0,0.0,0.0,0.0,0.0,0.0,0.0,0.0,0.0,0.0
5.82450231481,309642.0,32720.0,9.46338630807,801.0,64382.0,65272.0,38.0,1304.0,3234.0,3606.0,4897.0,9179.0,8564.0,1765.0,144.0,27.0,0.0,0.0,0.0,0.0,0.0,0.0,0.0,0.0,0.0,0.0,0.0,0.0,0.0,0.0,0.0,0.0,0.0,0.0,0.0,0.0,0.0
5.82866898148,307978.0,32730.0,9.40965475099,801.0,64382.0,65276.0,32.0,1243.0,3374.0,3490.0,5004.0,9189.0,8520.0,1748.0,139.0,23.0,0.0,0.0,0.0,0.0,0.0,0.0,0.0,0.0,0.0,0.0,0.0,0.0,0.0,0.0,0.0,0.0,0.0,0.0,0.0,0.0,0.0
5.83283564815,311461.0,32720.0,9.5189792176,801.0,64380.0,65276.0,31.0,1218.0,3201.0,3450.0,4956.0,9312.0,8678.0,1725.0,159.0,20.0,1.0,0.0,0.0,0.0,0.0,0.0,0.0,0.0,0.0,0.0,0.0,0.0,0.0,0.0,0.0,0.0,0.0,0.0,0.0,0.0,0.0
5.83700231481,311902.0,32721.0,9.53216588735,803.0,64380.0,65278.0,31.0,1281.0,3260.0,3485.0,4830.0,9318.0,8582.0,1789.0,147.0,28.0,1.0,0.0,0.0,0.0,0.0,0.0,0.0,0.0,0.0,0.0,0.0,0.0,0.0,0.0,0.0,0.0,0.0,0.0,0.0,0.0,0.0
5.84116898148,310734.0,32716.0,9.4979215063,801.0,64377.0,65275.0,35.0,1322.0,3250.0,3520.0,4899.0,9158.0,8562.0,1860.0,121.0,22.0,2.0,0.0,0.0,0.0,0.0,0.0,0.0,0.0,0.0,0.0,0.0,0.0,0.0,0.0,0.0,0.0,0.0,0.0,0.0,0.0,0.0
5.84533564815,314631.0,32728.0,9.61351136641,801.0,64380.0,65275.0,26.0,1185.0,3175.0,3626.0,4797.0,9219.0,8732.0,1800.0,174.0,18.0,2.0,0.0,0.0,0.0,0.0,0.0,0.0,0.0,0.0,0.0,0.0,0.0,0.0,0.0,0.0,0.0,0.0,0.0,0.0,0.0,0.0
5.84950231481,313231.0,32721.0,9.57278200544,803.0,64383.0,65272.0,35.0,1274.0,3165.0,3563.0,4783.0,9360.0,8540.0,1875.0,132.0,28.0,1.0,0.0,0.0,0.0,0.0,0.0,0.0,0.0,0.0,0.0,0.0,0.0,0.0,0.0,0.0,0.0,0.0,0.0,0.0,0.0,0.0
5.85366898148,314890.0,32731.0,9.62054321591,801.0,64383.0,65272.0,28.0,1205.0,3154.0,3534.0,4797.0,9265.0,8746.0,1872.0,138.0,19.0,1.0,0.0,0.0,0.0,0.0,0.0,0.0,0.0,0.0,0.0,0.0,0.0,0.0,0.0,0.0,0.0,0.0,0.0,0.0,0.0,0.0
5.85783564815,317731.0,32729.0,9.70793485899,801.0,64380.0,65273.0,31.0,1173.0,3205.0,3439.0,4780.0,9202.0,8864.0,1908.0,134.0,21.0,3.0,0.0,0.0,0.0,0.0,0.0,0.0,0.0,0.0,0.0,0.0,0.0,0.0,0.0,0.0,0.0,0.0,0.0,0.0,0.0,0.0
5.86200231481,311097.0,32726.0,9.50611134877,801.0,64382.0,65278.0,31.0,1258.0,3141.0,3600.0,4847.0,9253.0,8755.0,1706.0,138.0,26.0,2.0,0.0,0.0,0.0,0.0,0.0,0.0,0.0,0.0,0.0,0.0,0.0,0.0,0.0,0.0,0.0,0.0,0.0,0.0,0.0,0.0
5.86616898148,314424.0,32729.0,9.60689296954,801.0,64382.0,65273.0,31.0,1223.0,3162.0,3451.0,4838.0,9374.0,8680.0,1833.0,141.0,27.0,0.0,0.0,0.0,0.0,0.0,0.0,0.0,0.0,0.0,0.0,0.0,0.0,0.0,0.0,0.0,0.0,0.0,0.0,0.0,0.0,0.0
5.87033564815,317604.0,32731.0,9.70346155021,801.0,64380.0,65273.0,31.0,1136.0,3154.0,3357.0,4840.0,9489.0,8711.0,1850.0,173.0,20.0,1.0,0.0,0.0,0.0,0.0,0.0,0.0,0.0,0.0,0.0,0.0,0.0,0.0,0.0,0.0,0.0,0.0,0.0,0.0,0.0,0.0
5.87450231481,319201.0,32729.0,9.75284915518,803.0,64384.0,65276.0,32.0,1110.0,3043.0,3439.0,4738.0,9485.0,8837.0,1913.0,149.0,12.0,3.0,0.0,0.0,0.0,0.0,0.0,0.0,0.0,0.0,0.0,0.0,0.0,0.0,0.0,0.0,0.0,0.0,0.0,0.0,0.0,0.0
5.87866898148,315892.0,32732.0,9.65086154222,803.0,64384.0,65272.0,31.0,1185.0,3026.0,3593.0,4680.0,9442.0,8818.0,1832.0,135.0,18.0,3.0,0.0,0.0,0.0,0.0,0.0,0.0,0.0,0.0,0.0,0.0,0.0,0.0,0.0,0.0,0.0,0.0,0.0,0.0,0.0,0.0
5.88283564815,319247.0,32728.0,9.75455267661,803.0,64377.0,65279.0,30.0,1125.0,3073.0,3437.0,4729.0,9290.0,9036.0,1886.0,130.0,22.0,0.0,0.0,0.0,0.0,0.0,0.0,0.0,0.0,0.0,0.0,0.0,0.0,0.0,0.0,0.0,0.0,0.0,0.0,0.0,0.0,0.0
5.88700231481,319422.0,32728.0,9.75989978,806.0,64380.0,65272.0,30.0,1131.0,3114.0,3482.0,4602.0,9469.0,8899.0,1867.0,130.0,31.0,3.0,0.0,0.0,0.0,0.0,0.0,0.0,0.0,0.0,0.0,0.0,0.0,0.0,0.0,0.0,0.0,0.0,0.0,0.0,0.0,0.0
5.89116898148,313676.0,32725.0,9.58521008403,801.0,64383.0,65274.0,32.0,1166.0,3104.0,3514.0,4736.0,9453.0,8823.0,1795.0,114.0,16.0,4.0,0.0,0.0,0.0,0.0,0.0,0.0,0.0,0.0,0.0,0.0,0.0,0.0,0.0,0.0,0.0,0.0,0.0,0.0,0.0,0.0
5.89533564815,313492.0,32725.0,9.57958747135,801.0,64384.0,65276.0,35.0,1199.0,3166.0,3623.0,4682.0,9246.0,8809.0,1864.0,121.0,14.0,1.0,0.0,0.0,0.0,0.0,0.0,0.0,0.0,0.0,0.0,0.0,0.0,0.0,0.0,0.0,0.0,0.0,0.0,0.0,0.0,0.0
5.89950231481,315219.0,32733.0,9.63000641554,803.0,64379.0,65276.0,28.0,1177.0,3011.0,3450.0,4719.0,9350.0,9065.0,1855.0,101.0,4.0,1.0,0.0,0.0,0.0,0.0,0.0,0.0,0.0,0.0,0.0,0.0,0.0,0.0,0.0,0.0,0.0,0.0,0.0,0.0,0.0,0.0
5.90366898148,317935.0,32723.0,9.71594902668,801.0,64383.0,65273.0,31.0,1171.0,2979.0,3382.0,4672.0,9500.0,9074.0,1789.0,139.0,17.0,0.0,0.0,0.0,0.0,0.0,0.0,0.0,0.0,0.0,0.0,0.0,0.0,0.0,0.0,0.0,0.0,0.0,0.0,0.0,0.0,0.0
5.90783564815,314867.0,32725.0,9.62160427807,801.0,64380.0,65275.0,33.0,1203.0,3113.0,3335.0,4799.0,9454.0,8855.0,1823.0,126.0,17.0,0.0,0.0,0.0,0.0,0.0,0.0,0.0,0.0,0.0,0.0,0.0,0.0,0.0,0.0,0.0,0.0,0.0,0.0,0.0,0.0,0.0
5.91200231481,316703.0,32732.0,9.67563851888,801.0,64384.0,65276.0,28.0,1178.0,3131.0,3564.0,4745.0,9265.0,8838.0,1838.0,149.0,20.0,4.0,0.0,0.0,0.0,0.0,0.0,0.0,0.0,0.0,0.0,0.0,0.0,0.0,0.0,0.0,0.0,0.0,0.0,0.0,0.0,0.0
5.91616898148,315505.0,32717.0,9.64345752972,801.0,64380.0,65272.0,31.0,1174.0,3071.0,3525.0,4666.0,9508.0,8826.0,1778.0,144.0,24.0,1.0,0.0,0.0,0.0,0.0,0.0,0.0,0.0,0.0,0.0,0.0,0.0,0.0,0.0,0.0,0.0,0.0,0.0,0.0,0.0,0.0
5.92033564815,317457.0,32729.0,9.69956307862,801.0,64380.0,65275.0,31.0,1159.0,3145.0,3424.0,4808.0,9357.0,8826.0,1813.0,175.0,21.0,1.0,0.0,0.0,0.0,0.0,0.0,0.0,0.0,0.0,0.0,0.0,0.0,0.0,0.0,0.0,0.0,0.0,0.0,0.0,0.0,0.0
5.92450231481,321608.0,32716.0,9.83029710234,801.0,64383.0,65272.0,32.0,1081.0,3040.0,3438.0,4521.0,9503.0,9071.0,1882.0,169.0,11.0,0.0,0.0,0.0,0.0,0.0,0.0,0.0,0.0,0.0,0.0,0.0,0.0,0.0,0.0,0.0,0.0,0.0,0.0,0.0,0.0,0.0
5.92866898148,322347.0,32725.0,9.85017570665,801.0,64377.0,65276.0,30.0,1129.0,3083.0,3262.0,4673.0,9374.0,9129.0,1919.0,133.0,22.0,1.0,0.0,0.0,0.0,0.0,0.0,0.0,0.0,0.0,0.0,0.0,0.0,0.0,0.0,0.0,0.0,0.0,0.0,0.0,0.0,0.0
5.93283564815,321642.0,32717.0,9.83103585292,801.0,64382.0,65273.0,31.0,1132.0,2870.0,3412.0,4731.0,9418.0,9113.0,1888.0,131.0,20.0,2.0,0.0,0.0,0.0,0.0,0.0,0.0,0.0,0.0,0.0,0.0,0.0,0.0,0.0,0.0,0.0,0.0,0.0,0.0,0.0,0.0
5.93700231481,321669.0,32726.0,9.829157245,804.0,64382.0,65272.0,32.0,1120.0,2953.0,3342.0,4728.0,9510.0,9043.0,1861.0,142.0,25.0,2.0,0.0,0.0,0.0,0.0,0.0,0.0,0.0,0.0,0.0,0.0,0.0,0.0,0.0,0.0,0.0,0.0,0.0,0.0,0.0,0.0
5.94116898148,318720.0,32720.0,9.74083129584,801.0,64376.0,65279.0,31.0,1111.0,3092.0,3296.0,4795.0,9560.0,8808.0,1884.0,158.0,16.0,0.0,0.0,0.0,0.0,0.0,0.0,0.0,0.0,0.0,0.0,0.0,0.0,0.0,0.0,0.0,0.0,0.0,0.0,0.0,0.0,0.0
5.94533564815,321054.0,32717.0,9.81306354495,801.0,64390.0,65272.0,35.0,1124.0,3050.0,3400.0,4601.0,9462.0,9073.0,1838.0,141.0,24.0,4.0,0.0,0.0,0.0,0.0,0.0,0.0,0.0,0.0,0.0,0.0,0.0,0.0,0.0,0.0,0.0,0.0,0.0,0.0,0.0,0.0
5.94950231481,323335.0,32721.0,9.88157452401,801.0,64384.0,65278.0,31.0,1083.0,2891.0,3382.0,4662.0,9483.0,9178.0,1874.0,149.0,16.0,3.0,0.0,0.0,0.0,0.0,0.0,0.0,0.0,0.0,0.0,0.0,0.0,0.0,0.0,0.0,0.0,0.0,0.0,0.0,0.0,0.0
5.95366898148,321722.0,32714.0,9.83438283304,801.0,64382.0,65273.0,31.0,1060.0,2978.0,3340.0,4702.0,9439.0,9149.0,1886.0,150.0,9.0,1.0,0.0,0.0,0.0,0.0,0.0,0.0,0.0,0.0,0.0,0.0,0.0,0.0,0.0,0.0,0.0,0.0,0.0,0.0,0.0,0.0
5.95783564815,323488.0,32718.0,9.88715691668,801.0,64382.0,65274.0,33.0,1083.0,2914.0,3305.0,4749.0,9539.0,9044.0,1917.0,145.0,18.0,4.0,0.0,0.0,0.0,0.0,0.0,0.0,0.0,0.0,0.0,0.0,0.0,0.0,0.0,0.0,0.0,0.0,0.0,0.0,0.0,0.0
5.96200231481,322783.0,32730.0,9.86199205622,801.0,64379.0,65273.0,30.0,1065.0,3011.0,3348.0,4641.0,9438.0,9174.0,1899.0,131.0,22.0,1.0,0.0,0.0,0.0,0.0,0.0,0.0,0.0,0.0,0.0,0.0,0.0,0.0,0.0,0.0,0.0,0.0,0.0,0.0,0.0,0.0
5.96616898148,320299.0,32711.0,9.79178258078,801.0,64380.0,65275.0,33.0,1087.0,2937.0,3383.0,4633.0,9682.0,8995.0,1831.0,141.0,20.0,2.0,0.0,0.0,0.0,0.0,0.0,0.0,0.0,0.0,0.0,0.0,0.0,0.0,0.0,0.0,0.0,0.0,0.0,0.0,0.0,0.0
5.97033564815,321278.0,32717.0,9.81991013846,800.0,64379.0,65272.0,33.0,1110.0,2962.0,3494.0,4568.0,9392.0,9184.0,1852.0,131.0,22.0,2.0,0.0,0.0,0.0,0.0,0.0,0.0,0.0,0.0,0.0,0.0,0.0,0.0,0.0,0.0,0.0,0.0,0.0,0.0,0.0,0.0
5.97450231481,325670.0,32718.0,9.95384803472,798.0,64382.0,65272.0,39.0,1024.0,2930.0,3296.0,4705.0,9544.0,9109.0,1933.0,147.0,29.0,1.0,0.0,0.0,0.0,0.0,0.0,0.0,0.0,0.0,0.0,0.0,0.0,0.0,0.0,0.0,0.0,0.0,0.0,0.0,0.0,0.0
5.97866898148,324484.0,32720.0,9.91699266504,800.0,64382.0,65276.0,31.0,1070.0,2814.0,3431.0,4674.0,9440.0,9225.0,1915.0,121.0,29.0,1.0,0.0,0.0,0.0,0.0,0.0,0.0,0.0,0.0,0.0,0.0,0.0,0.0,0.0,0.0,0.0,0.0,0.0,0.0,0.0,0.0
5.98283564815,322470.0,32717.0,9.8563437968,798.0,64380.0,65273.0,32.0,1108.0,2838.0,3402.0,4545.0,9567.0,9258.0,1851.0,130.0,17.0,1.0,0.0,0.0,0.0,0.0,0.0,0.0,0.0,0.0,0.0,0.0,0.0,0.0,0.0,0.0,0.0,0.0,0.0,0.0,0.0,0.0
5.98700231481,326432.0,32713.0,9.97866291688,798.0,64383.0,65276.0,31.0,1024.0,2904.0,3324.0,4674.0,9447.0,9267.0,1903.0,138.0,28.0,4.0,0.0,0.0,0.0,0.0,0.0,0.0,0.0,0.0,0.0,0.0,0.0,0.0,0.0,0.0,0.0,0.0,0.0,0.0,0.0,0.0
5.99116898148,322184.0,32717.0,9.84760216401,798.0,64380.0,65273.0,28.0,1086.0,2904.0,3392.0,4618.0,9545.0,9172.0,1846.0,123.0,31.0,0.0,0.0,0.0,0.0,0.0,0.0,0.0,0.0,0.0,0.0,0.0,0.0,0.0,0.0,0.0,0.0,0.0,0.0,0.0,0.0,0.0
5.99533564815,321225.0,32722.0,9.81678992727,800.0,64380.0,65272.0,33.0,1029.0,3011.0,3397.0,4641.0,9539.0,9056.0,1899.0,132.0,17.0,1.0,0.0,0.0,0.0,0.0,0.0,0.0,0.0,0.0,0.0,0.0,0.0,0.0,0.0,0.0,0.0,0.0,0.0,0.0,0.0,0.0
5.99950231481,319887.0,32714.0,9.77829064009,800.0,64383.0,65275.0,32.0,1077.0,3005.0,3475.0,4617.0,9513.0,9058.0,1793.0,150.0,25.0,1.0,0.0,0.0,0.0,0.0,0.0,0.0,0.0,0.0,0.0,0.0,0.0,0.0,0.0,0.0,0.0,0.0,0.0,0.0,0.0,0.0
6.00366898148,314907.0,32716.0,9.6254737743,798.0,64380.0,65271.0,38.0,1138.0,3085.0,3557.0,4649.0,9534.0,8845.0,1745.0,135.0,26.0,2.0,0.0,0.0,0.0,0.0,0.0,0.0,0.0,0.0,0.0,0.0,0.0,0.0,0.0,0.0,0.0,0.0,0.0,0.0,0.0,0.0
6.00783564815,318512.0,32708.0,9.73804573805,800.0,64380.0,65272.0,32.0,1088.0,3006.0,3507.0,4619.0,9490.0,9001.0,1836.0,147.0,13.0,1.0,0.0,0.0,0.0,0.0,0.0,0.0,0.0,0.0,0.0,0.0,0.0,0.0,0.0,0.0,0.0,0.0,0.0,0.0,0.0,0.0
6.01200231481,320521.0,32716.0,9.79707176916,798.0,64380.0,65273.0,28.0,1067.0,2909.0,3362.0,4690.0,9516.0,9234.0,1795.0,121.0,20.0,2.0,0.0,0.0,0.0,0.0,0.0,0.0,0.0,0.0,0.0,0.0,0.0,0.0,0.0,0.0,0.0,0.0,0.0,0.0,0.0,0.0
6.01616898148,320079.0,32702.0,9.78774998471,796.0,64380.0,65278.0,30.0,1047.0,2903.0,3420.0,4734.0,9467.0,9199.0,1772.0,136.0,24.0,0.0,0.0,0.0,0.0,0.0,0.0,0.0,0.0,0.0,0.0,0.0,0.0,0.0,0.0,0.0,0.0,0.0,0.0,0.0,0.0,0.0
6.02033564815,323675.0,32703.0,9.89741002355,798.0,64383.0,65273.0,28.0,1048.0,2837.0,3513.0,4575.0,9511.0,9248.0,1789.0,150.0,28.0,4.0,0.0,0.0,0.0,0.0,0.0,0.0,0.0,0.0,0.0,0.0,0.0,0.0,0.0,0.0,0.0,0.0,0.0,0.0,0.0,0.0
6.02450231481,323797.0,32710.0,9.8990217059,793.0,64380.0,65272.0,31.0,1033.0,2897.0,3366.0,4566.0,9586.0,9267.0,1819.0,155.0,20.0,1.0,0.0,0.0,0.0,0.0,0.0,0.0,0.0,0.0,0.0,0.0,0.0,0.0,0.0,0.0,0.0,0.0,0.0,0.0,0.0,0.0
6.02866898148,325317.0,32702.0,9.94792367439,796.0,64380.0,65276.0,36.0,1043.0,2819.0,3413.0,4540.0,9559.0,9301.0,1857.0,144.0,24.0,2.0,0.0,0.0,0.0,0.0,0.0,0.0,0.0,0.0,0.0,0.0,0.0,0.0,0.0,0.0,0.0,0.0,0.0,0.0,0.0,0.0
6.03283564815,326111.0,32705.0,9.97128879376,795.0,64382.0,65272.0,31.0,1019.0,2863.0,3400.0,4544.0,9484.0,9358.0,1875.0,136.0,21.0,5.0,0.0,0.0,0.0,0.0,0.0,0.0,0.0,0.0,0.0,0.0,0.0,0.0,0.0,0.0,0.0,0.0,0.0,0.0,0.0,0.0
6.03700231481,324141.0,32704.0,9.911356409,795.0,64376.0,65276.0,28.0,1026.0,2783.0,3375.0,4618.0,9573.0,9334.0,1834.0,142.0,19.0,0.0,0.0,0.0,0.0,0.0,0.0,0.0,0.0,0.0,0.0,0.0,0.0,0.0,0.0,0.0,0.0,0.0,0.0,0.0,0.0,0.0
6.04116898148,325275.0,32693.0,9.94937754259,793.0,64384.0,65272.0,38.0,1036.0,2759.0,3408.0,4515.0,9653.0,9334.0,1821.0,140.0,24.0,3.0,0.0,0.0,0.0,0.0,0.0,0.0,0.0,0.0,0.0,0.0,0.0,0.0,0.0,0.0,0.0,0.0,0.0,0.0,0.0,0.0
6.04533564815,329932.0,32700.0,10.0896636086,795.0,64380.0,65273.0,31.0,984.0,2796.0,3174.0,4699.0,9623.0,9305.0,1933.0,153.0,31.0,2.0,0.0,0.0,0.0,0.0,0.0,0.0,0.0,0.0,0.0,0.0,0.0,0.0,0.0,0.0,0.0,0.0,0.0,0.0,0.0,0.0
6.04950231481,323874.0,32705.0,9.90288946644,793.0,64380.0,65276.0,33.0,1014.0,2748.0,3419.0,4648.0,9584.0,9319.0,1807.0,145.0,20.0,1.0,0.0,0.0,0.0,0.0,0.0,0.0,0.0,0.0,0.0,0.0,0.0,0.0,0.0,0.0,0.0,0.0,0.0,0.0,0.0,0.0
6.05366898148,320721.0,32723.0,9.80108791981,793.0,64383.0,65272.0,28.0,1036.0,2835.0,3519.0,4598.0,9599.0,9205.0,1769.0,142.0,19.0,1.0,0.0,0.0,0.0,0.0,0.0,0.0,0.0,0.0,0.0,0.0,0.0,0.0,0.0,0.0,0.0,0.0,0.0,0.0,0.0,0.0
6.05783564815,317220.0,32721.0,9.69469148253,793.0,64384.0,65273.0,33.0,1026.0,2876.0,3474.0,4639.0,9677.0,9176.0,1731.0,104.0,16.0,2.0,0.0,0.0,0.0,0.0,0.0,0.0,0.0,0.0,0.0,0.0,0.0,0.0,0.0,0.0,0.0,0.0,0.0,0.0,0.0,0.0
6.06200231481,320165.0,32697.0,9.79187693061,793.0,64382.0,65272.0,31.0,1036.0,2877.0,3474.0,4717.0,9472.0,9163.0,1797.0,147.0,11.0,3.0,0.0,0.0,0.0,0.0,0.0,0.0,0.0,0.0,0.0,0.0,0.0,0.0,0.0,0.0,0.0,0.0,0.0,0.0,0.0,0.0
6.06616898148,312217.0,32692.0,9.55025694359,793.0,64381.0,65275.0,31.0,1067.0,2981.0,3490.0,4798.0,9607.0,8928.0,1694.0,119.0,4.0,4.0,0.0,0.0,0.0,0.0,0.0,0.0,0.0,0.0,0.0,0.0,0.0,0.0,0.0,0.0,0.0,0.0,0.0,0.0,0.0,0.0
6.07033564815,317360.0,32725.0,9.69778456837,792.0,64380.0,65272.0,33.0,1052.0,3014.0,3575.0,4577.0,9483.0,9084.0,1805.0,119.0,14.0,2.0,0.0,0.0,0.0,0.0,0.0,0.0,0.0,0.0,0.0,0.0,0.0,0.0,0.0,0.0,0.0,0.0,0.0,0.0,0.0,0.0
6.07450231481,317998.0,32691.0,9.72738674253,793.0,64383.0,65275.0,30.0,1105.0,2810.0,3380.0,4663.0,9594.0,9192.0,1843.0,99.0,5.0,0.0,0.0,0.0,0.0,0.0,0.0,0.0,0.0,0.0,0.0,0.0,0.0,0.0,0.0,0.0,0.0,0.0,0.0,0.0,0.0,0.0
6.07866898148,323688.0,32732.0,9.88903825003,793.0,64379.0,65272.0,31.0,1033.0,2836.0,3362.0,4546.0,9533.0,9438.0,1842.0,132.0,10.0,0.0,0.0,0.0,0.0,0.0,0.0,0.0,0.0,0.0,0.0,0.0,0.0,0.0,0.0,0.0,0.0,0.0,0.0,0.0,0.0,0.0
6.08283564815,329088.0,32732.0,10.0540144201,788.0,64380.0,65272.0,31.0,934.0,2722.0,3409.0,4657.0,9529.0,9433.0,1869.0,146.0,30.0,3.0,0.0,0.0,0.0,0.0,0.0,0.0,0.0,0.0,0.0,0.0,0.0,0.0,0.0,0.0,0.0,0.0,0.0,0.0,0.0,0.0
6.08700231481,327185.0,32714.0,10.0013755579,790.0,64380.0,65272.0,30.0,1003.0,2755.0,3313.0,4611.0,9608.0,9366.0,1878.0,164.0,16.0,0.0,0.0,0.0,0.0,0.0,0.0,0.0,0.0,0.0,0.0,0.0,0.0,0.0,0.0,0.0,0.0,0.0,0.0,0.0,0.0,0.0
6.09116898148,322608.0,32702.0,9.8650847043,790.0,64377.0,65276.0,28.0,984.0,2730.0,3381.0,4623.0,9640.0,9472.0,1729.0,122.0,20.0,1.0,0.0,0.0,0.0,0.0,0.0,0.0,0.0,0.0,0.0,0.0,0.0,0.0,0.0,0.0,0.0,0.0,0.0,0.0,0.0,0.0
6.09533564815,326880.0,32703.0,9.99541326484,788.0,64379.0,65276.0,31.0,1027.0,2696.0,3514.0,4403.0,9629.0,9437.0,1815.0,158.0,22.0,2.0,0.0,0.0,0.0,0.0,0.0,0.0,0.0,0.0,0.0,0.0,0.0,0.0,0.0,0.0,0.0,0.0,0.0,0.0,0.0,0.0
6.09950231481,330787.0,32694.0,10.1176668502,793.0,64382.0,65273.0,31.0,936.0,2717.0,3231.0,4554.0,9660.0,9512.0,1908.0,157.0,16.0,3.0,0.0,0.0,0.0,0.0,0.0,0.0,0.0,0.0,0.0,0.0,0.0,0.0,0.0,0.0,0.0,0.0,0.0,0.0,0.0,0.0
6.10366898148,330106.0,32694.0,10.0968373402,790.0,64377.0,65272.0,39.0,941.0,2656.0,3313.0,4668.0,9531.0,9525.0,1887.0,147.0,23.0,3.0,0.0,0.0,0.0,0.0,0.0,0.0,0.0,0.0,0.0,0.0,0.0,0.0,0.0,0.0,0.0,0.0,0.0,0.0,0.0,0.0
6.10783564815,325158.0,32684.0,9.94853751071,790.0,64382.0,65276.0,32.0,984.0,2744.0,3289.0,4615.0,9648.0,9456.0,1793.0,134.0,19.0,2.0,0.0,0.0,0.0,0.0,0.0,0.0,0.0,0.0,0.0,0.0,0.0,0.0,0.0,0.0,0.0,0.0,0.0,0.0,0.0,0.0
6.11200231481,328237.0,32689.0,10.0412065221,787.0,64383.0,65276.0,31.0,925.0,2709.0,3316.0,4598.0,9669.0,9413.0,1897.0,141.0,20.0,1.0,0.0,0.0,0.0,0.0,0.0,0.0,0.0,0.0,0.0,0.0,0.0,0.0,0.0,0.0,0.0,0.0,0.0,0.0,0.0,0.0
6.11616898148,327652.0,32685.0,10.0245372495,787.0,64384.0,65276.0,34.0,1034.0,2718.0,3405.0,4487.0,9526.0,9434.0,1926.0,136.0,17.0,2.0,0.0,0.0,0.0,0.0,0.0,0.0,0.0,0.0,0.0,0.0,0.0,0.0,0.0,0.0,0.0,0.0,0.0,0.0,0.0,0.0
6.12033564815,327927.0,32687.0,10.0323370147,787.0,64380.0,65276.0,35.0,948.0,2673.0,3261.0,4603.0,9568.0,9626.0,1852.0,148.0,8.0,0.0,0.0,0.0,0.0,0.0,0.0,0.0,0.0,0.0,0.0,0.0,0.0,0.0,0.0,0.0,0.0,0.0,0.0,0.0,0.0,0.0
6.12450231481,330690.0,32682.0,10.1184138058,788.0,64380.0,65276.0,32.0,898.0,2640.0,3387.0,4567.0,9512.0,9654.0,1846.0,153.0,22.0,3.0,0.0,0.0,0.0,0.0,0.0,0.0,0.0,0.0,0.0,0.0,0.0,0.0,0.0,0.0,0.0,0.0,0.0,0.0,0.0,0.0
6.12866898148,331799.0,32690.0,10.1498623432,787.0,64384.0,65273.0,33.0,876.0,2683.0,3364.0,4637.0,9452.0,9616.0,1880.0,150.0,28.0,4.0,0.0,0.0,0.0,0.0,0.0,0.0,0.0,0.0,0.0,0.0,0.0,0.0,0.0,0.0,0.0,0.0,0.0,0.0,0.0,0.0
6.13283564815,326569.0,32686.0,9.99109710579,787.0,64382.0,65272.0,31.0,962.0,2663.0,3359.0,4647.0,9539.0,9543.0,1821.0,131.0,19.0,2.0,0.0,0.0,0.0,0.0,0.0,0.0,0.0,0.0,0.0,0.0,0.0,0.0,0.0,0.0,0.0,0.0,0.0,0.0,0.0,0.0
6.13700231481,326969.0,32692.0,10.0014988376,785.0,64382.0,65275.0,35.0,923.0,2695.0,3387.0,4693.0,9471.0,9513.0,1857.0,133.0,18.0,2.0,0.0,0.0,0.0,0.0,0.0,0.0,0.0,0.0,0.0,0.0,0.0,0.0,0.0,0.0,0.0,0.0,0.0,0.0,0.0,0.0
6.14116898148,325081.0,32695.0,9.94283529592,787.0,64380.0,65276.0,33.0,926.0,2725.0,3350.0,4656.0,9683.0,9359.0,1834.0,152.0,9.0,1.0,0.0,0.0,0.0,0.0,0.0,0.0,0.0,0.0,0.0,0.0,0.0,0.0,0.0,0.0,0.0,0.0,0.0,0.0,0.0,0.0
6.14533564815,327007.0,32683.0,10.0054156595,787.0,64380.0,65276.0,32.0,978.0,2663.0,3384.0,4724.0,9463.0,9462.0,1831.0,159.0,16.0,3.0,0.0,0.0,0.0,0.0,0.0,0.0,0.0,0.0,0.0,0.0,0.0,0.0,0.0,0.0,0.0,0.0,0.0,0.0,0.0,0.0
6.14950231481,329271.0,32683.0,10.0746871462,787.0,64380.0,65272.0,32.0,908.0,2587.0,3344.0,4711.0,9538.0,9573.0,1854.0,147.0,19.0,2.0,0.0,0.0,0.0,0.0,0.0,0.0,0.0,0.0,0.0,0.0,0.0,0.0,0.0,0.0,0.0,0.0,0.0,0.0,0.0,0.0
6.15366898148,328637.0,32682.0,10.0555963527,783.0,64377.0,65276.0,31.0,943.0,2639.0,3247.0,4760.0,9522.0,9538.0,1874.0,137.0,21.0,1.0,0.0,0.0,0.0,0.0,0.0,0.0,0.0,0.0,0.0,0.0,0.0,0.0,0.0,0.0,0.0,0.0,0.0,0.0,0.0,0.0
6.15783564815,323643.0,32675.0,9.90491201224,787.0,64384.0,65275.0,30.0,963.0,2691.0,3422.0,4751.0,9546.0,9327.0,1820.0,134.0,21.0,0.0,0.0,0.0,0.0,0.0,0.0,0.0,0.0,0.0,0.0,0.0,0.0,0.0,0.0,0.0,0.0,0.0,0.0,0.0,0.0,0.0
6.16200231481,327151.0,32681.0,10.0104341972,782.0,64382.0,65272.0,35.0,915.0,2763.0,3370.0,4728.0,9480.0,9339.0,1926.0,141.0,16.0,3.0,0.0,0.0,0.0,0.0,0.0,0.0,0.0,0.0,0.0,0.0,0.0,0.0,0.0,0.0,0.0,0.0,0.0,0.0,0.0,0.0
6.16616898148,331696.0,32685.0,10.1482637295,787.0,64384.0,65273.0,32.0,895.0,2594.0,3217.0,4637.0,9613.0,9691.0,1879.0,134.0,23.0,2.0,0.0,0.0,0.0,0.0,0.0,0.0,0.0,0.0,0.0,0.0,0.0,0.0,0.0,0.0,0.0,0.0,0.0,0.0,0.0,0.0
6.17033564815,328076.0,32681.0,10.0387381047,785.0,64380.0,65273.0,31.0,955.0,2628.0,3238.0,4641.0,9641.0,9603.0,1832.0,116.0,26.0,1.0,0.0,0.0,0.0,0.0,0.0,0.0,0.0,0.0,0.0,0.0,0.0,0.0,0.0,0.0,0.0,0.0,0.0,0.0,0.0,0.0
6.17450231481,328003.0,32688.0,10.034355115,782.0,64382.0,65272.0,30.0,900.0,2631.0,3320.0,4649.0,9577.0,9596.0,1867.0,136.0,12.0,0.0,0.0,0.0,0.0,0.0,0.0,0.0,0.0,0.0,0.0,0.0,0.0,0.0,0.0,0.0,0.0,0.0,0.0,0.0,0.0,0.0
6.17866898148,330666.0,32678.0,10.1189179264,785.0,64380.0,65272.0,38.0,923.0,2618.0,3304.0,4638.0,9557.0,9616.0,1846.0,143.0,32.0,1.0,0.0,0.0,0.0,0.0,0.0,0.0,0.0,0.0,0.0,0.0,0.0,0.0,0.0,0.0,0.0,0.0,0.0,0.0,0.0,0.0
6.18283564815,333725.0,32680.0,10.2119033048,785.0,64383.0,65272.0,31.0,874.0,2555.0,3247.0,4531.0,9507.0,9870.0,1966.0,109.0,21.0,0.0,0.0,0.0,0.0,0.0,0.0,0.0,0.0,0.0,0.0,0.0,0.0,0.0,0.0,0.0,0.0,0.0,0.0,0.0,0.0,0.0
6.18700231481,331066.0,32676.0,10.1317786755,785.0,64382.0,65273.0,33.0,887.0,2650.0,3312.0,4576.0,9606.0,9629.0,1848.0,134.0,30.0,4.0,0.0,0.0,0.0,0.0,0.0,0.0,0.0,0.0,0.0,0.0,0.0,0.0,0.0,0.0,0.0,0.0,0.0,0.0,0.0,0.0
6.19116898148,332172.0,32679.0,10.1646929221,782.0,64377.0,65276.0,28.0,850.0,2578.0,3273.0,4622.0,9552.0,9793.0,1859.0,125.0,23.0,4.0,0.0,0.0,0.0,0.0,0.0,0.0,0.0,0.0,0.0,0.0,0.0,0.0,0.0,0.0,0.0,0.0,0.0,0.0,0.0,0.0
6.19533564815,329476.0,32671.0,10.0846622387,780.0,64380.0,65273.0,30.0,920.0,2528.0,3336.0,4737.0,9426.0,9728.0,1830.0,153.0,11.0,2.0,0.0,0.0,0.0,0.0,0.0,0.0,0.0,0.0,0.0,0.0,0.0,0.0,0.0,0.0,0.0,0.0,0.0,0.0,0.0,0.0
6.19950231481,331050.0,32665.0,10.13470075,780.0,64380.0,65279.0,35.0,866.0,2564.0,3405.0,4663.0,9392.0,9717.0,1903.0,136.0,16.0,3.0,0.0,0.0,0.0,0.0,0.0,0.0,0.0,0.0,0.0,0.0,0.0,0.0,0.0,0.0,0.0,0.0,0.0,0.0,0.0,0.0
6.20366898148,330569.0,32676.0,10.1165687355,782.0,64383.0,65272.0,31.0,890.0,2519.0,3281.0,4684.0,9602.0,9657.0,1900.0,124.0,17.0,2.0,0.0,0.0,0.0,0.0,0.0,0.0,0.0,0.0,0.0,0.0,0.0,0.0,0.0,0.0,0.0,0.0,0.0,0.0,0.0,0.0
6.20783564815,331448.0,32672.0,10.1447110676,780.0,64380.0,65272.0,32.0,875.0,2552.0,3314.0,4581.0,9577.0,9738.0,1867.0,152.0,16.0,0.0,0.0,0.0,0.0,0.0,0.0,0.0,0.0,0.0,0.0,0.0,0.0,0.0,0.0,0.0,0.0,0.0,0.0,0.0,0.0,0.0
6.21200231481,331449.0,32669.0,10.1456732682,783.0,64380.0,65273.0,32.0,892.0,2605.0,3288.0,4603.0,9468.0,9765.0,1908.0,113.0,26.0,1.0,0.0,0.0,0.0,0.0,0.0,0.0,0.0,0.0,0.0,0.0,0.0,0.0,0.0,0.0,0.0,0.0,0.0,0.0,0.0,0.0
6.21616898148,326647.0,32665.0,9.99990815858,780.0,64379.0,65279.0,30.0,887.0,2603.0,3442.0,4708.0,9439.0,9648.0,1775.0,144.0,19.0,0.0,0.0,0.0,0.0,0.0,0.0,0.0,0.0,0.0,0.0,0.0,0.0,0.0,0.0,0.0,0.0,0.0,0.0,0.0,0.0,0.0
6.22033564815,326726.0,32659.0,10.0041642426,782.0,64380.0,65272.0,32.0,898.0,2686.0,3386.0,4743.0,9529.0,9417.0,1837.0,135.0,25.0,3.0,0.0,0.0,0.0,0.0,0.0,0.0,0.0,0.0,0.0,0.0,0.0,0.0,0.0,0.0,0.0,0.0,0.0,0.0,0.0,0.0
6.22450231481,328074.0,32669.0,10.0423643209,782.0,64379.0,65276.0,31.0,929.0,2660.0,3319.0,4674.0,9476.0,9581.0,1862.0,158.0,10.0,0.0,0.0,0.0,0.0,0.0,0.0,0.0,0.0,0.0,0.0,0.0,0.0,0.0,0.0,0.0,0.0,0.0,0.0,0.0,0.0,0.0
6.22866898148,329418.0,32668.0,10.0838129056,780.0,64380.0,65273.0,35.0,865.0,2680.0,3375.0,4639.0,9509.0,9555.0,1869.0,156.0,19.0,1.0,0.0,0.0,0.0,0.0,0.0,0.0,0.0,0.0,0.0,0.0,0.0,0.0,0.0,0.0,0.0,0.0,0.0,0.0,0.0,0.0
6.23283564815,327345.0,32673.0,10.0188228813,779.0,64376.0,65273.0,28.0,946.0,2695.0,3371.0,4657.0,9344.0,9649.0,1868.0,130.0,10.0,3.0,0.0,0.0,0.0,0.0,0.0,0.0,0.0,0.0,0.0,0.0,0.0,0.0,0.0,0.0,0.0,0.0,0.0,0.0,0.0,0.0
6.23700231481,323901.0,32658.0,9.91796803234,780.0,64380.0,65276.0,33.0,971.0,2663.0,3437.0,4809.0,9441.0,9335.0,1861.0,117.0,23.0,1.0,0.0,0.0,0.0,0.0,0.0,0.0,0.0,0.0,0.0,0.0,0.0,0.0,0.0,0.0,0.0,0.0,0.0,0.0,0.0,0.0
6.24116898148,327890.0,32666.0,10.0376538297,777.0,64376.0,65276.0,28.0,862.0,2738.0,3290.0,4735.0,9456.0,9567.0,1866.0,131.0,20.0,1.0,0.0,0.0,0.0,0.0,0.0,0.0,0.0,0.0,0.0,0.0,0.0,0.0,0.0,0.0,0.0,0.0,0.0,0.0,0.0,0.0
6.24533564815,330188.0,32669.0,10.1070739845,777.0,64377.0,65272.0,32.0,883.0,2522.0,3373.0,4796.0,9349.0,9698.0,1893.0,135.0,20.0,0.0,0.0,0.0,0.0,0.0,0.0,0.0,0.0,0.0,0.0,0.0,0.0,0.0,0.0,0.0,0.0,0.0,0.0,0.0,0.0,0.0
6.24950231481,326828.0,32658.0,10.0075938514,775.0,64380.0,65273.0,30.0,905.0,2540.0,3334.0,4719.0,9637.0,9563.0,1821.0,116.0,23.0,0.0,0.0,0.0,0.0,0.0,0.0,0.0,0.0,0.0,0.0,0.0,0.0,0.0,0.0,0.0,0.0,0.0,0.0,0.0,0.0,0.0
6.25366898148,327312.0,32650.0,10.0248698315,775.0,64380.0,65271.0,35.0,916.0,2650.0,3349.0,4641.0,9441.0,9698.0,1811.0,124.0,18.0,2.0,0.0,0.0,0.0,0.0,0.0,0.0,0.0,0.0,0.0,0.0,0.0,0.0,0.0,0.0,0.0,0.0,0.0,0.0,0.0,0.0
6.25783564815,325735.0,32669.0,9.97076739417,780.0,64384.0,65275.0,31.0,883.0,2697.0,3419.0,4664.0,9537.0,9508.0,1800.0,148.0,10.0,3.0,0.0,0.0,0.0,0.0,0.0,0.0,0.0,0.0,0.0,0.0,0.0,0.0,0.0,0.0,0.0,0.0,0.0,0.0,0.0,0.0
6.26200231481,324339.0,32654.0,9.93259631286,774.0,64383.0,65276.0,31.0,908.0,2747.0,3366.0,4659.0,9634.0,9389.0,1796.0,133.0,21.0,1.0,0.0,0.0,0.0,0.0,0.0,0.0,0.0,0.0,0.0,0.0,0.0,0.0,0.0,0.0,0.0,0.0,0.0,0.0,0.0,0.0
6.26616898148,322703.0,32654.0,9.88249525326,774.0,64380.0,65272.0,31.0,916.0,2695.0,3424.0,4776.0,9549.0,9376.0,1764.0,133.0,21.0,0.0,0.0,0.0,0.0,0.0,0.0,0.0,0.0,0.0,0.0,0.0,0.0,0.0,0.0,0.0,0.0,0.0,0.0,0.0,0.0,0.0
6.27033564815,324442.0,32659.0,9.93422946202,774.0,64377.0,65275.0,28.0,926.0,2722.0,3452.0,4722.0,9481.0,9375.0,1810.0,152.0,19.0,0.0,0.0,0.0,0.0,0.0,0.0,0.0,0.0,0.0,0.0,0.0,0.0,0.0,0.0,0.0,0.0,0.0,0.0,0.0,0.0,0.0
6.27450231481,326399.0,32651.0,9.9966004104,774.0,64382.0,65275.0,30.0,954.0,2669.0,3375.0,4807.0,9461.0,9367.0,1842.0,149.0,25.0,2.0,0.0,0.0,0.0,0.0,0.0,0.0,0.0,0.0,0.0,0.0,0.0,0.0,0.0,0.0,0.0,0.0,0.0,0.0,0.0,0.0
6.27866898148,322906.0,32652.0,9.88931765282,774.0,64376.0,65279.0,33.0,927.0,2702.0,3552.0,4755.0,9398.0,9409.0,1734.0,151.0,23.0,1.0,0.0,0.0,0.0,0.0,0.0,0.0,0.0,0.0,0.0,0.0,0.0,0.0,0.0,0.0,0.0,0.0,0.0,0.0,0.0,0.0
6.28283564815,324261.0,32654.0,9.93020763153,774.0,64382.0,65272.0,31.0,940.0,2799.0,3421.0,4755.0,9448.0,9313.0,1789.0,163.0,26.0,0.0,0.0,0.0,0.0,0.0,0.0,0.0,0.0,0.0,0.0,0.0,0.0,0.0,0.0,0.0,0.0,0.0,0.0,0.0,0.0,0.0
6.28700231481,325303.0,32662.0,9.95967791317,774.0,64380.0,65272.0,33.0,936.0,2703.0,3340.0,4696.0,9634.0,9400.0,1787.0,141.0,23.0,2.0,0.0,0.0,0.0,0.0,0.0,0.0,0.0,0.0,0.0,0.0,0.0,0.0,0.0,0.0,0.0,0.0,0.0,0.0,0.0,0.0
6.29116898148,324329.0,32645.0,9.93502833512,774.0,64380.0,65271.0,31.0,933.0,2645.0,3460.0,4683.0,9552.0,9462.0,1746.0,137.0,26.0,1.0,0.0,0.0,0.0,0.0,0.0,0.0,0.0,0.0,0.0,0.0,0.0,0.0,0.0,0.0,0.0,0.0,0.0,0.0,0.0,0.0
6.29533564815,321080.0,32644.0,9.83580443573,774.0,64380.0,65272.0,33.0,976.0,2710.0,3341.0,4784.0,9575.0,9409.0,1696.0,134.0,18.0,1.0,0.0,0.0,0.0,0.0,0.0,0.0,0.0,0.0,0.0,0.0,0.0,0.0,0.0,0.0,0.0,0.0,0.0,0.0,0.0,0.0
6.29950231481,323202.0,32644.0,9.90080872442,772.0,64382.0,65276.0,31.0,935.0,2730.0,3340.0,4698.0,9591.0,9446.0,1758.0,128.0,15.0,3.0,0.0,0.0,0.0,0.0,0.0,0.0,0.0,0.0,0.0,0.0,0.0,0.0,0.0,0.0,0.0,0.0,0.0,0.0,0.0,0.0
6.30366898148,322037.0,32643.0,9.86542290843,774.0,64380.0,65273.0,35.0,947.0,2807.0,3465.0,4777.0,9439.0,9269.0,1766.0,149.0,22.0,2.0,0.0,0.0,0.0,0.0,0.0,0.0,0.0,0.0,0.0,0.0,0.0,0.0,0.0,0.0,0.0,0.0,0.0,0.0,0.0,0.0
6.30783564815,321327.0,32648.0,9.84216491056,774.0,64380.0,65268.0,30.0,1033.0,2729.0,3517.0,4699.0,9430.0,9333.0,1747.0,139.0,17.0,4.0,0.0,0.0,0.0,0.0,0.0,0.0,0.0,0.0,0.0,0.0,0.0,0.0,0.0,0.0,0.0,0.0,0.0,0.0,0.0,0.0
6.31200231481,323125.0,32651.0,9.89632783069,774.0,64380.0,65273.0,31.0,956.0,2729.0,3396.0,4723.0,9531.0,9390.0,1778.0,121.0,26.0,1.0,0.0,0.0,0.0,0.0,0.0,0.0,0.0,0.0,0.0,0.0,0.0,0.0,0.0,0.0,0.0,0.0,0.0,0.0,0.0,0.0
6.31616898148,322753.0,32639.0,9.88856888998,772.0,64380.0,65272.0,33.0,1000.0,2697.0,3440.0,4750.0,9556.0,9218.0,1819.0,134.0,23.0,2.0,0.0,0.0,0.0,0.0,0.0,0.0,0.0,0.0,0.0,0.0,0.0,0.0,0.0,0.0,0.0,0.0,0.0,0.0,0.0,0.0
6.32033564815,325620.0,32643.0,9.97518610422,769.0,64384.0,65273.0,31.0,1000.0,2760.0,3368.0,4663.0,9354.0,9553.0,1765.0,156.0,22.0,2.0,0.0,0.0,0.0,0.0,0.0,0.0,0.0,0.0,0.0,0.0,0.0,0.0,0.0,0.0,0.0,0.0,0.0,0.0,0.0,0.0
6.32450231481,322325.0,32643.0,9.87424562693,772.0,64383.0,65273.0,31.0,1000.0,2687.0,3377.0,4875.0,9391.0,9433.0,1724.0,130.0,22.0,4.0,0.0,0.0,0.0,0.0,0.0,0.0,0.0,0.0,0.0,0.0,0.0,0.0,0.0,0.0,0.0,0.0,0.0,0.0,0.0,0.0
6.32866898148,325019.0,32642.0,9.95707983579,772.0,64380.0,65272.0,35.0,930.0,2757.0,3389.0,4777.0,9397.0,9413.0,1798.0,158.0,23.0,0.0,0.0,0.0,0.0,0.0,0.0,0.0,0.0,0.0,0.0,0.0,0.0,0.0,0.0,0.0,0.0,0.0,0.0,0.0,0.0,0.0
6.33283564815,318476.0,32640.0,9.75723039216,769.0,64384.0,65272.0,32.0,961.0,2792.0,3458.0,4812.0,9428.0,9447.0,1577.0,137.0,27.0,1.0,0.0,0.0,0.0,0.0,0.0,0.0,0.0,0.0,0.0,0.0,0.0,0.0,0.0,0.0,0.0,0.0,0.0,0.0,0.0,0.0
6.33700231481,321588.0,32638.0,9.85317727802,767.0,64377.0,65272.0,31.0,949.0,2784.0,3338.0,4972.0,9410.0,9308.0,1698.0,146.0,32.0,1.0,0.0,0.0,0.0,0.0,0.0,0.0,0.0,0.0,0.0,0.0,0.0,0.0,0.0,0.0,0.0,0.0,0.0,0.0,0.0,0.0
6.34116898148,318166.0,32639.0,9.74803149606,769.0,64382.0,65275.0,35.0,1018.0,2704.0,3397.0,4869.0,9561.0,9268.0,1665.0,142.0,14.0,1.0,0.0,0.0,0.0,0.0,0.0,0.0,0.0,0.0,0.0,0.0,0.0,0.0,0.0,0.0,0.0,0.0,0.0,0.0,0.0,0.0
6.34533564815,317962.0,32641.0,9.74118439999,769.0,64377.0,65272.0,33.0,945.0,2788.0,3407.0,5026.0,9360.0,9276.0,1698.0,122.0,16.0,3.0,0.0,0.0,0.0,0.0,0.0,0.0,0.0,0.0,0.0,0.0,0.0,0.0,0.0,0.0,0.0,0.0,0.0,0.0,0.0,0.0
6.34950231481,319409.0,32641.0,9.78551514966,772.0,64383.0,65273.0,30.0,972.0,2749.0,3422.0,5042.0,9408.0,9141.0,1745.0,138.0,21.0,3.0,0.0,0.0,0.0,0.0,0.0,0.0,0.0,0.0,0.0,0.0,0.0,0.0,0.0,0.0,0.0,0.0,0.0,0.0,0.0,0.0
6.35366898148,320234.0,32643.0,9.81018901449,767.0,64380.0,65276.0,30.0,1003.0,2796.0,3329.0,4931.0,9414.0,9298.0,1701.0,148.0,22.0,1.0,0.0,0.0,0.0,0.0,0.0,0.0,0.0,0.0,0.0,0.0,0.0,0.0,0.0,0.0,0.0,0.0,0.0,0.0,0.0,0.0
6.35783564815,317447.0,32644.0,9.72451292734,767.0,64382.0,65275.0,35.0,1071.0,2785.0,3323.0,5050.0,9407.0,9171.0,1675.0,141.0,17.0,4.0,0.0,0.0,0.0,0.0,0.0,0.0,0.0,0.0,0.0,0.0,0.0,0.0,0.0,0.0,0.0,0.0,0.0,0.0,0.0,0.0
6.36200231481,318078.0,32639.0,9.74533533503,771.0,64376.0,65273.0,31.0,1005.0,2778.0,3334.0,5002.0,9398.0,9354.0,1607.0,133.0,26.0,2.0,0.0,0.0,0.0,0.0,0.0,0.0,0.0,0.0,0.0,0.0,0.0,0.0,0.0,0.0,0.0,0.0,0.0,0.0,0.0,0.0
6.36616898148,317019.0,32643.0,9.71169929234,767.0,64380.0,65272.0,35.0,1036.0,2815.0,3266.0,5062.0,9474.0,9151.0,1680.0,141.0,17.0,1.0,0.0,0.0,0.0,0.0,0.0,0.0,0.0,0.0,0.0,0.0,0.0,0.0,0.0,0.0,0.0,0.0,0.0,0.0,0.0,0.0
6.37033564815,311191.0,32632.0,9.53637533709,767.0,64379.0,65273.0,32.0,1115.0,2925.0,3379.0,4991.0,9401.0,9148.0,1510.0,150.0,10.0,3.0,0.0,0.0,0.0,0.0,0.0,0.0,0.0,0.0,0.0,0.0,0.0,0.0,0.0,0.0,0.0,0.0,0.0,0.0,0.0,0.0
6.37450231481,313432.0,32632.0,9.60505025742,767.0,64379.0,65272.0,38.0,1055.0,2880.0,3318.0,5215.0,9360.0,9033.0,1611.0,139.0,17.0,4.0,0.0,0.0,0.0,0.0,0.0,0.0,0.0,0.0,0.0,0.0,0.0,0.0,0.0,0.0,0.0,0.0,0.0,0.0,0.0,0.0
6.37866898148,311103.0,32622.0,9.53660106676,767.0,64380.0,65276.0,34.0,1058.0,2905.0,3355.0,5144.0,9470.0,9028.0,1501.0,132.0,25.0,4.0,0.0,0.0,0.0,0.0,0.0,0.0,0.0,0.0,0.0,0.0,0.0,0.0,0.0,0.0,0.0,0.0,0.0,0.0,0.0,0.0
6.38283564815,312915.0,32627.0,9.59067643363,769.0,64377.0,65273.0,28.0,1152.0,2873.0,3337.0,5066.0,9386.0,9093.0,1560.0,133.0,22.0,5.0,0.0,0.0,0.0,0.0,0.0,0.0,0.0,0.0,0.0,0.0,0.0,0.0,0.0,0.0,0.0,0.0,0.0,0.0,0.0,0.0
6.38700231481,311211.0,32631.0,9.53728050014,764.0,64376.0,65275.0,31.0,1074.0,2903.0,3394.0,5190.0,9471.0,8892.0,1540.0,134.0,28.0,5.0,0.0,0.0,0.0,0.0,0.0,0.0,0.0,0.0,0.0,0.0,0.0,0.0,0.0,0.0,0.0,0.0,0.0,0.0,0.0,0.0
6.39116898148,313047.0,32632.0,9.59325202255,767.0,64380.0,65273.0,32.0,1118.0,2863.0,3212.0,5248.0,9340.0,9177.0,1509.0,138.0,22.0,5.0,0.0,0.0,0.0,0.0,0.0,0.0,0.0,0.0,0.0,0.0,0.0,0.0,0.0,0.0,0.0,0.0,0.0,0.0,0.0,0.0
6.39533564815,313251.0,32621.0,9.60274056589,766.0,64380.0,65272.0,31.0,1052.0,2859.0,3254.0,5153.0,9497.0,9050.0,1599.0,139.0,17.0,1.0,0.0,0.0,0.0,0.0,0.0,0.0,0.0,0.0,0.0,0.0,0.0,0.0,0.0,0.0,0.0,0.0,0.0,0.0,0.0,0.0
6.39950231481,313390.0,32621.0,9.60700162472,762.0,64383.0,65272.0,32.0,1110.0,2896.0,3125.0,5193.0,9424.0,9155.0,1547.0,155.0,15.0,1.0,0.0,0.0,0.0,0.0,0.0,0.0,0.0,0.0,0.0,0.0,0.0,0.0,0.0,0.0,0.0,0.0,0.0,0.0,0.0,0.0
6.40366898148,311311.0,32622.0,9.542977132,764.0,64376.0,65279.0,33.0,1049.0,2935.0,3230.0,5203.0,9608.0,8927.0,1489.0,157.0,19.0,5.0,0.0,0.0,0.0,0.0,0.0,0.0,0.0,0.0,0.0,0.0,0.0,0.0,0.0,0.0,0.0,0.0,0.0,0.0,0.0,0.0
6.40783564815,312249.0,32629.0,9.56967728095,766.0,64379.0,65272.0,31.0,1065.0,2941.0,3240.0,5155.0,9536.0,9004.0,1529.0,130.0,22.0,7.0,0.0,0.0,0.0,0.0,0.0,0.0,0.0,0.0,0.0,0.0,0.0,0.0,0.0,0.0,0.0,0.0,0.0,0.0,0.0,0.0
6.41200231481,314257.0,32620.0,9.63387492336,762.0,64377.0,65272.0,30.0,1024.0,2883.0,3227.0,5120.0,9517.0,9107.0,1570.0,155.0,15.0,2.0,0.0,0.0,0.0,0.0,0.0,0.0,0.0,0.0,0.0,0.0,0.0,0.0,0.0,0.0,0.0,0.0,0.0,0.0,0.0,0.0
6.41616898148,312770.0,32622.0,9.5877015511,762.0,64380.0,65276.0,31.0,1109.0,2922.0,3210.0,5199.0,9475.0,8951.0,1602.0,127.0,21.0,6.0,0.0,0.0,0.0,0.0,0.0,0.0,0.0,0.0,0.0,0.0,0.0,0.0,0.0,0.0,0.0,0.0,0.0,0.0,0.0,0.0
6.42033564815,312764.0,32623.0,9.58722373785,762.0,64377.0,65274.0,32.0,1119.0,2854.0,3217.0,5307.0,9343.0,9069.0,1552.0,137.0,19.0,6.0,0.0,0.0,0.0,0.0,0.0,0.0,0.0,0.0,0.0,0.0,0.0,0.0,0.0,0.0,0.0,0.0,0.0,0.0,0.0,0.0
6.42450231481,311831.0,32626.0,9.55774535646,761.0,64382.0,65272.0,38.0,1112.0,2907.0,3086.0,5240.0,9544.0,9100.0,1476.0,131.0,27.0,3.0,0.0,0.0,0.0,0.0,0.0,0.0,0.0,0.0,0.0,0.0,0.0,0.0,0.0,0.0,0.0,0.0,0.0,0.0,0.0,0.0
6.42866898148,312080.0,32622.0,9.56655018086,762.0,64382.0,65275.0,35.0,1112.0,2816.0,3076.0,5376.0,9497.0,9024.0,1572.0,129.0,19.0,1.0,0.0,0.0,0.0,0.0,0.0,0.0,0.0,0.0,0.0,0.0,0.0,0.0,0.0,0.0,0.0,0.0,0.0,0.0,0.0,0.0
6.43283564815,312914.0,32615.0,9.5941744596,762.0,64380.0,65272.0,31.0,1059.0,2886.0,3058.0,5288.0,9603.0,9025.0,1529.0,149.0,12.0,6.0,0.0,0.0,0.0,0.0,0.0,0.0,0.0,0.0,0.0,0.0,0.0,0.0,0.0,0.0,0.0,0.0,0.0,0.0,0.0,0.0
6.43700231481,314656.0,32622.0,9.64551529643,761.0,64383.0,65272.0,36.0,1113.0,2880.0,3042.0,5251.0,9450.0,9170.0,1537.0,154.0,24.0,1.0,0.0,0.0,0.0,0.0,0.0,0.0,0.0,0.0,0.0,0.0,0.0,0.0,0.0,0.0,0.0,0.0,0.0,0.0,0.0,0.0
6.44116898148,316938.0,32620.0,9.71606376456,762.0,64376.0,65279.0,35.0,1165.0,2748.0,3015.0,5080.0,9722.0,9121.0,1588.0,156.0,24.0,1.0,0.0,0.0,0.0,0.0,0.0,0.0,0.0,0.0,0.0,0.0,0.0,0.0,0.0,0.0,0.0,0.0,0.0,0.0,0.0,0.0
6.44533564815,314616.0,32617.0,9.64576754453,762.0,64382.0,65272.0,36.0,1059.0,2834.0,2937.0,5313.0,9766.0,8982.0,1557.0,143.0,22.0,4.0,0.0,0.0,0.0,0.0,0.0,0.0,0.0,0.0,0.0,0.0,0.0,0.0,0.0,0.0,0.0,0.0,0.0,0.0,0.0,0.0
6.44950231481,314575.0,32612.0,9.64598920643,761.0,64377.0,65279.0,27.0,1090.0,2783.0,2968.0,5246.0,9697.0,9112.0,1546.0,156.0,12.0,2.0,0.0,0.0,0.0,0.0,0.0,0.0,0.0,0.0,0.0,0.0,0.0,0.0,0.0,0.0,0.0,0.0,0.0,0.0,0.0,0.0
6.45366898148,315312.0,32618.0,9.66680973696,762.0,64376.0,65273.0,35.0,1118.0,2810.0,3051.0,5346.0,9487.0,9028.0,1593.0,160.0,23.0,2.0,0.0,0.0,0.0,0.0,0.0,0.0,0.0,0.0,0.0,0.0,0.0,0.0,0.0,0.0,0.0,0.0,0.0,0.0,0.0,0.0
6.45783564815,311460.0,32620.0,9.54812998161,762.0,64380.0,65272.0,36.0,1099.0,2784.0,3066.0,5238.0,9681.0,9123.0,1482.0,130.0,15.0,2.0,0.0,0.0,0.0,0.0,0.0,0.0,0.0,0.0,0.0,0.0,0.0,0.0,0.0,0.0,0.0,0.0,0.0,0.0,0.0,0.0
6.46200231481,311665.0,32611.0,9.55705130171,761.0,64377.0,65272.0,30.0,1166.0,2805.0,2960.0,5253.0,9731.0,8983.0,1570.0,128.0,15.0,0.0,0.0,0.0,0.0,0.0,0.0,0.0,0.0,0.0,0.0,0.0,0.0,0.0,0.0,0.0,0.0,0.0,0.0,0.0,0.0,0.0
6.46616898148,312487.0,32614.0,9.58137609616,762.0,64377.0,65273.0,28.0,1026.0,2747.0,3030.0,5376.0,9740.0,9082.0,1444.0,147.0,18.0,4.0,0.0,0.0,0.0,0.0,0.0,0.0,0.0,0.0,0.0,0.0,0.0,0.0,0.0,0.0,0.0,0.0,0.0,0.0,0.0,0.0
6.47033564815,315790.0,32610.0,9.68383931309,762.0,64380.0,65275.0,32.0,1139.0,2752.0,2921.0,5223.0,9722.0,9145.0,1548.0,134.0,20.0,6.0,0.0,0.0,0.0,0.0,0.0,0.0,0.0,0.0,0.0,0.0,0.0,0.0,0.0,0.0,0.0,0.0,0.0,0.0,0.0,0.0
6.47450231481,315106.0,32626.0,9.65812542144,762.0,64380.0,65276.0,31.0,1137.0,2736.0,2903.0,5173.0,9840.0,9161.0,1515.0,139.0,19.0,3.0,0.0,0.0,0.0,0.0,0.0,0.0,0.0,0.0,0.0,0.0,0.0,0.0,0.0,0.0,0.0,0.0,0.0,0.0,0.0,0.0
6.47866898148,319646.0,32619.0,9.79938072902,762.0,64379.0,65272.0,35.0,1102.0,2644.0,2785.0,5306.0,9768.0,9262.0,1582.0,145.0,19.0,6.0,0.0,0.0,0.0,0.0,0.0,0.0,0.0,0.0,0.0,0.0,0.0,0.0,0.0,0.0,0.0,0.0,0.0,0.0,0.0,0.0
6.48283564815,318144.0,32618.0,9.75363296339,762.0,64379.0,65273.0,35.0,1086.0,2732.0,2854.0,5278.0,9694.0,9208.0,1591.0,150.0,25.0,0.0,0.0,0.0,0.0,0.0,0.0,0.0,0.0,0.0,0.0,0.0,0.0,0.0,0.0,0.0,0.0,0.0,0.0,0.0,0.0,0.0
6.48700231481,318532.0,32621.0,9.76463014622,762.0,64376.0,65283.0,32.0,1135.0,2690.0,2817.0,5360.0,9680.0,9190.0,1571.0,145.0,29.0,4.0,0.0,0.0,0.0,0.0,0.0,0.0,0.0,0.0,0.0,0.0,0.0,0.0,0.0,0.0,0.0,0.0,0.0,0.0,0.0,0.0
6.49116898148,316813.0,32622.0,9.71163631905,761.0,64380.0,65275.0,35.0,1062.0,2753.0,2926.0,5326.0,9651.0,9182.0,1544.0,151.0,25.0,2.0,0.0,0.0,0.0,0.0,0.0,0.0,0.0,0.0,0.0,0.0,0.0,0.0,0.0,0.0,0.0,0.0,0.0,0.0,0.0,0.0
6.49533564815,319273.0,32628.0,9.78524580115,762.0,64381.0,65273.0,31.0,1078.0,2795.0,2793.0,5263.0,9812.0,9105.0,1594.0,155.0,29.0,4.0,0.0,0.0,0.0,0.0,0.0,0.0,0.0,0.0,0.0,0.0,0.0,0.0,0.0,0.0,0.0,0.0,0.0,0.0,0.0,0.0
6.49950231481,320681.0,32625.0,9.82930268199,761.0,64377.0,65276.0,31.0,1080.0,2709.0,2692.0,5323.0,9848.0,9190.0,1594.0,160.0,25.0,4.0,0.0,0.0,0.0,0.0,0.0,0.0,0.0,0.0,0.0,0.0,0.0,0.0,0.0,0.0,0.0,0.0,0.0,0.0,0.0,0.0
6.50366898148,319938.0,32630.0,9.80502604965,762.0,64380.0,65272.0,38.0,1095.0,2750.0,2738.0,5366.0,9691.0,9233.0,1559.0,168.0,26.0,4.0,0.0,0.0,0.0,0.0,0.0,0.0,0.0,0.0,0.0,0.0,0.0,0.0,0.0,0.0,0.0,0.0,0.0,0.0,0.0,0.0
6.50783564815,316858.0,32625.0,9.71212260536,762.0,64391.0,65272.0,32.0,1153.0,2772.0,2733.0,5429.0,9795.0,8924.0,1639.0,156.0,22.0,2.0,0.0,0.0,0.0,0.0,0.0,0.0,0.0,0.0,0.0,0.0,0.0,0.0,0.0,0.0,0.0,0.0,0.0,0.0,0.0,0.0
6.51200231481,317363.0,32618.0,9.7296891287,762.0,64376.0,65275.0,32.0,1114.0,2773.0,2703.0,5212.0,9802.0,9324.0,1532.0,135.0,22.0,1.0,0.0,0.0,0.0,0.0,0.0,0.0,0.0,0.0,0.0,0.0,0.0,0.0,0.0,0.0,0.0,0.0,0.0,0.0,0.0,0.0
6.51616898148,317439.0,32623.0,9.73052754192,764.0,64376.0,65272.0,31.0,1094.0,2787.0,2678.0,5340.0,9842.0,9073.0,1645.0,152.0,11.0,1.0,0.0,0.0,0.0,0.0,0.0,0.0,0.0,0.0,0.0,0.0,0.0,0.0,0.0,0.0,0.0,0.0,0.0,0.0,0.0,0.0
6.52033564815,313579.0,32619.0,9.61338483706,762.0,64380.0,65273.0,32.0,1123.0,2801.0,2795.0,5419.0,9741.0,9045.0,1536.0,137.0,21.0,1.0,0.0,0.0,0.0,0.0,0.0,0.0,0.0,0.0,0.0,0.0,0.0,0.0,0.0,0.0,0.0,0.0,0.0,0.0,0.0,0.0
6.52450231481,315452.0,32622.0,9.6699160076,764.0,64387.0,65275.0,28.0,1080.0,2866.0,2775.0,5391.0,9698.0,9055.0,1587.0,153.0,15.0,2.0,0.0,0.0,0.0,0.0,0.0,0.0,0.0,0.0,0.0,0.0,0.0,0.0,0.0,0.0,0.0,0.0,0.0,0.0,0.0,0.0
6.52866898148,320325.0,32632.0,9.81628462859,762.0,64380.0,65272.0,35.0,1070.0,2773.0,2728.0,5322.0,9847.0,9092.0,1598.0,173.0,24.0,5.0,0.0,0.0,0.0,0.0,0.0,0.0,0.0,0.0,0.0,0.0,0.0,0.0,0.0,0.0,0.0,0.0,0.0,0.0,0.0,0.0
6.53283564815,312781.0,32619.0,9.58892056777,764.0,64376.0,65279.0,32.0,1105.0,2819.0,2911.0,5407.0,9708.0,9001.0,1493.0,158.0,11.0,6.0,0.0,0.0,0.0,0.0,0.0,0.0,0.0,0.0,0.0,0.0,0.0,0.0,0.0,0.0,0.0,0.0,0.0,0.0,0.0,0.0
6.53700231481,315677.0,32631.0,9.67414421869,764.0,64377.0,65272.0,35.0,1161.0,2885.0,2844.0,5270.0,9611.0,9161.0,1539.0,132.0,18.0,10.0,0.0,0.0,0.0,0.0,0.0,0.0,0.0,0.0,0.0,0.0,0.0,0.0,0.0,0.0,0.0,0.0,0.0,0.0,0.0,0.0
6.54116898148,314954.0,32630.0,9.65228317499,764.0,64377.0,65272.0,28.0,1075.0,2846.0,2936.0,5451.0,9582.0,9034.0,1516.0,160.0,25.0,5.0,0.0,0.0,0.0,0.0,0.0,0.0,0.0,0.0,0.0,0.0,0.0,0.0,0.0,0.0,0.0,0.0,0.0,0.0,0.0,0.0
6.54533564815,310267.0,32628.0,9.50922520535,762.0,64376.0,65276.0,31.0,1151.0,2911.0,3064.0,5481.0,9457.0,8888.0,1508.0,144.0,17.0,7.0,0.0,0.0,0.0,0.0,0.0,0.0,0.0,0.0,0.0,0.0,0.0,0.0,0.0,0.0,0.0,0.0,0.0,0.0,0.0,0.0
6.54950231481,310295.0,32628.0,9.51008336398,767.0,64377.0,65273.0,31.0,1191.0,2883.0,2992.0,5407.0,9499.0,8980.0,1517.0,145.0,10.0,4.0,0.0,0.0,0.0,0.0,0.0,0.0,0.0,0.0,0.0,0.0,0.0,0.0,0.0,0.0,0.0,0.0,0.0,0.0,0.0,0.0
6.55366898148,307067.0,32635.0,9.40913130075,767.0,64380.0,65272.0,35.0,1246.0,2977.0,3131.0,5521.0,9358.0,8785.0,1443.0,139.0,29.0,6.0,0.0,0.0,0.0,0.0,0.0,0.0,0.0,0.0,0.0,0.0,0.0,0.0,0.0,0.0,0.0,0.0,0.0,0.0,0.0,0.0
6.55783564815,306693.0,32628.0,9.39968738507,769.0,64380.0,65272.0,31.0,1258.0,2927.0,3159.0,5504.0,9313.0,8880.0,1401.0,159.0,24.0,3.0,0.0,0.0,0.0,0.0,0.0,0.0,0.0,0.0,0.0,0.0,0.0,0.0,0.0,0.0,0.0,0.0,0.0,0.0,0.0,0.0
6.56200231481,307969.0,32633.0,9.43734869611,767.0,64380.0,65272.0,35.0,1150.0,2885.0,3132.0,5595.0,9259.0,8988.0,1476.0,127.0,17.0,4.0,0.0,0.0,0.0,0.0,0.0,0.0,0.0,0.0,0.0,0.0,0.0,0.0,0.0,0.0,0.0,0.0,0.0,0.0,0.0,0.0
6.56616898148,307873.0,32640.0,9.43238357843,769.0,64380.0,65275.0,31.0,1188.0,2933.0,3134.0,5502.0,9415.0,8836.0,1450.0,158.0,21.0,3.0,0.0,0.0,0.0,0.0,0.0,0.0,0.0,0.0,0.0,0.0,0.0,0.0,0.0,0.0,0.0,0.0,0.0,0.0,0.0,0.0
6.57033564815,307988.0,32641.0,9.43561778132,769.0,64382.0,65271.0,32.0,1199.0,2978.0,3077.0,5524.0,9319.0,8932.0,1439.0,151.0,16.0,6.0,0.0,0.0,0.0,0.0,0.0,0.0,0.0,0.0,0.0,0.0,0.0,0.0,0.0,0.0,0.0,0.0,0.0,0.0,0.0,0.0
6.57450231481,307598.0,32642.0,9.42338092029,772.0,64382.0,65273.0,32.0,1168.0,3002.0,3192.0,5453.0,9226.0,8972.0,1467.0,145.0,12.0,5.0,0.0,0.0,0.0,0.0,0.0,0.0,0.0,0.0,0.0,0.0,0.0,0.0,0.0,0.0,0.0,0.0,0.0,0.0,0.0,0.0
6.57866898148,308428.0,32644.0,9.44822938365,772.0,64379.0,65272.0,35.0,1157.0,2982.0,3129.0,5457.0,9280.0,8975.0,1504.0,142.0,18.0,0.0,0.0,0.0,0.0,0.0,0.0,0.0,0.0,0.0,0.0,0.0,0.0,0.0,0.0,0.0,0.0,0.0,0.0,0.0,0.0,0.0
6.58283564815,310035.0,32641.0,9.49833032076,771.0,64377.0,65272.0,33.0,1172.0,3045.0,3219.0,5428.0,9105.0,8969.0,1529.0,146.0,23.0,5.0,0.0,0.0,0.0,0.0,0.0,0.0,0.0,0.0,0.0,0.0,0.0,0.0,0.0,0.0,0.0,0.0,0.0,0.0,0.0,0.0
6.58700231481,311481.0,32639.0,9.54321517203,772.0,64376.0,65271.0,35.0,1106.0,2983.0,3143.0,5383.0,9353.0,8908.0,1599.0,140.0,23.0,1.0,0.0,0.0,0.0,0.0,0.0,0.0,0.0,0.0,0.0,0.0,0.0,0.0,0.0,0.0,0.0,0.0,0.0,0.0,0.0,0.0
6.59116898148,308137.0,32634.0,9.44220751364,772.0,64376.0,65276.0,28.0,1192.0,2959.0,3177.0,5454.0,9368.0,8795.0,1533.0,138.0,9.0,9.0,0.0,0.0,0.0,0.0,0.0,0.0,0.0,0.0,0.0,0.0,0.0,0.0,0.0,0.0,0.0,0.0,0.0,0.0,0.0,0.0
6.59533564815,310926.0,32647.0,9.5238766196,774.0,64382.0,65272.0,35.0,1095.0,2962.0,3092.0,5503.0,9327.0,9022.0,1456.0,170.0,14.0,6.0,0.0,0.0,0.0,0.0,0.0,0.0,0.0,0.0,0.0,0.0,0.0,0.0,0.0,0.0,0.0,0.0,0.0,0.0,0.0,0.0
6.59950231481,307037.0,32644.0,9.40561818405,772.0,64377.0,65273.0,35.0,1181.0,3011.0,3149.0,5532.0,9290.0,8842.0,1471.0,141.0,25.0,2.0,0.0,0.0,0.0,0.0,0.0,0.0,0.0,0.0,0.0,0.0,0.0,0.0,0.0,0.0,0.0,0.0,0.0,0.0,0.0,0.0
6.60366898148,313482.0,32647.0,9.60216865256,774.0,64380.0,65273.0,39.0,1138.0,2910.0,3116.0,5361.0,9292.0,9145.0,1519.0,135.0,23.0,8.0,0.0,0.0,0.0,0.0,0.0,0.0,0.0,0.0,0.0,0.0,0.0,0.0,0.0,0.0,0.0,0.0,0.0,0.0,0.0,0.0
6.60783564815,309711.0,32648.0,9.48636976231,774.0,64382.0,65273.0,32.0,1200.0,2919.0,3180.0,5292.0,9380.0,9008.0,1514.0,136.0,15.0,4.0,0.0,0.0,0.0,0.0,0.0,0.0,0.0,0.0,0.0,0.0,0.0,0.0,0.0,0.0,0.0,0.0,0.0,0.0,0.0,0.0
6.61200231481,310018.0,32655.0,9.49373755933,774.0,64380.0,65272.0,32.0,1174.0,2982.0,3194.0,5426.0,9190.0,9029.0,1487.0,145.0,24.0,4.0,0.0,0.0,0.0,0.0,0.0,0.0,0.0,0.0,0.0,0.0,0.0,0.0,0.0,0.0,0.0,0.0,0.0,0.0,0.0,0.0
6.61616898148,311433.0,32646.0,9.53969858482,774.0,64380.0,65272.0,35.0,1109.0,2949.0,3204.0,5373.0,9219.0,9141.0,1473.0,154.0,20.0,4.0,0.0,0.0,0.0,0.0,0.0,0.0,0.0,0.0,0.0,0.0,0.0,0.0,0.0,0.0,0.0,0.0,0.0,0.0,0.0,0.0
6.62033564815,314144.0,32651.0,9.6212673425,774.0,64380.0,65273.0,32.0,1170.0,2820.0,3122.0,5448.0,9271.0,9070.0,1560.0,160.0,30.0,0.0,0.0,0.0,0.0,0.0,0.0,0.0,0.0,0.0,0.0,0.0,0.0,0.0,0.0,0.0,0.0,0.0,0.0,0.0,0.0,0.0
6.62450231481,308941.0,32653.0,9.461335865,775.0,64379.0,65273.0,32.0,1118.0,2987.0,3319.0,5383.0,9139.0,9082.0,1455.0,152.0,12.0,6.0,0.0,0.0,0.0,0.0,0.0,0.0,0.0,0.0,0.0,0.0,0.0,0.0,0.0,0.0,0.0,0.0,0.0,0.0,0.0,0.0
6.62866898148,309629.0,32664.0,9.47921258878,782.0,64377.0,65272.0,38.0,1156.0,3011.0,3247.0,5307.0,9174.0,9076.0,1522.0,161.0,10.0,0.0,0.0,0.0,0.0,0.0,0.0,0.0,0.0,0.0,0.0,0.0,0.0,0.0,0.0,0.0,0.0,0.0,0.0,0.0,0.0,0.0
6.63283564815,313394.0,32665.0,9.5941833767,777.0,64379.0,65272.0,44.0,1149.0,2954.0,3294.0,5243.0,9134.0,9143.0,1575.0,149.0,20.0,4.0,0.0,0.0,0.0,0.0,0.0,0.0,0.0,0.0,0.0,0.0,0.0,0.0,0.0,0.0,0.0,0.0,0.0,0.0,0.0,0.0
6.63700231481,315733.0,32653.0,9.66934125501,779.0,64380.0,65275.0,33.0,1131.0,2933.0,3256.0,5314.0,9049.0,9188.0,1587.0,170.0,19.0,6.0,0.0,0.0,0.0,0.0,0.0,0.0,0.0,0.0,0.0,0.0,0.0,0.0,0.0,0.0,0.0,0.0,0.0,0.0,0.0,0.0
6.64116898148,313997.0,32666.0,9.61234923162,782.0,64378.0,65273.0,39.0,1092.0,2895.0,3319.0,5372.0,9152.0,9094.0,1572.0,134.0,30.0,6.0,0.0,0.0,0.0,0.0,0.0,0.0,0.0,0.0,0.0,0.0,0.0,0.0,0.0,0.0,0.0,0.0,0.0,0.0,0.0,0.0
6.64533564815,309344.0,32666.0,9.46990754913,783.0,64377.0,65273.0,28.0,1126.0,3066.0,3455.0,5160.0,9111.0,9089.0,1490.0,143.0,24.0,2.0,0.0,0.0,0.0,0.0,0.0,0.0,0.0,0.0,0.0,0.0,0.0,0.0,0.0,0.0,0.0,0.0,0.0,0.0,0.0,0.0
6.64950231481,313124.0,32664.0,9.58621111928,782.0,64383.0,65272.0,33.0,1116.0,2892.0,3358.0,5363.0,9018.0,9200.0,1556.0,132.0,23.0,6.0,0.0,0.0,0.0,0.0,0.0,0.0,0.0,0.0,0.0,0.0,0.0,0.0,0.0,0.0,0.0,0.0,0.0,0.0,0.0,0.0
6.65366898148,314218.0,32681.0,9.61469967259,782.0,64382.0,65271.0,36.0,1137.0,2992.0,3445.0,5290.0,9003.0,9029.0,1582.0,171.0,24.0,8.0,0.0,0.0,0.0,0.0,0.0,0.0,0.0,0.0,0.0,0.0,0.0,0.0,0.0,0.0,0.0,0.0,0.0,0.0,0.0,0.0
6.65783564815,307444.0,32669.0,9.41087881478,782.0,64380.0,65272.0,39.0,1109.0,3124.0,3468.0,5328.0,9007.0,9011.0,1446.0,148.0,24.0,4.0,0.0,0.0,0.0,0.0,0.0,0.0,0.0,0.0,0.0,0.0,0.0,0.0,0.0,0.0,0.0,0.0,0.0,0.0,0.0,0.0
6.66200231481,307850.0,32671.0,9.42272963791,782.0,64380.0,65275.0,36.0,1128.0,3008.0,3505.0,5350.0,9086.0,8896.0,1537.0,135.0,24.0,2.0,0.0,0.0,0.0,0.0,0.0,0.0,0.0,0.0,0.0,0.0,0.0,0.0,0.0,0.0,0.0,0.0,0.0,0.0,0.0,0.0
6.66616898148,308722.0,32678.0,9.44739580146,785.0,64377.0,65271.0,25.0,1131.0,3046.0,3466.0,5312.0,9029.0,9029.0,1500.0,140.0,20.0,5.0,0.0,0.0,0.0,0.0,0.0,0.0,0.0,0.0,0.0,0.0,0.0,0.0,0.0,0.0,0.0,0.0,0.0,0.0,0.0,0.0
6.67033564815,312045.0,32672.0,9.55083863859,782.0,64380.0,65272.0,31.0,1127.0,2983.0,3465.0,5277.0,9024.0,9068.0,1528.0,176.0,20.0,4.0,0.0,0.0,0.0,0.0,0.0,0.0,0.0,0.0,0.0,0.0,0.0,0.0,0.0,0.0,0.0,0.0,0.0,0.0,0.0,0.0
6.67450231481,308655.0,32671.0,9.44736922653,787.0,64376.0,65275.0,31.0,1088.0,2989.0,3423.0,5331.0,9075.0,9104.0,1497.0,153.0,10.0,1.0,0.0,0.0,0.0,0.0,0.0,0.0,0.0,0.0,0.0,0.0,0.0,0.0,0.0,0.0,0.0,0.0,0.0,0.0,0.0,0.0
6.67866898148,307612.0,32676.0,9.41400416208,785.0,64380.0,65272.0,33.0,1197.0,3092.0,3582.0,5379.0,8810.0,8901.0,1533.0,157.0,20.0,5.0,0.0,0.0,0.0,0.0,0.0,0.0,0.0,0.0,0.0,0.0,0.0,0.0,0.0,0.0,0.0,0.0,0.0,0.0,0.0,0.0
6.68283564815,306849.0,32682.0,9.38892968607,787.0,64377.0,65272.0,32.0,1140.0,3223.0,3587.0,5293.0,8818.0,8926.0,1507.0,174.0,8.0,6.0,0.0,0.0,0.0,0.0,0.0,0.0,0.0,0.0,0.0,0.0,0.0,0.0,0.0,0.0,0.0,0.0,0.0,0.0,0.0,0.0
6.68700231481,308664.0,32686.0,9.44330906198,787.0,64380.0,65272.0,31.0,1175.0,3106.0,3523.0,5322.0,8833.0,9066.0,1470.0,166.0,20.0,5.0,0.0,0.0,0.0,0.0,0.0,0.0,0.0,0.0,0.0,0.0,0.0,0.0,0.0,0.0,0.0,0.0,0.0,0.0,0.0,0.0
6.69116898148,307866.0,32685.0,9.41918311152,788.0,64382.0,65273.0,31.0,1112.0,3056.0,3551.0,5373.0,8961.0,8949.0,1515.0,139.0,27.0,2.0,0.0,0.0,0.0,0.0,0.0,0.0,0.0,0.0,0.0,0.0,0.0,0.0,0.0,0.0,0.0,0.0,0.0,0.0,0.0,0.0
6.69533564815,309376.0,32682.0,9.46625053546,788.0,64382.0,65273.0,28.0,1116.0,3078.0,3541.0,5310.0,8937.0,8985.0,1534.0,155.0,23.0,3.0,0.0,0.0,0.0,0.0,0.0,0.0,0.0,0.0,0.0,0.0,0.0,0.0,0.0,0.0,0.0,0.0,0.0,0.0,0.0,0.0
6.69950231481,307992.0,32682.0,9.42390306591,788.0,64383.0,65273.0,24.0,1087.0,3148.0,3624.0,5301.0,8867.0,8965.0,1514.0,146.0,27.0,3.0,0.0,0.0,0.0,0.0,0.0,0.0,0.0,0.0,0.0,0.0,0.0,0.0,0.0,0.0,0.0,0.0,0.0,0.0,0.0,0.0
6.70366898148,308243.0,32696.0,9.42754465378,788.0,64380.0,65270.0,32.0,1133.0,3073.0,3747.0,5301.0,8797.0,8947.0,1503.0,168.0,22.0,5.0,0.0,0.0,0.0,0.0,0.0,0.0,0.0,0.0,0.0,0.0,0.0,0.0,0.0,0.0,0.0,0.0,0.0,0.0,0.0,0.0
6.70783564815,305461.0,32691.0,9.34388669664,790.0,64380.0,65272.0,38.0,1104.0,3081.0,3696.0,5421.0,8775.0,9006.0,1440.0,138.0,28.0,2.0,0.0,0.0,0.0,0.0,0.0,0.0,0.0,0.0,0.0,0.0,0.0,0.0,0.0,0.0,0.0,0.0,0.0,0.0,0.0,0.0
6.71200231481,310691.0,32682.0,9.50648675112,793.0,64380.0,65272.0,43.0,1116.0,2981.0,3715.0,5254.0,8720.0,9216.0,1501.0,151.0,22.0,6.0,0.0,0.0,0.0,0.0,0.0,0.0,0.0,0.0,0.0,0.0,0.0,0.0,0.0,0.0,0.0,0.0,0.0,0.0,0.0,0.0
6.71616898148,309268.0,32691.0,9.46034076657,790.0,64376.0,65272.0,33.0,1114.0,3216.0,3882.0,5278.0,8431.0,9022.0,1543.0,176.0,21.0,8.0,0.0,0.0,0.0,0.0,0.0,0.0,0.0,0.0,0.0,0.0,0.0,0.0,0.0,0.0,0.0,0.0,0.0,0.0,0.0,0.0
6.72033564815,305766.0,32745.0,9.33779202932,798.0,64379.0,65272.0,28.0,1085.0,3094.0,3884.0,5234.0,8686.0,9072.0,1546.0,136.0,7.0,1.0,0.0,0.0,0.0,0.0,0.0,0.0,0.0,0.0,0.0,0.0,0.0,0.0,0.0,0.0,0.0,0.0,0.0,0.0,0.0,0.0
6.72450231481,303132.0,32749.0,9.25622156402,790.0,64379.0,65272.0,35.0,1094.0,3184.0,4048.0,5165.0,8509.0,9159.0,1446.0,129.0,14.0,1.0,0.0,0.0,0.0,0.0,0.0,0.0,0.0,0.0,0.0,0.0,0.0,0.0,0.0,0.0,0.0,0.0,0.0,0.0,0.0,0.0
6.72866898148,310587.0,32760.0,9.48067765568,793.0,64382.0,65272.0,35.0,1019.0,3057.0,3995.0,5217.0,8688.0,9025.0,1582.0,147.0,23.0,7.0,0.0,0.0,0.0,0.0,0.0,0.0,0.0,0.0,0.0,0.0,0.0,0.0,0.0,0.0,0.0,0.0,0.0,0.0,0.0,0.0
6.73283564815,304544.0,32738.0,9.3024619708,793.0,64382.0,65272.0,33.0,1032.0,3202.0,4153.0,5139.0,8510.0,9029.0,1517.0,138.0,16.0,2.0,0.0,0.0,0.0,0.0,0.0,0.0,0.0,0.0,0.0,0.0,0.0,0.0,0.0,0.0,0.0,0.0,0.0,0.0,0.0,0.0
6.73700231481,306416.0,32753.0,9.35535676121,796.0,64382.0,65273.0,35.0,1015.0,3070.0,3845.0,5208.0,8719.0,9243.0,1531.0,116.0,6.0,0.0,0.0,0.0,0.0,0.0,0.0,0.0,0.0,0.0,0.0,0.0,0.0,0.0,0.0,0.0,0.0,0.0,0.0,0.0,0.0,0.0
6.74116898148,309223.0,32688.0,9.45983235438,798.0,64379.0,65271.0,39.0,1055.0,3029.0,3965.0,5146.0,8636.0,9087.0,1613.0,137.0,18.0,2.0,0.0,0.0,0.0,0.0,0.0,0.0,0.0,0.0,0.0,0.0,0.0,0.0,0.0,0.0,0.0,0.0,0.0,0.0,0.0,0.0
6.74533564815,318349.0,32713.0,9.73157460337,795.0,64384.0,65272.0,32.0,996.0,2937.0,3880.0,5023.0,8507.0,9507.0,1662.0,184.0,15.0,2.0,0.0,0.0,0.0,0.0,0.0,0.0,0.0,0.0,0.0,0.0,0.0,0.0,0.0,0.0,0.0,0.0,0.0,0.0,0.0,0.0
6.74950231481,314790.0,32715.0,9.6221916552,798.0,64382.0,65273.0,31.0,934.0,2838.0,3998.0,5129.0,8628.0,9345.0,1688.0,140.0,15.0,0.0,0.0,0.0,0.0,0.0,0.0,0.0,0.0,0.0,0.0,0.0,0.0,0.0,0.0,0.0,0.0,0.0,0.0,0.0,0.0,0.0
6.75366898148,320650.0,32703.0,9.80491086445,798.0,64382.0,65272.0,31.0,933.0,2814.0,3836.0,5029.0,8708.0,9466.0,1746.0,140.0,30.0,1.0,0.0,0.0,0.0,0.0,0.0,0.0,0.0,0.0,0.0,0.0,0.0,0.0,0.0,0.0,0.0,0.0,0.0,0.0,0.0,0.0
6.75783564815,265289.0,27251.0,9.73501889839,798.0,64382.0,65271.0,35.0,768.0,2369.0,3216.0,4206.0,7266.0,7832.0,1455.0,129.0,9.0,1.0,0.0,0.0,0.0,0.0,0.0,0.0,0.0,0.0,0.0,0.0,0.0,0.0,0.0,0.0,0.0,0.0,0.0,0.0,0.0,0.0
6.76971064815,318818.0,32711.0,9.74650729113,801.0,64380.0,65274.0,35.0,888.0,2936.0,3913.0,4906.0,8714.0,9458.0,1746.0,128.0,18.0,4.0,0.0,0.0,0.0,0.0,0.0,0.0,0.0,0.0,0.0,0.0,0.0,0.0,0.0,0.0,0.0,0.0,0.0,0.0,0.0,0.0
6.77387731481,323575.0,32712.0,9.89162998288,801.0,64379.0,65272.0,30.0,894.0,2801.0,3853.0,4813.0,8809.0,9553.0,1811.0,162.0,15.0,1.0,0.0,0.0,0.0,0.0,0.0,0.0,0.0,0.0,0.0,0.0,0.0,0.0,0.0,0.0,0.0,0.0,0.0,0.0,0.0,0.0
6.77804398148,318916.0,32706.0,9.75099370146,801.0,64383.0,65272.0,28.0,843.0,2744.0,4036.0,5041.0,8702.0,9495.0,1689.0,127.0,25.0,4.0,0.0,0.0,0.0,0.0,0.0,0.0,0.0,0.0,0.0,0.0,0.0,0.0,0.0,0.0,0.0,0.0,0.0,0.0,0.0,0.0
6.78221064815,323328.0,32729.0,9.87894527789,801.0,64377.0,65272.0,35.0,837.0,2798.0,3843.0,4941.0,8795.0,9564.0,1786.0,138.0,25.0,2.0,0.0,0.0,0.0,0.0,0.0,0.0,0.0,0.0,0.0,0.0,0.0,0.0,0.0,0.0,0.0,0.0,0.0,0.0,0.0,0.0
6.78637731481,319554.0,32714.0,9.76811151189,806.0,64380.0,65273.0,28.0,804.0,2710.0,3922.0,5002.0,8870.0,9561.0,1693.0,134.0,18.0,0.0,0.0,0.0,0.0,0.0,0.0,0.0,0.0,0.0,0.0,0.0,0.0,0.0,0.0,0.0,0.0,0.0,0.0,0.0,0.0,0.0
6.79054398148,327041.0,32714.0,9.9969737727,803.0,64382.0,65279.0,33.0,837.0,2675.0,3763.0,4780.0,8929.0,9749.0,1801.0,164.0,15.0,1.0,0.0,0.0,0.0,0.0,0.0,0.0,0.0,0.0,0.0,0.0,0.0,0.0,0.0,0.0,0.0,0.0,0.0,0.0,0.0,0.0
6.79471064815,323220.0,32718.0,9.87896570695,801.0,64380.0,65272.0,35.0,857.0,2738.0,3873.0,4832.0,8786.0,9731.0,1735.0,148.0,17.0,1.0,0.0,0.0,0.0,0.0,0.0,0.0,0.0,0.0,0.0,0.0,0.0,0.0,0.0,0.0,0.0,0.0,0.0,0.0,0.0,0.0
6.79887731481,320013.0,32718.0,9.78094626811,804.0,64379.0,65272.0,39.0,862.0,2815.0,3811.0,4970.0,8892.0,9520.0,1684.0,141.0,20.0,3.0,0.0,0.0,0.0,0.0,0.0,0.0,0.0,0.0,0.0,0.0,0.0,0.0,0.0,0.0,0.0,0.0,0.0,0.0,0.0,0.0
6.80304398148,319143.0,32717.0,9.75465354403,800.0,64380.0,65272.0,31.0,887.0,2669.0,3855.0,5053.0,8899.0,9485.0,1726.0,126.0,16.0,1.0,0.0,0.0,0.0,0.0,0.0,0.0,0.0,0.0,0.0,0.0,0.0,0.0,0.0,0.0,0.0,0.0,0.0,0.0,0.0,0.0
6.80721064815,318932.0,32730.0,9.74433241674,801.0,64384.0,65270.0,35.0,930.0,2780.0,3760.0,5020.0,8887.0,9511.0,1678.0,147.0,17.0,0.0,0.0,0.0,0.0,0.0,0.0,0.0,0.0,0.0,0.0,0.0,0.0,0.0,0.0,0.0,0.0,0.0,0.0,0.0,0.0,0.0
6.81137731481,320458.0,32725.0,9.79245225363,801.0,64382.0,65273.0,31.0,876.0,2830.0,3862.0,4926.0,8779.0,9556.0,1750.0,121.0,24.0,1.0,0.0,0.0,0.0,0.0,0.0,0.0,0.0,0.0,0.0,0.0,0.0,0.0,0.0,0.0,0.0,0.0,0.0,0.0,0.0,0.0
6.81554398148,321384.0,32725.0,9.8207486631,806.0,64383.0,65273.0,30.0,862.0,2788.0,3818.0,4930.0,8961.0,9496.0,1695.0,147.0,25.0,3.0,0.0,0.0,0.0,0.0,0.0,0.0,0.0,0.0,0.0,0.0,0.0,0.0,0.0,0.0,0.0,0.0,0.0,0.0,0.0,0.0
6.81971064815,319632.0,32720.0,9.76870415648,801.0,64380.0,65271.0,31.0,918.0,2770.0,3843.0,4936.0,8957.0,9417.0,1717.0,140.0,19.0,3.0,0.0,0.0,0.0,0.0,0.0,0.0,0.0,0.0,0.0,0.0,0.0,0.0,0.0,0.0,0.0,0.0,0.0,0.0,0.0,0.0
6.82387731481,318267.0,32722.0,9.72639202983,808.0,64380.0,65273.0,33.0,925.0,2717.0,4013.0,4979.0,8793.0,9427.0,1710.0,135.0,22.0,1.0,0.0,0.0,0.0,0.0,0.0,0.0,0.0,0.0,0.0,0.0,0.0,0.0,0.0,0.0,0.0,0.0,0.0,0.0,0.0,0.0
6.82804398148,322125.0,32725.0,9.84339190222,803.0,64380.0,65272.0,32.0,888.0,2815.0,3771.0,4936.0,8867.0,9520.0,1769.0,130.0,28.0,1.0,0.0,0.0,0.0,0.0,0.0,0.0,0.0,0.0,0.0,0.0,0.0,0.0,0.0,0.0,0.0,0.0,0.0,0.0,0.0,0.0
6.83221064815,322762.0,32721.0,9.86406283427,803.0,64377.0,65272.0,31.0,826.0,2646.0,3802.0,5022.0,9009.0,9460.0,1810.0,125.0,18.0,3.0,0.0,0.0,0.0,0.0,0.0,0.0,0.0,0.0,0.0,0.0,0.0,0.0,0.0,0.0,0.0,0.0,0.0,0.0,0.0,0.0
6.83637731481,324335.0,32727.0,9.9103186971,801.0,64380.0,65272.0,31.0,817.0,2639.0,3818.0,4867.0,8946.0,9769.0,1723.0,119.0,27.0,2.0,0.0,0.0,0.0,0.0,0.0,0.0,0.0,0.0,0.0,0.0,0.0,0.0,0.0,0.0,0.0,0.0,0.0,0.0,0.0,0.0
6.84054398148,320840.0,32730.0,9.80262755881,801.0,64380.0,65272.0,31.0,850.0,2846.0,3745.0,4994.0,8890.0,9493.0,1752.0,141.0,19.0,0.0,0.0,0.0,0.0,0.0,0.0,0.0,0.0,0.0,0.0,0.0,0.0,0.0,0.0,0.0,0.0,0.0,0.0,0.0,0.0,0.0
6.84471064815,323012.0,32725.0,9.87049656226,806.0,64380.0,65272.0,31.0,829.0,2788.0,3794.0,4919.0,8938.0,9535.0,1755.0,137.0,29.0,1.0,0.0,0.0,0.0,0.0,0.0,0.0,0.0,0.0,0.0,0.0,0.0,0.0,0.0,0.0,0.0,0.0,0.0,0.0,0.0,0.0
6.84887731481,327330.0,32724.0,10.002750275,806.0,64380.0,65272.0,32.0,795.0,2702.0,3690.0,4866.0,9029.0,9637.0,1838.0,146.0,17.0,4.0,0.0,0.0,0.0,0.0,0.0,0.0,0.0,0.0,0.0,0.0,0.0,0.0,0.0,0.0,0.0,0.0,0.0,0.0,0.0,0.0
6.85304398148,322219.0,32725.0,9.84626432391,806.0,64382.0,65273.0,31.0,859.0,2721.0,3829.0,4898.0,8981.0,9539.0,1740.0,133.0,22.0,3.0,0.0,0.0,0.0,0.0,0.0,0.0,0.0,0.0,0.0,0.0,0.0,0.0,0.0,0.0,0.0,0.0,0.0,0.0,0.0,0.0
6.85721064815,325955.0,32727.0,9.9598191096,808.0,64390.0,65273.0,31.0,836.0,2573.0,3663.0,5048.0,8919.0,9790.0,1745.0,128.0,20.0,5.0,0.0,0.0,0.0,0.0,0.0,0.0,0.0,0.0,0.0,0.0,0.0,0.0,0.0,0.0,0.0,0.0,0.0,0.0,0.0,0.0
6.86137731481,324838.0,32734.0,9.92356571149,801.0,64380.0,65267.0,36.0,946.0,2650.0,3778.0,4774.0,8918.0,9784.0,1728.0,127.0,25.0,4.0,0.0,0.0,0.0,0.0,0.0,0.0,0.0,0.0,0.0,0.0,0.0,0.0,0.0,0.0,0.0,0.0,0.0,0.0,0.0,0.0
6.86554398148,325245.0,32725.0,9.93873185638,801.0,64382.0,65272.0,31.0,864.0,2785.0,3774.0,4798.0,8895.0,9609.0,1847.0,131.0,18.0,4.0,0.0,0.0,0.0,0.0,0.0,0.0,0.0,0.0,0.0,0.0,0.0,0.0,0.0,0.0,0.0,0.0,0.0,0.0,0.0,0.0
6.86971064815,326397.0,32726.0,9.97362953004,798.0,64377.0,65275.0,32.0,812.0,2569.0,3760.0,4787.0,9041.0,9788.0,1844.0,110.0,13.0,2.0,0.0,0.0,0.0,0.0,0.0,0.0,0.0,0.0,0.0,0.0,0.0,0.0,0.0,0.0,0.0,0.0,0.0,0.0,0.0,0.0
6.87387731481,321157.0,32726.0,9.81351219214,811.0,64382.0,65272.0,32.0,912.0,2753.0,3804.0,4761.0,9003.0,9603.0,1761.0,110.0,17.0,2.0,0.0,0.0,0.0,0.0,0.0,0.0,0.0,0.0,0.0,0.0,0.0,0.0,0.0,0.0,0.0,0.0,0.0,0.0,0.0,0.0
6.87804398148,327744.0,32724.0,10.0154015402,806.0,64380.0,65272.0,28.0,893.0,2594.0,3649.0,4921.0,8995.0,9680.0,1815.0,155.0,18.0,4.0,0.0,0.0,0.0,0.0,0.0,0.0,0.0,0.0,0.0,0.0,0.0,0.0,0.0,0.0,0.0,0.0,0.0,0.0,0.0,0.0
6.88221064815,323209.0,32727.0,9.87591285483,803.0,64380.0,65272.0,32.0,873.0,2567.0,3885.0,4918.0,8992.0,9593.0,1744.0,129.0,25.0,0.0,1.0,0.0,0.0,0.0,0.0,0.0,0.0,0.0,0.0,0.0,0.0,0.0,0.0,0.0,0.0,0.0,0.0,0.0,0.0,0.0
6.88637731481,322555.0,32729.0,9.85532707996,808.0,64380.0,65273.0,32.0,857.0,2737.0,3765.0,4870.0,9069.0,9466.0,1816.0,135.0,12.0,2.0,0.0,0.0,0.0,0.0,0.0,0.0,0.0,0.0,0.0,0.0,0.0,0.0,0.0,0.0,0.0,0.0,0.0,0.0,0.0,0.0
6.89054398148,324517.0,32732.0,9.91436514726,803.0,64380.0,65276.0,31.0,889.0,2655.0,3785.0,4821.0,8990.0,9745.0,1667.0,156.0,20.0,3.0,1.0,0.0,0.0,0.0,0.0,0.0,0.0,0.0,0.0,0.0,0.0,0.0,0.0,0.0,0.0,0.0,0.0,0.0,0.0,0.0
6.89471064815,314726.0,32726.0,9.61700177229,806.0,64380.0,65272.0,32.0,944.0,2762.0,3864.0,5163.0,8834.0,9323.0,1714.0,111.0,8.0,3.0,0.0,0.0,0.0,0.0,0.0,0.0,0.0,0.0,0.0,0.0,0.0,0.0,0.0,0.0,0.0,0.0,0.0,0.0,0.0,0.0
6.89887731481,314172.0,32725.0,9.60036669213,806.0,64380.0,65270.0,31.0,900.0,2794.0,3935.0,4965.0,8850.0,9507.0,1664.0,103.0,7.0,0.0,0.0,0.0,0.0,0.0,0.0,0.0,0.0,0.0,0.0,0.0,0.0,0.0,0.0,0.0,0.0,0.0,0.0,0.0,0.0,0.0
6.90304398148,312867.0,32725.0,9.56048892284,801.0,64380.0,65272.0,31.0,873.0,2753.0,3931.0,5057.0,8949.0,9414.0,1643.0,97.0,8.0,0.0,0.0,0.0,0.0,0.0,0.0,0.0,0.0,0.0,0.0,0.0,0.0,0.0,0.0,0.0,0.0,0.0,0.0,0.0,0.0,0.0
6.90721064815,314776.0,32736.0,9.61559139785,806.0,64383.0,65272.0,32.0,899.0,2776.0,3930.0,5045.0,8917.0,9401.0,1648.0,102.0,13.0,5.0,0.0,0.0,0.0,0.0,0.0,0.0,0.0,0.0,0.0,0.0,0.0,0.0,0.0,0.0,0.0,0.0,0.0,0.0,0.0,0.0
6.91137731481,315853.0,32726.0,9.65143922264,804.0,64383.0,65272.0,32.0,864.0,2889.0,3936.0,4971.0,8853.0,9405.0,1659.0,131.0,17.0,1.0,0.0,0.0,0.0,0.0,0.0,0.0,0.0,0.0,0.0,0.0,0.0,0.0,0.0,0.0,0.0,0.0,0.0,0.0,0.0,0.0
6.91554398148,320828.0,32730.0,9.8022609227,808.0,64379.0,65272.0,28.0,866.0,2788.0,3850.0,4901.0,8912.0,9515.0,1736.0,144.0,17.0,1.0,0.0,0.0,0.0,0.0,0.0,0.0,0.0,0.0,0.0,0.0,0.0,0.0,0.0,0.0,0.0,0.0,0.0,0.0,0.0,0.0
6.91971064815,316086.0,32713.0,9.66239721212,801.0,64380.0,65272.0,31.0,900.0,2820.0,3797.0,5188.0,8775.0,9430.0,1655.0,128.0,19.0,1.0,0.0,0.0,0.0,0.0,0.0,0.0,0.0,0.0,0.0,0.0,0.0,0.0,0.0,0.0,0.0,0.0,0.0,0.0,0.0,0.0
6.92387731481,321404.0,32724.0,9.82165994377,801.0,64383.0,65272.0,35.0,911.0,2680.0,3782.0,4946.0,8880.0,9651.0,1726.0,131.0,16.0,1.0,0.0,0.0,0.0,0.0,0.0,0.0,0.0,0.0,0.0,0.0,0.0,0.0,0.0,0.0,0.0,0.0,0.0,0.0,0.0,0.0
6.92804398148,320949.0,32733.0,9.80505911465,803.0,64376.0,65286.0,28.0,933.0,2781.0,3856.0,4950.0,8828.0,9502.0,1711.0,145.0,23.0,4.0,0.0,0.0,0.0,0.0,0.0,0.0,0.0,0.0,0.0,0.0,0.0,0.0,0.0,0.0,0.0,0.0,0.0,0.0,0.0,0.0
6.93221064815,319947.0,32728.0,9.7759410902,804.0,64385.0,65272.0,32.0,922.0,2719.0,3736.0,4951.0,9014.0,9571.0,1662.0,128.0,24.0,1.0,0.0,0.0,0.0,0.0,0.0,0.0,0.0,0.0,0.0,0.0,0.0,0.0,0.0,0.0,0.0,0.0,0.0,0.0,0.0,0.0
6.93637731481,320009.0,32729.0,9.77753674112,804.0,64384.0,65272.0,28.0,872.0,2743.0,3857.0,5010.0,8841.0,9494.0,1770.0,126.0,15.0,1.0,0.0,0.0,0.0,0.0,0.0,0.0,0.0,0.0,0.0,0.0,0.0,0.0,0.0,0.0,0.0,0.0,0.0,0.0,0.0,0.0
6.94054398148,314999.0,32715.0,9.62858016201,808.0,64380.0,65272.0,31.0,935.0,2759.0,3888.0,5120.0,8764.0,9475.0,1636.0,123.0,14.0,1.0,0.0,0.0,0.0,0.0,0.0,0.0,0.0,0.0,0.0,0.0,0.0,0.0,0.0,0.0,0.0,0.0,0.0,0.0,0.0,0.0
6.94471064815,317558.0,32721.0,9.70502124018,801.0,64382.0,65272.0,35.0,946.0,2888.0,3871.0,5052.0,8732.0,9400.0,1667.0,127.0,37.0,1.0,0.0,0.0,0.0,0.0,0.0,0.0,0.0,0.0,0.0,0.0,0.0,0.0,0.0,0.0,0.0,0.0,0.0,0.0,0.0,0.0
6.94887731481,313882.0,32722.0,9.59238432859,803.0,64381.0,65273.0,35.0,933.0,2974.0,3930.0,5004.0,8703.0,9392.0,1643.0,123.0,19.0,1.0,0.0,0.0,0.0,0.0,0.0,0.0,0.0,0.0,0.0,0.0,0.0,0.0,0.0,0.0,0.0,0.0,0.0,0.0,0.0,0.0
6.95304398148,314339.0,32722.0,9.60635046758,804.0,64379.0,65272.0,38.0,932.0,2893.0,3795.0,5142.0,8969.0,9169.0,1662.0,138.0,22.0,0.0,0.0,0.0,0.0,0.0,0.0,0.0,0.0,0.0,0.0,0.0,0.0,0.0,0.0,0.0,0.0,0.0,0.0,0.0,0.0,0.0
6.95721064815,314080.0,32717.0,9.59990219152,801.0,64380.0,65276.0,35.0,976.0,2894.0,3935.0,5075.0,8773.0,9236.0,1673.0,136.0,16.0,3.0,0.0,0.0,0.0,0.0,0.0,0.0,0.0,0.0,0.0,0.0,0.0,0.0,0.0,0.0,0.0,0.0,0.0,0.0,0.0,0.0
6.96137731481,313926.0,32714.0,9.59607507489,801.0,64383.0,65272.0,30.0,928.0,2976.0,3833.0,4985.0,9004.0,9141.0,1695.0,137.0,14.0,1.0,0.0,0.0,0.0,0.0,0.0,0.0,0.0,0.0,0.0,0.0,0.0,0.0,0.0,0.0,0.0,0.0,0.0,0.0,0.0,0.0
6.96554398148,316122.0,32721.0,9.66113505088,801.0,64382.0,65272.0,32.0,915.0,2892.0,3809.0,5041.0,8963.0,9299.0,1642.0,132.0,25.0,3.0,0.0,0.0,0.0,0.0,0.0,0.0,0.0,0.0,0.0,0.0,0.0,0.0,0.0,0.0,0.0,0.0,0.0,0.0,0.0,0.0
6.96971064815,312656.0,32724.0,9.5543332111,806.0,64382.0,65275.0,31.0,977.0,2896.0,3960.0,5024.0,8846.0,9232.0,1637.0,136.0,15.0,1.0,0.0,0.0,0.0,0.0,0.0,0.0,0.0,0.0,0.0,0.0,0.0,0.0,0.0,0.0,0.0,0.0,0.0,0.0,0.0,0.0
6.97387731481,311429.0,32715.0,9.51945590708,801.0,64380.0,65271.0,32.0,967.0,2837.0,3854.0,5123.0,9029.0,9158.0,1616.0,111.0,18.0,2.0,0.0,0.0,0.0,0.0,0.0,0.0,0.0,0.0,0.0,0.0,0.0,0.0,0.0,0.0,0.0,0.0,0.0,0.0,0.0,0.0
6.97804398148,309313.0,32730.0,9.45044301864,801.0,64384.0,65273.0,31.0,948.0,3079.0,3815.0,5223.0,8824.0,9105.0,1588.0,132.0,15.0,1.0,0.0,0.0,0.0,0.0,0.0,0.0,0.0,0.0,0.0,0.0,0.0,0.0,0.0,0.0,0.0,0.0,0.0,0.0,0.0,0.0
6.98221064815,311889.0,32727.0,9.53002108351,801.0,64380.0,65275.0,35.0,1001.0,2913.0,3916.0,5022.0,8926.0,9173.0,1633.0,124.0,17.0,2.0,0.0,0.0,0.0,0.0,0.0,0.0,0.0,0.0,0.0,0.0,0.0,0.0,0.0,0.0,0.0,0.0,0.0,0.0,0.0,0.0
6.98637731481,311288.0,32729.0,9.51107580433,801.0,64382.0,65272.0,31.0,1019.0,2900.0,3858.0,5172.0,8712.0,9351.0,1586.0,109.0,21.0,1.0,0.0,0.0,0.0,0.0,0.0,0.0,0.0,0.0,0.0,0.0,0.0,0.0,0.0,0.0,0.0,0.0,0.0,0.0,0.0,0.0
6.99054398148,311673.0,32720.0,9.52545843521,801.0,64380.0,65272.0,38.0,959.0,2823.0,4005.0,5130.0,8786.0,9317.0,1549.0,130.0,18.0,3.0,0.0,0.0,0.0,0.0,0.0,0.0,0.0,0.0,0.0,0.0,0.0,0.0,0.0,0.0,0.0,0.0,0.0,0.0,0.0,0.0
6.99471064815,316564.0,32726.0,9.67316506753,801.0,64380.0,65272.0,32.0,961.0,2894.0,3793.0,5061.0,8854.0,9324.0,1683.0,133.0,19.0,4.0,0.0,0.0,0.0,0.0,0.0,0.0,0.0,0.0,0.0,0.0,0.0,0.0,0.0,0.0,0.0,0.0,0.0,0.0,0.0,0.0
6.99887731481,313863.0,32718.0,9.5929763433,801.0,64383.0,65272.0,32.0,949.0,2933.0,3931.0,5019.0,8890.0,9154.0,1682.0,143.0,15.0,2.0,0.0,0.0,0.0,0.0,0.0,0.0,0.0,0.0,0.0,0.0,0.0,0.0,0.0,0.0,0.0,0.0,0.0,0.0,0.0,0.0
7.00304398148,312800.0,32717.0,9.56077880001,801.0,64380.0,65272.0,32.0,969.0,2842.0,3905.0,4973.0,9018.0,9264.0,1596.0,133.0,16.0,1.0,0.0,0.0,0.0,0.0,0.0,0.0,0.0,0.0,0.0,0.0,0.0,0.0,0.0,0.0,0.0,0.0,0.0,0.0,0.0,0.0
7.00721064815,310358.0,32713.0,9.48729862746,801.0,64382.0,65272.0,32.0,959.0,2958.0,3940.0,5152.0,8860.0,9084.0,1611.0,128.0,19.0,2.0,0.0,0.0,0.0,0.0,0.0,0.0,0.0,0.0,0.0,0.0,0.0,0.0,0.0,0.0,0.0,0.0,0.0,0.0,0.0,0.0
7.01137731481,313291.0,32715.0,9.57637169494,801.0,64383.0,65271.0,31.0,982.0,2963.0,3848.0,5178.0,8712.0,9288.0,1568.0,152.0,19.0,5.0,0.0,0.0,0.0,0.0,0.0,0.0,0.0,0.0,0.0,0.0,0.0,0.0,0.0,0.0,0.0,0.0,0.0,0.0,0.0,0.0
7.01554398148,309978.0,32706.0,9.47771051183,801.0,64380.0,65273.0,28.0,989.0,2958.0,3850.0,5256.0,8817.0,9101.0,1586.0,122.0,26.0,1.0,0.0,0.0,0.0,0.0,0.0,0.0,0.0,0.0,0.0,0.0,0.0,0.0,0.0,0.0,0.0,0.0,0.0,0.0,0.0,0.0
7.01971064815,306683.0,32711.0,9.37553116689,800.0,64382.0,65272.0,31.0,1053.0,3075.0,3942.0,5163.0,8702.0,9095.0,1547.0,113.0,17.0,4.0,0.0,0.0,0.0,0.0,0.0,0.0,0.0,0.0,0.0,0.0,0.0,0.0,0.0,0.0,0.0,0.0,0.0,0.0,0.0,0.0
7.02387731481,306874.0,32709.0,9.38194380751,800.0,64379.0,65272.0,28.0,970.0,2992.0,3945.0,5234.0,8844.0,9049.0,1522.0,137.0,16.0,0.0,0.0,0.0,0.0,0.0,0.0,0.0,0.0,0.0,0.0,0.0,0.0,0.0,0.0,0.0,0.0,0.0,0.0,0.0,0.0,0.0
7.02804398148,309353.0,32707.0,9.4583116764,800.0,64381.0,65272.0,31.0,1029.0,3023.0,4033.0,5110.0,8666.0,9131.0,1556.0,129.0,26.0,4.0,0.0,0.0,0.0,0.0,0.0,0.0,0.0,0.0,0.0,0.0,0.0,0.0,0.0,0.0,0.0,0.0,0.0,0.0,0.0,0.0
7.03221064815,305415.0,32718.0,9.33476985146,798.0,64381.0,65273.0,28.0,1055.0,3113.0,3997.0,5305.0,8634.0,8899.0,1552.0,141.0,21.0,1.0,0.0,0.0,0.0,0.0,0.0,0.0,0.0,0.0,0.0,0.0,0.0,0.0,0.0,0.0,0.0,0.0,0.0,0.0,0.0,0.0
7.03637731481,314504.0,32702.0,9.61727111492,798.0,64383.0,65272.0,35.0,951.0,2980.0,3880.0,5083.0,8717.0,9286.0,1635.0,146.0,21.0,3.0,0.0,0.0,0.0,0.0,0.0,0.0,0.0,0.0,0.0,0.0,0.0,0.0,0.0,0.0,0.0,0.0,0.0,0.0,0.0,0.0
7.04054398148,312987.0,32699.0,9.5717606043,798.0,64385.0,65272.0,31.0,956.0,2879.0,3862.0,5120.0,8870.0,9264.0,1598.0,127.0,19.0,4.0,0.0,0.0,0.0,0.0,0.0,0.0,0.0,0.0,0.0,0.0,0.0,0.0,0.0,0.0,0.0,0.0,0.0,0.0,0.0,0.0
7.04471064815,315086.0,32717.0,9.63065073204,798.0,64383.0,65272.0,36.0,919.0,2876.0,3785.0,5030.0,8945.0,9428.0,1585.0,124.0,23.0,2.0,0.0,0.0,0.0,0.0,0.0,0.0,0.0,0.0,0.0,0.0,0.0,0.0,0.0,0.0,0.0,0.0,0.0,0.0,0.0,0.0
7.04887731481,313283.0,32705.0,9.57905519034,800.0,64383.0,65273.0,32.0,944.0,2863.0,3744.0,5199.0,8975.0,9208.0,1615.0,137.0,20.0,0.0,0.0,0.0,0.0,0.0,0.0,0.0,0.0,0.0,0.0,0.0,0.0,0.0,0.0,0.0,0.0,0.0,0.0,0.0,0.0,0.0
7.05304398148,311491.0,32699.0,9.52600996972,798.0,64383.0,65272.0,30.0,994.0,2931.0,3840.0,5106.0,8921.0,9140.0,1616.0,130.0,20.0,1.0,0.0,0.0,0.0,0.0,0.0,0.0,0.0,0.0,0.0,0.0,0.0,0.0,0.0,0.0,0.0,0.0,0.0,0.0,0.0,0.0
7.05721064815,307361.0,32698.0,9.39999388342,798.0,64382.0,65272.0,38.0,1026.0,2977.0,3852.0,5206.0,8846.0,9106.0,1544.0,128.0,12.0,1.0,0.0,0.0,0.0,0.0,0.0,0.0,0.0,0.0,0.0,0.0,0.0,0.0,0.0,0.0,0.0,0.0,0.0,0.0,0.0,0.0
7.06137731481,314743.0,32699.0,9.62546255237,795.0,64380.0,65273.0,31.0,895.0,2853.0,3715.0,5241.0,8895.0,9321.0,1637.0,123.0,15.0,4.0,0.0,0.0,0.0,0.0,0.0,0.0,0.0,0.0,0.0,0.0,0.0,0.0,0.0,0.0,0.0,0.0,0.0,0.0,0.0,0.0
7.06554398148,311414.0,32694.0,9.52511164128,798.0,64380.0,65270.0,40.0,876.0,2924.0,3877.0,5098.0,8999.0,9182.0,1594.0,127.0,16.0,1.0,0.0,0.0,0.0,0.0,0.0,0.0,0.0,0.0,0.0,0.0,0.0,0.0,0.0,0.0,0.0,0.0,0.0,0.0,0.0,0.0
7.06971064815,314058.0,32699.0,9.60451389951,793.0,64383.0,65272.0,32.0,976.0,2898.0,3832.0,5172.0,8805.0,9231.0,1611.0,151.0,19.0,4.0,0.0,0.0,0.0,0.0,0.0,0.0,0.0,0.0,0.0,0.0,0.0,0.0,0.0,0.0,0.0,0.0,0.0,0.0,0.0,0.0
7.07387731481,308093.0,32714.0,9.41777220762,795.0,64380.0,65272.0,31.0,1024.0,2915.0,3823.0,5203.0,8948.0,9131.0,1531.0,121.0,18.0,0.0,0.0,0.0,0.0,0.0,0.0,0.0,0.0,0.0,0.0,0.0,0.0,0.0,0.0,0.0,0.0,0.0,0.0,0.0,0.0,0.0
7.07804398148,309963.0,32716.0,9.47435505563,795.0,64380.0,65272.0,32.0,956.0,2921.0,3839.0,5099.0,8915.0,9274.0,1596.0,106.0,9.0,1.0,0.0,0.0,0.0,0.0,0.0,0.0,0.0,0.0,0.0,0.0,0.0,0.0,0.0,0.0,0.0,0.0,0.0,0.0,0.0,0.0
7.08221064815,314098.0,32738.0,9.59429409249,793.0,64377.0,65272.0,28.0,944.0,2930.0,3870.0,5199.0,8585.0,9418.0,1635.0,143.0,14.0,0.0,0.0,0.0,0.0,0.0,0.0,0.0,0.0,0.0,0.0,0.0,0.0,0.0,0.0,0.0,0.0,0.0,0.0,0.0,0.0,0.0
7.08637731481,306881.0,32680.0,9.39048347613,793.0,64377.0,65278.0,32.0,990.0,3055.0,3853.0,5084.0,8907.0,9095.0,1570.0,115.0,11.0,0.0,0.0,0.0,0.0,0.0,0.0,0.0,0.0,0.0,0.0,0.0,0.0,0.0,0.0,0.0,0.0,0.0,0.0,0.0,0.0,0.0
7.09054398148,313260.0,32688.0,9.58333333333,795.0,64382.0,65272.0,31.0,992.0,2916.0,3970.0,5237.0,8694.0,9098.0,1573.0,170.0,36.0,2.0,0.0,0.0,0.0,0.0,0.0,0.0,0.0,0.0,0.0,0.0,0.0,0.0,0.0,0.0,0.0,0.0,0.0,0.0,0.0,0.0
7.09471064815,312721.0,32750.0,9.54873282443,800.0,64380.0,65272.0,35.0,979.0,2971.0,3819.0,5182.0,8881.0,9146.0,1582.0,173.0,16.0,1.0,0.0,0.0,0.0,0.0,0.0,0.0,0.0,0.0,0.0,0.0,0.0,0.0,0.0,0.0,0.0,0.0,0.0,0.0,0.0,0.0
7.09887731481,322421.0,32672.0,9.86841944172,793.0,64377.0,65272.0,30.0,969.0,2821.0,3870.0,4939.0,8887.0,9271.0,1649.0,223.0,42.0,1.0,0.0,0.0,0.0,0.0,0.0,0.0,0.0,0.0,0.0,0.0,0.0,0.0,0.0,0.0,0.0,0.0,0.0,0.0,0.0,0.0
7.10304398148,315655.0,32688.0,9.65660181106,792.0,64382.0,65272.0,31.0,1032.0,2933.0,3881.0,5118.0,8795.0,9099.0,1608.0,181.0,39.0,2.0,0.0,0.0,0.0,0.0,0.0,0.0,0.0,0.0,0.0,0.0,0.0,0.0,0.0,0.0,0.0,0.0,0.0,0.0,0.0,0.0
7.10721064815,313409.0,32728.0,9.57617330726,795.0,64383.0,65273.0,31.0,1008.0,2917.0,3920.0,5207.0,8774.0,9109.0,1607.0,156.0,25.0,5.0,0.0,0.0,0.0,0.0,0.0,0.0,0.0,0.0,0.0,0.0,0.0,0.0,0.0,0.0,0.0,0.0,0.0,0.0,0.0,0.0
7.11137731481,305167.0,32707.0,9.33032684135,788.0,64381.0,65272.0,31.0,1035.0,2991.0,4040.0,5174.0,8799.0,9010.0,1509.0,135.0,13.0,1.0,0.0,0.0,0.0,0.0,0.0,0.0,0.0,0.0,0.0,0.0,0.0,0.0,0.0,0.0,0.0,0.0,0.0,0.0,0.0,0.0
7.11554398148,306765.0,32702.0,9.38061892239,790.0,64380.0,65272.0,33.0,993.0,3063.0,3853.0,5253.0,8755.0,9119.0,1521.0,130.0,14.0,1.0,0.0,0.0,0.0,0.0,0.0,0.0,0.0,0.0,0.0,0.0,0.0,0.0,0.0,0.0,0.0,0.0,0.0,0.0,0.0,0.0
7.11971064815,311144.0,32674.0,9.52267858236,790.0,64382.0,65272.0,32.0,975.0,2866.0,3861.0,5171.0,8986.0,9073.0,1583.0,130.0,28.0,1.0,0.0,0.0,0.0,0.0,0.0,0.0,0.0,0.0,0.0,0.0,0.0,0.0,0.0,0.0,0.0,0.0,0.0,0.0,0.0,0.0
7.12387731481,310005.0,32705.0,9.4788258676,788.0,64382.0,65272.0,31.0,1042.0,2941.0,3844.0,5178.0,8803.0,9111.0,1646.0,127.0,13.0,0.0,0.0,0.0,0.0,0.0,0.0,0.0,0.0,0.0,0.0,0.0,0.0,0.0,0.0,0.0,0.0,0.0,0.0,0.0,0.0,0.0
7.12804398148,314926.0,32698.0,9.63135359961,788.0,64383.0,65271.0,34.0,1014.0,2860.0,3739.0,5193.0,8797.0,9262.0,1665.0,149.0,19.0,0.0,0.0,0.0,0.0,0.0,0.0,0.0,0.0,0.0,0.0,0.0,0.0,0.0,0.0,0.0,0.0,0.0,0.0,0.0,0.0,0.0
7.13221064815,308152.0,32693.0,9.42562628086,792.0,64380.0,65279.0,25.0,1005.0,2958.0,3859.0,5243.0,8873.0,9071.0,1531.0,130.0,22.0,1.0,0.0,0.0,0.0,0.0,0.0,0.0,0.0,0.0,0.0,0.0,0.0,0.0,0.0,0.0,0.0,0.0,0.0,0.0,0.0,0.0
7.13637731481,310166.0,32692.0,9.48751988254,787.0,64383.0,65272.0,31.0,961.0,2898.0,3846.0,5290.0,8714.0,9270.0,1569.0,129.0,15.0,0.0,0.0,0.0,0.0,0.0,0.0,0.0,0.0,0.0,0.0,0.0,0.0,0.0,0.0,0.0,0.0,0.0,0.0,0.0,0.0,0.0
7.14054398148,308682.0,32684.0,9.44443764533,788.0,64385.0,65272.0,31.0,1005.0,2960.0,3825.0,5356.0,8827.0,8947.0,1601.0,146.0,16.0,1.0,0.0,0.0,0.0,0.0,0.0,0.0,0.0,0.0,0.0,0.0,0.0,0.0,0.0,0.0,0.0,0.0,0.0,0.0,0.0,0.0
7.14471064815,308863.0,32690.0,9.44824105231,787.0,64382.0,65275.0,33.0,1030.0,2965.0,3799.0,5269.0,8751.0,9169.0,1559.0,132.0,15.0,1.0,0.0,0.0,0.0,0.0,0.0,0.0,0.0,0.0,0.0,0.0,0.0,0.0,0.0,0.0,0.0,0.0,0.0,0.0,0.0,0.0
7.14887731481,306776.0,32685.0,9.38583448065,787.0,64381.0,65272.0,30.0,1023.0,2950.0,3987.0,5165.0,8829.0,9009.0,1588.0,120.0,13.0,1.0,0.0,0.0,0.0,0.0,0.0,0.0,0.0,0.0,0.0,0.0,0.0,0.0,0.0,0.0,0.0,0.0,0.0,0.0,0.0,0.0
7.15304398148,309908.0,32688.0,9.48078805678,787.0,64382.0,65270.0,35.0,1026.0,3020.0,3886.0,5171.0,8762.0,9085.0,1560.0,156.0,20.0,2.0,0.0,0.0,0.0,0.0,0.0,0.0,0.0,0.0,0.0,0.0,0.0,0.0,0.0,0.0,0.0,0.0,0.0,0.0,0.0,0.0
7.15721064815,307660.0,32679.0,9.41460877016,787.0,64377.0,65272.0,30.0,1058.0,2998.0,3999.0,5110.0,8808.0,9016.0,1524.0,139.0,24.0,3.0,0.0,0.0,0.0,0.0,0.0,0.0,0.0,0.0,0.0,0.0,0.0,0.0,0.0,0.0,0.0,0.0,0.0,0.0,0.0,0.0
7.16137731481,305716.0,32679.0,9.35512102574,787.0,64377.0,65272.0,35.0,1000.0,3050.0,3917.0,5290.0,8797.0,8936.0,1541.0,126.0,21.0,1.0,0.0,0.0,0.0,0.0,0.0,0.0,0.0,0.0,0.0,0.0,0.0,0.0,0.0,0.0,0.0,0.0,0.0,0.0,0.0,0.0
7.16554398148,306353.0,32682.0,9.37375313628,787.0,64377.0,65272.0,38.0,1020.0,3007.0,3911.0,5189.0,8874.0,9040.0,1480.0,144.0,14.0,3.0,0.0,0.0,0.0,0.0,0.0,0.0,0.0,0.0,0.0,0.0,0.0,0.0,0.0,0.0,0.0,0.0,0.0,0.0,0.0,0.0
7.16971064815,312028.0,32679.0,9.54827259096,785.0,64382.0,65273.0,28.0,974.0,3030.0,3775.0,5278.0,8764.0,9055.0,1614.0,164.0,25.0,0.0,0.0,0.0,0.0,0.0,0.0,0.0,0.0,0.0,0.0,0.0,0.0,0.0,0.0,0.0,0.0,0.0,0.0,0.0,0.0,0.0
7.17387731481,308544.0,32678.0,9.44194871167,785.0,64380.0,65272.0,35.0,960.0,2956.0,3880.0,5219.0,8787.0,9198.0,1533.0,127.0,18.0,0.0,0.0,0.0,0.0,0.0,0.0,0.0,0.0,0.0,0.0,0.0,0.0,0.0,0.0,0.0,0.0,0.0,0.0,0.0,0.0,0.0
7.17804398148,310481.0,32678.0,9.50122406512,787.0,64380.0,65273.0,31.0,1076.0,2977.0,3844.0,5132.0,8687.0,9200.0,1614.0,125.0,23.0,0.0,0.0,0.0,0.0,0.0,0.0,0.0,0.0,0.0,0.0,0.0,0.0,0.0,0.0,0.0,0.0,0.0,0.0,0.0,0.0,0.0
7.18221064815,310211.0,32671.0,9.49499556181,787.0,64380.0,65270.0,35.0,942.0,2925.0,3867.0,5156.0,9006.0,9028.0,1591.0,136.0,18.0,2.0,0.0,0.0,0.0,0.0,0.0,0.0,0.0,0.0,0.0,0.0,0.0,0.0,0.0,0.0,0.0,0.0,0.0,0.0,0.0,0.0
7.18637731481,310428.0,32672.0,9.5013467189,785.0,64379.0,65272.0,28.0,1011.0,2976.0,3860.0,5087.0,8813.0,9195.0,1574.0,138.0,16.0,2.0,0.0,0.0,0.0,0.0,0.0,0.0,0.0,0.0,0.0,0.0,0.0,0.0,0.0,0.0,0.0,0.0,0.0,0.0,0.0,0.0
7.19054398148,310798.0,32662.0,9.51558385892,787.0,64379.0,65271.0,31.0,998.0,2926.0,3828.0,5214.0,8808.0,9152.0,1572.0,142.0,20.0,2.0,0.0,0.0,0.0,0.0,0.0,0.0,0.0,0.0,0.0,0.0,0.0,0.0,0.0,0.0,0.0,0.0,0.0,0.0,0.0,0.0
7.19471064815,312523.0,32675.0,9.56459066565,785.0,64380.0,65272.0,30.0,964.0,2895.0,3910.0,5212.0,8790.0,9153.0,1566.0,160.0,20.0,5.0,0.0,0.0,0.0,0.0,0.0,0.0,0.0,0.0,0.0,0.0,0.0,0.0,0.0,0.0,0.0,0.0,0.0,0.0,0.0,0.0
7.19887731481,309074.0,32674.0,9.45932545755,785.0,64382.0,65273.0,31.0,1014.0,2962.0,3862.0,5195.0,8843.0,9031.0,1627.0,121.0,18.0,1.0,0.0,0.0,0.0,0.0,0.0,0.0,0.0,0.0,0.0,0.0,0.0,0.0,0.0,0.0,0.0,0.0,0.0,0.0,0.0,0.0
7.20304398148,311044.0,32672.0,9.52020078355,782.0,64380.0,65272.0,36.0,993.0,2982.0,3885.0,5257.0,8712.0,9064.0,1607.0,145.0,24.0,3.0,0.0,0.0,0.0,0.0,0.0,0.0,0.0,0.0,0.0,0.0,0.0,0.0,0.0,0.0,0.0,0.0,0.0,0.0,0.0,0.0
7.20721064815,309676.0,32684.0,9.47485007955,782.0,64382.0,65272.0,36.0,1098.0,2988.0,3836.0,5126.0,8848.0,9043.0,1570.0,154.0,19.0,2.0,0.0,0.0,0.0,0.0,0.0,0.0,0.0,0.0,0.0,0.0,0.0,0.0,0.0,0.0,0.0,0.0,0.0,0.0,0.0,0.0
7.21137731481,309334.0,32675.0,9.466993114,782.0,64382.0,65272.0,31.0,1057.0,3046.0,3940.0,5190.0,8582.0,9114.0,1588.0,127.0,29.0,2.0,0.0,0.0,0.0,0.0,0.0,0.0,0.0,0.0,0.0,0.0,0.0,0.0,0.0,0.0,0.0,0.0,0.0,0.0,0.0,0.0
7.21554398148,310206.0,32682.0,9.49164677804,782.0,64382.0,65273.0,25.0,1038.0,3038.0,3756.0,5296.0,8709.0,9118.0,1550.0,150.0,25.0,2.0,0.0,0.0,0.0,0.0,0.0,0.0,0.0,0.0,0.0,0.0,0.0,0.0,0.0,0.0,0.0,0.0,0.0,0.0,0.0,0.0
7.21971064815,310550.0,32673.0,9.50478988767,782.0,64385.0,65271.0,31.0,987.0,2926.0,3808.0,5246.0,8946.0,9030.0,1548.0,154.0,28.0,0.0,0.0,0.0,0.0,0.0,0.0,0.0,0.0,0.0,0.0,0.0,0.0,0.0,0.0,0.0,0.0,0.0,0.0,0.0,0.0,0.0
7.22387731481,310585.0,32667.0,9.50760706523,782.0,64387.0,65272.0,35.0,971.0,2863.0,3811.0,5285.0,8824.0,9151.0,1608.0,144.0,10.0,0.0,0.0,0.0,0.0,0.0,0.0,0.0,0.0,0.0,0.0,0.0,0.0,0.0,0.0,0.0,0.0,0.0,0.0,0.0,0.0,0.0
7.22804398148,311170.0,32676.0,9.52289141878,782.0,64380.0,65272.0,30.0,1043.0,2890.0,3750.0,5285.0,8801.0,9151.0,1595.0,144.0,14.0,3.0,0.0,0.0,0.0,0.0,0.0,0.0,0.0,0.0,0.0,0.0,0.0,0.0,0.0,0.0,0.0,0.0,0.0,0.0,0.0,0.0
7.23221064815,313217.0,32672.0,9.58671033301,779.0,64382.0,65272.0,31.0,984.0,2959.0,3691.0,5225.0,8789.0,9227.0,1641.0,136.0,18.0,2.0,0.0,0.0,0.0,0.0,0.0,0.0,0.0,0.0,0.0,0.0,0.0,0.0,0.0,0.0,0.0,0.0,0.0,0.0,0.0,0.0
7.23637731481,311010.0,32668.0,9.52032570099,780.0,64380.0,65272.0,35.0,986.0,2972.0,3915.0,5078.0,8767.0,9204.0,1585.0,142.0,17.0,2.0,0.0,0.0,0.0,0.0,0.0,0.0,0.0,0.0,0.0,0.0,0.0,0.0,0.0,0.0,0.0,0.0,0.0,0.0,0.0,0.0
7.24054398148,309194.0,32659.0,9.46734437674,782.0,64380.0,65272.0,35.0,947.0,2998.0,3836.0,5411.0,8628.0,9071.0,1608.0,144.0,16.0,0.0,0.0,0.0,0.0,0.0,0.0,0.0,0.0,0.0,0.0,0.0,0.0,0.0,0.0,0.0,0.0,0.0,0.0,0.0,0.0,0.0
7.24471064815,306478.0,32666.0,9.38217106472,780.0,64384.0,65271.0,31.0,1046.0,2908.0,3865.0,5334.0,8759.0,9085.0,1528.0,123.0,18.0,0.0,0.0,0.0,0.0,0.0,0.0,0.0,0.0,0.0,0.0,0.0,0.0,0.0,0.0,0.0,0.0,0.0,0.0,0.0,0.0,0.0
7.24887731481,305285.0,32670.0,9.34450566269,780.0,64380.0,65272.0,32.0,1050.0,3081.0,3864.0,5331.0,8750.0,8877.0,1558.0,144.0,14.0,1.0,0.0,0.0,0.0,0.0,0.0,0.0,0.0,0.0,0.0,0.0,0.0,0.0,0.0,0.0,0.0,0.0,0.0,0.0,0.0,0.0
7.25304398148,303807.0,32667.0,9.30011938654,775.0,64383.0,65272.0,28.0,1061.0,3093.0,3813.0,5308.0,8910.0,8776.0,1548.0,150.0,8.0,0.0,0.0,0.0,0.0,0.0,0.0,0.0,0.0,0.0,0.0,0.0,0.0,0.0,0.0,0.0,0.0,0.0,0.0,0.0,0.0,0.0
7.25721064815,304989.0,32656.0,9.33944757472,785.0,64382.0,65273.0,31.0,1111.0,3101.0,3868.0,5254.0,8748.0,8871.0,1527.0,161.0,14.0,1.0,0.0,0.0,0.0,0.0,0.0,0.0,0.0,0.0,0.0,0.0,0.0,0.0,0.0,0.0,0.0,0.0,0.0,0.0,0.0,0.0
7.26137731481,306676.0,32667.0,9.38794502097,780.0,64382.0,65272.0,31.0,1101.0,3018.0,3731.0,5309.0,8830.0,8988.0,1537.0,133.0,18.0,2.0,0.0,0.0,0.0,0.0,0.0,0.0,0.0,0.0,0.0,0.0,0.0,0.0,0.0,0.0,0.0,0.0,0.0,0.0,0.0,0.0
7.26554398148,305857.0,32655.0,9.36631450008,777.0,64382.0,65272.0,32.0,1125.0,3027.0,3831.0,5362.0,8717.0,8891.0,1533.0,146.0,20.0,3.0,0.0,0.0,0.0,0.0,0.0,0.0,0.0,0.0,0.0,0.0,0.0,0.0,0.0,0.0,0.0,0.0,0.0,0.0,0.0,0.0
7.26971064815,303684.0,32660.0,9.29834660135,775.0,64379.0,65271.0,31.0,1120.0,3134.0,3899.0,5358.0,8527.0,8976.0,1505.0,117.0,18.0,6.0,0.0,0.0,0.0,0.0,0.0,0.0,0.0,0.0,0.0,0.0,0.0,0.0,0.0,0.0,0.0,0.0,0.0,0.0,0.0,0.0
7.27387731481,306726.0,32662.0,9.39091298757,775.0,64383.0,65272.0,31.0,1036.0,3128.0,3823.0,5322.0,8729.0,8906.0,1546.0,151.0,17.0,4.0,0.0,0.0,0.0,0.0,0.0,0.0,0.0,0.0,0.0,0.0,0.0,0.0,0.0,0.0,0.0,0.0,0.0,0.0,0.0,0.0
7.27804398148,305932.0,32657.0,9.36803748048,775.0,64380.0,65272.0,33.0,1114.0,3064.0,3818.0,5468.0,8484.0,9001.0,1539.0,153.0,13.0,3.0,0.0,0.0,0.0,0.0,0.0,0.0,0.0,0.0,0.0,0.0,0.0,0.0,0.0,0.0,0.0,0.0,0.0,0.0,0.0,0.0
7.28221064815,302884.0,32658.0,9.27441974401,777.0,64383.0,65272.0,36.0,1092.0,3126.0,3859.0,5358.0,8764.0,8791.0,1528.0,113.0,25.0,2.0,0.0,0.0,0.0,0.0,0.0,0.0,0.0,0.0,0.0,0.0,0.0,0.0,0.0,0.0,0.0,0.0,0.0,0.0,0.0,0.0
7.28637731481,302921.0,32661.0,9.27470071339,774.0,64380.0,65272.0,32.0,1114.0,3193.0,3894.0,5369.0,8628.0,8776.0,1523.0,142.0,19.0,3.0,0.0,0.0,0.0,0.0,0.0,0.0,0.0,0.0,0.0,0.0,0.0,0.0,0.0,0.0,0.0,0.0,0.0,0.0,0.0,0.0
7.29054398148,299536.0,32664.0,9.17021797698,774.0,64382.0,65273.0,31.0,1097.0,3278.0,3893.0,5474.0,8602.0,8674.0,1507.0,120.0,14.0,5.0,0.0,0.0,0.0,0.0,0.0,0.0,0.0,0.0,0.0,0.0,0.0,0.0,0.0,0.0,0.0,0.0,0.0,0.0,0.0,0.0
7.29471064815,299494.0,32656.0,9.17117834395,775.0,64379.0,65271.0,32.0,1120.0,3238.0,3932.0,5440.0,8619.0,8659.0,1486.0,145.0,16.0,1.0,0.0,0.0,0.0,0.0,0.0,0.0,0.0,0.0,0.0,0.0,0.0,0.0,0.0,0.0,0.0,0.0,0.0,0.0,0.0,0.0
7.29887731481,299638.0,32646.0,9.17839857869,775.0,64376.0,65273.0,33.0,1186.0,3376.0,3919.0,5398.0,8490.0,8608.0,1492.0,154.0,18.0,5.0,0.0,0.0,0.0,0.0,0.0,0.0,0.0,0.0,0.0,0.0,0.0,0.0,0.0,0.0,0.0,0.0,0.0,0.0,0.0,0.0
7.30304398148,295769.0,32650.0,9.05877488515,774.0,64383.0,65272.0,35.0,1198.0,3341.0,3948.0,5493.0,8516.0,8584.0,1392.0,160.0,18.0,0.0,0.0,0.0,0.0,0.0,0.0,0.0,0.0,0.0,0.0,0.0,0.0,0.0,0.0,0.0,0.0,0.0,0.0,0.0,0.0,0.0
7.30721064815,297880.0,32655.0,9.12203337927,774.0,64383.0,65275.0,30.0,1157.0,3234.0,3905.0,5493.0,8574.0,8691.0,1450.0,133.0,18.0,0.0,0.0,0.0,0.0,0.0,0.0,0.0,0.0,0.0,0.0,0.0,0.0,0.0,0.0,0.0,0.0,0.0,0.0,0.0,0.0,0.0
7.31137731481,306475.0,32649.0,9.38696437869,777.0,64380.0,65271.0,39.0,2201.0,2201.0,4029.0,5268.0,8611.0,8679.0,1450.0,172.0,18.0,12.0,5.0,2.0,0.0,0.0,0.0,0.0,0.0,0.0,0.0,0.0,0.0,0.0,0.0,0.0,0.0,0.0,0.0,0.0,0.0,0.0
7.31554398148,293671.0,32655.0,8.99314040729,774.0,64380.0,65273.0,31.0,1235.0,3375.0,4060.0,5564.0,8340.0,8553.0,1347.0,159.0,20.0,2.0,0.0,0.0,0.0,0.0,0.0,0.0,0.0,0.0,0.0,0.0,0.0,0.0,0.0,0.0,0.0,0.0,0.0,0.0,0.0,0.0
7.31971064815,293219.0,32646.0,8.98177418367,774.0,64380.0,65272.0,32.0,1285.0,3369.0,4085.0,5516.0,8384.0,8452.0,1387.0,140.0,25.0,3.0,0.0,0.0,0.0,0.0,0.0,0.0,0.0,0.0,0.0,0.0,0.0,0.0,0.0,0.0,0.0,0.0,0.0,0.0,0.0,0.0
7.32387731481,291260.0,32656.0,8.91903478687,774.0,64380.0,65272.0,28.0,1209.0,3442.0,4035.0,5555.0,8547.0,8300.0,1407.0,147.0,13.0,1.0,0.0,0.0,0.0,0.0,0.0,0.0,0.0,0.0,0.0,0.0,0.0,0.0,0.0,0.0,0.0,0.0,0.0,0.0,0.0,0.0
7.32804398148,285852.0,32646.0,8.75611100901,772.0,64377.0,65272.0,30.0,1310.0,3488.0,4090.0,5610.0,8470.0,8197.0,1345.0,121.0,14.0,1.0,0.0,0.0,0.0,0.0,0.0,0.0,0.0,0.0,0.0,0.0,0.0,0.0,0.0,0.0,0.0,0.0,0.0,0.0,0.0,0.0
7.33221064815,289424.0,32651.0,8.8641695507,772.0,64380.0,65272.0,35.0,1353.0,3504.0,4028.0,5552.0,8321.0,8392.0,1339.0,141.0,19.0,2.0,0.0,0.0,0.0,0.0,0.0,0.0,0.0,0.0,0.0,0.0,0.0,0.0,0.0,0.0,0.0,0.0,0.0,0.0,0.0,0.0
7.33637731481,285750.0,32647.0,8.75271847337,772.0,64382.0,65273.0,38.0,1358.0,3576.0,4167.0,5774.0,8219.0,7998.0,1388.0,145.0,18.0,4.0,0.0,0.0,0.0,0.0,0.0,0.0,0.0,0.0,0.0,0.0,0.0,0.0,0.0,0.0,0.0,0.0,0.0,0.0,0.0,0.0
7.34054398148,287344.0,32638.0,8.80397083155,767.0,64383.0,65272.0,36.0,1384.0,3650.0,4131.0,5648.0,8107.0,8219.0,1315.0,155.0,23.0,6.0,0.0,0.0,0.0,0.0,0.0,0.0,0.0,0.0,0.0,0.0,0.0,0.0,0.0,0.0,0.0,0.0,0.0,0.0,0.0,0.0
7.34471064815,282253.0,32646.0,8.64586779391,772.0,64380.0,65271.0,31.0,1355.0,3545.0,4054.0,5850.0,8328.0,8106.0,1254.0,144.0,8.0,2.0,0.0,0.0,0.0,0.0,0.0,0.0,0.0,0.0,0.0,0.0,0.0,0.0,0.0,0.0,0.0,0.0,0.0,0.0,0.0,0.0
7.34887731481,284583.0,32635.0,8.7201777233,769.0,64376.0,65272.0,32.0,1401.0,3585.0,4001.0,5605.0,8506.0,8044.0,1334.0,146.0,12.0,1.0,0.0,0.0,0.0,0.0,0.0,0.0,0.0,0.0,0.0,0.0,0.0,0.0,0.0,0.0,0.0,0.0,0.0,0.0,0.0,0.0
7.35304398148,286006.0,32644.0,8.7613650288,767.0,64380.0,65272.0,35.0,1383.0,3680.0,3967.0,5746.0,8230.0,8128.0,1337.0,151.0,20.0,2.0,0.0,0.0,0.0,0.0,0.0,0.0,0.0,0.0,0.0,0.0,0.0,0.0,0.0,0.0,0.0,0.0,0.0,0.0,0.0,0.0
7.35721064815,283753.0,32637.0,8.69421209057,774.0,64382.0,65272.0,31.0,1437.0,3659.0,4049.0,5749.0,8201.0,8030.0,1350.0,145.0,15.0,2.0,0.0,0.0,0.0,0.0,0.0,0.0,0.0,0.0,0.0,0.0,0.0,0.0,0.0,0.0,0.0,0.0,0.0,0.0,0.0,0.0
7.36137731481,282647.0,32635.0,8.66085491037,772.0,64383.0,65271.0,28.0,1472.0,3697.0,4003.0,5656.0,8336.0,8022.0,1283.0,147.0,16.0,3.0,0.0,0.0,0.0,0.0,0.0,0.0,0.0,0.0,0.0,0.0,0.0,0.0,0.0,0.0,0.0,0.0,0.0,0.0,0.0,0.0
7.36554398148,274923.0,32650.0,8.42030627871,771.0,64377.0,65272.0,31.0,1579.0,3873.0,4007.0,5961.0,8231.0,7622.0,1208.0,145.0,21.0,3.0,0.0,0.0,0.0,0.0,0.0,0.0,0.0,0.0,0.0,0.0,0.0,0.0,0.0,0.0,0.0,0.0,0.0,0.0,0.0,0.0
7.36971064815,270357.0,32636.0,8.28401152102,767.0,64380.0,65275.0,31.0,1672.0,3969.0,4048.0,5953.0,8094.0,7560.0,1192.0,134.0,12.0,2.0,0.0,0.0,0.0,0.0,0.0,0.0,0.0,0.0,0.0,0.0,0.0,0.0,0.0,0.0,0.0,0.0,0.0,0.0,0.0,0.0
7.37387731481,271394.0,32637.0,8.31553145203,769.0,64380.0,65270.0,38.0,1714.0,3956.0,4009.0,6043.0,8016.0,7529.0,1205.0,141.0,24.0,0.0,0.0,0.0,0.0,0.0,0.0,0.0,0.0,0.0,0.0,0.0,0.0,0.0,0.0,0.0,0.0,0.0,0.0,0.0,0.0,0.0
7.37804398148,273438.0,32635.0,8.37867320362,771.0,64379.0,65272.0,31.0,1747.0,3948.0,3919.0,6111.0,7999.0,7516.0,1215.0,148.0,28.0,4.0,0.0,0.0,0.0,0.0,0.0,0.0,0.0,0.0,0.0,0.0,0.0,0.0,0.0,0.0,0.0,0.0,0.0,0.0,0.0,0.0
7.38221064815,265609.0,32633.0,8.13927619281,767.0,64383.0,65271.0,28.0,1789.0,4089.0,3938.0,6205.0,8003.0,7324.0,1126.0,141.0,16.0,2.0,0.0,0.0,0.0,0.0,0.0,0.0,0.0,0.0,0.0,0.0,0.0,0.0,0.0,0.0,0.0,0.0,0.0,0.0,0.0,0.0
7.38637731481,267199.0,32638.0,8.18674551137,767.0,64382.0,65270.0,35.0,1807.0,4125.0,3875.0,6201.0,7979.0,7292.0,1199.0,142.0,16.0,2.0,0.0,0.0,0.0,0.0,0.0,0.0,0.0,0.0,0.0,0.0,0.0,0.0,0.0,0.0,0.0,0.0,0.0,0.0,0.0,0.0
7.39054398148,267694.0,32624.0,8.20543158411,767.0,64383.0,65270.0,35.0,1773.0,4134.0,3944.0,6232.0,8095.0,7094.0,1170.0,147.0,26.0,9.0,0.0,0.0,0.0,0.0,0.0,0.0,0.0,0.0,0.0,0.0,0.0,0.0,0.0,0.0,0.0,0.0,0.0,0.0,0.0,0.0
7.39471064815,263128.0,32635.0,8.0627547112,767.0,64377.0,65272.0,30.0,1832.0,4148.0,3928.0,6299.0,7979.0,7191.0,1098.0,138.0,20.0,2.0,0.0,0.0,0.0,0.0,0.0,0.0,0.0,0.0,0.0,0.0,0.0,0.0,0.0,0.0,0.0,0.0,0.0,0.0,0.0,0.0
7.39887731481,261657.0,32638.0,8.01694344016,767.0,64379.0,65270.0,36.0,1940.0,4165.0,3894.0,6406.0,7980.0,6991.0,1100.0,136.0,17.0,9.0,0.0,0.0,0.0,0.0,0.0,0.0,0.0,0.0,0.0,0.0,0.0,0.0,0.0,0.0,0.0,0.0,0.0,0.0,0.0,0.0
7.40304398148,261487.0,32637.0,8.01198026779,764.0,64380.0,65271.0,33.0,1933.0,4215.0,3906.0,6319.0,7993.0,6975.0,1124.0,150.0,20.0,2.0,0.0,0.0,0.0,0.0,0.0,0.0,0.0,0.0,0.0,0.0,0.0,0.0,0.0,0.0,0.0,0.0,0.0,0.0,0.0,0.0
7.40721064815,262606.0,32635.0,8.04675961391,767.0,64380.0,65272.0,32.0,1973.0,4252.0,3765.0,6398.0,7902.0,6990.0,1194.0,139.0,20.0,2.0,0.0,0.0,0.0,0.0,0.0,0.0,0.0,0.0,0.0,0.0,0.0,0.0,0.0,0.0,0.0,0.0,0.0,0.0,0.0,0.0
7.41137731481,260105.0,32628.0,7.9718340076,764.0,64380.0,65272.0,32.0,1993.0,4187.0,3889.0,6425.0,8011.0,6759.0,1189.0,160.0,15.0,0.0,0.0,0.0,0.0,0.0,0.0,0.0,0.0,0.0,0.0,0.0,0.0,0.0,0.0,0.0,0.0,0.0,0.0,0.0,0.0,0.0
7.41554398148,261111.0,32625.0,8.00340229885,764.0,64383.0,65271.0,30.0,1941.0,4285.0,3797.0,6476.0,7934.0,6921.0,1093.0,147.0,25.0,6.0,0.0,0.0,0.0,0.0,0.0,0.0,0.0,0.0,0.0,0.0,0.0,0.0,0.0,0.0,0.0,0.0,0.0,0.0,0.0,0.0
7.41971064815,259169.0,32629.0,7.94290355205,762.0,64379.0,65275.0,31.0,2029.0,4287.0,3733.0,6322.0,8212.0,6761.0,1116.0,148.0,18.0,3.0,0.0,0.0,0.0,0.0,0.0,0.0,0.0,0.0,0.0,0.0,0.0,0.0,0.0,0.0,0.0,0.0,0.0,0.0,0.0,0.0
7.42387731481,260192.0,32615.0,7.97767898206,762.0,64380.0,65273.0,32.0,1969.0,4342.0,3795.0,6541.0,7922.0,6710.0,1141.0,172.0,16.0,7.0,0.0,0.0,0.0,0.0,0.0,0.0,0.0,0.0,0.0,0.0,0.0,0.0,0.0,0.0,0.0,0.0,0.0,0.0,0.0,0.0
7.42804398148,261734.0,32630.0,8.02126877107,762.0,64382.0,65271.0,31.0,1978.0,4316.0,3713.0,6256.0,8233.0,6772.0,1208.0,135.0,13.0,5.0,1.0,0.0,0.0,0.0,0.0,0.0,0.0,0.0,0.0,0.0,0.0,0.0,0.0,0.0,0.0,0.0,0.0,0.0,0.0,0.0
7.43221064815,260937.0,32618.0,7.99978539457,764.0,64383.0,65272.0,31.0,2088.0,4357.0,3546.0,6430.0,8165.0,6595.0,1260.0,161.0,14.0,2.0,0.0,0.0,0.0,0.0,0.0,0.0,0.0,0.0,0.0,0.0,0.0,0.0,0.0,0.0,0.0,0.0,0.0,0.0,0.0,0.0
7.43637731481,256308.0,32621.0,7.85714723644,762.0,64385.0,65271.0,31.0,2185.0,4352.0,3624.0,6539.0,8107.0,6470.0,1188.0,132.0,19.0,5.0,0.0,0.0,0.0,0.0,0.0,0.0,0.0,0.0,0.0,0.0,0.0,0.0,0.0,0.0,0.0,0.0,0.0,0.0,0.0,0.0
7.44054398148,257387.0,32625.0,7.88925670498,762.0,64382.0,65270.0,35.0,2249.0,4403.0,3524.0,6484.0,8168.0,6430.0,1164.0,179.0,24.0,0.0,0.0,0.0,0.0,0.0,0.0,0.0,0.0,0.0,0.0,0.0,0.0,0.0,0.0,0.0,0.0,0.0,0.0,0.0,0.0,0.0
7.44471064815,253641.0,32630.0,7.77324547962,762.0,64377.0,65272.0,36.0,2369.0,4371.0,3651.0,6454.0,8059.0,6464.0,1096.0,140.0,19.0,7.0,0.0,0.0,0.0,0.0,0.0,0.0,0.0,0.0,0.0,0.0,0.0,0.0,0.0,0.0,0.0,0.0,0.0,0.0,0.0,0.0
7.44887731481,255567.0,32620.0,7.83467198038,764.0,64376.0,65271.0,31.0,2278.0,4289.0,3523.0,6780.0,8039.0,6366.0,1158.0,161.0,24.0,2.0,0.0,0.0,0.0,0.0,0.0,0.0,0.0,0.0,0.0,0.0,0.0,0.0,0.0,0.0,0.0,0.0,0.0,0.0,0.0,0.0
7.45304398148,253844.0,32620.0,7.78185162477,762.0,64379.0,65272.0,31.0,2229.0,4382.0,3577.0,6513.0,8264.0,6320.0,1184.0,136.0,11.0,4.0,0.0,0.0,0.0,0.0,0.0,0.0,0.0,0.0,0.0,0.0,0.0,0.0,0.0,0.0,0.0,0.0,0.0,0.0,0.0,0.0
7.45721064815,258451.0,32624.0,7.92211255517,762.0,64383.0,65272.0,33.0,2133.0,4319.0,3536.0,6503.0,8203.0,6594.0,1158.0,159.0,17.0,2.0,0.0,0.0,0.0,0.0,0.0,0.0,0.0,0.0,0.0,0.0,0.0,0.0,0.0,0.0,0.0,0.0,0.0,0.0,0.0,0.0
7.46137731481,257652.0,32621.0,7.89834769014,762.0,64379.0,65271.0,31.0,2232.0,4374.0,3507.0,6514.0,8170.0,6480.0,1171.0,146.0,20.0,7.0,0.0,0.0,0.0,0.0,0.0,0.0,0.0,0.0,0.0,0.0,0.0,0.0,0.0,0.0,0.0,0.0,0.0,0.0,0.0,0.0
7.46554398148,263077.0,32621.0,8.06465160479,762.0,64383.0,65272.0,38.0,2091.0,4207.0,3495.0,6514.0,8238.0,6693.0,1179.0,174.0,29.0,1.0,0.0,0.0,0.0,0.0,0.0,0.0,0.0,0.0,0.0,0.0,0.0,0.0,0.0,0.0,0.0,0.0,0.0,0.0,0.0,0.0
7.46971064815,261047.0,32626.0,8.00119536566,766.0,64383.0,65272.0,35.0,2120.0,4285.0,3555.0,6433.0,8136.0,6713.0,1217.0,147.0,16.0,4.0,0.0,0.0,0.0,0.0,0.0,0.0,0.0,0.0,0.0,0.0,0.0,0.0,0.0,0.0,0.0,0.0,0.0,0.0,0.0,0.0
7.47387731481,257402.0,32628.0,7.88899105063,762.0,64379.0,65271.0,33.0,2164.0,4282.0,3534.0,6529.0,8302.0,6503.0,1138.0,154.0,19.0,3.0,0.0,0.0,0.0,0.0,0.0,0.0,0.0,0.0,0.0,0.0,0.0,0.0,0.0,0.0,0.0,0.0,0.0,0.0,0.0,0.0
7.47804398148,261337.0,32620.0,8.01155732679,762.0,64380.0,65271.0,30.0,2141.0,4283.0,3491.0,6472.0,8187.0,6694.0,1164.0,158.0,27.0,3.0,0.0,0.0,0.0,0.0,0.0,0.0,0.0,0.0,0.0,0.0,0.0,0.0,0.0,0.0,0.0,0.0,0.0,0.0,0.0,0.0
7.48221064815,255518.0,32620.0,7.83316983446,762.0,64380.0,65273.0,30.0,2187.0,4378.0,3656.0,6551.0,8045.0,6467.0,1154.0,165.0,16.0,1.0,0.0,0.0,0.0,0.0,0.0,0.0,0.0,0.0,0.0,0.0,0.0,0.0,0.0,0.0,0.0,0.0,0.0,0.0,0.0,0.0
7.48637731481,257534.0,32616.0,7.89594064263,762.0,64380.0,65272.0,31.0,2173.0,4304.0,3495.0,6628.0,8250.0,6406.0,1167.0,173.0,18.0,2.0,0.0,0.0,0.0,0.0,0.0,0.0,0.0,0.0,0.0,0.0,0.0,0.0,0.0,0.0,0.0,0.0,0.0,0.0,0.0,0.0
7.49054398148,254766.0,32625.0,7.80891954023,762.0,64377.0,65271.0,31.0,2277.0,4380.0,3557.0,6530.0,8152.0,6424.0,1136.0,148.0,16.0,5.0,0.0,0.0,0.0,0.0,0.0,0.0,0.0,0.0,0.0,0.0,0.0,0.0,0.0,0.0,0.0,0.0,0.0,0.0,0.0,0.0
7.49471064815,251845.0,32616.0,7.72151704685,762.0,64377.0,65272.0,28.0,2356.0,4419.0,3451.0,6743.0,8088.0,6255.0,1136.0,146.0,20.0,2.0,0.0,0.0,0.0,0.0,0.0,0.0,0.0,0.0,0.0,0.0,0.0,0.0,0.0,0.0,0.0,0.0,0.0,0.0,0.0,0.0
7.49887731481,252457.0,32617.0,7.74004353558,762.0,64380.0,65272.0,28.0,2406.0,4479.0,3561.0,6602.0,7970.0,6270.0,1142.0,164.0,20.0,3.0,0.0,0.0,0.0,0.0,0.0,0.0,0.0,0.0,0.0,0.0,0.0,0.0,0.0,0.0,0.0,0.0,0.0,0.0,0.0,0.0
7.50304398148,254751.0,32622.0,7.80917785543,764.0,64382.0,65271.0,35.0,2356.0,4545.0,3483.0,6414.0,8172.0,6275.0,1207.0,150.0,14.0,5.0,1.0,0.0,0.0,0.0,0.0,0.0,0.0,0.0,0.0,0.0,0.0,0.0,0.0,0.0,0.0,0.0,0.0,0.0,0.0,0.0
7.50721064815,250853.0,32625.0,7.68898084291,767.0,64380.0,65271.0,38.0,2308.0,4495.0,3499.0,6748.0,8098.0,6238.0,1077.0,130.0,25.0,7.0,0.0,0.0,0.0,0.0,0.0,0.0,0.0,0.0,0.0,0.0,0.0,0.0,0.0,0.0,0.0,0.0,0.0,0.0,0.0,0.0
7.51137731481,251495.0,32623.0,7.70913159427,762.0,64379.0,65272.0,32.0,2371.0,4441.0,3407.0,6694.0,8143.0,6256.0,1153.0,145.0,10.0,3.0,0.0,0.0,0.0,0.0,0.0,0.0,0.0,0.0,0.0,0.0,0.0,0.0,0.0,0.0,0.0,0.0,0.0,0.0,0.0,0.0
7.51554398148,254213.0,32620.0,7.79316370325,762.0,64382.0,65270.0,31.0,2414.0,4413.0,3468.0,6602.0,8039.0,6359.0,1139.0,164.0,17.0,5.0,0.0,0.0,0.0,0.0,0.0,0.0,0.0,0.0,0.0,0.0,0.0,0.0,0.0,0.0,0.0,0.0,0.0,0.0,0.0,0.0
7.51971064815,251649.0,32634.0,7.71125206839,761.0,64379.0,65272.0,32.0,2447.0,4459.0,3439.0,6776.0,8077.0,6079.0,1190.0,141.0,19.0,7.0,0.0,0.0,0.0,0.0,0.0,0.0,0.0,0.0,0.0,0.0,0.0,0.0,0.0,0.0,0.0,0.0,0.0,0.0,0.0,0.0
7.52387731481,251058.0,32613.0,7.69809585135,762.0,64382.0,65271.0,31.0,2337.0,4532.0,3361.0,6925.0,7995.0,6197.0,1087.0,144.0,31.0,4.0,0.0,0.0,0.0,0.0,0.0,0.0,0.0,0.0,0.0,0.0,0.0,0.0,0.0,0.0,0.0,0.0,0.0,0.0,0.0,0.0
7.52804398148,252256.0,32627.0,7.73151071199,767.0,64379.0,65267.0,32.0,2380.0,4512.0,3462.0,6741.0,8052.0,6130.0,1165.0,158.0,23.0,4.0,0.0,0.0,0.0,0.0,0.0,0.0,0.0,0.0,0.0,0.0,0.0,0.0,0.0,0.0,0.0,0.0,0.0,0.0,0.0,0.0
7.53221064815,252103.0,32628.0,7.72658452863,762.0,64379.0,65270.0,32.0,2460.0,4493.0,3459.0,6767.0,8003.0,6114.0,1134.0,164.0,29.0,5.0,0.0,0.0,0.0,0.0,0.0,0.0,0.0,0.0,0.0,0.0,0.0,0.0,0.0,0.0,0.0,0.0,0.0,0.0,0.0,0.0
7.53637731481,249599.0,32629.0,7.64960617855,764.0,64377.0,65270.0,35.0,2427.0,4537.0,3551.0,6650.0,8076.0,6096.0,1114.0,150.0,25.0,3.0,0.0,0.0,0.0,0.0,0.0,0.0,0.0,0.0,0.0,0.0,0.0,0.0,0.0,0.0,0.0,0.0,0.0,0.0,0.0,0.0
7.54054398148,250027.0,32611.0,7.66695286866,764.0,64377.0,65272.0,38.0,2376.0,4565.0,3479.0,6742.0,8118.0,6044.0,1099.0,158.0,24.0,6.0,0.0,0.0,0.0,0.0,0.0,0.0,0.0,0.0,0.0,0.0,0.0,0.0,0.0,0.0,0.0,0.0,0.0,0.0,0.0,0.0
7.54471064815,252235.0,32628.0,7.73063013363,764.0,64377.0,65271.0,38.0,2448.0,4509.0,3455.0,6670.0,8053.0,6135.0,1171.0,162.0,21.0,4.0,0.0,0.0,0.0,0.0,0.0,0.0,0.0,0.0,0.0,0.0,0.0,0.0,0.0,0.0,0.0,0.0,0.0,0.0,0.0,0.0
7.54887731481,248708.0,32636.0,7.6206642971,764.0,64380.0,65272.0,33.0,2457.0,4520.0,3546.0,6738.0,8024.0,6110.0,1054.0,164.0,15.0,8.0,0.0,0.0,0.0,0.0,0.0,0.0,0.0,0.0,0.0,0.0,0.0,0.0,0.0,0.0,0.0,0.0,0.0,0.0,0.0,0.0
7.55304398148,249837.0,32635.0,7.65549256933,764.0,64382.0,65272.0,33.0,2396.0,4505.0,3546.0,6688.0,8072.0,6130.0,1120.0,159.0,16.0,3.0,0.0,0.0,0.0,0.0,0.0,0.0,0.0,0.0,0.0,0.0,0.0,0.0,0.0,0.0,0.0,0.0,0.0,0.0,0.0,0.0
7.55721064815,245960.0,32635.0,7.53669373372,767.0,64382.0,65272.0,31.0,2592.0,4548.0,3432.0,6851.0,8055.0,5903.0,1074.0,155.0,19.0,6.0,0.0,0.0,0.0,0.0,0.0,0.0,0.0,0.0,0.0,0.0,0.0,0.0,0.0,0.0,0.0,0.0,0.0,0.0,0.0,0.0
7.56137731481,247231.0,32629.0,7.57703270097,772.0,64382.0,65270.0,33.0,2536.0,4605.0,3403.0,6855.0,8098.0,5850.0,1099.0,152.0,22.0,9.0,0.0,0.0,0.0,0.0,0.0,0.0,0.0,0.0,0.0,0.0,0.0,0.0,0.0,0.0,0.0,0.0,0.0,0.0,0.0,0.0
7.56554398148,246596.0,32634.0,7.55641355641,767.0,64379.0,65272.0,39.0,2580.0,4504.0,3418.0,7076.0,7917.0,5798.0,1161.0,150.0,28.0,2.0,0.0,0.0,0.0,0.0,0.0,0.0,0.0,0.0,0.0,0.0,0.0,0.0,0.0,0.0,0.0,0.0,0.0,0.0,0.0,0.0
7.56971064815,245644.0,32638.0,7.52631901465,771.0,64380.0,65272.0,38.0,2574.0,4690.0,3263.0,6873.0,8209.0,5753.0,1102.0,148.0,17.0,9.0,0.0,0.0,0.0,0.0,0.0,0.0,0.0,0.0,0.0,0.0,0.0,0.0,0.0,0.0,0.0,0.0,0.0,0.0,0.0,0.0
7.57387731481,246945.0,32633.0,7.5673398094,774.0,64381.0,65270.0,38.0,2615.0,4483.0,3349.0,6869.0,8152.0,5826.0,1188.0,127.0,19.0,5.0,0.0,0.0,0.0,0.0,0.0,0.0,0.0,0.0,0.0,0.0,0.0,0.0,0.0,0.0,0.0,0.0,0.0,0.0,0.0,0.0
7.57804398148,252472.0,32637.0,7.73576002696,767.0,64380.0,65270.0,31.0,2383.0,4374.0,3483.0,6847.0,8058.0,6158.0,1146.0,162.0,23.0,3.0,0.0,0.0,0.0,0.0,0.0,0.0,0.0,0.0,0.0,0.0,0.0,0.0,0.0,0.0,0.0,0.0,0.0,0.0,0.0,0.0
7.58221064815,259688.0,32638.0,7.95661498866,769.0,64380.0,65271.0,35.0,2104.0,4332.0,3502.0,6542.0,8261.0,6556.0,1144.0,170.0,25.0,2.0,0.0,0.0,0.0,0.0,0.0,0.0,0.0,0.0,0.0,0.0,0.0,0.0,0.0,0.0,0.0,0.0,0.0,0.0,0.0,0.0
7.58637731481,261960.0,32641.0,8.02548941515,772.0,64380.0,65272.0,30.0,2048.0,4188.0,3578.0,6454.0,8294.0,6723.0,1178.0,156.0,19.0,3.0,0.0,0.0,0.0,0.0,0.0,0.0,0.0,0.0,0.0,0.0,0.0,0.0,0.0,0.0,0.0,0.0,0.0,0.0,0.0,0.0
7.59054398148,264801.0,32633.0,8.11451598076,767.0,64382.0,65272.0,30.0,1852.0,4035.0,3693.0,6361.0,8522.0,6849.0,1122.0,181.0,15.0,3.0,0.0,0.0,0.0,0.0,0.0,0.0,0.0,0.0,0.0,0.0,0.0,0.0,0.0,0.0,0.0,0.0,0.0,0.0,0.0,0.0
7.59471064815,275125.0,32634.0,8.43062450205,772.0,64382.0,65272.0,35.0,1687.0,3819.0,3599.0,6195.0,8408.0,7500.0,1265.0,143.0,17.0,1.0,0.0,0.0,0.0,0.0,0.0,0.0,0.0,0.0,0.0,0.0,0.0,0.0,0.0,0.0,0.0,0.0,0.0,0.0,0.0,0.0
7.59887731481,273182.0,32637.0,8.37031589913,772.0,64380.0,65270.0,38.0,1721.0,3946.0,3642.0,6170.0,8353.0,7439.0,1195.0,146.0,20.0,5.0,0.0,0.0,0.0,0.0,0.0,0.0,0.0,0.0,0.0,0.0,0.0,0.0,0.0,0.0,0.0,0.0,0.0,0.0,0.0,0.0
7.60304398148,272998.0,32642.0,8.36339685068,772.0,64382.0,65271.0,38.0,1706.0,3840.0,3601.0,6215.0,8435.0,7465.0,1222.0,143.0,15.0,0.0,0.0,0.0,0.0,0.0,0.0,0.0,0.0,0.0,0.0,0.0,0.0,0.0,0.0,0.0,0.0,0.0,0.0,0.0,0.0,0.0
7.60721064815,275401.0,32643.0,8.4367552002,774.0,64383.0,65272.0,32.0,1755.0,3845.0,3574.0,6122.0,8554.0,7304.0,1315.0,154.0,19.0,1.0,0.0,0.0,0.0,0.0,0.0,0.0,0.0,0.0,0.0,0.0,0.0,0.0,0.0,0.0,0.0,0.0,0.0,0.0,0.0,0.0
7.61137731481,274347.0,32654.0,8.40163532798,774.0,64382.0,65272.0,35.0,1685.0,3821.0,3635.0,6300.0,8471.0,7333.0,1241.0,135.0,30.0,3.0,0.0,0.0,0.0,0.0,0.0,0.0,0.0,0.0,0.0,0.0,0.0,0.0,0.0,0.0,0.0,0.0,0.0,0.0,0.0,0.0
7.61554398148,273478.0,32639.0,8.37887190171,774.0,64379.0,65271.0,31.0,1672.0,3790.0,3522.0,6323.0,8621.0,7316.0,1230.0,147.0,16.0,2.0,0.0,0.0,0.0,0.0,0.0,0.0,0.0,0.0,0.0,0.0,0.0,0.0,0.0,0.0,0.0,0.0,0.0,0.0,0.0,0.0
7.61971064815,276172.0,32659.0,8.45622952326,772.0,64380.0,65272.0,32.0,1646.0,3728.0,3696.0,6187.0,8440.0,7543.0,1254.0,151.0,10.0,4.0,0.0,0.0,0.0,0.0,0.0,0.0,0.0,0.0,0.0,0.0,0.0,0.0,0.0,0.0,0.0,0.0,0.0,0.0,0.0,0.0
7.62387731481,277605.0,32646.0,8.50349200515,774.0,64380.0,65272.0,35.0,1555.0,3683.0,3581.0,6278.0,8606.0,7466.0,1327.0,132.0,17.0,1.0,0.0,0.0,0.0,0.0,0.0,0.0,0.0,0.0,0.0,0.0,0.0,0.0,0.0,0.0,0.0,0.0,0.0,0.0,0.0,0.0
7.62804398148,278844.0,32662.0,8.53726042496,774.0,64383.0,65272.0,31.0,1680.0,3708.0,3498.0,6115.0,8670.0,7537.0,1277.0,155.0,21.0,1.0,0.0,0.0,0.0,0.0,0.0,0.0,0.0,0.0,0.0,0.0,0.0,0.0,0.0,0.0,0.0,0.0,0.0,0.0,0.0,0.0
7.63221064815,278447.0,32657.0,8.52641087669,775.0,64383.0,65272.0,32.0,1645.0,3583.0,3490.0,6243.0,8722.0,7507.0,1305.0,148.0,14.0,0.0,0.0,0.0,0.0,0.0,0.0,0.0,0.0,0.0,0.0,0.0,0.0,0.0,0.0,0.0,0.0,0.0,0.0,0.0,0.0,0.0
7.63637731481,279887.0,32658.0,8.57024312573,780.0,64380.0,65272.0,35.0,1679.0,3643.0,3504.0,6197.0,8646.0,7489.0,1299.0,185.0,16.0,0.0,0.0,0.0,0.0,0.0,0.0,0.0,0.0,0.0,0.0,0.0,0.0,0.0,0.0,0.0,0.0,0.0,0.0,0.0,0.0,0.0
7.64054398148,278179.0,32662.0,8.51690037352,775.0,64383.0,65271.0,32.0,1650.0,3665.0,3433.0,6216.0,8724.0,7574.0,1231.0,150.0,16.0,3.0,0.0,0.0,0.0,0.0,0.0,0.0,0.0,0.0,0.0,0.0,0.0,0.0,0.0,0.0,0.0,0.0,0.0,0.0,0.0,0.0
7.64471064815,277402.0,32657.0,8.4944116116,775.0,64377.0,65270.0,40.0,1632.0,3804.0,3487.0,6106.0,8731.0,7488.0,1234.0,154.0,17.0,4.0,0.0,0.0,0.0,0.0,0.0,0.0,0.0,0.0,0.0,0.0,0.0,0.0,0.0,0.0,0.0,0.0,0.0,0.0,0.0,0.0
7.64887731481,276959.0,32656.0,8.48110607545,777.0,64381.0,65272.0,36.0,1661.0,3661.0,3461.0,6190.0,8884.0,7387.0,1224.0,174.0,12.0,2.0,0.0,0.0,0.0,0.0,0.0,0.0,0.0,0.0,0.0,0.0,0.0,0.0,0.0,0.0,0.0,0.0,0.0,0.0,0.0,0.0
7.65304398148,278459.0,32652.0,8.52808403773,780.0,64379.0,65272.0,31.0,1600.0,3659.0,3476.0,6264.0,8695.0,7515.0,1276.0,148.0,17.0,2.0,0.0,0.0,0.0,0.0,0.0,0.0,0.0,0.0,0.0,0.0,0.0,0.0,0.0,0.0,0.0,0.0,0.0,0.0,0.0,0.0
7.65721064815,279941.0,32671.0,8.56848581311,774.0,64383.0,65272.0,35.0,1601.0,3663.0,3427.0,6360.0,8716.0,7389.0,1331.0,166.0,14.0,4.0,0.0,0.0,0.0,0.0,0.0,0.0,0.0,0.0,0.0,0.0,0.0,0.0,0.0,0.0,0.0,0.0,0.0,0.0,0.0,0.0
7.66137731481,280401.0,32671.0,8.58256557804,780.0,64380.0,65270.0,39.0,1652.0,3709.0,3408.0,6185.0,8714.0,7504.0,1310.0,170.0,18.0,1.0,0.0,0.0,0.0,0.0,0.0,0.0,0.0,0.0,0.0,0.0,0.0,0.0,0.0,0.0,0.0,0.0,0.0,0.0,0.0,0.0
7.66554398148,278735.0,32666.0,8.532878222,777.0,64382.0,65270.0,35.0,1610.0,3611.0,3426.0,6378.0,8777.0,7386.0,1315.0,138.0,23.0,2.0,0.0,0.0,0.0,0.0,0.0,0.0,0.0,0.0,0.0,0.0,0.0,0.0,0.0,0.0,0.0,0.0,0.0,0.0,0.0,0.0
7.66971064815,283870.0,32676.0,8.68741584037,782.0,64379.0,65271.0,31.0,1609.0,3486.0,3344.0,6214.0,8893.0,7608.0,1343.0,157.0,21.0,1.0,0.0,0.0,0.0,0.0,0.0,0.0,0.0,0.0,0.0,0.0,0.0,0.0,0.0,0.0,0.0,0.0,0.0,0.0,0.0,0.0
7.67387731481,282360.0,32672.0,8.64226248776,782.0,64380.0,65272.0,35.0,1598.0,3620.0,3436.0,6055.0,8894.0,7559.0,1328.0,164.0,16.0,2.0,0.0,0.0,0.0,0.0,0.0,0.0,0.0,0.0,0.0,0.0,0.0,0.0,0.0,0.0,0.0,0.0,0.0,0.0,0.0,0.0
7.67804398148,286462.0,32675.0,8.76700841622,782.0,64380.0,65272.0,32.0,1540.0,3488.0,3347.0,6106.0,9002.0,7612.0,1400.0,159.0,18.0,3.0,0.0,0.0,0.0,0.0,0.0,0.0,0.0,0.0,0.0,0.0,0.0,0.0,0.0,0.0,0.0,0.0,0.0,0.0,0.0,0.0
7.68221064815,285581.0,32673.0,8.74058090778,782.0,64380.0,65272.0,31.0,1549.0,3515.0,3285.0,6206.0,8936.0,7637.0,1367.0,153.0,23.0,2.0,0.0,0.0,0.0,0.0,0.0,0.0,0.0,0.0,0.0,0.0,0.0,0.0,0.0,0.0,0.0,0.0,0.0,0.0,0.0,0.0
7.68637731481,288648.0,32667.0,8.83607310129,782.0,64382.0,65271.0,32.0,1514.0,3514.0,3155.0,6112.0,9131.0,7649.0,1398.0,172.0,19.0,3.0,0.0,0.0,0.0,0.0,0.0,0.0,0.0,0.0,0.0,0.0,0.0,0.0,0.0,0.0,0.0,0.0,0.0,0.0,0.0,0.0
7.69054398148,284489.0,32686.0,8.70369577189,782.0,64379.0,65270.0,31.0,1564.0,3589.0,3288.0,6209.0,9066.0,7386.0,1399.0,155.0,28.0,2.0,0.0,0.0,0.0,0.0,0.0,0.0,0.0,0.0,0.0,0.0,0.0,0.0,0.0,0.0,0.0,0.0,0.0,0.0,0.0,0.0
7.69471064815,288523.0,32684.0,8.82765267409,782.0,64381.0,65270.0,33.0,1502.0,3585.0,3207.0,6163.0,8882.0,7774.0,1370.0,176.0,24.0,1.0,0.0,0.0,0.0,0.0,0.0,0.0,0.0,0.0,0.0,0.0,0.0,0.0,0.0,0.0,0.0,0.0,0.0,0.0,0.0,0.0
7.69887731481,286569.0,32671.0,8.77135686082,782.0,64380.0,65273.0,30.0,1552.0,3531.0,3169.0,6257.0,9073.0,7459.0,1443.0,166.0,19.0,2.0,0.0,0.0,0.0,0.0,0.0,0.0,0.0,0.0,0.0,0.0,0.0,0.0,0.0,0.0,0.0,0.0,0.0,0.0,0.0,0.0
7.70304398148,286821.0,32684.0,8.77557826459,785.0,64377.0,65272.0,35.0,1575.0,3601.0,3252.0,6091.0,9060.0,7526.0,1388.0,163.0,20.0,8.0,0.0,0.0,0.0,0.0,0.0,0.0,0.0,0.0,0.0,0.0,0.0,0.0,0.0,0.0,0.0,0.0,0.0,0.0,0.0,0.0
7.70721064815,284391.0,32675.0,8.70362662586,787.0,64380.0,65272.0,32.0,1598.0,3701.0,3277.0,6078.0,9058.0,7363.0,1393.0,186.0,18.0,3.0,0.0,0.0,0.0,0.0,0.0,0.0,0.0,0.0,0.0,0.0,0.0,0.0,0.0,0.0,0.0,0.0,0.0,0.0,0.0,0.0
7.71137731481,282304.0,32682.0,8.637904657,785.0,64383.0,65272.0,35.0,1656.0,3652.0,3166.0,6288.0,9010.0,7387.0,1334.0,164.0,21.0,4.0,0.0,0.0,0.0,0.0,0.0,0.0,0.0,0.0,0.0,0.0,0.0,0.0,0.0,0.0,0.0,0.0,0.0,0.0,0.0,0.0
7.71554398148,282229.0,32679.0,8.6364025827,785.0,64379.0,65271.0,35.0,1653.0,3685.0,3198.0,6305.0,9042.0,7184.0,1436.0,148.0,23.0,5.0,0.0,0.0,0.0,0.0,0.0,0.0,0.0,0.0,0.0,0.0,0.0,0.0,0.0,0.0,0.0,0.0,0.0,0.0,0.0,0.0
7.71971064815,278393.0,32671.0,8.5211043433,785.0,64380.0,65271.0,30.0,1780.0,3685.0,3244.0,6273.0,8871.0,7334.0,1297.0,168.0,18.0,1.0,0.0,0.0,0.0,0.0,0.0,0.0,0.0,0.0,0.0,0.0,0.0,0.0,0.0,0.0,0.0,0.0,0.0,0.0,0.0,0.0
7.72387731481,280831.0,32680.0,8.59335985312,787.0,64379.0,65271.0,35.0,1734.0,3647.0,3318.0,6147.0,8955.0,7353.0,1343.0,158.0,22.0,3.0,0.0,0.0,0.0,0.0,0.0,0.0,0.0,0.0,0.0,0.0,0.0,0.0,0.0,0.0,0.0,0.0,0.0,0.0,0.0,0.0
7.72804398148,280155.0,32670.0,8.57529843893,787.0,64383.0,65272.0,33.0,1652.0,3647.0,3334.0,6252.0,8942.0,7315.0,1376.0,121.0,27.0,4.0,0.0,0.0,0.0,0.0,0.0,0.0,0.0,0.0,0.0,0.0,0.0,0.0,0.0,0.0,0.0,0.0,0.0,0.0,0.0,0.0
7.73221064815,288814.0,32680.0,8.8376376989,787.0,64380.0,65271.0,35.0,1596.0,3442.0,3212.0,6059.0,9071.0,7654.0,1467.0,161.0,17.0,1.0,0.0,0.0,0.0,0.0,0.0,0.0,0.0,0.0,0.0,0.0,0.0,0.0,0.0,0.0,0.0,0.0,0.0,0.0,0.0,0.0
7.73637731481,284807.0,32686.0,8.71342470783,787.0,64377.0,65272.0,30.0,1682.0,3629.0,3173.0,6142.0,9051.0,7408.0,1424.0,149.0,23.0,5.0,0.0,0.0,0.0,0.0,0.0,0.0,0.0,0.0,0.0,0.0,0.0,0.0,0.0,0.0,0.0,0.0,0.0,0.0,0.0,0.0
7.74054398148,286580.0,32688.0,8.76713166911,787.0,64381.0,65271.0,36.0,1698.0,3502.0,3059.0,6222.0,9275.0,7303.0,1431.0,168.0,25.0,5.0,0.0,0.0,0.0,0.0,0.0,0.0,0.0,0.0,0.0,0.0,0.0,0.0,0.0,0.0,0.0,0.0,0.0,0.0,0.0,0.0
7.74471064815,287425.0,32675.0,8.79648048967,787.0,64382.0,65271.0,35.0,1619.0,3499.0,3243.0,6094.0,9149.0,7438.0,1430.0,180.0,18.0,5.0,0.0,0.0,0.0,0.0,0.0,0.0,0.0,0.0,0.0,0.0,0.0,0.0,0.0,0.0,0.0,0.0,0.0,0.0,0.0,0.0
7.74887731481,283522.0,32685.0,8.67437662536,787.0,64380.0,65272.0,36.0,1601.0,3634.0,3184.0,6176.0,9114.0,7468.0,1311.0,174.0,20.0,3.0,0.0,0.0,0.0,0.0,0.0,0.0,0.0,0.0,0.0,0.0,0.0,0.0,0.0,0.0,0.0,0.0,0.0,0.0,0.0,0.0
7.75304398148,285171.0,32681.0,8.72589578042,787.0,64379.0,65271.0,32.0,1547.0,3489.0,3237.0,6182.0,9060.0,7653.0,1354.0,133.0,23.0,3.0,0.0,0.0,0.0,0.0,0.0,0.0,0.0,0.0,0.0,0.0,0.0,0.0,0.0,0.0,0.0,0.0,0.0,0.0,0.0,0.0
7.75721064815,240542.0,27238.0,8.83111829062,787.0,64380.0,65271.0,31.0,1281.0,2824.0,2577.0,5185.0,7700.0,6387.0,1137.0,120.0,25.0,1.0,1.0,0.0,0.0,0.0,0.0,0.0,0.0,0.0,0.0,0.0,0.0,0.0,0.0,0.0,0.0,0.0,0.0,0.0,0.0,0.0
7.76909722222,295363.0,32698.0,9.033060126,785.0,64382.0,65267.0,32.0,1409.0,3255.0,3036.0,6009.0,9476.0,7895.0,1427.0,168.0,19.0,4.0,0.0,0.0,0.0,0.0,0.0,0.0,0.0,0.0,0.0,0.0,0.0,0.0,0.0,0.0,0.0,0.0,0.0,0.0,0.0,0.0
7.77326388889,299457.0,32717.0,9.15294800868,787.0,64380.0,65268.0,41.0,1449.0,3199.0,2925.0,5986.0,9450.0,7973.0,1546.0,170.0,15.0,4.0,0.0,0.0,0.0,0.0,0.0,0.0,0.0,0.0,0.0,0.0,0.0,0.0,0.0,0.0,0.0,0.0,0.0,0.0,0.0,0.0
7.77743055556,298531.0,32687.0,9.13301924312,787.0,64384.0,65272.0,36.0,1402.0,3243.0,2990.0,5885.0,9545.0,7914.0,1506.0,182.0,17.0,3.0,0.0,0.0,0.0,0.0,0.0,0.0,0.0,0.0,0.0,0.0,0.0,0.0,0.0,0.0,0.0,0.0,0.0,0.0,0.0,0.0
7.78159722222,299430.0,32695.0,9.15828108273,787.0,64374.0,65279.0,32.0,1378.0,3168.0,2955.0,5976.0,9566.0,7924.0,1535.0,173.0,17.0,3.0,0.0,0.0,0.0,0.0,0.0,0.0,0.0,0.0,0.0,0.0,0.0,0.0,0.0,0.0,0.0,0.0,0.0,0.0,0.0,0.0
7.78576388889,296638.0,32693.0,9.07344079772,787.0,64380.0,65271.0,35.0,1432.0,3272.0,3113.0,5949.0,9162.0,8122.0,1450.0,178.0,12.0,3.0,0.0,0.0,0.0,0.0,0.0,0.0,0.0,0.0,0.0,0.0,0.0,0.0,0.0,0.0,0.0,0.0,0.0,0.0,0.0,0.0
7.78993055556,299759.0,32699.0,9.16722223921,787.0,64376.0,65272.0,31.0,1373.0,3159.0,3036.0,5904.0,9400.0,8136.0,1515.0,154.0,19.0,3.0,0.0,0.0,0.0,0.0,0.0,0.0,0.0,0.0,0.0,0.0,0.0,0.0,0.0,0.0,0.0,0.0,0.0,0.0,0.0,0.0
7.79409722222,304870.0,32696.0,9.32438218742,785.0,64377.0,65270.0,33.0,1359.0,3066.0,3024.0,5801.0,9375.0,8263.0,1624.0,165.0,16.0,3.0,0.0,0.0,0.0,0.0,0.0,0.0,0.0,0.0,0.0,0.0,0.0,0.0,0.0,0.0,0.0,0.0,0.0,0.0,0.0,0.0
7.79826388889,300944.0,32690.0,9.20599571734,785.0,64383.0,65272.0,35.0,1297.0,3100.0,3062.0,5968.0,9381.0,8190.0,1518.0,144.0,29.0,1.0,0.0,0.0,0.0,0.0,0.0,0.0,0.0,0.0,0.0,0.0,0.0,0.0,0.0,0.0,0.0,0.0,0.0,0.0,0.0,0.0
7.80243055556,297827.0,32679.0,9.1137121699,787.0,64380.0,65271.0,32.0,1293.0,3045.0,3215.0,5872.0,9458.0,8151.0,1493.0,132.0,20.0,0.0,0.0,0.0,0.0,0.0,0.0,0.0,0.0,0.0,0.0,0.0,0.0,0.0,0.0,0.0,0.0,0.0,0.0,0.0,0.0,0.0
7.80659722222,302120.0,32698.0,9.23970885069,787.0,64380.0,65271.0,32.0,1293.0,3108.0,3036.0,5853.0,9533.0,8159.0,1520.0,176.0,18.0,2.0,0.0,0.0,0.0,0.0,0.0,0.0,0.0,0.0,0.0,0.0,0.0,0.0,0.0,0.0,0.0,0.0,0.0,0.0,0.0,0.0
7.81076388889,302431.0,32687.0,9.25233273167,787.0,64380.0,65271.0,32.0,1260.0,3123.0,3050.0,5774.0,9454.0,8323.0,1526.0,163.0,12.0,2.0,0.0,0.0,0.0,0.0,0.0,0.0,0.0,0.0,0.0,0.0,0.0,0.0,0.0,0.0,0.0,0.0,0.0,0.0,0.0,0.0
7.81493055556,302134.0,32690.0,9.24239828694,787.0,64380.0,65272.0,27.0,1266.0,3014.0,3086.0,5829.0,9436.0,8448.0,1443.0,140.0,26.0,2.0,0.0,0.0,0.0,0.0,0.0,0.0,0.0,0.0,0.0,0.0,0.0,0.0,0.0,0.0,0.0,0.0,0.0,0.0,0.0,0.0
7.81909722222,299350.0,32697.0,9.15527418418,787.0,64380.0,65279.0,30.0,1232.0,3172.0,3063.0,5927.0,9463.0,8259.0,1396.0,162.0,19.0,4.0,0.0,0.0,0.0,0.0,0.0,0.0,0.0,0.0,0.0,0.0,0.0,0.0,0.0,0.0,0.0,0.0,0.0,0.0,0.0,0.0
7.82326388889,303384.0,32683.0,9.28262399413,785.0,64377.0,65275.0,31.0,1310.0,2918.0,3129.0,5756.0,9436.0,8469.0,1485.0,162.0,18.0,0.0,0.0,0.0,0.0,0.0,0.0,0.0,0.0,0.0,0.0,0.0,0.0,0.0,0.0,0.0,0.0,0.0,0.0,0.0,0.0,0.0
7.82743055556,302731.0,32688.0,9.26122736172,787.0,64382.0,65273.0,32.0,1261.0,3045.0,3087.0,5810.0,9602.0,8181.0,1503.0,178.0,18.0,3.0,0.0,0.0,0.0,0.0,0.0,0.0,0.0,0.0,0.0,0.0,0.0,0.0,0.0,0.0,0.0,0.0,0.0,0.0,0.0,0.0
7.83159722222,301399.0,32678.0,9.22330007956,783.0,64382.0,65272.0,31.0,1301.0,3035.0,3112.0,5893.0,9391.0,8300.0,1459.0,162.0,22.0,3.0,0.0,0.0,0.0,0.0,0.0,0.0,0.0,0.0,0.0,0.0,0.0,0.0,0.0,0.0,0.0,0.0,0.0,0.0,0.0,0.0
7.83576388889,300547.0,32682.0,9.19610182975,787.0,64382.0,65272.0,33.0,1297.0,3089.0,3123.0,5771.0,9508.0,8276.0,1432.0,162.0,21.0,3.0,0.0,0.0,0.0,0.0,0.0,0.0,0.0,0.0,0.0,0.0,0.0,0.0,0.0,0.0,0.0,0.0,0.0,0.0,0.0,0.0
7.83993055556,302628.0,32688.0,9.2580763583,787.0,64377.0,65271.0,33.0,1249.0,3024.0,3048.0,5925.0,9432.0,8337.0,1491.0,163.0,16.0,3.0,0.0,0.0,0.0,0.0,0.0,0.0,0.0,0.0,0.0,0.0,0.0,0.0,0.0,0.0,0.0,0.0,0.0,0.0,0.0,0.0
7.84409722222,300552.0,32698.0,9.19175484739,785.0,64382.0,65271.0,40.0,1259.0,3048.0,3016.0,5924.0,9530.0,8287.0,1470.0,146.0,16.0,2.0,0.0,0.0,0.0,0.0,0.0,0.0,0.0,0.0,0.0,0.0,0.0,0.0,0.0,0.0,0.0,0.0,0.0,0.0,0.0,0.0
7.84826388889,304139.0,32682.0,9.30600942415,787.0,64380.0,65270.0,35.0,1294.0,3099.0,2928.0,5744.0,9586.0,8352.0,1466.0,194.0,18.0,1.0,0.0,0.0,0.0,0.0,0.0,0.0,0.0,0.0,0.0,0.0,0.0,0.0,0.0,0.0,0.0,0.0,0.0,0.0,0.0,0.0
7.85243055556,304744.0,32684.0,9.32395055685,787.0,64380.0,65271.0,33.0,1290.0,3126.0,3095.0,5801.0,9364.0,8224.0,1586.0,172.0,21.0,5.0,0.0,0.0,0.0,0.0,0.0,0.0,0.0,0.0,0.0,0.0,0.0,0.0,0.0,0.0,0.0,0.0,0.0,0.0,0.0,0.0
7.85659722222,300368.0,32681.0,9.19090603103,787.0,64380.0,65272.0,40.0,1256.0,3146.0,3013.0,5967.0,9402.0,8247.0,1468.0,168.0,9.0,5.0,0.0,0.0,0.0,0.0,0.0,0.0,0.0,0.0,0.0,0.0,0.0,0.0,0.0,0.0,0.0,0.0,0.0,0.0,0.0,0.0
7.86076388889,303428.0,32688.0,9.28255017132,787.0,64381.0,65267.0,31.0,1249.0,3014.0,2995.0,5908.0,9571.0,8257.0,1509.0,162.0,19.0,4.0,0.0,0.0,0.0,0.0,0.0,0.0,0.0,0.0,0.0,0.0,0.0,0.0,0.0,0.0,0.0,0.0,0.0,0.0,0.0,0.0
7.86493055556,305664.0,32693.0,9.34952436301,787.0,64384.0,65271.0,35.0,1282.0,3036.0,2916.0,5855.0,9616.0,8256.0,1533.0,163.0,34.0,2.0,0.0,0.0,0.0,0.0,0.0,0.0,0.0,0.0,0.0,0.0,0.0,0.0,0.0,0.0,0.0,0.0,0.0,0.0,0.0,0.0
7.86909722222,303359.0,32678.0,9.28327927046,785.0,64383.0,65272.0,31.0,1253.0,3107.0,2972.0,5851.0,9499.0,8282.0,1524.0,171.0,17.0,2.0,0.0,0.0,0.0,0.0,0.0,0.0,0.0,0.0,0.0,0.0,0.0,0.0,0.0,0.0,0.0,0.0,0.0,0.0,0.0,0.0
7.87326388889,303096.0,32677.0,9.27551488815,787.0,64383.0,65271.0,38.0,1276.0,3072.0,3014.0,5861.0,9469.0,8293.0,1509.0,154.0,27.0,2.0,0.0,0.0,0.0,0.0,0.0,0.0,0.0,0.0,0.0,0.0,0.0,0.0,0.0,0.0,0.0,0.0,0.0,0.0,0.0,0.0
7.87743055556,309395.0,32673.0,9.46943959845,787.0,64382.0,65270.0,38.0,1244.0,2911.0,2950.0,5808.0,9513.0,8450.0,1592.0,178.0,25.0,2.0,0.0,0.0,0.0,0.0,0.0,0.0,0.0,0.0,0.0,0.0,0.0,0.0,0.0,0.0,0.0,0.0,0.0,0.0,0.0,0.0
7.88159722222,301376.0,32683.0,9.2211853257,785.0,64379.0,65272.0,31.0,1289.0,2998.0,3005.0,5936.0,9602.0,8140.0,1550.0,143.0,18.0,2.0,0.0,0.0,0.0,0.0,0.0,0.0,0.0,0.0,0.0,0.0,0.0,0.0,0.0,0.0,0.0,0.0,0.0,0.0,0.0,0.0
7.88576388889,307584.0,32679.0,9.4122831176,782.0,64377.0,65272.0,28.0,1228.0,2902.0,2967.0,5847.0,9544.0,8438.0,1578.0,145.0,27.0,3.0,0.0,0.0,0.0,0.0,0.0,0.0,0.0,0.0,0.0,0.0,0.0,0.0,0.0,0.0,0.0,0.0,0.0,0.0,0.0,0.0
7.88993055556,308096.0,32675.0,9.4291048202,782.0,64376.0,65277.0,32.0,1238.0,2940.0,2880.0,5777.0,9636.0,8418.0,1606.0,159.0,19.0,2.0,0.0,0.0,0.0,0.0,0.0,0.0,0.0,0.0,0.0,0.0,0.0,0.0,0.0,0.0,0.0,0.0,0.0,0.0,0.0,0.0
7.89409722222,303276.0,32674.0,9.28187549734,782.0,64382.0,65272.0,35.0,1230.0,2960.0,3016.0,5933.0,9543.0,8272.0,1537.0,168.0,15.0,0.0,0.0,0.0,0.0,0.0,0.0,0.0,0.0,0.0,0.0,0.0,0.0,0.0,0.0,0.0,0.0,0.0,0.0,0.0,0.0,0.0
7.89826388889,304680.0,32671.0,9.32570169263,785.0,64380.0,65272.0,35.0,1223.0,3016.0,2952.0,5776.0,9566.0,8494.0,1452.0,171.0,20.0,1.0,0.0,0.0,0.0,0.0,0.0,0.0,0.0,0.0,0.0,0.0,0.0,0.0,0.0,0.0,0.0,0.0,0.0,0.0,0.0,0.0
7.90243055556,308450.0,32675.0,9.43993879112,780.0,64383.0,65272.0,35.0,1245.0,2808.0,2959.0,5737.0,9645.0,8562.0,1523.0,177.0,18.0,1.0,0.0,0.0,0.0,0.0,0.0,0.0,0.0,0.0,0.0,0.0,0.0,0.0,0.0,0.0,0.0,0.0,0.0,0.0,0.0,0.0
7.90659722222,308266.0,32686.0,9.43113259499,782.0,64383.0,65267.0,35.0,1269.0,2948.0,2867.0,5820.0,9588.0,8403.0,1594.0,175.0,21.0,1.0,0.0,0.0,0.0,0.0,0.0,0.0,0.0,0.0,0.0,0.0,0.0,0.0,0.0,0.0,0.0,0.0,0.0,0.0,0.0,0.0
7.91076388889,304112.0,32678.0,9.30632229635,782.0,64383.0,65272.0,31.0,1280.0,3018.0,2883.0,5768.0,9712.0,8330.0,1497.0,171.0,19.0,0.0,0.0,0.0,0.0,0.0,0.0,0.0,0.0,0.0,0.0,0.0,0.0,0.0,0.0,0.0,0.0,0.0,0.0,0.0,0.0,0.0
7.91493055556,302944.0,32676.0,9.27114701922,782.0,64383.0,65272.0,32.0,1231.0,2974.0,2971.0,5943.0,9574.0,8278.0,1531.0,157.0,17.0,0.0,0.0,0.0,0.0,0.0,0.0,0.0,0.0,0.0,0.0,0.0,0.0,0.0,0.0,0.0,0.0,0.0,0.0,0.0,0.0,0.0
7.91909722222,303764.0,32664.0,9.29965711487,782.0,64380.0,65272.0,39.0,1254.0,3042.0,2991.0,5747.0,9689.0,8234.0,1513.0,178.0,11.0,5.0,0.0,0.0,0.0,0.0,0.0,0.0,0.0,0.0,0.0,0.0,0.0,0.0,0.0,0.0,0.0,0.0,0.0,0.0,0.0,0.0
7.92326388889,308916.0,32675.0,9.45420045907,782.0,64380.0,65272.0,35.0,1266.0,2876.0,2882.0,5679.0,9813.0,8411.0,1545.0,175.0,26.0,2.0,0.0,0.0,0.0,0.0,0.0,0.0,0.0,0.0,0.0,0.0,0.0,0.0,0.0,0.0,0.0,0.0,0.0,0.0,0.0,0.0
7.92743055556,300441.0,32667.0,9.19707962164,777.0,64383.0,65272.0,39.0,1307.0,3005.0,2958.0,5954.0,9625.0,8135.0,1502.0,167.0,14.0,0.0,0.0,0.0,0.0,0.0,0.0,0.0,0.0,0.0,0.0,0.0,0.0,0.0,0.0,0.0,0.0,0.0,0.0,0.0,0.0,0.0
7.93159722222,305969.0,32669.0,9.36572897854,782.0,64382.0,65272.0,33.0,1287.0,2965.0,2852.0,5753.0,9698.0,8354.0,1588.0,157.0,13.0,2.0,0.0,0.0,0.0,0.0,0.0,0.0,0.0,0.0,0.0,0.0,0.0,0.0,0.0,0.0,0.0,0.0,0.0,0.0,0.0,0.0
7.93576388889,301488.0,32674.0,9.22715308808,779.0,64381.0,65271.0,30.0,1230.0,3092.0,2868.0,6033.0,9650.0,8120.0,1493.0,169.0,16.0,3.0,0.0,0.0,0.0,0.0,0.0,0.0,0.0,0.0,0.0,0.0,0.0,0.0,0.0,0.0,0.0,0.0,0.0,0.0,0.0,0.0
7.93993055556,304430.0,32673.0,9.31747926422,780.0,64380.0,65279.0,33.0,1399.0,3002.0,2894.0,5852.0,9721.0,7990.0,1620.0,169.0,21.0,5.0,0.0,0.0,0.0,0.0,0.0,0.0,0.0,0.0,0.0,0.0,0.0,0.0,0.0,0.0,0.0,0.0,0.0,0.0,0.0,0.0
7.94409722222,302865.0,32671.0,9.27014783753,777.0,64383.0,65270.0,32.0,1304.0,3055.0,2883.0,6021.0,9625.0,8006.0,1581.0,171.0,24.0,1.0,0.0,0.0,0.0,0.0,0.0,0.0,0.0,0.0,0.0,0.0,0.0,0.0,0.0,0.0,0.0,0.0,0.0,0.0,0.0,0.0
7.94826388889,304175.0,32674.0,9.30938972884,782.0,64381.0,65268.0,35.0,1314.0,3069.0,2989.0,5840.0,9523.0,8166.0,1583.0,163.0,24.0,3.0,0.0,0.0,0.0,0.0,0.0,0.0,0.0,0.0,0.0,0.0,0.0,0.0,0.0,0.0,0.0,0.0,0.0,0.0,0.0,0.0
7.95243055556,298769.0,32668.0,9.14561650545,779.0,64377.0,65272.0,35.0,1423.0,3111.0,3061.0,6058.0,9363.0,7916.0,1544.0,164.0,26.0,2.0,0.0,0.0,0.0,0.0,0.0,0.0,0.0,0.0,0.0,0.0,0.0,0.0,0.0,0.0,0.0,0.0,0.0,0.0,0.0,0.0
7.95659722222,298519.0,32661.0,9.13992223141,775.0,64383.0,65272.0,28.0,1335.0,3165.0,3053.0,5856.0,9690.0,7905.0,1462.0,163.0,30.0,1.0,1.0,0.0,0.0,0.0,0.0,0.0,0.0,0.0,0.0,0.0,0.0,0.0,0.0,0.0,0.0,0.0,0.0,0.0,0.0,0.0
7.96076388889,294905.0,32664.0,9.02844109723,780.0,64380.0,65272.0,35.0,1428.0,3243.0,2971.0,5970.0,9504.0,7963.0,1405.0,152.0,27.0,1.0,0.0,0.0,0.0,0.0,0.0,0.0,0.0,0.0,0.0,0.0,0.0,0.0,0.0,0.0,0.0,0.0,0.0,0.0,0.0,0.0
7.96493055556,297151.0,32676.0,9.09386093769,774.0,64382.0,65272.0,38.0,1347.0,3065.0,3113.0,5925.0,9426.0,8151.0,1505.0,133.0,9.0,2.0,0.0,0.0,0.0,0.0,0.0,0.0,0.0,0.0,0.0,0.0,0.0,0.0,0.0,0.0,0.0,0.0,0.0,0.0,0.0,0.0
7.96909722222,292323.0,32648.0,8.95377971086,775.0,64379.0,65270.0,32.0,1443.0,3213.0,3061.0,5913.0,9517.0,7926.0,1426.0,132.0,16.0,1.0,0.0,0.0,0.0,0.0,0.0,0.0,0.0,0.0,0.0,0.0,0.0,0.0,0.0,0.0,0.0,0.0,0.0,0.0,0.0,0.0
7.97326388889,298185.0,32655.0,9.1313734497,775.0,64380.0,65279.0,35.0,1276.0,3093.0,2926.0,5884.0,9629.0,8202.0,1521.0,111.0,13.0,0.0,0.0,0.0,0.0,0.0,0.0,0.0,0.0,0.0,0.0,0.0,0.0,0.0,0.0,0.0,0.0,0.0,0.0,0.0,0.0,0.0
7.97743055556,296628.0,32661.0,9.08202443281,774.0,64382.0,65270.0,35.0,1386.0,3226.0,2789.0,5952.0,9660.0,8007.0,1478.0,151.0,11.0,1.0,0.0,0.0,0.0,0.0,0.0,0.0,0.0,0.0,0.0,0.0,0.0,0.0,0.0,0.0,0.0,0.0,0.0,0.0,0.0,0.0
7.98159722222,300748.0,32669.0,9.2059138633,774.0,64380.0,65272.0,31.0,1422.0,3096.0,2914.0,5912.0,9486.0,8086.0,1590.0,142.0,19.0,2.0,0.0,0.0,0.0,0.0,0.0,0.0,0.0,0.0,0.0,0.0,0.0,0.0,0.0,0.0,0.0,0.0,0.0,0.0,0.0,0.0
7.98576388889,303739.0,32655.0,9.30145460113,774.0,64380.0,65271.0,36.0,1353.0,3183.0,2808.0,5863.0,9532.0,8186.0,1524.0,176.0,27.0,3.0,0.0,0.0,0.0,0.0,0.0,0.0,0.0,0.0,0.0,0.0,0.0,0.0,0.0,0.0,0.0,0.0,0.0,0.0,0.0,0.0
7.98993055556,299956.0,32658.0,9.18476330455,774.0,64380.0,65271.0,32.0,1328.0,3102.0,2819.0,6008.0,9674.0,8032.0,1521.0,155.0,17.0,2.0,0.0,0.0,0.0,0.0,0.0,0.0,0.0,0.0,0.0,0.0,0.0,0.0,0.0,0.0,0.0,0.0,0.0,0.0,0.0,0.0
7.99409722222,303494.0,32664.0,9.29139113397,774.0,64382.0,65271.0,35.0,1285.0,3032.0,2943.0,6026.0,9491.0,8105.0,1597.0,161.0,21.0,3.0,0.0,0.0,0.0,0.0,0.0,0.0,0.0,0.0,0.0,0.0,0.0,0.0,0.0,0.0,0.0,0.0,0.0,0.0,0.0,0.0
7.99826388889,300031.0,32655.0,9.18790384321,774.0,64382.0,65272.0,35.0,1378.0,3127.0,2944.0,5858.0,9616.0,8036.0,1506.0,167.0,21.0,2.0,0.0,0.0,0.0,0.0,0.0,0.0,0.0,0.0,0.0,0.0,0.0,0.0,0.0,0.0,0.0,0.0,0.0,0.0,0.0,0.0
8.00243055556,299006.0,32657.0,9.15595431301,775.0,64380.0,65272.0,38.0,1326.0,3150.0,2974.0,5967.0,9573.0,7921.0,1560.0,172.0,14.0,0.0,0.0,0.0,0.0,0.0,0.0,0.0,0.0,0.0,0.0,0.0,0.0,0.0,0.0,0.0,0.0,0.0,0.0,0.0,0.0,0.0
8.00659722222,299150.0,32655.0,9.16092482009,774.0,64380.0,65272.0,33.0,1285.0,3164.0,2933.0,6072.0,9495.0,7987.0,1548.0,148.0,22.0,1.0,0.0,0.0,0.0,0.0,0.0,0.0,0.0,0.0,0.0,0.0,0.0,0.0,0.0,0.0,0.0,0.0,0.0,0.0,0.0,0.0
8.01076388889,302538.0,32651.0,9.26581115433,772.0,64376.0,65278.0,32.0,1358.0,3060.0,2949.0,5831.0,9586.0,8152.0,1517.0,174.0,21.0,3.0,0.0,0.0,0.0,0.0,0.0,0.0,0.0,0.0,0.0,0.0,0.0,0.0,0.0,0.0,0.0,0.0,0.0,0.0,0.0,0.0
8.01493055556,302059.0,32650.0,9.25142419602,774.0,64380.0,65271.0,38.0,1385.0,3021.0,2965.0,6029.0,9450.0,8031.0,1578.0,157.0,34.0,0.0,0.0,0.0,0.0,0.0,0.0,0.0,0.0,0.0,0.0,0.0,0.0,0.0,0.0,0.0,0.0,0.0,0.0,0.0,0.0,0.0
8.01909722222,300308.0,32645.0,9.19920355338,774.0,64377.0,65269.0,33.0,1340.0,3204.0,2872.0,5908.0,9602.0,7968.0,1562.0,174.0,12.0,3.0,0.0,0.0,0.0,0.0,0.0,0.0,0.0,0.0,0.0,0.0,0.0,0.0,0.0,0.0,0.0,0.0,0.0,0.0,0.0,0.0
8.02326388889,297662.0,32657.0,9.11479927734,772.0,64379.0,65272.0,31.0,1460.0,3224.0,2933.0,5929.0,9449.0,7951.0,1517.0,177.0,17.0,0.0,0.0,0.0,0.0,0.0,0.0,0.0,0.0,0.0,0.0,0.0,0.0,0.0,0.0,0.0,0.0,0.0,0.0,0.0,0.0,0.0
8.02743055556,296934.0,32642.0,9.09668525213,772.0,64379.0,65272.0,39.0,1386.0,3160.0,2995.0,6012.0,9513.0,7879.0,1512.0,168.0,15.0,2.0,0.0,0.0,0.0,0.0,0.0,0.0,0.0,0.0,0.0,0.0,0.0,0.0,0.0,0.0,0.0,0.0,0.0,0.0,0.0,0.0
8.03159722222,300342.0,32642.0,9.20109061945,772.0,64382.0,65272.0,35.0,1385.0,3116.0,2879.0,5907.0,9632.0,7994.0,1555.0,151.0,19.0,4.0,0.0,0.0,0.0,0.0,0.0,0.0,0.0,0.0,0.0,0.0,0.0,0.0,0.0,0.0,0.0,0.0,0.0,0.0,0.0,0.0
8.03576388889,298553.0,32644.0,9.14572356329,772.0,64380.0,65272.0,31.0,1441.0,3177.0,2834.0,5861.0,9697.0,7899.0,1545.0,181.0,8.0,1.0,0.0,0.0,0.0,0.0,0.0,0.0,0.0,0.0,0.0,0.0,0.0,0.0,0.0,0.0,0.0,0.0,0.0,0.0,0.0,0.0
8.03993055556,296577.0,32659.0,9.08101901467,772.0,64380.0,65272.0,35.0,1507.0,3289.0,2932.0,5988.0,9494.0,7716.0,1524.0,187.0,18.0,4.0,0.0,0.0,0.0,0.0,0.0,0.0,0.0,0.0,0.0,0.0,0.0,0.0,0.0,0.0,0.0,0.0,0.0,0.0,0.0,0.0
8.04409722222,298302.0,32647.0,9.13719484179,769.0,64376.0,65273.0,31.0,1456.0,3194.0,2928.0,5973.0,9496.0,7875.0,1505.0,204.0,15.0,1.0,0.0,0.0,0.0,0.0,0.0,0.0,0.0,0.0,0.0,0.0,0.0,0.0,0.0,0.0,0.0,0.0,0.0,0.0,0.0,0.0
8.04826388889,297563.0,32638.0,9.11707212452,772.0,64375.0,65276.0,35.0,1438.0,3225.0,2901.0,5916.0,9663.0,7767.0,1544.0,159.0,21.0,4.0,0.0,0.0,0.0,0.0,0.0,0.0,0.0,0.0,0.0,0.0,0.0,0.0,0.0,0.0,0.0,0.0,0.0,0.0,0.0,0.0
8.05243055556,297780.0,32633.0,9.12511874483,769.0,64380.0,65272.0,35.0,1353.0,3234.0,2911.0,5929.0,9620.0,7881.0,1512.0,176.0,16.0,1.0,0.0,0.0,0.0,0.0,0.0,0.0,0.0,0.0,0.0,0.0,0.0,0.0,0.0,0.0,0.0,0.0,0.0,0.0,0.0,0.0
8.05659722222,294618.0,32632.0,9.02849963226,769.0,64383.0,65270.0,32.0,1515.0,3238.0,3012.0,6005.0,9593.0,7535.0,1531.0,177.0,23.0,3.0,0.0,0.0,0.0,0.0,0.0,0.0,0.0,0.0,0.0,0.0,0.0,0.0,0.0,0.0,0.0,0.0,0.0,0.0,0.0,0.0
8.06076388889,296747.0,32644.0,9.09039946085,774.0,64380.0,65270.0,38.0,1416.0,3285.0,2893.0,5933.0,9625.0,7746.0,1561.0,170.0,13.0,2.0,0.0,0.0,0.0,0.0,0.0,0.0,0.0,0.0,0.0,0.0,0.0,0.0,0.0,0.0,0.0,0.0,0.0,0.0,0.0,0.0
8.06493055556,296719.0,32646.0,9.08898486798,774.0,64382.0,65271.0,35.0,1569.0,3297.0,2905.0,5975.0,9444.0,7624.0,1640.0,172.0,19.0,1.0,0.0,0.0,0.0,0.0,0.0,0.0,0.0,0.0,0.0,0.0,0.0,0.0,0.0,0.0,0.0,0.0,0.0,0.0,0.0,0.0
8.06909722222,294160.0,32643.0,9.01142664584,767.0,64380.0,65273.0,31.0,1416.0,3268.0,3080.0,6041.0,9491.0,7600.0,1554.0,180.0,12.0,1.0,0.0,0.0,0.0,0.0,0.0,0.0,0.0,0.0,0.0,0.0,0.0,0.0,0.0,0.0,0.0,0.0,0.0,0.0,0.0,0.0
8.07326388889,294490.0,32640.0,9.02236519608,764.0,64382.0,65272.0,31.0,1522.0,3334.0,2928.0,6095.0,9349.0,7649.0,1564.0,184.0,15.0,0.0,0.0,0.0,0.0,0.0,0.0,0.0,0.0,0.0,0.0,0.0,0.0,0.0,0.0,0.0,0.0,0.0,0.0,0.0,0.0,0.0
8.07743055556,291761.0,32632.0,8.94094753616,767.0,64380.0,65270.0,35.0,1489.0,3339.0,3013.0,6079.0,9456.0,7536.0,1553.0,146.0,20.0,1.0,0.0,0.0,0.0,0.0,0.0,0.0,0.0,0.0,0.0,0.0,0.0,0.0,0.0,0.0,0.0,0.0,0.0,0.0,0.0,0.0
8.08159722222,290523.0,32645.0,8.89946393016,772.0,64380.0,65270.0,35.0,1539.0,3379.0,3058.0,6211.0,9385.0,7361.0,1505.0,179.0,27.0,1.0,0.0,0.0,0.0,0.0,0.0,0.0,0.0,0.0,0.0,0.0,0.0,0.0,0.0,0.0,0.0,0.0,0.0,0.0,0.0,0.0
8.08576388889,292215.0,32635.0,8.95403707676,767.0,64379.0,65272.0,35.0,1477.0,3349.0,3027.0,6113.0,9281.0,7671.0,1546.0,156.0,15.0,0.0,0.0,0.0,0.0,0.0,0.0,0.0,0.0,0.0,0.0,0.0,0.0,0.0,0.0,0.0,0.0,0.0,0.0,0.0,0.0,0.0
8.08993055556,290114.0,32638.0,8.88884122802,764.0,64382.0,65272.0,35.0,1553.0,3350.0,2966.0,6120.0,9362.0,7665.0,1438.0,168.0,16.0,0.0,0.0,0.0,0.0,0.0,0.0,0.0,0.0,0.0,0.0,0.0,0.0,0.0,0.0,0.0,0.0,0.0,0.0,0.0,0.0,0.0
8.09409722222,292764.0,32641.0,8.96921050213,764.0,64383.0,65270.0,35.0,1376.0,3386.0,3069.0,6066.0,9448.0,7558.0,1560.0,168.0,6.0,4.0,0.0,0.0,0.0,0.0,0.0,0.0,0.0,0.0,0.0,0.0,0.0,0.0,0.0,0.0,0.0,0.0,0.0,0.0,0.0,0.0
8.09826388889,296614.0,32640.0,9.08743872549,767.0,64382.0,65271.0,35.0,1444.0,3334.0,2934.0,6023.0,9441.0,7701.0,1572.0,167.0,20.0,4.0,0.0,0.0,0.0,0.0,0.0,0.0,0.0,0.0,0.0,0.0,0.0,0.0,0.0,0.0,0.0,0.0,0.0,0.0,0.0,0.0
8.10243055556,299360.0,32624.0,9.17606669936,767.0,64379.0,65272.0,32.0,1418.0,3122.0,3001.0,5923.0,9558.0,7794.0,1619.0,172.0,14.0,3.0,0.0,0.0,0.0,0.0,0.0,0.0,0.0,0.0,0.0,0.0,0.0,0.0,0.0,0.0,0.0,0.0,0.0,0.0,0.0,0.0
8.10659722222,294940.0,32641.0,9.03587512637,767.0,64383.0,65271.0,35.0,1425.0,3288.0,2914.0,6146.0,9399.0,7774.0,1503.0,172.0,20.0,0.0,0.0,0.0,0.0,0.0,0.0,0.0,0.0,0.0,0.0,0.0,0.0,0.0,0.0,0.0,0.0,0.0,0.0,0.0,0.0,0.0
8.11076388889,297549.0,32638.0,9.11664317667,762.0,64384.0,65271.0,31.0,1450.0,3277.0,2900.0,5882.0,9506.0,7934.0,1504.0,158.0,25.0,2.0,0.0,0.0,0.0,0.0,0.0,0.0,0.0,0.0,0.0,0.0,0.0,0.0,0.0,0.0,0.0,0.0,0.0,0.0,0.0,0.0
8.11493055556,295149.0,32635.0,9.04394055462,767.0,64382.0,65271.0,32.0,1518.0,3357.0,2986.0,5995.0,9402.0,7614.0,1547.0,197.0,17.0,2.0,0.0,0.0,0.0,0.0,0.0,0.0,0.0,0.0,0.0,0.0,0.0,0.0,0.0,0.0,0.0,0.0,0.0,0.0,0.0,0.0
8.11909722222,291663.0,32630.0,8.93849218511,762.0,64380.0,65272.0,33.0,1442.0,3275.0,2976.0,6121.0,9618.0,7557.0,1454.0,166.0,19.0,2.0,0.0,0.0,0.0,0.0,0.0,0.0,0.0,0.0,0.0,0.0,0.0,0.0,0.0,0.0,0.0,0.0,0.0,0.0,0.0,0.0
8.12326388889,297241.0,32628.0,9.10999754812,767.0,64380.0,65272.0,32.0,1479.0,3253.0,3056.0,5907.0,9417.0,7781.0,1517.0,194.0,21.0,3.0,0.0,0.0,0.0,0.0,0.0,0.0,0.0,0.0,0.0,0.0,0.0,0.0,0.0,0.0,0.0,0.0,0.0,0.0,0.0,0.0
8.12743055556,294460.0,32638.0,9.02199889699,762.0,64380.0,65271.0,35.0,1402.0,3322.0,2831.0,6139.0,9549.0,7731.0,1475.0,169.0,18.0,2.0,0.0,0.0,0.0,0.0,0.0,0.0,0.0,0.0,0.0,0.0,0.0,0.0,0.0,0.0,0.0,0.0,0.0,0.0,0.0,0.0
8.13159722222,295101.0,32626.0,9.04496413903,762.0,64380.0,65272.0,35.0,1478.0,3247.0,2895.0,6032.0,9600.0,7641.0,1559.0,151.0,20.0,3.0,0.0,0.0,0.0,0.0,0.0,0.0,0.0,0.0,0.0,0.0,0.0,0.0,0.0,0.0,0.0,0.0,0.0,0.0,0.0,0.0
8.13576388889,297794.0,32624.0,9.12806522805,764.0,64382.0,65270.0,39.0,1508.0,3282.0,2884.0,5976.0,9551.0,7617.0,1588.0,200.0,13.0,5.0,0.0,0.0,0.0,0.0,0.0,0.0,0.0,0.0,0.0,0.0,0.0,0.0,0.0,0.0,0.0,0.0,0.0,0.0,0.0,0.0
8.13993055556,295236.0,32627.0,9.04882459313,762.0,64383.0,65272.0,38.0,1577.0,3336.0,2840.0,6023.0,9544.0,7565.0,1541.0,177.0,16.0,8.0,0.0,0.0,0.0,0.0,0.0,0.0,0.0,0.0,0.0,0.0,0.0,0.0,0.0,0.0,0.0,0.0,0.0,0.0,0.0,0.0
8.14409722222,288792.0,32622.0,8.85267610815,762.0,64380.0,65272.0,35.0,1585.0,3366.0,2943.0,6055.0,9559.0,7484.0,1451.0,160.0,19.0,0.0,0.0,0.0,0.0,0.0,0.0,0.0,0.0,0.0,0.0,0.0,0.0,0.0,0.0,0.0,0.0,0.0,0.0,0.0,0.0,0.0
8.14826388889,295867.0,32630.0,9.06733067729,762.0,64386.0,65270.0,35.0,1444.0,3263.0,2858.0,6038.0,9676.0,7621.0,1511.0,203.0,16.0,0.0,0.0,0.0,0.0,0.0,0.0,0.0,0.0,0.0,0.0,0.0,0.0,0.0,0.0,0.0,0.0,0.0,0.0,0.0,0.0,0.0
8.15243055556,299443.0,32620.0,9.17973635806,762.0,64383.0,65270.0,38.0,1500.0,3235.0,2898.0,6013.0,9343.0,7822.0,1595.0,193.0,18.0,3.0,0.0,0.0,0.0,0.0,0.0,0.0,0.0,0.0,0.0,0.0,0.0,0.0,0.0,0.0,0.0,0.0,0.0,0.0,0.0,0.0
8.15659722222,294706.0,32623.0,9.03368788891,762.0,64380.0,65270.0,32.0,1514.0,3288.0,2877.0,5992.0,9548.0,7658.0,1566.0,162.0,18.0,0.0,0.0,0.0,0.0,0.0,0.0,0.0,0.0,0.0,0.0,0.0,0.0,0.0,0.0,0.0,0.0,0.0,0.0,0.0,0.0,0.0
8.16076388889,294337.0,32628.0,9.02099423808,759.0,64383.0,65268.0,39.0,1497.0,3445.0,2930.0,6078.0,9390.0,7540.0,1538.0,186.0,18.0,6.0,0.0,0.0,0.0,0.0,0.0,0.0,0.0,0.0,0.0,0.0,0.0,0.0,0.0,0.0,0.0,0.0,0.0,0.0,0.0,0.0
8.16493055556,295256.0,32624.0,9.05026974007,761.0,64380.0,65272.0,35.0,1518.0,3352.0,3022.0,5885.0,9372.0,7743.0,1539.0,168.0,23.0,2.0,0.0,0.0,0.0,0.0,0.0,0.0,0.0,0.0,0.0,0.0,0.0,0.0,0.0,0.0,0.0,0.0,0.0,0.0,0.0,0.0
8.16909722222,289773.0,32619.0,8.88356479353,761.0,64379.0,65273.0,31.0,1594.0,3425.0,3076.0,5963.0,9537.0,7355.0,1459.0,175.0,35.0,0.0,0.0,0.0,0.0,0.0,0.0,0.0,0.0,0.0,0.0,0.0,0.0,0.0,0.0,0.0,0.0,0.0,0.0,0.0,0.0,0.0
8.17326388889,292114.0,32611.0,8.9575296679,761.0,64382.0,65271.0,36.0,1544.0,3354.0,3020.0,6080.0,9338.0,7575.0,1505.0,172.0,20.0,3.0,0.0,0.0,0.0,0.0,0.0,0.0,0.0,0.0,0.0,0.0,0.0,0.0,0.0,0.0,0.0,0.0,0.0,0.0,0.0,0.0
8.17743055556,290904.0,32616.0,8.91905813098,759.0,64380.0,65272.0,39.0,1626.0,3458.0,2909.0,6141.0,9257.0,7538.0,1488.0,175.0,20.0,4.0,0.0,0.0,0.0,0.0,0.0,0.0,0.0,0.0,0.0,0.0,0.0,0.0,0.0,0.0,0.0,0.0,0.0,0.0,0.0,0.0
8.18159722222,291856.0,32625.0,8.94577777778,758.0,64385.0,65270.0,35.0,1536.0,3498.0,2949.0,6035.0,9384.0,7521.0,1504.0,173.0,21.0,4.0,0.0,0.0,0.0,0.0,0.0,0.0,0.0,0.0,0.0,0.0,0.0,0.0,0.0,0.0,0.0,0.0,0.0,0.0,0.0,0.0
8.18576388889,286008.0,32618.0,8.76841008032,762.0,64377.0,65272.0,33.0,1586.0,3472.0,3140.0,6180.0,9208.0,7425.0,1418.0,170.0,16.0,3.0,0.0,0.0,0.0,0.0,0.0,0.0,0.0,0.0,0.0,0.0,0.0,0.0,0.0,0.0,0.0,0.0,0.0,0.0,0.0,0.0
8.18993055556,291368.0,32616.0,8.93328427766,756.0,64379.0,65272.0,38.0,1561.0,3490.0,3029.0,6087.0,9176.0,7536.0,1532.0,186.0,18.0,1.0,0.0,0.0,0.0,0.0,0.0,0.0,0.0,0.0,0.0,0.0,0.0,0.0,0.0,0.0,0.0,0.0,0.0,0.0,0.0,0.0
8.19409722222,291384.0,32615.0,8.93404875057,759.0,64380.0,65267.0,35.0,1514.0,3384.0,3002.0,6037.0,9413.0,7583.0,1505.0,150.0,27.0,0.0,0.0,0.0,0.0,0.0,0.0,0.0,0.0,0.0,0.0,0.0,0.0,0.0,0.0,0.0,0.0,0.0,0.0,0.0,0.0,0.0
8.19826388889,288850.0,32618.0,8.85553988595,759.0,64379.0,65271.0,32.0,1572.0,3486.0,3014.0,5974.0,9482.0,7442.0,1467.0,156.0,22.0,3.0,0.0,0.0,0.0,0.0,0.0,0.0,0.0,0.0,0.0,0.0,0.0,0.0,0.0,0.0,0.0,0.0,0.0,0.0,0.0,0.0
8.20243055556,293098.0,32617.0,8.98605021921,756.0,64382.0,65272.0,36.0,1553.0,3440.0,3015.0,5997.0,9229.0,7585.0,1622.0,156.0,20.0,0.0,0.0,0.0,0.0,0.0,0.0,0.0,0.0,0.0,0.0,0.0,0.0,0.0,0.0,0.0,0.0,0.0,0.0,0.0,0.0,0.0
8.20659722222,288647.0,32607.0,8.85230165302,756.0,64380.0,65271.0,32.0,1601.0,3435.0,2986.0,6040.0,9311.0,7605.0,1465.0,142.0,21.0,1.0,0.0,0.0,0.0,0.0,0.0,0.0,0.0,0.0,0.0,0.0,0.0,0.0,0.0,0.0,0.0,0.0,0.0,0.0,0.0,0.0
8.21076388889,289665.0,32615.0,8.88134294036,756.0,64383.0,65272.0,32.0,1600.0,3445.0,3046.0,6004.0,9338.0,7460.0,1547.0,160.0,12.0,3.0,0.0,0.0,0.0,0.0,0.0,0.0,0.0,0.0,0.0,0.0,0.0,0.0,0.0,0.0,0.0,0.0,0.0,0.0,0.0,0.0
8.21493055556,293071.0,32606.0,8.98825369564,756.0,64377.0,65272.0,31.0,1527.0,3439.0,3088.0,5928.0,9346.0,7487.0,1587.0,183.0,21.0,0.0,0.0,0.0,0.0,0.0,0.0,0.0,0.0,0.0,0.0,0.0,0.0,0.0,0.0,0.0,0.0,0.0,0.0,0.0,0.0,0.0
8.21909722222,288669.0,32600.0,8.85487730061,759.0,64380.0,65267.0,31.0,1602.0,3467.0,2985.0,6012.0,9484.0,7343.0,1528.0,156.0,23.0,0.0,0.0,0.0,0.0,0.0,0.0,0.0,0.0,0.0,0.0,0.0,0.0,0.0,0.0,0.0,0.0,0.0,0.0,0.0,0.0,0.0
8.22326388889,287688.0,32610.0,8.82207911684,758.0,64380.0,65271.0,31.0,1621.0,3574.0,3015.0,5955.0,9299.0,7476.0,1509.0,139.0,20.0,2.0,0.0,0.0,0.0,0.0,0.0,0.0,0.0,0.0,0.0,0.0,0.0,0.0,0.0,0.0,0.0,0.0,0.0,0.0,0.0,0.0
8.22743055556,294349.0,32609.0,9.02661841823,758.0,64383.0,65271.0,38.0,1618.0,3449.0,2934.0,5816.0,9421.0,7582.0,1590.0,182.0,14.0,3.0,0.0,0.0,0.0,0.0,0.0,0.0,0.0,0.0,0.0,0.0,0.0,0.0,0.0,0.0,0.0,0.0,0.0,0.0,0.0,0.0
8.23159722222,288421.0,32608.0,8.84509936212,756.0,64384.0,65272.0,32.0,1670.0,3551.0,2955.0,5970.0,9361.0,7438.0,1478.0,161.0,20.0,4.0,0.0,0.0,0.0,0.0,0.0,0.0,0.0,0.0,0.0,0.0,0.0,0.0,0.0,0.0,0.0,0.0,0.0,0.0,0.0,0.0
8.23576388889,288334.0,32596.0,8.84568658731,754.0,64377.0,65273.0,31.0,1620.0,3518.0,3008.0,5946.0,9371.0,7443.0,1517.0,156.0,15.0,2.0,0.0,0.0,0.0,0.0,0.0,0.0,0.0,0.0,0.0,0.0,0.0,0.0,0.0,0.0,0.0,0.0,0.0,0.0,0.0,0.0
8.23993055556,282506.0,32603.0,8.66503082538,756.0,64380.0,65272.0,35.0,1740.0,3540.0,2999.0,6394.0,9138.0,7181.0,1438.0,149.0,18.0,6.0,0.0,0.0,0.0,0.0,0.0,0.0,0.0,0.0,0.0,0.0,0.0,0.0,0.0,0.0,0.0,0.0,0.0,0.0,0.0,0.0
8.24409722222,286177.0,32598.0,8.77897417019,753.0,64376.0,65272.0,35.0,1763.0,3677.0,3000.0,6105.0,9118.0,7214.0,1517.0,179.0,21.0,4.0,0.0,0.0,0.0,0.0,0.0,0.0,0.0,0.0,0.0,0.0,0.0,0.0,0.0,0.0,0.0,0.0,0.0,0.0,0.0,0.0
8.24826388889,283615.0,32600.0,8.69984662577,753.0,64377.0,65273.0,28.0,1696.0,3617.0,3109.0,6047.0,9271.0,7186.0,1511.0,145.0,14.0,4.0,0.0,0.0,0.0,0.0,0.0,0.0,0.0,0.0,0.0,0.0,0.0,0.0,0.0,0.0,0.0,0.0,0.0,0.0,0.0,0.0
8.25243055556,280153.0,32591.0,8.59602344205,754.0,64382.0,65271.0,31.0,1849.0,3803.0,3063.0,6138.0,9123.0,6985.0,1418.0,187.0,22.0,3.0,0.0,0.0,0.0,0.0,0.0,0.0,0.0,0.0,0.0,0.0,0.0,0.0,0.0,0.0,0.0,0.0,0.0,0.0,0.0,0.0
8.25659722222,281850.0,32595.0,8.64703175334,756.0,64382.0,65272.0,38.0,1843.0,3672.0,3069.0,6132.0,9091.0,7098.0,1499.0,175.0,16.0,0.0,0.0,0.0,0.0,0.0,0.0,0.0,0.0,0.0,0.0,0.0,0.0,0.0,0.0,0.0,0.0,0.0,0.0,0.0,0.0,0.0
8.26076388889,278824.0,32603.0,8.55209643284,753.0,64382.0,65275.0,31.0,1851.0,3852.0,3112.0,6075.0,9182.0,6837.0,1499.0,177.0,18.0,0.0,0.0,0.0,0.0,0.0,0.0,0.0,0.0,0.0,0.0,0.0,0.0,0.0,0.0,0.0,0.0,0.0,0.0,0.0,0.0,0.0
8.26493055556,276708.0,32599.0,8.48823583546,750.0,64382.0,65272.0,33.0,1916.0,3832.0,3094.0,6180.0,9098.0,6820.0,1481.0,162.0,14.0,2.0,0.0,0.0,0.0,0.0,0.0,0.0,0.0,0.0,0.0,0.0,0.0,0.0,0.0,0.0,0.0,0.0,0.0,0.0,0.0,0.0
8.26909722222,278687.0,32608.0,8.54658366045,751.0,64382.0,65272.0,32.0,1833.0,3855.0,2972.0,6302.0,9200.0,6706.0,1554.0,170.0,15.0,1.0,0.0,0.0,0.0,0.0,0.0,0.0,0.0,0.0,0.0,0.0,0.0,0.0,0.0,0.0,0.0,0.0,0.0,0.0,0.0,0.0
8.27326388889,276115.0,32591.0,8.47212420607,750.0,64380.0,65271.0,36.0,1918.0,3835.0,3054.0,6225.0,9157.0,6769.0,1454.0,156.0,21.0,2.0,0.0,0.0,0.0,0.0,0.0,0.0,0.0,0.0,0.0,0.0,0.0,0.0,0.0,0.0,0.0,0.0,0.0,0.0,0.0,0.0
8.27743055556,274297.0,32592.0,8.41608370152,756.0,64380.0,65270.0,39.0,1936.0,3879.0,3185.0,6178.0,9115.0,6659.0,1465.0,151.0,22.0,2.0,0.0,0.0,0.0,0.0,0.0,0.0,0.0,0.0,0.0,0.0,0.0,0.0,0.0,0.0,0.0,0.0,0.0,0.0,0.0,0.0
8.28159722222,274196.0,32601.0,8.41066224962,750.0,64376.0,65272.0,30.0,1940.0,3934.0,3017.0,6269.0,9180.0,6621.0,1452.0,170.0,17.0,1.0,0.0,0.0,0.0,0.0,0.0,0.0,0.0,0.0,0.0,0.0,0.0,0.0,0.0,0.0,0.0,0.0,0.0,0.0,0.0,0.0
8.28576388889,277409.0,32600.0,8.50947852761,753.0,64383.0,65272.0,32.0,1921.0,3783.0,3041.0,6254.0,9148.0,6794.0,1481.0,153.0,23.0,2.0,0.0,0.0,0.0,0.0,0.0,0.0,0.0,0.0,0.0,0.0,0.0,0.0,0.0,0.0,0.0,0.0,0.0,0.0,0.0,0.0
8.28993055556,276766.0,32588.0,8.49288081502,750.0,64380.0,65272.0,35.0,1914.0,3974.0,3076.0,6084.0,9146.0,6675.0,1540.0,158.0,19.0,2.0,0.0,0.0,0.0,0.0,0.0,0.0,0.0,0.0,0.0,0.0,0.0,0.0,0.0,0.0,0.0,0.0,0.0,0.0,0.0,0.0
8.29409722222,277851.0,32593.0,8.5248673028,750.0,64380.0,65272.0,35.0,1945.0,3915.0,3020.0,6122.0,9232.0,6631.0,1523.0,188.0,13.0,4.0,0.0,0.0,0.0,0.0,0.0,0.0,0.0,0.0,0.0,0.0,0.0,0.0,0.0,0.0,0.0,0.0,0.0,0.0,0.0,0.0
8.29826388889,280829.0,32595.0,8.61570793066,750.0,64380.0,65272.0,33.0,1976.0,3767.0,3071.0,6132.0,9085.0,6777.0,1578.0,189.0,19.0,1.0,0.0,0.0,0.0,0.0,0.0,0.0,0.0,0.0,0.0,0.0,0.0,0.0,0.0,0.0,0.0,0.0,0.0,0.0,0.0,0.0
8.30243055556,275402.0,32598.0,8.44843241917,751.0,64380.0,65275.0,33.0,2019.0,3964.0,3065.0,6141.0,9089.0,6626.0,1498.0,174.0,21.0,1.0,0.0,0.0,0.0,0.0,0.0,0.0,0.0,0.0,0.0,0.0,0.0,0.0,0.0,0.0,0.0,0.0,0.0,0.0,0.0,0.0
8.30659722222,276282.0,32582.0,8.47958995765,750.0,64380.0,65270.0,32.0,2049.0,4022.0,3118.0,6082.0,9016.0,6480.0,1609.0,191.0,13.0,2.0,0.0,0.0,0.0,0.0,0.0,0.0,0.0,0.0,0.0,0.0,0.0,0.0,0.0,0.0,0.0,0.0,0.0,0.0,0.0,0.0
8.31076388889,268946.0,32585.0,8.25367500384,748.0,64380.0,65272.0,39.0,2130.0,4182.0,3128.0,6209.0,8913.0,6388.0,1450.0,165.0,15.0,5.0,0.0,0.0,0.0,0.0,0.0,0.0,0.0,0.0,0.0,0.0,0.0,0.0,0.0,0.0,0.0,0.0,0.0,0.0,0.0,0.0
8.31493055556,272293.0,32591.0,8.35485256666,750.0,64380.0,65272.0,38.0,2083.0,4157.0,3190.0,6159.0,8932.0,6324.0,1531.0,190.0,24.0,1.0,0.0,0.0,0.0,0.0,0.0,0.0,0.0,0.0,0.0,0.0,0.0,0.0,0.0,0.0,0.0,0.0,0.0,0.0,0.0,0.0
8.31909722222,270623.0,32591.0,8.30361142647,750.0,64379.0,65272.0,33.0,2177.0,4153.0,3113.0,6069.0,8966.0,6361.0,1574.0,167.0,11.0,0.0,0.0,0.0,0.0,0.0,0.0,0.0,0.0,0.0,0.0,0.0,0.0,0.0,0.0,0.0,0.0,0.0,0.0,0.0,0.0,0.0
8.32326388889,268220.0,32586.0,8.23114220831,750.0,64380.0,65272.0,38.0,2262.0,4238.0,3233.0,6111.0,8852.0,6155.0,1541.0,172.0,17.0,5.0,0.0,0.0,0.0,0.0,0.0,0.0,0.0,0.0,0.0,0.0,0.0,0.0,0.0,0.0,0.0,0.0,0.0,0.0,0.0,0.0
8.32743055556,266995.0,32577.0,8.1958129969,750.0,64383.0,65270.0,39.0,2209.0,4245.0,3221.0,6147.0,8983.0,6073.0,1497.0,179.0,20.0,3.0,0.0,0.0,0.0,0.0,0.0,0.0,0.0,0.0,0.0,0.0,0.0,0.0,0.0,0.0,0.0,0.0,0.0,0.0,0.0,0.0
8.33159722222,262872.0,32575.0,8.0697467383,748.0,64380.0,65271.0,31.0,2310.0,4426.0,3225.0,6179.0,8836.0,5913.0,1477.0,188.0,21.0,0.0,0.0,0.0,0.0,0.0,0.0,0.0,0.0,0.0,0.0,0.0,0.0,0.0,0.0,0.0,0.0,0.0,0.0,0.0,0.0,0.0
8.33576388889,265405.0,32588.0,8.14425555419,750.0,64380.0,65272.0,39.0,2306.0,4353.0,3222.0,6006.0,9057.0,5875.0,1580.0,166.0,23.0,0.0,0.0,0.0,0.0,0.0,0.0,0.0,0.0,0.0,0.0,0.0,0.0,0.0,0.0,0.0,0.0,0.0,0.0,0.0,0.0,0.0
8.33993055556,262000.0,32571.0,8.04396549077,748.0,64382.0,65272.0,39.0,2320.0,4570.0,3181.0,6161.0,8813.0,5837.0,1482.0,182.0,23.0,2.0,0.0,0.0,0.0,0.0,0.0,0.0,0.0,0.0,0.0,0.0,0.0,0.0,0.0,0.0,0.0,0.0,0.0,0.0,0.0,0.0
8.34409722222,262381.0,32582.0,8.05294334295,748.0,64382.0,65268.0,35.0,2390.0,4381.0,3264.0,6270.0,8767.0,5766.0,1548.0,174.0,18.0,4.0,0.0,0.0,0.0,0.0,0.0,0.0,0.0,0.0,0.0,0.0,0.0,0.0,0.0,0.0,0.0,0.0,0.0,0.0,0.0,0.0
8.34826388889,255346.0,32584.0,7.83654554383,748.0,64382.0,65272.0,38.0,2468.0,4620.0,3301.0,6193.0,8763.0,5604.0,1460.0,153.0,20.0,2.0,0.0,0.0,0.0,0.0,0.0,0.0,0.0,0.0,0.0,0.0,0.0,0.0,0.0,0.0,0.0,0.0,0.0,0.0,0.0,0.0
8.35243055556,256255.0,32579.0,7.86564965162,746.0,64390.0,65271.0,35.0,2542.0,4807.0,3222.0,6039.0,8750.0,5518.0,1503.0,180.0,13.0,5.0,0.0,0.0,0.0,0.0,0.0,0.0,0.0,0.0,0.0,0.0,0.0,0.0,0.0,0.0,0.0,0.0,0.0,0.0,0.0,0.0
8.35659722222,258237.0,32579.0,7.92648638694,748.0,64376.0,65271.0,39.0,2660.0,4777.0,3300.0,5891.0,8746.0,5455.0,1518.0,197.0,32.0,3.0,0.0,0.0,0.0,0.0,0.0,0.0,0.0,0.0,0.0,0.0,0.0,0.0,0.0,0.0,0.0,0.0,0.0,0.0,0.0,0.0
8.36076388889,256556.0,32567.0,7.87779040133,745.0,64380.0,65272.0,31.0,2638.0,4596.0,3264.0,5990.0,8894.0,5497.0,1487.0,181.0,15.0,5.0,0.0,0.0,0.0,0.0,0.0,0.0,0.0,0.0,0.0,0.0,0.0,0.0,0.0,0.0,0.0,0.0,0.0,0.0,0.0,0.0
8.36493055556,260241.0,32582.0,7.9872629059,748.0,64383.0,65267.0,35.0,2675.0,4743.0,3325.0,5864.0,8760.0,5393.0,1581.0,206.0,29.0,6.0,0.0,0.0,0.0,0.0,0.0,0.0,0.0,0.0,0.0,0.0,0.0,0.0,0.0,0.0,0.0,0.0,0.0,0.0,0.0,0.0
8.36909722222,253261.0,32587.0,7.7718415319,741.0,64387.0,65271.0,31.0,2666.0,4923.0,3333.0,5928.0,8723.0,5291.0,1517.0,178.0,28.0,0.0,0.0,0.0,0.0,0.0,0.0,0.0,0.0,0.0,0.0,0.0,0.0,0.0,0.0,0.0,0.0,0.0,0.0,0.0,0.0,0.0
8.37326388889,254890.0,32576.0,7.82447200393,746.0,64377.0,65271.0,31.0,2657.0,4792.0,3435.0,5951.0,8654.0,5323.0,1558.0,183.0,19.0,4.0,0.0,0.0,0.0,0.0,0.0,0.0,0.0,0.0,0.0,0.0,0.0,0.0,0.0,0.0,0.0,0.0,0.0,0.0,0.0,0.0
8.37743055556,251986.0,32573.0,7.73603905075,745.0,64384.0,65270.0,38.0,2706.0,4890.0,3354.0,5821.0,8900.0,5191.0,1508.0,182.0,19.0,2.0,0.0,0.0,0.0,0.0,0.0,0.0,0.0,0.0,0.0,0.0,0.0,0.0,0.0,0.0,0.0,0.0,0.0,0.0,0.0,0.0
8.38159722222,252801.0,32582.0,7.75891596587,743.0,64380.0,65272.0,32.0,2806.0,4917.0,3398.0,5796.0,8694.0,5196.0,1572.0,179.0,21.0,3.0,0.0,0.0,0.0,0.0,0.0,0.0,0.0,0.0,0.0,0.0,0.0,0.0,0.0,0.0,0.0,0.0,0.0,0.0,0.0,0.0
8.38576388889,252207.0,32576.0,7.74211075639,743.0,64379.0,65271.0,33.0,2797.0,4983.0,3238.0,5957.0,8707.0,5176.0,1496.0,195.0,22.0,5.0,0.0,0.0,0.0,0.0,0.0,0.0,0.0,0.0,0.0,0.0,0.0,0.0,0.0,0.0,0.0,0.0,0.0,0.0,0.0,0.0
8.38993055556,250340.0,32573.0,7.68550640101,743.0,64380.0,65273.0,31.0,2841.0,4870.0,3345.0,5821.0,8877.0,5168.0,1453.0,165.0,29.0,4.0,0.0,0.0,0.0,0.0,0.0,0.0,0.0,0.0,0.0,0.0,0.0,0.0,0.0,0.0,0.0,0.0,0.0,0.0,0.0,0.0
8.39409722222,246719.0,32576.0,7.57364317289,743.0,64380.0,65273.0,33.0,2866.0,5115.0,3390.0,5876.0,8615.0,5052.0,1454.0,185.0,21.0,2.0,0.0,0.0,0.0,0.0,0.0,0.0,0.0,0.0,0.0,0.0,0.0,0.0,0.0,0.0,0.0,0.0,0.0,0.0,0.0,0.0
8.39826388889,252160.0,32578.0,7.74019276813,738.0,64377.0,65271.0,31.0,2799.0,4924.0,3294.0,5798.0,8796.0,5219.0,1549.0,181.0,17.0,1.0,0.0,0.0,0.0,0.0,0.0,0.0,0.0,0.0,0.0,0.0,0.0,0.0,0.0,0.0,0.0,0.0,0.0,0.0,0.0,0.0
8.40243055556,249379.0,32570.0,7.65670862757,740.0,64380.0,65271.0,38.0,2862.0,4929.0,3431.0,5697.0,8874.0,5074.0,1481.0,206.0,16.0,0.0,0.0,0.0,0.0,0.0,0.0,0.0,0.0,0.0,0.0,0.0,0.0,0.0,0.0,0.0,0.0,0.0,0.0,0.0,0.0,0.0
8.40659722222,250668.0,32583.0,7.69321425283,746.0,64382.0,65270.0,35.0,2786.0,4980.0,3488.0,5678.0,8738.0,5175.0,1540.0,181.0,15.0,2.0,0.0,0.0,0.0,0.0,0.0,0.0,0.0,0.0,0.0,0.0,0.0,0.0,0.0,0.0,0.0,0.0,0.0,0.0,0.0,0.0
8.41076388889,247607.0,32575.0,7.60113584037,741.0,64376.0,65272.0,31.0,2935.0,5085.0,3387.0,5651.0,8719.0,5098.0,1498.0,187.0,15.0,0.0,0.0,0.0,0.0,0.0,0.0,0.0,0.0,0.0,0.0,0.0,0.0,0.0,0.0,0.0,0.0,0.0,0.0,0.0,0.0,0.0
8.41493055556,243492.0,32565.0,7.47710732381,741.0,64383.0,65270.0,35.0,2972.0,5160.0,3446.0,5692.0,8788.0,4846.0,1473.0,168.0,17.0,3.0,0.0,0.0,0.0,0.0,0.0,0.0,0.0,0.0,0.0,0.0,0.0,0.0,0.0,0.0,0.0,0.0,0.0,0.0,0.0,0.0
8.41909722222,246363.0,32569.0,7.56434032362,741.0,64380.0,65272.0,35.0,3120.0,5089.0,3425.0,5518.0,8792.0,4882.0,1541.0,182.0,17.0,3.0,0.0,0.0,0.0,0.0,0.0,0.0,0.0,0.0,0.0,0.0,0.0,0.0,0.0,0.0,0.0,0.0,0.0,0.0,0.0,0.0
8.42326388889,239848.0,32564.0,7.36543422184,741.0,64385.0,65272.0,31.0,3041.0,5116.0,3464.0,5745.0,8811.0,4792.0,1416.0,165.0,14.0,0.0,0.0,0.0,0.0,0.0,0.0,0.0,0.0,0.0,0.0,0.0,0.0,0.0,0.0,0.0,0.0,0.0,0.0,0.0,0.0,0.0
8.42743055556,244922.0,32570.0,7.51986490636,738.0,64382.0,65270.0,31.0,3071.0,5156.0,3485.0,5581.0,8739.0,4825.0,1524.0,162.0,21.0,6.0,0.0,0.0,0.0,0.0,0.0,0.0,0.0,0.0,0.0,0.0,0.0,0.0,0.0,0.0,0.0,0.0,0.0,0.0,0.0,0.0
8.43159722222,240214.0,32572.0,7.37486184453,743.0,64380.0,65271.0,33.0,3084.0,5162.0,3520.0,5607.0,8840.0,4743.0,1427.0,174.0,13.0,2.0,0.0,0.0,0.0,0.0,0.0,0.0,0.0,0.0,0.0,0.0,0.0,0.0,0.0,0.0,0.0,0.0,0.0,0.0,0.0,0.0
8.43576388889,245000.0,32571.0,7.52202879862,738.0,64379.0,65272.0,35.0,3091.0,5096.0,3540.0,5582.0,8786.0,4761.0,1503.0,183.0,25.0,4.0,0.0,0.0,0.0,0.0,0.0,0.0,0.0,0.0,0.0,0.0,0.0,0.0,0.0,0.0,0.0,0.0,0.0,0.0,0.0,0.0
8.43993055556,239851.0,32565.0,7.36530016889,738.0,64384.0,65270.0,31.0,3090.0,5139.0,3542.0,5449.0,9109.0,4652.0,1395.0,171.0,13.0,5.0,0.0,0.0,0.0,0.0,0.0,0.0,0.0,0.0,0.0,0.0,0.0,0.0,0.0,0.0,0.0,0.0,0.0,0.0,0.0,0.0
8.44409722222,241361.0,32565.0,7.41166896975,741.0,64380.0,65272.0,35.0,3086.0,5251.0,3645.0,5451.0,8773.0,4686.0,1465.0,186.0,20.0,2.0,0.0,0.0,0.0,0.0,0.0,0.0,0.0,0.0,0.0,0.0,0.0,0.0,0.0,0.0,0.0,0.0,0.0,0.0,0.0,0.0
8.44826388889,238866.0,32576.0,7.33257612967,741.0,64380.0,65272.0,35.0,3076.0,5324.0,3651.0,5364.0,8882.0,4628.0,1473.0,164.0,12.0,2.0,0.0,0.0,0.0,0.0,0.0,0.0,0.0,0.0,0.0,0.0,0.0,0.0,0.0,0.0,0.0,0.0,0.0,0.0,0.0,0.0
8.45243055556,240800.0,32572.0,7.39285275697,737.0,64384.0,65271.0,35.0,3095.0,5250.0,3495.0,5360.0,9092.0,4625.0,1463.0,174.0,17.0,1.0,0.0,0.0,0.0,0.0,0.0,0.0,0.0,0.0,0.0,0.0,0.0,0.0,0.0,0.0,0.0,0.0,0.0,0.0,0.0,0.0
8.45659722222,242748.0,32572.0,7.45265872529,741.0,64382.0,65272.0,31.0,3062.0,5190.0,3569.0,5365.0,8978.0,4719.0,1484.0,191.0,13.0,1.0,0.0,0.0,0.0,0.0,0.0,0.0,0.0,0.0,0.0,0.0,0.0,0.0,0.0,0.0,0.0,0.0,0.0,0.0,0.0,0.0
8.46076388889,239667.0,32570.0,7.35852011053,741.0,64382.0,65271.0,32.0,3021.0,5299.0,3574.0,5519.0,8957.0,4577.0,1423.0,178.0,18.0,4.0,0.0,0.0,0.0,0.0,0.0,0.0,0.0,0.0,0.0,0.0,0.0,0.0,0.0,0.0,0.0,0.0,0.0,0.0,0.0,0.0
8.46493055556,239382.0,32566.0,7.3506724805,741.0,64382.0,65272.0,36.0,3015.0,5368.0,3467.0,5362.0,9154.0,4667.0,1340.0,166.0,21.0,6.0,0.0,0.0,0.0,0.0,0.0,0.0,0.0,0.0,0.0,0.0,0.0,0.0,0.0,0.0,0.0,0.0,0.0,0.0,0.0,0.0
8.46909722222,241822.0,32575.0,7.42354566385,741.0,64377.0,65278.0,38.0,3130.0,5194.0,3534.0,5404.0,9037.0,4612.0,1457.0,182.0,22.0,3.0,0.0,0.0,0.0,0.0,0.0,0.0,0.0,0.0,0.0,0.0,0.0,0.0,0.0,0.0,0.0,0.0,0.0,0.0,0.0,0.0
8.47326388889,237686.0,32571.0,7.29747321237,737.0,64384.0,65271.0,35.0,3126.0,5292.0,3477.0,5358.0,9171.0,4555.0,1419.0,155.0,17.0,1.0,0.0,0.0,0.0,0.0,0.0,0.0,0.0,0.0,0.0,0.0,0.0,0.0,0.0,0.0,0.0,0.0,0.0,0.0,0.0,0.0
8.47743055556,237977.0,32570.0,7.30663186982,745.0,64380.0,65271.0,39.0,3072.0,5269.0,3678.0,5352.0,9081.0,4500.0,1429.0,168.0,20.0,1.0,0.0,0.0,0.0,0.0,0.0,0.0,0.0,0.0,0.0,0.0,0.0,0.0,0.0,0.0,0.0,0.0,0.0,0.0,0.0,0.0
8.48159722222,239307.0,32575.0,7.34633921719,737.0,64380.0,65272.0,31.0,3071.0,5325.0,3557.0,5281.0,9196.0,4541.0,1396.0,188.0,18.0,2.0,0.0,0.0,0.0,0.0,0.0,0.0,0.0,0.0,0.0,0.0,0.0,0.0,0.0,0.0,0.0,0.0,0.0,0.0,0.0,0.0
8.48576388889,237937.0,32562.0,7.30719857503,741.0,64382.0,65270.0,33.0,3175.0,5311.0,3601.0,5268.0,9108.0,4474.0,1424.0,186.0,11.0,4.0,0.0,0.0,0.0,0.0,0.0,0.0,0.0,0.0,0.0,0.0,0.0,0.0,0.0,0.0,0.0,0.0,0.0,0.0,0.0,0.0
8.48993055556,237516.0,32565.0,7.29359742054,738.0,64376.0,65270.0,35.0,3143.0,5292.0,3590.0,5211.0,9223.0,4511.0,1408.0,170.0,16.0,1.0,0.0,0.0,0.0,0.0,0.0,0.0,0.0,0.0,0.0,0.0,0.0,0.0,0.0,0.0,0.0,0.0,0.0,0.0,0.0,0.0
8.49409722222,243784.0,32578.0,7.48308674566,741.0,64380.0,65268.0,36.0,3096.0,5304.0,3598.0,5249.0,9010.0,4600.0,1519.0,176.0,15.0,11.0,0.0,0.0,0.0,0.0,0.0,0.0,0.0,0.0,0.0,0.0,0.0,0.0,0.0,0.0,0.0,0.0,0.0,0.0,0.0,0.0
8.49826388889,235596.0,32574.0,7.23263952846,741.0,64380.0,65272.0,31.0,3083.0,5510.0,3685.0,5233.0,9007.0,4506.0,1349.0,180.0,19.0,2.0,0.0,0.0,0.0,0.0,0.0,0.0,0.0,0.0,0.0,0.0,0.0,0.0,0.0,0.0,0.0,0.0,0.0,0.0,0.0,0.0
8.50243055556,238031.0,32565.0,7.30941194534,741.0,64382.0,65272.0,38.0,3089.0,5329.0,3663.0,5256.0,9136.0,4508.0,1376.0,186.0,19.0,3.0,0.0,0.0,0.0,0.0,0.0,0.0,0.0,0.0,0.0,0.0,0.0,0.0,0.0,0.0,0.0,0.0,0.0,0.0,0.0,0.0
8.50659722222,236756.0,32564.0,7.27048274168,740.0,64379.0,65271.0,37.0,3251.0,5380.0,3558.0,5335.0,8929.0,4488.0,1443.0,161.0,13.0,6.0,0.0,0.0,0.0,0.0,0.0,0.0,0.0,0.0,0.0,0.0,0.0,0.0,0.0,0.0,0.0,0.0,0.0,0.0,0.0,0.0
8.51076388889,235855.0,32579.0,7.23947941926,741.0,64378.0,65271.0,39.0,3054.0,5395.0,3708.0,5229.0,9152.0,4513.0,1334.0,173.0,19.0,2.0,0.0,0.0,0.0,0.0,0.0,0.0,0.0,0.0,0.0,0.0,0.0,0.0,0.0,0.0,0.0,0.0,0.0,0.0,0.0,0.0
8.51493055556,235050.0,32576.0,7.21543467583,738.0,64377.0,65272.0,30.0,3162.0,5462.0,3536.0,5331.0,9103.0,4451.0,1336.0,173.0,18.0,4.0,0.0,0.0,0.0,0.0,0.0,0.0,0.0,0.0,0.0,0.0,0.0,0.0,0.0,0.0,0.0,0.0,0.0,0.0,0.0,0.0
8.51909722222,238084.0,32574.0,7.30901946338,741.0,64382.0,65271.0,39.0,3186.0,5442.0,3559.0,5181.0,9070.0,4545.0,1376.0,190.0,24.0,1.0,0.0,0.0,0.0,0.0,0.0,0.0,0.0,0.0,0.0,0.0,0.0,0.0,0.0,0.0,0.0,0.0,0.0,0.0,0.0,0.0
8.52326388889,236830.0,32573.0,7.27074570964,743.0,64376.0,65272.0,30.0,3139.0,5366.0,3556.0,5180.0,9258.0,4532.0,1359.0,160.0,20.0,3.0,0.0,0.0,0.0,0.0,0.0,0.0,0.0,0.0,0.0,0.0,0.0,0.0,0.0,0.0,0.0,0.0,0.0,0.0,0.0,0.0
8.52743055556,236245.0,32584.0,7.250337589,741.0,64380.0,65272.0,32.0,3137.0,5423.0,3525.0,5167.0,9302.0,4529.0,1301.0,174.0,25.0,1.0,0.0,0.0,0.0,0.0,0.0,0.0,0.0,0.0,0.0,0.0,0.0,0.0,0.0,0.0,0.0,0.0,0.0,0.0,0.0,0.0
8.53159722222,241338.0,32573.0,7.40914254137,741.0,64376.0,65271.0,38.0,3056.0,5362.0,3672.0,5074.0,9208.0,4593.0,1394.0,185.0,21.0,8.0,0.0,0.0,0.0,0.0,0.0,0.0,0.0,0.0,0.0,0.0,0.0,0.0,0.0,0.0,0.0,0.0,0.0,0.0,0.0,0.0
8.53576388889,238149.0,32571.0,7.31168831169,745.0,64376.0,65271.0,38.0,3054.0,5291.0,3677.0,5216.0,9274.0,4425.0,1450.0,165.0,17.0,2.0,0.0,0.0,0.0,0.0,0.0,0.0,0.0,0.0,0.0,0.0,0.0,0.0,0.0,0.0,0.0,0.0,0.0,0.0,0.0,0.0
8.53993055556,237804.0,32583.0,7.29840714483,743.0,64376.0,65270.0,44.0,3081.0,5312.0,3638.0,5122.0,9431.0,4416.0,1388.0,172.0,21.0,2.0,0.0,0.0,0.0,0.0,0.0,0.0,0.0,0.0,0.0,0.0,0.0,0.0,0.0,0.0,0.0,0.0,0.0,0.0,0.0,0.0
8.54409722222,237540.0,32571.0,7.29299069725,746.0,64380.0,65272.0,33.0,3057.0,5352.0,3718.0,5134.0,9279.0,4544.0,1280.0,169.0,33.0,5.0,0.0,0.0,0.0,0.0,0.0,0.0,0.0,0.0,0.0,0.0,0.0,0.0,0.0,0.0,0.0,0.0,0.0,0.0,0.0,0.0
8.54826388889,238087.0,32573.0,7.30933595309,746.0,64377.0,65273.0,30.0,3025.0,5329.0,3809.0,5061.0,9270.0,4537.0,1339.0,177.0,21.0,5.0,0.0,0.0,0.0,0.0,0.0,0.0,0.0,0.0,0.0,0.0,0.0,0.0,0.0,0.0,0.0,0.0,0.0,0.0,0.0,0.0
8.55243055556,240308.0,32583.0,7.37525703588,746.0,64377.0,65272.0,35.0,3069.0,5252.0,3636.0,5186.0,9302.0,4601.0,1316.0,196.0,16.0,9.0,0.0,0.0,0.0,0.0,0.0,0.0,0.0,0.0,0.0,0.0,0.0,0.0,0.0,0.0,0.0,0.0,0.0,0.0,0.0,0.0
8.55659722222,239023.0,32584.0,7.33559415664,746.0,64387.0,65265.0,35.0,3033.0,5343.0,3748.0,5004.0,9267.0,4622.0,1379.0,162.0,24.0,2.0,0.0,0.0,0.0,0.0,0.0,0.0,0.0,0.0,0.0,0.0,0.0,0.0,0.0,0.0,0.0,0.0,0.0,0.0,0.0,0.0
8.56076388889,241656.0,32573.0,7.41890522826,748.0,64380.0,65272.0,33.0,3052.0,5458.0,3605.0,5003.0,9218.0,4618.0,1399.0,191.0,24.0,5.0,0.0,0.0,0.0,0.0,0.0,0.0,0.0,0.0,0.0,0.0,0.0,0.0,0.0,0.0,0.0,0.0,0.0,0.0,0.0,0.0
8.56493055556,236202.0,32572.0,7.25168856687,748.0,64380.0,65272.0,35.0,3074.0,5322.0,3686.0,5205.0,9266.0,4483.0,1352.0,162.0,19.0,3.0,0.0,0.0,0.0,0.0,0.0,0.0,0.0,0.0,0.0,0.0,0.0,0.0,0.0,0.0,0.0,0.0,0.0,0.0,0.0,0.0
8.56909722222,236619.0,32585.0,7.2615927574,748.0,64380.0,65271.0,39.0,3120.0,5325.0,3751.0,4996.0,9346.0,4483.0,1391.0,150.0,21.0,2.0,0.0,0.0,0.0,0.0,0.0,0.0,0.0,0.0,0.0,0.0,0.0,0.0,0.0,0.0,0.0,0.0,0.0,0.0,0.0,0.0
8.57326388889,238434.0,32584.0,7.31751780015,750.0,64379.0,65270.0,44.0,2991.0,5322.0,3788.0,4930.0,9369.0,4673.0,1331.0,157.0,19.0,4.0,0.0,0.0,0.0,0.0,0.0,0.0,0.0,0.0,0.0,0.0,0.0,0.0,0.0,0.0,0.0,0.0,0.0,0.0,0.0,0.0
8.57743055556,243673.0,32588.0,7.47738431324,750.0,64380.0,65273.0,36.0,2975.0,5261.0,3620.0,4959.0,9569.0,4624.0,1360.0,188.0,23.0,9.0,0.0,0.0,0.0,0.0,0.0,0.0,0.0,0.0,0.0,0.0,0.0,0.0,0.0,0.0,0.0,0.0,0.0,0.0,0.0,0.0
8.58159722222,241010.0,32596.0,7.39385200638,748.0,64383.0,65272.0,31.0,2985.0,5264.0,3719.0,4869.0,9446.0,4793.0,1322.0,183.0,10.0,5.0,0.0,0.0,0.0,0.0,0.0,0.0,0.0,0.0,0.0,0.0,0.0,0.0,0.0,0.0,0.0,0.0,0.0,0.0,0.0,0.0
8.58576388889,242018.0,32596.0,7.42477604614,750.0,64380.0,65270.0,39.0,2891.0,5286.0,3722.0,4946.0,9392.0,4830.0,1336.0,172.0,16.0,5.0,0.0,0.0,0.0,0.0,0.0,0.0,0.0,0.0,0.0,0.0,0.0,0.0,0.0,0.0,0.0,0.0,0.0,0.0,0.0,0.0
8.58993055556,244272.0,32596.0,7.49392563505,750.0,64380.0,65272.0,35.0,3018.0,5106.0,3617.0,5069.0,9323.0,4881.0,1387.0,176.0,12.0,7.0,0.0,0.0,0.0,0.0,0.0,0.0,0.0,0.0,0.0,0.0,0.0,0.0,0.0,0.0,0.0,0.0,0.0,0.0,0.0,0.0
8.59409722222,243032.0,32603.0,7.45428334816,751.0,64376.0,65276.0,39.0,2991.0,5260.0,3738.0,4816.0,9463.0,4768.0,1369.0,168.0,25.0,5.0,0.0,0.0,0.0,0.0,0.0,0.0,0.0,0.0,0.0,0.0,0.0,0.0,0.0,0.0,0.0,0.0,0.0,0.0,0.0,0.0
8.59826388889,243855.0,32600.0,7.48021472393,754.0,64382.0,65272.0,35.0,2955.0,5213.0,3659.0,4777.0,9595.0,4882.0,1314.0,183.0,16.0,6.0,0.0,0.0,0.0,0.0,0.0,0.0,0.0,0.0,0.0,0.0,0.0,0.0,0.0,0.0,0.0,0.0,0.0,0.0,0.0,0.0
8.60243055556,240219.0,32606.0,7.3673250322,753.0,64380.0,65268.0,31.0,2931.0,5411.0,3676.0,4830.0,9373.0,4894.0,1312.0,163.0,13.0,3.0,0.0,0.0,0.0,0.0,0.0,0.0,0.0,0.0,0.0,0.0,0.0,0.0,0.0,0.0,0.0,0.0,0.0,0.0,0.0,0.0
8.60659722222,239855.0,32604.0,7.35661268556,756.0,64383.0,65272.0,35.0,2955.0,5373.0,3791.0,4875.0,9243.0,4845.0,1346.0,157.0,16.0,3.0,0.0,0.0,0.0,0.0,0.0,0.0,0.0,0.0,0.0,0.0,0.0,0.0,0.0,0.0,0.0,0.0,0.0,0.0,0.0,0.0
8.61076388889,244910.0,32607.0,7.51096390346,756.0,64378.0,65272.0,36.0,2980.0,5242.0,3728.0,4763.0,9337.0,4930.0,1428.0,185.0,12.0,2.0,0.0,0.0,0.0,0.0,0.0,0.0,0.0,0.0,0.0,0.0,0.0,0.0,0.0,0.0,0.0,0.0,0.0,0.0,0.0,0.0
8.61493055556,246805.0,32611.0,7.5681518506,756.0,64380.0,65276.0,32.0,2864.0,5223.0,3773.0,4775.0,9407.0,4974.0,1392.0,171.0,28.0,4.0,0.0,0.0,0.0,0.0,0.0,0.0,0.0,0.0,0.0,0.0,0.0,0.0,0.0,0.0,0.0,0.0,0.0,0.0,0.0,0.0
8.61909722222,245384.0,32607.0,7.52550065937,756.0,64380.0,65272.0,35.0,2862.0,5186.0,3889.0,4865.0,9336.0,4902.0,1360.0,175.0,24.0,8.0,0.0,0.0,0.0,0.0,0.0,0.0,0.0,0.0,0.0,0.0,0.0,0.0,0.0,0.0,0.0,0.0,0.0,0.0,0.0,0.0
8.62326388889,244727.0,32612.0,7.50420090764,761.0,64382.0,65272.0,34.0,2866.0,5129.0,3911.0,4910.0,9413.0,4780.0,1384.0,195.0,20.0,4.0,0.0,0.0,0.0,0.0,0.0,0.0,0.0,0.0,0.0,0.0,0.0,0.0,0.0,0.0,0.0,0.0,0.0,0.0,0.0,0.0
8.62743055556,245080.0,32614.0,7.51456429754,761.0,64382.0,65271.0,39.0,3003.0,5192.0,3610.0,4933.0,9349.0,4944.0,1385.0,176.0,17.0,5.0,0.0,0.0,0.0,0.0,0.0,0.0,0.0,0.0,0.0,0.0,0.0,0.0,0.0,0.0,0.0,0.0,0.0,0.0,0.0,0.0
8.63159722222,240300.0,32614.0,7.36800147176,762.0,64380.0,65268.0,40.0,2936.0,5312.0,3702.0,4896.0,9422.0,4825.0,1338.0,169.0,14.0,0.0,0.0,0.0,0.0,0.0,0.0,0.0,0.0,0.0,0.0,0.0,0.0,0.0,0.0,0.0,0.0,0.0,0.0,0.0,0.0,0.0
8.63576388889,246991.0,32622.0,7.57130157562,761.0,64380.0,65272.0,30.0,2936.0,5213.0,3709.0,4692.0,9555.0,4927.0,1387.0,169.0,28.0,6.0,0.0,0.0,0.0,0.0,0.0,0.0,0.0,0.0,0.0,0.0,0.0,0.0,0.0,0.0,0.0,0.0,0.0,0.0,0.0,0.0
8.63993055556,246088.0,32621.0,7.5438521198,762.0,64383.0,65271.0,33.0,2975.0,5244.0,3656.0,4653.0,9483.0,5051.0,1362.0,169.0,26.0,2.0,0.0,0.0,0.0,0.0,0.0,0.0,0.0,0.0,0.0,0.0,0.0,0.0,0.0,0.0,0.0,0.0,0.0,0.0,0.0,0.0
8.64409722222,247317.0,32627.0,7.58013301867,764.0,64380.0,65271.0,33.0,2933.0,5141.0,3698.0,4635.0,9554.0,5100.0,1369.0,175.0,19.0,3.0,0.0,0.0,0.0,0.0,0.0,0.0,0.0,0.0,0.0,0.0,0.0,0.0,0.0,0.0,0.0,0.0,0.0,0.0,0.0,0.0
8.64826388889,246860.0,32620.0,7.56774984672,762.0,64379.0,65273.0,38.0,2945.0,5084.0,3762.0,4725.0,9411.0,5120.0,1371.0,183.0,18.0,1.0,0.0,0.0,0.0,0.0,0.0,0.0,0.0,0.0,0.0,0.0,0.0,0.0,0.0,0.0,0.0,0.0,0.0,0.0,0.0,0.0
8.65243055556,247265.0,32629.0,7.57807471881,762.0,64383.0,65268.0,38.0,2898.0,5185.0,3594.0,4843.0,9554.0,4885.0,1478.0,173.0,18.0,1.0,0.0,0.0,0.0,0.0,0.0,0.0,0.0,0.0,0.0,0.0,0.0,0.0,0.0,0.0,0.0,0.0,0.0,0.0,0.0,0.0
8.65659722222,246338.0,32633.0,7.54873900653,764.0,64377.0,65271.0,39.0,2971.0,5178.0,3690.0,4837.0,9388.0,4994.0,1363.0,185.0,23.0,4.0,0.0,0.0,0.0,0.0,0.0,0.0,0.0,0.0,0.0,0.0,0.0,0.0,0.0,0.0,0.0,0.0,0.0,0.0,0.0,0.0
8.66076388889,248736.0,32637.0,7.62128872139,764.0,64384.0,65272.0,39.0,2843.0,5352.0,3678.0,4713.0,9381.0,5015.0,1432.0,203.0,16.0,4.0,0.0,0.0,0.0,0.0,0.0,0.0,0.0,0.0,0.0,0.0,0.0,0.0,0.0,0.0,0.0,0.0,0.0,0.0,0.0,0.0
8.66493055556,246488.0,32634.0,7.55310412453,764.0,64380.0,65272.0,39.0,2956.0,5114.0,3713.0,4681.0,9545.0,5103.0,1322.0,179.0,15.0,6.0,0.0,0.0,0.0,0.0,0.0,0.0,0.0,0.0,0.0,0.0,0.0,0.0,0.0,0.0,0.0,0.0,0.0,0.0,0.0,0.0
8.66909722222,247860.0,32637.0,7.59444801912,767.0,64376.0,65279.0,38.0,2894.0,5158.0,3709.0,4599.0,9567.0,5170.0,1347.0,169.0,19.0,5.0,0.0,0.0,0.0,0.0,0.0,0.0,0.0,0.0,0.0,0.0,0.0,0.0,0.0,0.0,0.0,0.0,0.0,0.0,0.0,0.0
8.67326388889,252731.0,32643.0,7.7422724627,767.0,64383.0,65272.0,35.0,2838.0,5013.0,3589.0,4829.0,9607.0,5153.0,1405.0,171.0,29.0,9.0,0.0,0.0,0.0,0.0,0.0,0.0,0.0,0.0,0.0,0.0,0.0,0.0,0.0,0.0,0.0,0.0,0.0,0.0,0.0,0.0
8.67743055556,249391.0,32640.0,7.64065563725,772.0,64377.0,65271.0,36.0,2830.0,5073.0,3699.0,4910.0,9326.0,5185.0,1404.0,199.0,12.0,2.0,0.0,0.0,0.0,0.0,0.0,0.0,0.0,0.0,0.0,0.0,0.0,0.0,0.0,0.0,0.0,0.0,0.0,0.0,0.0,0.0
8.68159722222,252903.0,32638.0,7.74872847601,771.0,64377.0,65272.0,31.0,2624.0,5061.0,3749.0,4908.0,9363.0,5311.0,1411.0,183.0,25.0,3.0,0.0,0.0,0.0,0.0,0.0,0.0,0.0,0.0,0.0,0.0,0.0,0.0,0.0,0.0,0.0,0.0,0.0,0.0,0.0,0.0
8.68576388889,253095.0,32643.0,7.75342339858,774.0,64383.0,65271.0,35.0,2794.0,4871.0,3622.0,4971.0,9525.0,5162.0,1507.0,170.0,17.0,4.0,0.0,0.0,0.0,0.0,0.0,0.0,0.0,0.0,0.0,0.0,0.0,0.0,0.0,0.0,0.0,0.0,0.0,0.0,0.0,0.0
8.68993055556,255469.0,32655.0,7.82327361813,774.0,64380.0,65270.0,35.0,2707.0,4983.0,3695.0,4874.0,9426.0,5278.0,1470.0,195.0,21.0,6.0,0.0,0.0,0.0,0.0,0.0,0.0,0.0,0.0,0.0,0.0,0.0,0.0,0.0,0.0,0.0,0.0,0.0,0.0,0.0,0.0
8.69409722222,253805.0,32650.0,7.77350689127,774.0,64382.0,65272.0,35.0,2690.0,4953.0,3690.0,4884.0,9430.0,5336.0,1470.0,180.0,14.0,3.0,0.0,0.0,0.0,0.0,0.0,0.0,0.0,0.0,0.0,0.0,0.0,0.0,0.0,0.0,0.0,0.0,0.0,0.0,0.0,0.0
8.69826388889,256502.0,32655.0,7.85490736488,772.0,64384.0,65272.0,33.0,2729.0,4930.0,3782.0,4870.0,9310.0,5342.0,1472.0,185.0,26.0,9.0,0.0,0.0,0.0,0.0,0.0,0.0,0.0,0.0,0.0,0.0,0.0,0.0,0.0,0.0,0.0,0.0,0.0,0.0,0.0,0.0
8.70243055556,260834.0,32656.0,7.98732239098,774.0,64383.0,65271.0,33.0,2546.0,4764.0,3731.0,4858.0,9427.0,5628.0,1489.0,187.0,20.0,6.0,0.0,0.0,0.0,0.0,0.0,0.0,0.0,0.0,0.0,0.0,0.0,0.0,0.0,0.0,0.0,0.0,0.0,0.0,0.0,0.0
8.70659722222,261628.0,32654.0,8.01212715134,777.0,64380.0,65272.0,38.0,2596.0,4862.0,3601.0,4747.0,9474.0,5614.0,1552.0,183.0,22.0,3.0,0.0,0.0,0.0,0.0,0.0,0.0,0.0,0.0,0.0,0.0,0.0,0.0,0.0,0.0,0.0,0.0,0.0,0.0,0.0,0.0
8.71076388889,265046.0,32654.0,8.11680039199,775.0,64379.0,65271.0,35.0,2408.0,4730.0,3758.0,4854.0,9519.0,5567.0,1578.0,212.0,24.0,4.0,0.0,0.0,0.0,0.0,0.0,0.0,0.0,0.0,0.0,0.0,0.0,0.0,0.0,0.0,0.0,0.0,0.0,0.0,0.0,0.0
8.71493055556,260748.0,32660.0,7.98371096142,780.0,64383.0,65271.0,35.0,2515.0,4870.0,3625.0,4859.0,9433.0,5596.0,1560.0,183.0,18.0,1.0,0.0,0.0,0.0,0.0,0.0,0.0,0.0,0.0,0.0,0.0,0.0,0.0,0.0,0.0,0.0,0.0,0.0,0.0,0.0,0.0
8.71909722222,265907.0,32659.0,8.14192106311,782.0,64382.0,65271.0,35.0,2352.0,4699.0,3602.0,4783.0,9687.0,5766.0,1551.0,198.0,20.0,1.0,0.0,0.0,0.0,0.0,0.0,0.0,0.0,0.0,0.0,0.0,0.0,0.0,0.0,0.0,0.0,0.0,0.0,0.0,0.0,0.0
8.72326388889,266032.0,32669.0,8.14325507362,780.0,64379.0,65272.0,33.0,2243.0,4640.0,3596.0,4972.0,9527.0,5963.0,1539.0,170.0,18.0,1.0,0.0,0.0,0.0,0.0,0.0,0.0,0.0,0.0,0.0,0.0,0.0,0.0,0.0,0.0,0.0,0.0,0.0,0.0,0.0,0.0
8.72743055556,271354.0,32672.0,8.30539911851,782.0,64381.0,65272.0,36.0,2290.0,4512.0,3519.0,4729.0,9801.0,5993.0,1631.0,173.0,22.0,2.0,0.0,0.0,0.0,0.0,0.0,0.0,0.0,0.0,0.0,0.0,0.0,0.0,0.0,0.0,0.0,0.0,0.0,0.0,0.0,0.0
8.73159722222,273363.0,32677.0,8.36560883802,785.0,64383.0,65271.0,36.0,2249.0,4509.0,3543.0,4830.0,9626.0,6054.0,1675.0,164.0,19.0,8.0,0.0,0.0,0.0,0.0,0.0,0.0,0.0,0.0,0.0,0.0,0.0,0.0,0.0,0.0,0.0,0.0,0.0,0.0,0.0,0.0
8.73576388889,279146.0,32668.0,8.54493694135,782.0,64382.0,65270.0,39.0,2149.0,4350.0,3498.0,4764.0,9757.0,6244.0,1698.0,173.0,28.0,7.0,0.0,0.0,0.0,0.0,0.0,0.0,0.0,0.0,0.0,0.0,0.0,0.0,0.0,0.0,0.0,0.0,0.0,0.0,0.0,0.0
8.73993055556,278653.0,32669.0,8.52958462151,782.0,64382.0,65270.0,38.0,2204.0,4403.0,3499.0,4679.0,9657.0,6313.0,1694.0,195.0,22.0,3.0,0.0,0.0,0.0,0.0,0.0,0.0,0.0,0.0,0.0,0.0,0.0,0.0,0.0,0.0,0.0,0.0,0.0,0.0,0.0,0.0
8.74409722222,272363.0,32671.0,8.33653698999,782.0,64376.0,65275.0,36.0,2188.0,4453.0,3641.0,4823.0,9603.0,6176.0,1575.0,191.0,18.0,3.0,0.0,0.0,0.0,0.0,0.0,0.0,0.0,0.0,0.0,0.0,0.0,0.0,0.0,0.0,0.0,0.0,0.0,0.0,0.0,0.0
8.74826388889,275785.0,32675.0,8.4402448355,785.0,64382.0,65272.0,31.0,2238.0,4355.0,3489.0,4721.0,9774.0,6187.0,1721.0,174.0,15.0,1.0,0.0,0.0,0.0,0.0,0.0,0.0,0.0,0.0,0.0,0.0,0.0,0.0,0.0,0.0,0.0,0.0,0.0,0.0,0.0,0.0
8.75243055556,274231.0,32673.0,8.39319927769,787.0,64380.0,65270.0,38.0,2147.0,4485.0,3597.0,4740.0,9737.0,6072.0,1704.0,171.0,16.0,4.0,0.0,0.0,0.0,0.0,0.0,0.0,0.0,0.0,0.0,0.0,0.0,0.0,0.0,0.0,0.0,0.0,0.0,0.0,0.0,0.0
8.75659722222,231975.0,27233.0,8.51815811699,782.0,64380.0,65270.0,32.0,1752.0,3715.0,2940.0,3967.0,8112.0,5075.0,1494.0,161.0,16.0,1.0,0.0,0.0,0.0,0.0,0.0,0.0,0.0,0.0,0.0,0.0,0.0,0.0,0.0,0.0,0.0,0.0,0.0,0.0,0.0,0.0
8.76846064815,279602.0,32694.0,8.55208906833,787.0,64380.0,65271.0,35.0,2139.0,4292.0,3463.0,4838.0,9753.0,6312.0,1676.0,194.0,23.0,4.0,0.0,0.0,0.0,0.0,0.0,0.0,0.0,0.0,0.0,0.0,0.0,0.0,0.0,0.0,0.0,0.0,0.0,0.0,0.0,0.0
8.77262731481,284233.0,32690.0,8.69479963292,787.0,64391.0,65271.0,36.0,2004.0,4171.0,3535.0,4686.0,9713.0,6654.0,1720.0,185.0,19.0,3.0,0.0,0.0,0.0,0.0,0.0,0.0,0.0,0.0,0.0,0.0,0.0,0.0,0.0,0.0,0.0,0.0,0.0,0.0,0.0,0.0
8.77679398148,286505.0,32708.0,8.7594778036,787.0,64390.0,65272.0,31.0,2012.0,4233.0,3350.0,4709.0,9794.0,6647.0,1745.0,189.0,26.0,3.0,0.0,0.0,0.0,0.0,0.0,0.0,0.0,0.0,0.0,0.0,0.0,0.0,0.0,0.0,0.0,0.0,0.0,0.0,0.0,0.0
8.78096064815,285743.0,32692.0,8.74045638077,787.0,64379.0,65275.0,31.0,1964.0,4135.0,3330.0,4723.0,9869.0,6771.0,1711.0,169.0,15.0,5.0,0.0,0.0,0.0,0.0,0.0,0.0,0.0,0.0,0.0,0.0,0.0,0.0,0.0,0.0,0.0,0.0,0.0,0.0,0.0,0.0
8.78512731481,292279.0,32685.0,8.94229769007,790.0,64379.0,65272.0,35.0,1908.0,3969.0,3333.0,4677.0,9995.0,6780.0,1804.0,188.0,25.0,6.0,0.0,0.0,0.0,0.0,0.0,0.0,0.0,0.0,0.0,0.0,0.0,0.0,0.0,0.0,0.0,0.0,0.0,0.0,0.0,0.0
8.78929398148,297193.0,32700.0,9.08847094801,788.0,64377.0,65272.0,31.0,1757.0,3811.0,3255.0,4728.0,9987.0,7128.0,1813.0,194.0,26.0,1.0,0.0,0.0,0.0,0.0,0.0,0.0,0.0,0.0,0.0,0.0,0.0,0.0,0.0,0.0,0.0,0.0,0.0,0.0,0.0,0.0
8.79346064815,293108.0,32687.0,8.96711230765,788.0,64382.0,65271.0,35.0,1788.0,3866.0,3157.0,4698.0,10125.0,7088.0,1781.0,169.0,15.0,0.0,0.0,0.0,0.0,0.0,0.0,0.0,0.0,0.0,0.0,0.0,0.0,0.0,0.0,0.0,0.0,0.0,0.0,0.0,0.0,0.0
8.79762731481,299666.0,32695.0,9.16549931182,790.0,64383.0,65271.0,35.0,1769.0,3878.0,3192.0,4763.0,9880.0,7115.0,1855.0,211.0,28.0,4.0,0.0,0.0,0.0,0.0,0.0,0.0,0.0,0.0,0.0,0.0,0.0,0.0,0.0,0.0,0.0,0.0,0.0,0.0,0.0,0.0
8.80179398148,296373.0,32679.0,9.06921876434,790.0,64380.0,65270.0,35.0,1833.0,3867.0,3199.0,4651.0,10006.0,7038.0,1891.0,170.0,21.0,3.0,0.0,0.0,0.0,0.0,0.0,0.0,0.0,0.0,0.0,0.0,0.0,0.0,0.0,0.0,0.0,0.0,0.0,0.0,0.0,0.0
8.80596064815,295594.0,32700.0,9.03957186544,792.0,64381.0,65272.0,35.0,1752.0,3900.0,3111.0,4854.0,10123.0,6901.0,1835.0,205.0,16.0,3.0,0.0,0.0,0.0,0.0,0.0,0.0,0.0,0.0,0.0,0.0,0.0,0.0,0.0,0.0,0.0,0.0,0.0,0.0,0.0,0.0
8.81012731481,299115.0,32696.0,9.14836677269,790.0,64383.0,65271.0,32.0,1761.0,3845.0,3227.0,4782.0,9907.0,7070.0,1864.0,212.0,24.0,4.0,0.0,0.0,0.0,0.0,0.0,0.0,0.0,0.0,0.0,0.0,0.0,0.0,0.0,0.0,0.0,0.0,0.0,0.0,0.0,0.0
8.81429398148,302718.0,32703.0,9.25658196496,787.0,64377.0,65271.0,31.0,1780.0,3782.0,3064.0,4722.0,10132.0,7010.0,1962.0,226.0,23.0,2.0,0.0,0.0,0.0,0.0,0.0,0.0,0.0,0.0,0.0,0.0,0.0,0.0,0.0,0.0,0.0,0.0,0.0,0.0,0.0,0.0
8.81846064815,299138.0,32713.0,9.14431571546,792.0,64379.0,65272.0,30.0,1763.0,3834.0,3130.0,4757.0,10048.0,7062.0,1911.0,182.0,22.0,4.0,0.0,0.0,0.0,0.0,0.0,0.0,0.0,0.0,0.0,0.0,0.0,0.0,0.0,0.0,0.0,0.0,0.0,0.0,0.0,0.0
8.82262731481,308987.0,32750.0,9.43471755725,790.0,64383.0,65272.0,33.0,1837.0,3761.0,3009.0,4680.0,10073.0,7144.0,1927.0,276.0,37.0,6.0,0.0,0.0,0.0,0.0,0.0,0.0,0.0,0.0,0.0,0.0,0.0,0.0,0.0,0.0,0.0,0.0,0.0,0.0,0.0,0.0
8.82679398148,298608.0,32699.0,9.13202238601,793.0,64384.0,65268.0,31.0,1813.0,3824.0,3042.0,4773.0,9997.0,7186.0,1853.0,192.0,14.0,5.0,0.0,0.0,0.0,0.0,0.0,0.0,0.0,0.0,0.0,0.0,0.0,0.0,0.0,0.0,0.0,0.0,0.0,0.0,0.0,0.0
8.83096064815,305626.0,32699.0,9.34664668644,793.0,64380.0,65272.0,38.0,1737.0,3660.0,2965.0,4833.0,10152.0,7128.0,1989.0,204.0,25.0,6.0,0.0,0.0,0.0,0.0,0.0,0.0,0.0,0.0,0.0,0.0,0.0,0.0,0.0,0.0,0.0,0.0,0.0,0.0,0.0,0.0
8.83512731481,304279.0,32700.0,9.30516819572,790.0,64383.0,65272.0,39.0,1681.0,3633.0,2945.0,4643.0,10297.0,7349.0,1954.0,184.0,13.0,1.0,0.0,0.0,0.0,0.0,0.0,0.0,0.0,0.0,0.0,0.0,0.0,0.0,0.0,0.0,0.0,0.0,0.0,0.0,0.0,0.0
8.83929398148,306411.0,32703.0,9.36950738464,793.0,64376.0,65272.0,31.0,1689.0,3697.0,3077.0,4514.0,10089.0,7404.0,2013.0,207.0,13.0,0.0,0.0,0.0,0.0,0.0,0.0,0.0,0.0,0.0,0.0,0.0,0.0,0.0,0.0,0.0,0.0,0.0,0.0,0.0,0.0,0.0
8.84346064815,302592.0,32681.0,9.25895780423,793.0,64380.0,65279.0,28.0,1686.0,3656.0,2976.0,4682.0,10286.0,7288.0,1895.0,194.0,18.0,0.0,0.0,0.0,0.0,0.0,0.0,0.0,0.0,0.0,0.0,0.0,0.0,0.0,0.0,0.0,0.0,0.0,0.0,0.0,0.0,0.0
8.84762731481,311624.0,32674.0,9.53736916202,793.0,64381.0,65272.0,33.0,1683.0,3550.0,2995.0,4677.0,10128.0,7383.0,1988.0,230.0,34.0,6.0,0.0,0.0,0.0,0.0,0.0,0.0,0.0,0.0,0.0,0.0,0.0,0.0,0.0,0.0,0.0,0.0,0.0,0.0,0.0,0.0
8.85179398148,310659.0,32656.0,9.51307569819,795.0,64381.0,65271.0,32.0,1675.0,3655.0,3028.0,4541.0,10178.0,7389.0,1898.0,250.0,34.0,8.0,0.0,0.0,0.0,0.0,0.0,0.0,0.0,0.0,0.0,0.0,0.0,0.0,0.0,0.0,0.0,0.0,0.0,0.0,0.0,0.0
8.85596064815,306424.0,32710.0,9.36789972485,790.0,64380.0,65273.0,38.0,1719.0,3730.0,2985.0,4523.0,10295.0,7239.0,1976.0,219.0,23.0,1.0,0.0,0.0,0.0,0.0,0.0,0.0,0.0,0.0,0.0,0.0,0.0,0.0,0.0,0.0,0.0,0.0,0.0,0.0,0.0,0.0
8.86012731481,305796.0,32719.0,9.34612916043,792.0,64380.0,65267.0,31.0,1756.0,3566.0,3063.0,4626.0,10170.0,7373.0,1930.0,214.0,20.0,1.0,0.0,0.0,0.0,0.0,0.0,0.0,0.0,0.0,0.0,0.0,0.0,0.0,0.0,0.0,0.0,0.0,0.0,0.0,0.0,0.0
8.86429398148,302036.0,32760.0,9.21965811966,790.0,64382.0,65271.0,35.0,1638.0,3798.0,3169.0,4681.0,10135.0,7240.0,1879.0,194.0,23.0,3.0,0.0,0.0,0.0,0.0,0.0,0.0,0.0,0.0,0.0,0.0,0.0,0.0,0.0,0.0,0.0,0.0,0.0,0.0,0.0,0.0
8.86846064815,302485.0,32760.0,9.23336385836,793.0,64385.0,65271.0,35.0,1683.0,3615.0,3093.0,4631.0,10148.0,7463.0,1961.0,163.0,3.0,0.0,0.0,0.0,0.0,0.0,0.0,0.0,0.0,0.0,0.0,0.0,0.0,0.0,0.0,0.0,0.0,0.0,0.0,0.0,0.0,0.0
8.87262731481,297766.0,32612.0,9.13056543604,793.0,64376.0,65279.0,35.0,1661.0,3668.0,2993.0,4514.0,10319.0,7487.0,1836.0,128.0,6.0,0.0,0.0,0.0,0.0,0.0,0.0,0.0,0.0,0.0,0.0,0.0,0.0,0.0,0.0,0.0,0.0,0.0,0.0,0.0,0.0,0.0
8.87679398148,301596.0,32727.0,9.21551012925,796.0,64382.0,65271.0,32.0,1652.0,3644.0,3150.0,4599.0,10185.0,7436.0,1881.0,165.0,14.0,1.0,0.0,0.0,0.0,0.0,0.0,0.0,0.0,0.0,0.0,0.0,0.0,0.0,0.0,0.0,0.0,0.0,0.0,0.0,0.0,0.0
8.88096064815,301264.0,32705.0,9.21155786577,793.0,64379.0,65272.0,35.0,1752.0,3752.0,3010.0,4645.0,10096.0,7349.0,1920.0,163.0,15.0,3.0,0.0,0.0,0.0,0.0,0.0,0.0,0.0,0.0,0.0,0.0,0.0,0.0,0.0,0.0,0.0,0.0,0.0,0.0,0.0,0.0
8.88512731481,300891.0,32680.0,9.20719094247,795.0,64382.0,65270.0,31.0,1686.0,3663.0,3130.0,4574.0,10316.0,7262.0,1857.0,165.0,23.0,4.0,0.0,0.0,0.0,0.0,0.0,0.0,0.0,0.0,0.0,0.0,0.0,0.0,0.0,0.0,0.0,0.0,0.0,0.0,0.0,0.0
8.88929398148,300220.0,32703.0,9.18019753539,793.0,64377.0,65272.0,32.0,1729.0,3724.0,3070.0,4505.0,10114.0,7564.0,1830.0,153.0,12.0,2.0,0.0,0.0,0.0,0.0,0.0,0.0,0.0,0.0,0.0,0.0,0.0,0.0,0.0,0.0,0.0,0.0,0.0,0.0,0.0,0.0
8.89346064815,298096.0,32624.0,9.13732221677,793.0,64380.0,65272.0,31.0,1677.0,3654.0,3107.0,4601.0,10270.0,7299.0,1841.0,163.0,12.0,0.0,0.0,0.0,0.0,0.0,0.0,0.0,0.0,0.0,0.0,0.0,0.0,0.0,0.0,0.0,0.0,0.0,0.0,0.0,0.0,0.0
8.89762731481,297501.0,32712.0,9.09455245781,793.0,64380.0,65272.0,31.0,1704.0,3699.0,3135.0,4543.0,10316.0,7323.0,1819.0,167.0,6.0,0.0,0.0,0.0,0.0,0.0,0.0,0.0,0.0,0.0,0.0,0.0,0.0,0.0,0.0,0.0,0.0,0.0,0.0,0.0,0.0,0.0
8.90179398148,300284.0,32613.0,9.20749394413,790.0,64384.0,65268.0,39.0,1673.0,3666.0,3077.0,4480.0,10174.0,7487.0,1902.0,148.0,4.0,2.0,0.0,0.0,0.0,0.0,0.0,0.0,0.0,0.0,0.0,0.0,0.0,0.0,0.0,0.0,0.0,0.0,0.0,0.0,0.0,0.0
8.90596064815,308326.0,32743.0,9.41654704822,793.0,64380.0,65270.0,40.0,1749.0,3688.0,3063.0,4424.0,10330.0,7426.0,1784.0,220.0,54.0,5.0,0.0,0.0,0.0,0.0,0.0,0.0,0.0,0.0,0.0,0.0,0.0,0.0,0.0,0.0,0.0,0.0,0.0,0.0,0.0,0.0
8.91012731481,297150.0,32645.0,9.10246592127,793.0,64383.0,65270.0,35.0,1686.0,3606.0,3110.0,4585.0,10279.0,7414.0,1831.0,121.0,12.0,1.0,0.0,0.0,0.0,0.0,0.0,0.0,0.0,0.0,0.0,0.0,0.0,0.0,0.0,0.0,0.0,0.0,0.0,0.0,0.0,0.0
8.91429398148,305441.0,32660.0,9.35214329455,793.0,64381.0,65272.0,35.0,1592.0,3589.0,3008.0,4499.0,10312.0,7601.0,1870.0,167.0,19.0,3.0,0.0,0.0,0.0,0.0,0.0,0.0,0.0,0.0,0.0,0.0,0.0,0.0,0.0,0.0,0.0,0.0,0.0,0.0,0.0,0.0
8.91846064815,305006.0,32684.0,9.33196671154,793.0,64383.0,65273.0,30.0,1767.0,3738.0,3076.0,4485.0,10061.0,7415.0,1911.0,206.0,21.0,4.0,0.0,0.0,0.0,0.0,0.0,0.0,0.0,0.0,0.0,0.0,0.0,0.0,0.0,0.0,0.0,0.0,0.0,0.0,0.0,0.0
8.92262731481,298275.0,32722.0,9.11542692989,793.0,64382.0,65272.0,38.0,1763.0,3743.0,3100.0,4513.0,10311.0,7305.0,1790.0,181.0,16.0,0.0,0.0,0.0,0.0,0.0,0.0,0.0,0.0,0.0,0.0,0.0,0.0,0.0,0.0,0.0,0.0,0.0,0.0,0.0,0.0,0.0
8.92679398148,304320.0,32715.0,9.30215497478,795.0,64382.0,65270.0,32.0,1659.0,3762.0,3093.0,4409.0,10232.0,7432.0,1922.0,188.0,17.0,1.0,0.0,0.0,0.0,0.0,0.0,0.0,0.0,0.0,0.0,0.0,0.0,0.0,0.0,0.0,0.0,0.0,0.0,0.0,0.0,0.0
8.93096064815,299443.0,32706.0,9.15559836116,793.0,64380.0,65279.0,35.0,1781.0,3681.0,3143.0,4397.0,10338.0,7360.0,1828.0,158.0,18.0,2.0,0.0,0.0,0.0,0.0,0.0,0.0,0.0,0.0,0.0,0.0,0.0,0.0,0.0,0.0,0.0,0.0,0.0,0.0,0.0,0.0
8.93512731481,300661.0,32677.0,9.2009976436,790.0,64380.0,65273.0,32.0,1690.0,3731.0,3191.0,4579.0,10185.0,7196.0,1899.0,184.0,20.0,2.0,0.0,0.0,0.0,0.0,0.0,0.0,0.0,0.0,0.0,0.0,0.0,0.0,0.0,0.0,0.0,0.0,0.0,0.0,0.0,0.0
8.93929398148,302625.0,32687.0,9.25826781289,792.0,64380.0,65272.0,32.0,1757.0,3783.0,3147.0,4415.0,10283.0,7137.0,1955.0,178.0,29.0,3.0,0.0,0.0,0.0,0.0,0.0,0.0,0.0,0.0,0.0,0.0,0.0,0.0,0.0,0.0,0.0,0.0,0.0,0.0,0.0,0.0
8.94346064815,298769.0,32700.0,9.13666666667,793.0,64382.0,65272.0,35.0,1825.0,3815.0,3151.0,4537.0,10139.0,7167.0,1845.0,199.0,21.0,1.0,0.0,0.0,0.0,0.0,0.0,0.0,0.0,0.0,0.0,0.0,0.0,0.0,0.0,0.0,0.0,0.0,0.0,0.0,0.0,0.0
8.94762731481,303826.0,32690.0,9.29415723463,793.0,64383.0,65271.0,31.0,1753.0,3914.0,3196.0,4114.0,10075.0,7503.0,1922.0,193.0,20.0,0.0,0.0,0.0,0.0,0.0,0.0,0.0,0.0,0.0,0.0,0.0,0.0,0.0,0.0,0.0,0.0,0.0,0.0,0.0,0.0,0.0
8.95179398148,353521.0,32683.0,10.816663097,793.0,64376.0,65279.0,35.0,1146.0,2759.0,2559.0,3659.0,10264.0,9598.0,2455.0,226.0,16.0,1.0,0.0,0.0,0.0,0.0,0.0,0.0,0.0,0.0,0.0,0.0,0.0,0.0,0.0,0.0,0.0,0.0,0.0,0.0,0.0,0.0
8.95596064815,355760.0,32702.0,10.8788453306,787.0,64380.0,65275.0,35.0,1229.0,2610.0,2331.0,3820.0,10479.0,9408.0,2597.0,210.0,18.0,0.0,0.0,0.0,0.0,0.0,0.0,0.0,0.0,0.0,0.0,0.0,0.0,0.0,0.0,0.0,0.0,0.0,0.0,0.0,0.0,0.0
8.96012731481,359712.0,32697.0,11.0013762731,787.0,64380.0,65272.0,35.0,1368.0,2652.0,2048.0,3817.0,10486.0,9423.0,2648.0,228.0,25.0,2.0,0.0,0.0,0.0,0.0,0.0,0.0,0.0,0.0,0.0,0.0,0.0,0.0,0.0,0.0,0.0,0.0,0.0,0.0,0.0,0.0
8.96429398148,346775.0,32682.0,10.6105807478,788.0,64376.0,65279.0,33.0,1551.0,2841.0,2197.0,4061.0,10576.0,8580.0,2629.0,226.0,20.0,1.0,0.0,0.0,0.0,0.0,0.0,0.0,0.0,0.0,0.0,0.0,0.0,0.0,0.0,0.0,0.0,0.0,0.0,0.0,0.0,0.0
8.96846064815,325706.0,32685.0,9.96499923512,788.0,64380.0,65276.0,35.0,2078.0,3366.0,2096.0,4403.0,10527.0,7462.0,2515.0,221.0,16.0,1.0,0.0,0.0,0.0,0.0,0.0,0.0,0.0,0.0,0.0,0.0,0.0,0.0,0.0,0.0,0.0,0.0,0.0,0.0,0.0,0.0
8.97262731481,326205.0,32690.0,9.97873967574,788.0,64380.0,65275.0,33.0,2016.0,3361.0,2084.0,4421.0,10480.0,7634.0,2477.0,194.0,20.0,3.0,0.0,0.0,0.0,0.0,0.0,0.0,0.0,0.0,0.0,0.0,0.0,0.0,0.0,0.0,0.0,0.0,0.0,0.0,0.0,0.0
8.97679398148,330569.0,32686.0,10.1134736584,790.0,64383.0,65273.0,33.0,2051.0,3213.0,2158.0,4400.0,10464.0,7612.0,2535.0,224.0,23.0,6.0,0.0,0.0,0.0,0.0,0.0,0.0,0.0,0.0,0.0,0.0,0.0,0.0,0.0,0.0,0.0,0.0,0.0,0.0,0.0,0.0
8.98096064815,326145.0,32695.0,9.97537849824,788.0,64377.0,65276.0,36.0,2043.0,3309.0,2106.0,4498.0,10529.0,7487.0,2491.0,212.0,14.0,6.0,0.0,0.0,0.0,0.0,0.0,0.0,0.0,0.0,0.0,0.0,0.0,0.0,0.0,0.0,0.0,0.0,0.0,0.0,0.0,0.0
8.98512731481,326402.0,32682.0,9.98721008506,787.0,64379.0,65273.0,31.0,2041.0,3292.0,2003.0,4510.0,10615.0,7479.0,2521.0,199.0,20.0,2.0,0.0,0.0,0.0,0.0,0.0,0.0,0.0,0.0,0.0,0.0,0.0,0.0,0.0,0.0,0.0,0.0,0.0,0.0,0.0,0.0
8.98929398148,321693.0,32691.0,9.84041479306,792.0,64379.0,65273.0,35.0,2100.0,3397.0,2188.0,4546.0,10453.0,7333.0,2436.0,217.0,19.0,2.0,0.0,0.0,0.0,0.0,0.0,0.0,0.0,0.0,0.0,0.0,0.0,0.0,0.0,0.0,0.0,0.0,0.0,0.0,0.0,0.0
8.99346064815,323219.0,32680.0,9.89042227662,787.0,64384.0,65276.0,35.0,2070.0,3407.0,2076.0,4529.0,10433.0,7508.0,2430.0,203.0,23.0,1.0,0.0,0.0,0.0,0.0,0.0,0.0,0.0,0.0,0.0,0.0,0.0,0.0,0.0,0.0,0.0,0.0,0.0,0.0,0.0,0.0
8.99762731481,322091.0,32686.0,9.8540965551,787.0,64380.0,65276.0,35.0,2204.0,3301.0,2041.0,4649.0,10484.0,7349.0,2418.0,218.0,18.0,4.0,0.0,0.0,0.0,0.0,0.0,0.0,0.0,0.0,0.0,0.0,0.0,0.0,0.0,0.0,0.0,0.0,0.0,0.0,0.0,0.0
9.00179398148,315507.0,32683.0,9.65355077563,790.0,64379.0,65276.0,32.0,2310.0,3343.0,1980.0,5183.0,10322.0,6892.0,2409.0,220.0,21.0,3.0,0.0,0.0,0.0,0.0,0.0,0.0,0.0,0.0,0.0,0.0,0.0,0.0,0.0,0.0,0.0,0.0,0.0,0.0,0.0,0.0
9.00596064815,311837.0,32683.0,9.54125998225,787.0,64380.0,65276.0,36.0,2383.0,3491.0,1971.0,5053.0,10454.0,6743.0,2368.0,192.0,20.0,8.0,0.0,0.0,0.0,0.0,0.0,0.0,0.0,0.0,0.0,0.0,0.0,0.0,0.0,0.0,0.0,0.0,0.0,0.0,0.0,0.0
9.01012731481,312343.0,32687.0,9.55557255178,787.0,64380.0,65276.0,31.0,2373.0,3413.0,1919.0,5171.0,10355.0,6852.0,2369.0,218.0,17.0,0.0,0.0,0.0,0.0,0.0,0.0,0.0,0.0,0.0,0.0,0.0,0.0,0.0,0.0,0.0,0.0,0.0,0.0,0.0,0.0,0.0
9.01429398148,312267.0,32690.0,9.55237075558,787.0,64380.0,65276.0,35.0,2281.0,3205.0,1677.0,5815.0,10486.0,6720.0,2257.0,214.0,30.0,5.0,0.0,0.0,0.0,0.0,0.0,0.0,0.0,0.0,0.0,0.0,0.0,0.0,0.0,0.0,0.0,0.0,0.0,0.0,0.0,0.0
9.01846064815,305406.0,32682.0,9.34477694144,787.0,64380.0,65273.0,38.0,2301.0,3034.0,1384.0,6439.0,10719.0,6432.0,2130.0,220.0,23.0,0.0,0.0,0.0,0.0,0.0,0.0,0.0,0.0,0.0,0.0,0.0,0.0,0.0,0.0,0.0,0.0,0.0,0.0,0.0,0.0,0.0
9.02262731481,303888.0,32684.0,9.29776037205,787.0,64380.0,65278.0,31.0,2273.0,3044.0,1356.0,6609.0,10660.0,6431.0,2084.0,197.0,27.0,3.0,0.0,0.0,0.0,0.0,0.0,0.0,0.0,0.0,0.0,0.0,0.0,0.0,0.0,0.0,0.0,0.0,0.0,0.0,0.0,0.0
9.02679398148,302911.0,32683.0,9.26815163847,787.0,64382.0,65278.0,32.0,1817.0,3121.0,2161.0,6409.0,10481.0,6392.0,2074.0,197.0,25.0,6.0,0.0,0.0,0.0,0.0,0.0,0.0,0.0,0.0,0.0,0.0,0.0,0.0,0.0,0.0,0.0,0.0,0.0,0.0,0.0,0.0
9.03096064815,299790.0,32681.0,9.17321991371,787.0,64377.0,65281.0,32.0,1563.0,3380.0,2619.0,6183.0,10355.0,6345.0,1981.0,226.0,25.0,4.0,0.0,0.0,0.0,0.0,0.0,0.0,0.0,0.0,0.0,0.0,0.0,0.0,0.0,0.0,0.0,0.0,0.0,0.0,0.0,0.0
9.03512731481,301071.0,32679.0,9.21298081337,787.0,64380.0,65273.0,40.0,1568.0,3503.0,2492.0,6128.0,10407.0,6289.0,2045.0,215.0,25.0,7.0,0.0,0.0,0.0,0.0,0.0,0.0,0.0,0.0,0.0,0.0,0.0,0.0,0.0,0.0,0.0,0.0,0.0,0.0,0.0,0.0
9.03929398148,303944.0,32685.0,9.29918923053,787.0,64384.0,65276.0,36.0,1417.0,3404.0,2828.0,6261.0,9958.0,6386.0,2184.0,219.0,24.0,4.0,0.0,0.0,0.0,0.0,0.0,0.0,0.0,0.0,0.0,0.0,0.0,0.0,0.0,0.0,0.0,0.0,0.0,0.0,0.0,0.0
9.04346064815,320564.0,32677.0,9.81008048474,785.0,64376.0,65279.0,38.0,1283.0,2784.0,2456.0,6237.0,10114.0,7340.0,2201.0,233.0,25.0,4.0,0.0,0.0,0.0,0.0,0.0,0.0,0.0,0.0,0.0,0.0,0.0,0.0,0.0,0.0,0.0,0.0,0.0,0.0,0.0,0.0
9.04762731481,321581.0,32678.0,9.84090213599,787.0,64380.0,65280.0,32.0,1331.0,2619.0,2055.0,6459.0,10415.0,7318.0,2233.0,234.0,11.0,3.0,0.0,0.0,0.0,0.0,0.0,0.0,0.0,0.0,0.0,0.0,0.0,0.0,0.0,0.0,0.0,0.0,0.0,0.0,0.0,0.0
9.05179398148,319640.0,32679.0,9.78120505523,785.0,64379.0,65280.0,39.0,1350.0,2716.0,1988.0,6427.0,10477.0,7300.0,2187.0,216.0,14.0,4.0,0.0,0.0,0.0,0.0,0.0,0.0,0.0,0.0,0.0,0.0,0.0,0.0,0.0,0.0,0.0,0.0,0.0,0.0,0.0,0.0
9.05596064815,317563.0,32675.0,9.71883703137,782.0,64382.0,65280.0,33.0,1367.0,2721.0,2015.0,6611.0,10340.0,7247.0,2142.0,208.0,18.0,6.0,0.0,0.0,0.0,0.0,0.0,0.0,0.0,0.0,0.0,0.0,0.0,0.0,0.0,0.0,0.0,0.0,0.0,0.0,0.0,0.0
9.06012731481,319425.0,32677.0,9.77522416378,787.0,64376.0,65287.0,33.0,1365.0,2735.0,1955.0,6589.0,10385.0,7215.0,2191.0,218.0,18.0,6.0,0.0,0.0,0.0,0.0,0.0,0.0,0.0,0.0,0.0,0.0,0.0,0.0,0.0,0.0,0.0,0.0,0.0,0.0,0.0,0.0
9.06429398148,319148.0,32668.0,9.76943798212,783.0,64379.0,65280.0,31.0,1426.0,2780.0,1972.0,6496.0,10327.0,7235.0,2170.0,233.0,29.0,0.0,0.0,0.0,0.0,0.0,0.0,0.0,0.0,0.0,0.0,0.0,0.0,0.0,0.0,0.0,0.0,0.0,0.0,0.0,0.0,0.0
9.06846064815,314121.0,32671.0,9.61467356371,782.0,64377.0,65279.0,35.0,1411.0,2801.0,1920.0,6668.0,10359.0,7185.0,2101.0,212.0,11.0,3.0,0.0,0.0,0.0,0.0,0.0,0.0,0.0,0.0,0.0,0.0,0.0,0.0,0.0,0.0,0.0,0.0,0.0,0.0,0.0,0.0
9.07262731481,317319.0,32683.0,9.70899244255,782.0,64376.0,65281.0,33.0,1359.0,2803.0,1964.0,6515.0,10454.0,7252.0,2098.0,211.0,21.0,6.0,0.0,0.0,0.0,0.0,0.0,0.0,0.0,0.0,0.0,0.0,0.0,0.0,0.0,0.0,0.0,0.0,0.0,0.0,0.0,0.0
9.07679398148,315337.0,32687.0,9.64716859914,782.0,64377.0,65280.0,35.0,1372.0,2833.0,1974.0,6537.0,10441.0,7230.0,2072.0,206.0,15.0,7.0,0.0,0.0,0.0,0.0,0.0,0.0,0.0,0.0,0.0,0.0,0.0,0.0,0.0,0.0,0.0,0.0,0.0,0.0,0.0,0.0
9.08096064815,320242.0,32671.0,9.80202626182,785.0,64377.0,65279.0,31.0,1364.0,2678.0,1922.0,6542.0,10440.0,7288.0,2192.0,228.0,13.0,4.0,0.0,0.0,0.0,0.0,0.0,0.0,0.0,0.0,0.0,0.0,0.0,0.0,0.0,0.0,0.0,0.0,0.0,0.0,0.0,0.0
9.08512731481,314052.0,32679.0,9.61020839071,782.0,64377.0,65279.0,31.0,1511.0,2726.0,2009.0,6573.0,10385.0,7117.0,2129.0,211.0,17.0,1.0,0.0,0.0,0.0,0.0,0.0,0.0,0.0,0.0,0.0,0.0,0.0,0.0,0.0,0.0,0.0,0.0,0.0,0.0,0.0,0.0
9.08929398148,319686.0,32682.0,9.78171470534,779.0,64379.0,65278.0,38.0,1289.0,2738.0,2106.0,6424.0,10448.0,7288.0,2128.0,235.0,23.0,3.0,0.0,0.0,0.0,0.0,0.0,0.0,0.0,0.0,0.0,0.0,0.0,0.0,0.0,0.0,0.0,0.0,0.0,0.0,0.0,0.0
9.09346064815,321572.0,32673.0,9.84213264775,785.0,64379.0,65279.0,38.0,1339.0,2670.0,2105.0,6251.0,10549.0,7291.0,2232.0,209.0,24.0,3.0,0.0,0.0,0.0,0.0,0.0,0.0,0.0,0.0,0.0,0.0,0.0,0.0,0.0,0.0,0.0,0.0,0.0,0.0,0.0,0.0
9.09762731481,323513.0,32682.0,9.89881280215,782.0,64376.0,65279.0,39.0,1317.0,2591.0,2015.0,6531.0,10418.0,7232.0,2346.0,210.0,19.0,3.0,0.0,0.0,0.0,0.0,0.0,0.0,0.0,0.0,0.0,0.0,0.0,0.0,0.0,0.0,0.0,0.0,0.0,0.0,0.0,0.0
9.10179398148,320115.0,32668.0,9.79903881474,782.0,64377.0,65280.0,39.0,1417.0,2757.0,2025.0,6505.0,10259.0,7282.0,2156.0,234.0,29.0,4.0,0.0,0.0,0.0,0.0,0.0,0.0,0.0,0.0,0.0,0.0,0.0,0.0,0.0,0.0,0.0,0.0,0.0,0.0,0.0,0.0
9.10596064815,319960.0,32666.0,9.79489377334,782.0,64377.0,65280.0,35.0,1364.0,2594.0,2023.0,6568.0,10323.0,7363.0,2214.0,191.0,24.0,2.0,0.0,0.0,0.0,0.0,0.0,0.0,0.0,0.0,0.0,0.0,0.0,0.0,0.0,0.0,0.0,0.0,0.0,0.0,0.0,0.0
9.11012731481,319460.0,32668.0,9.77898861271,780.0,64376.0,65278.0,39.0,1338.0,2694.0,1963.0,6546.0,10436.0,7262.0,2186.0,226.0,14.0,3.0,0.0,0.0,0.0,0.0,0.0,0.0,0.0,0.0,0.0,0.0,0.0,0.0,0.0,0.0,0.0,0.0,0.0,0.0,0.0,0.0
9.11429398148,317367.0,32667.0,9.71521719166,777.0,64376.0,65283.0,35.0,1352.0,2623.0,2056.0,6564.0,10487.0,7266.0,2072.0,224.0,18.0,5.0,0.0,0.0,0.0,0.0,0.0,0.0,0.0,0.0,0.0,0.0,0.0,0.0,0.0,0.0,0.0,0.0,0.0,0.0,0.0,0.0
9.11846064815,323447.0,32668.0,9.90103465165,777.0,64376.0,65283.0,31.0,1264.0,2599.0,2030.0,6473.0,10418.0,7406.0,2221.0,239.0,15.0,3.0,0.0,0.0,0.0,0.0,0.0,0.0,0.0,0.0,0.0,0.0,0.0,0.0,0.0,0.0,0.0,0.0,0.0,0.0,0.0,0.0
9.12262731481,321333.0,32661.0,9.83843115643,775.0,64376.0,65276.0,35.0,1329.0,2655.0,2033.0,6497.0,10364.0,7307.0,2241.0,213.0,17.0,5.0,0.0,0.0,0.0,0.0,0.0,0.0,0.0,0.0,0.0,0.0,0.0,0.0,0.0,0.0,0.0,0.0,0.0,0.0,0.0,0.0
9.12679398148,322659.0,32660.0,9.87933251684,775.0,64383.0,65281.0,31.0,1245.0,2715.0,1996.0,6554.0,10339.0,7281.0,2291.0,219.0,15.0,5.0,0.0,0.0,0.0,0.0,0.0,0.0,0.0,0.0,0.0,0.0,0.0,0.0,0.0,0.0,0.0,0.0,0.0,0.0,0.0,0.0
9.13096064815,324511.0,32667.0,9.93390883766,775.0,64376.0,65283.0,35.0,1316.0,2589.0,1971.0,6557.0,10467.0,7247.0,2261.0,226.0,25.0,8.0,0.0,0.0,0.0,0.0,0.0,0.0,0.0,0.0,0.0,0.0,0.0,0.0,0.0,0.0,0.0,0.0,0.0,0.0,0.0,0.0
9.13512731481,319966.0,32658.0,9.79747688162,780.0,64377.0,65280.0,38.0,1331.0,2664.0,1997.0,6615.0,10404.0,7204.0,2187.0,227.0,28.0,1.0,0.0,0.0,0.0,0.0,0.0,0.0,0.0,0.0,0.0,0.0,0.0,0.0,0.0,0.0,0.0,0.0,0.0,0.0,0.0,0.0
9.13929398148,321581.0,32663.0,9.84542142485,777.0,64380.0,65281.0,35.0,1290.0,2725.0,1940.0,6678.0,10307.0,7263.0,2202.0,225.0,29.0,4.0,0.0,0.0,0.0,0.0,0.0,0.0,0.0,0.0,0.0,0.0,0.0,0.0,0.0,0.0,0.0,0.0,0.0,0.0,0.0,0.0
9.14346064815,320152.0,32668.0,9.80017142157,775.0,64380.0,65276.0,33.0,1292.0,2652.0,2080.0,6671.0,10252.0,7256.0,2231.0,212.0,16.0,6.0,0.0,0.0,0.0,0.0,0.0,0.0,0.0,0.0,0.0,0.0,0.0,0.0,0.0,0.0,0.0,0.0,0.0,0.0,0.0,0.0
9.14762731481,317347.0,32655.0,9.71817485837,777.0,64380.0,65279.0,35.0,1256.0,2773.0,2103.0,6672.0,10304.0,7116.0,2197.0,207.0,24.0,3.0,0.0,0.0,0.0,0.0,0.0,0.0,0.0,0.0,0.0,0.0,0.0,0.0,0.0,0.0,0.0,0.0,0.0,0.0,0.0,0.0
9.15179398148,316965.0,32651.0,9.70766592141,774.0,64379.0,65279.0,35.0,1288.0,2703.0,2097.0,6653.0,10228.0,7312.0,2147.0,201.0,20.0,2.0,0.0,0.0,0.0,0.0,0.0,0.0,0.0,0.0,0.0,0.0,0.0,0.0,0.0,0.0,0.0,0.0,0.0,0.0,0.0,0.0
9.15596064815,316717.0,32659.0,9.69769435684,774.0,64376.0,65283.0,33.0,1352.0,2681.0,2022.0,6762.0,10302.0,7113.0,2180.0,229.0,18.0,0.0,0.0,0.0,0.0,0.0,0.0,0.0,0.0,0.0,0.0,0.0,0.0,0.0,0.0,0.0,0.0,0.0,0.0,0.0,0.0,0.0
9.16012731481,316139.0,32654.0,9.68147853249,775.0,64380.0,65280.0,32.0,1345.0,2661.0,2109.0,6681.0,10311.0,7143.0,2176.0,208.0,18.0,2.0,0.0,0.0,0.0,0.0,0.0,0.0,0.0,0.0,0.0,0.0,0.0,0.0,0.0,0.0,0.0,0.0,0.0,0.0,0.0,0.0
9.16429398148,317552.0,32655.0,9.72445261063,774.0,64377.0,65281.0,35.0,1303.0,2790.0,1987.0,6705.0,10232.0,7234.0,2159.0,226.0,16.0,3.0,0.0,0.0,0.0,0.0,0.0,0.0,0.0,0.0,0.0,0.0,0.0,0.0,0.0,0.0,0.0,0.0,0.0,0.0,0.0,0.0
9.16846064815,319514.0,32659.0,9.7833369056,774.0,64377.0,65283.0,35.0,1281.0,2690.0,2126.0,6645.0,10307.0,7139.0,2213.0,237.0,16.0,5.0,0.0,0.0,0.0,0.0,0.0,0.0,0.0,0.0,0.0,0.0,0.0,0.0,0.0,0.0,0.0,0.0,0.0,0.0,0.0,0.0
9.17262731481,318784.0,32658.0,9.76128360585,774.0,64382.0,65281.0,32.0,1298.0,2626.0,2019.0,6682.0,10324.0,7355.0,2122.0,203.0,25.0,4.0,0.0,0.0,0.0,0.0,0.0,0.0,0.0,0.0,0.0,0.0,0.0,0.0,0.0,0.0,0.0,0.0,0.0,0.0,0.0,0.0
9.17679398148,317784.0,32661.0,9.7297694498,774.0,64380.0,65283.0,34.0,1265.0,2654.0,2139.0,6797.0,10266.0,7094.0,2201.0,219.0,24.0,2.0,0.0,0.0,0.0,0.0,0.0,0.0,0.0,0.0,0.0,0.0,0.0,0.0,0.0,0.0,0.0,0.0,0.0,0.0,0.0,0.0
9.18096064815,320538.0,32660.0,9.81439069198,774.0,64377.0,65279.0,38.0,1258.0,2822.0,2128.0,6601.0,10008.0,7353.0,2234.0,233.0,23.0,0.0,0.0,0.0,0.0,0.0,0.0,0.0,0.0,0.0,0.0,0.0,0.0,0.0,0.0,0.0,0.0,0.0,0.0,0.0,0.0,0.0
9.18512731481,319983.0,32652.0,9.79979786843,774.0,64376.0,65287.0,39.0,1186.0,2701.0,2195.0,6603.0,10208.0,7367.0,2143.0,219.0,26.0,4.0,0.0,0.0,0.0,0.0,0.0,0.0,0.0,0.0,0.0,0.0,0.0,0.0,0.0,0.0,0.0,0.0,0.0,0.0,0.0,0.0
9.18929398148,318602.0,32650.0,9.75810107198,774.0,64377.0,65286.0,35.0,1262.0,2660.0,2119.0,6748.0,10217.0,7206.0,2194.0,221.0,20.0,3.0,0.0,0.0,0.0,0.0,0.0,0.0,0.0,0.0,0.0,0.0,0.0,0.0,0.0,0.0,0.0,0.0,0.0,0.0,0.0,0.0
9.19346064815,321619.0,32653.0,9.849600343,774.0,64382.0,65280.0,31.0,1247.0,2633.0,2119.0,6699.0,10314.0,7154.0,2217.0,237.0,28.0,5.0,0.0,0.0,0.0,0.0,0.0,0.0,0.0,0.0,0.0,0.0,0.0,0.0,0.0,0.0,0.0,0.0,0.0,0.0,0.0,0.0
9.19762731481,320429.0,32652.0,9.81345706235,774.0,64377.0,65279.0,35.0,1241.0,2715.0,2171.0,6613.0,10155.0,7271.0,2216.0,252.0,18.0,0.0,0.0,0.0,0.0,0.0,0.0,0.0,0.0,0.0,0.0,0.0,0.0,0.0,0.0,0.0,0.0,0.0,0.0,0.0,0.0,0.0
9.20179398148,315528.0,32658.0,9.66158368547,772.0,64377.0,65281.0,38.0,1261.0,2894.0,2311.0,6585.0,10113.0,7044.0,2204.0,224.0,19.0,3.0,0.0,0.0,0.0,0.0,0.0,0.0,0.0,0.0,0.0,0.0,0.0,0.0,0.0,0.0,0.0,0.0,0.0,0.0,0.0,0.0
9.20596064815,317991.0,32655.0,9.73789618741,772.0,64380.0,65278.0,38.0,1284.0,2817.0,2403.0,6448.0,10094.0,7109.0,2237.0,241.0,20.0,2.0,0.0,0.0,0.0,0.0,0.0,0.0,0.0,0.0,0.0,0.0,0.0,0.0,0.0,0.0,0.0,0.0,0.0,0.0,0.0,0.0
9.21012731481,323070.0,32649.0,9.89524947165,774.0,64377.0,65278.0,36.0,1206.0,2676.0,2447.0,6133.0,10225.0,7443.0,2279.0,218.0,19.0,3.0,0.0,0.0,0.0,0.0,0.0,0.0,0.0,0.0,0.0,0.0,0.0,0.0,0.0,0.0,0.0,0.0,0.0,0.0,0.0,0.0
9.21429398148,323506.0,32649.0,9.90860363258,774.0,64379.0,65278.0,35.0,1161.0,2760.0,2431.0,6183.0,10118.0,7494.0,2238.0,242.0,19.0,3.0,0.0,0.0,0.0,0.0,0.0,0.0,0.0,0.0,0.0,0.0,0.0,0.0,0.0,0.0,0.0,0.0,0.0,0.0,0.0,0.0
9.21846064815,324279.0,32652.0,9.93136714443,772.0,64376.0,65280.0,38.0,1114.0,2685.0,2411.0,6199.0,10245.0,7508.0,2243.0,219.0,24.0,4.0,0.0,0.0,0.0,0.0,0.0,0.0,0.0,0.0,0.0,0.0,0.0,0.0,0.0,0.0,0.0,0.0,0.0,0.0,0.0,0.0
9.22262731481,321130.0,32646.0,9.83673344361,772.0,64377.0,65281.0,32.0,1046.0,2598.0,2600.0,6021.0,10466.0,7531.0,2155.0,211.0,16.0,2.0,0.0,0.0,0.0,0.0,0.0,0.0,0.0,0.0,0.0,0.0,0.0,0.0,0.0,0.0,0.0,0.0,0.0,0.0,0.0,0.0
9.22679398148,323038.0,32653.0,9.89305729948,769.0,64377.0,65279.0,35.0,1065.0,2656.0,2505.0,5923.0,10310.0,7815.0,2172.0,185.0,22.0,0.0,0.0,0.0,0.0,0.0,0.0,0.0,0.0,0.0,0.0,0.0,0.0,0.0,0.0,0.0,0.0,0.0,0.0,0.0,0.0,0.0
9.23096064815,329077.0,32640.0,10.0820159314,767.0,64376.0,65281.0,30.0,1024.0,2459.0,2473.0,5932.0,10291.0,8042.0,2189.0,206.0,19.0,5.0,0.0,0.0,0.0,0.0,0.0,0.0,0.0,0.0,0.0,0.0,0.0,0.0,0.0,0.0,0.0,0.0,0.0,0.0,0.0,0.0
9.23512731481,328101.0,32643.0,10.051190148,771.0,64380.0,65280.0,33.0,996.0,2465.0,2376.0,6005.0,10332.0,8088.0,2170.0,190.0,17.0,4.0,0.0,0.0,0.0,0.0,0.0,0.0,0.0,0.0,0.0,0.0,0.0,0.0,0.0,0.0,0.0,0.0,0.0,0.0,0.0,0.0
9.23929398148,331060.0,32640.0,10.1427696078,771.0,64376.0,65283.0,35.0,964.0,2410.0,2275.0,5959.0,10535.0,8017.0,2259.0,203.0,17.0,1.0,0.0,0.0,0.0,0.0,0.0,0.0,0.0,0.0,0.0,0.0,0.0,0.0,0.0,0.0,0.0,0.0,0.0,0.0,0.0,0.0
9.24346064815,333596.0,32637.0,10.2214051537,771.0,64379.0,65280.0,38.0,1055.0,2374.0,2107.0,5886.0,10511.0,8283.0,2188.0,215.0,12.0,6.0,0.0,0.0,0.0,0.0,0.0,0.0,0.0,0.0,0.0,0.0,0.0,0.0,0.0,0.0,0.0,0.0,0.0,0.0,0.0,0.0
9.24762731481,333864.0,32632.0,10.2311841138,767.0,64380.0,65276.0,39.0,1032.0,2332.0,2090.0,6014.0,10582.0,8053.0,2296.0,217.0,13.0,3.0,0.0,0.0,0.0,0.0,0.0,0.0,0.0,0.0,0.0,0.0,0.0,0.0,0.0,0.0,0.0,0.0,0.0,0.0,0.0,0.0
9.25179398148,333129.0,32634.0,10.2080345652,764.0,64376.0,65283.0,35.0,1017.0,2273.0,2066.0,6115.0,10689.0,7999.0,2244.0,207.0,19.0,5.0,0.0,0.0,0.0,0.0,0.0,0.0,0.0,0.0,0.0,0.0,0.0,0.0,0.0,0.0,0.0,0.0,0.0,0.0,0.0,0.0
9.25596064815,339077.0,32639.0,10.3887067618,767.0,64380.0,65279.0,35.0,1003.0,2197.0,2064.0,5988.0,10426.0,8429.0,2311.0,197.0,17.0,7.0,0.0,0.0,0.0,0.0,0.0,0.0,0.0,0.0,0.0,0.0,0.0,0.0,0.0,0.0,0.0,0.0,0.0,0.0,0.0,0.0
9.26012731481,333443.0,32634.0,10.2176564319,767.0,64380.0,65281.0,32.0,1199.0,2499.0,1794.0,5889.0,10657.0,8065.0,2335.0,167.0,26.0,3.0,0.0,0.0,0.0,0.0,0.0,0.0,0.0,0.0,0.0,0.0,0.0,0.0,0.0,0.0,0.0,0.0,0.0,0.0,0.0,0.0
9.26429398148,332635.0,32637.0,10.1919600453,767.0,64383.0,65283.0,32.0,1293.0,2639.0,1798.0,5710.0,10691.0,8001.0,2277.0,200.0,22.0,6.0,0.0,0.0,0.0,0.0,0.0,0.0,0.0,0.0,0.0,0.0,0.0,0.0,0.0,0.0,0.0,0.0,0.0,0.0,0.0,0.0
9.26846064815,331694.0,32632.0,10.1646849718,764.0,64376.0,65283.0,35.0,1217.0,2542.0,1750.0,5737.0,10884.0,8011.0,2283.0,191.0,17.0,0.0,0.0,0.0,0.0,0.0,0.0,0.0,0.0,0.0,0.0,0.0,0.0,0.0,0.0,0.0,0.0,0.0,0.0,0.0,0.0,0.0
9.27262731481,331509.0,32633.0,10.158704379,764.0,64376.0,65283.0,35.0,1351.0,2741.0,1896.0,5550.0,10669.0,7807.0,2383.0,222.0,12.0,2.0,0.0,0.0,0.0,0.0,0.0,0.0,0.0,0.0,0.0,0.0,0.0,0.0,0.0,0.0,0.0,0.0,0.0,0.0,0.0,0.0
9.27679398148,334878.0,32640.0,10.2597426471,766.0,64376.0,65283.0,35.0,1466.0,2994.0,1940.0,5325.0,10606.0,7332.0,2735.0,222.0,18.0,2.0,0.0,0.0,0.0,0.0,0.0,0.0,0.0,0.0,0.0,0.0,0.0,0.0,0.0,0.0,0.0,0.0,0.0,0.0,0.0,0.0
9.28096064815,346322.0,32632.0,10.612956607,764.0,64382.0,65280.0,32.0,1420.0,2964.0,2091.0,4944.0,10125.0,7870.0,2981.0,215.0,18.0,4.0,0.0,0.0,0.0,0.0,0.0,0.0,0.0,0.0,0.0,0.0,0.0,0.0,0.0,0.0,0.0,0.0,0.0,0.0,0.0,0.0
9.28512731481,348150.0,32626.0,10.6709372893,762.0,64381.0,65283.0,35.0,1338.0,2986.0,2100.0,4795.0,10267.0,7904.0,2969.0,254.0,11.0,2.0,0.0,0.0,0.0,0.0,0.0,0.0,0.0,0.0,0.0,0.0,0.0,0.0,0.0,0.0,0.0,0.0,0.0,0.0,0.0,0.0
9.28929398148,360642.0,32625.0,11.0541609195,762.0,64380.0,65283.0,36.0,1168.0,2616.0,2067.0,4491.0,10473.0,8591.0,2944.0,246.0,21.0,8.0,0.0,0.0,0.0,0.0,0.0,0.0,0.0,0.0,0.0,0.0,0.0,0.0,0.0,0.0,0.0,0.0,0.0,0.0,0.0,0.0
9.29346064815,360575.0,32629.0,11.0507523982,767.0,64380.0,65281.0,36.0,1213.0,2583.0,2086.0,4559.0,10308.0,8586.0,3043.0,229.0,15.0,7.0,0.0,0.0,0.0,0.0,0.0,0.0,0.0,0.0,0.0,0.0,0.0,0.0,0.0,0.0,0.0,0.0,0.0,0.0,0.0,0.0
9.29762731481,360439.0,32616.0,11.0509872455,762.0,64377.0,65283.0,35.0,1135.0,2611.0,2074.0,4554.0,10385.0,8568.0,3027.0,246.0,11.0,5.0,0.0,0.0,0.0,0.0,0.0,0.0,0.0,0.0,0.0,0.0,0.0,0.0,0.0,0.0,0.0,0.0,0.0,0.0,0.0,0.0
9.30179398148,362688.0,32625.0,11.1168735632,764.0,64376.0,65286.0,36.0,1151.0,2582.0,2077.0,4522.0,10367.0,8551.0,3093.0,265.0,17.0,0.0,0.0,0.0,0.0,0.0,0.0,0.0,0.0,0.0,0.0,0.0,0.0,0.0,0.0,0.0,0.0,0.0,0.0,0.0,0.0,0.0
9.30596064815,363230.0,32624.0,11.1338278568,761.0,64376.0,65283.0,32.0,1110.0,2566.0,2006.0,4477.0,10293.0,8873.0,3074.0,203.0,20.0,2.0,0.0,0.0,0.0,0.0,0.0,0.0,0.0,0.0,0.0,0.0,0.0,0.0,0.0,0.0,0.0,0.0,0.0,0.0,0.0,0.0
9.31012731481,362868.0,32631.0,11.1203456836,762.0,64374.0,65294.0,35.0,1230.0,2556.0,1954.0,4711.0,10257.0,8587.0,3055.0,256.0,19.0,6.0,0.0,0.0,0.0,0.0,0.0,0.0,0.0,0.0,0.0,0.0,0.0,0.0,0.0,0.0,0.0,0.0,0.0,0.0,0.0,0.0
9.31429398148,358284.0,32631.0,10.9798657718,762.0,64379.0,65281.0,35.0,1290.0,2716.0,1986.0,4829.0,10259.0,8174.0,3070.0,285.0,21.0,1.0,0.0,0.0,0.0,0.0,0.0,0.0,0.0,0.0,0.0,0.0,0.0,0.0,0.0,0.0,0.0,0.0,0.0,0.0,0.0,0.0
9.31846064815,351498.0,32619.0,10.7758668261,762.0,64380.0,65286.0,32.0,1318.0,2782.0,1926.0,5142.0,10173.0,8068.0,2917.0,268.0,24.0,1.0,0.0,0.0,0.0,0.0,0.0,0.0,0.0,0.0,0.0,0.0,0.0,0.0,0.0,0.0,0.0,0.0,0.0,0.0,0.0,0.0
9.32262731481,339660.0,32625.0,10.4110344828,762.0,64382.0,65286.0,35.0,1432.0,2794.0,1851.0,5551.0,10366.0,7598.0,2787.0,228.0,15.0,3.0,0.0,0.0,0.0,0.0,0.0,0.0,0.0,0.0,0.0,0.0,0.0,0.0,0.0,0.0,0.0,0.0,0.0,0.0,0.0,0.0
9.32679398148,334946.0,32623.0,10.2671734666,762.0,64376.0,65279.0,35.0,1449.0,2768.0,1887.0,5777.0,10180.0,7705.0,2617.0,221.0,17.0,2.0,0.0,0.0,0.0,0.0,0.0,0.0,0.0,0.0,0.0,0.0,0.0,0.0,0.0,0.0,0.0,0.0,0.0,0.0,0.0,0.0
9.33096064815,339328.0,32623.0,10.4014958771,761.0,64372.0,65280.0,44.0,1399.0,2856.0,1732.0,5680.0,10194.0,7790.0,2717.0,242.0,13.0,0.0,0.0,0.0,0.0,0.0,0.0,0.0,0.0,0.0,0.0,0.0,0.0,0.0,0.0,0.0,0.0,0.0,0.0,0.0,0.0,0.0
9.33512731481,340475.0,32621.0,10.437294994,761.0,64383.0,65281.0,35.0,1412.0,2833.0,1907.0,5623.0,10077.0,7740.0,2776.0,236.0,11.0,6.0,0.0,0.0,0.0,0.0,0.0,0.0,0.0,0.0,0.0,0.0,0.0,0.0,0.0,0.0,0.0,0.0,0.0,0.0,0.0,0.0
9.33929398148,342246.0,32622.0,10.4912635645,761.0,64376.0,65280.0,40.0,1286.0,2784.0,1841.0,5815.0,10093.0,7780.0,2777.0,216.0,24.0,6.0,0.0,0.0,0.0,0.0,0.0,0.0,0.0,0.0,0.0,0.0,0.0,0.0,0.0,0.0,0.0,0.0,0.0,0.0,0.0,0.0
9.34346064815,338544.0,32623.0,10.3774637526,762.0,64377.0,65281.0,33.0,1348.0,2752.0,1790.0,5905.0,10166.0,7742.0,2669.0,229.0,18.0,4.0,0.0,0.0,0.0,0.0,0.0,0.0,0.0,0.0,0.0,0.0,0.0,0.0,0.0,0.0,0.0,0.0,0.0,0.0,0.0,0.0
9.34762731481,338558.0,32615.0,10.3804384486,759.0,64378.0,65282.0,34.0,1485.0,2782.0,1746.0,5889.0,10037.0,7709.0,2698.0,247.0,21.0,1.0,0.0,0.0,0.0,0.0,0.0,0.0,0.0,0.0,0.0,0.0,0.0,0.0,0.0,0.0,0.0,0.0,0.0,0.0,0.0,0.0
9.35179398148,338482.0,32603.0,10.3819280434,761.0,64376.0,65280.0,39.0,1395.0,2818.0,1638.0,6043.0,10115.0,7656.0,2667.0,242.0,27.0,2.0,0.0,0.0,0.0,0.0,0.0,0.0,0.0,0.0,0.0,0.0,0.0,0.0,0.0,0.0,0.0,0.0,0.0,0.0,0.0,0.0
9.35596064815,336991.0,32613.0,10.3330267071,758.0,64376.0,65283.0,32.0,1475.0,2769.0,1623.0,6146.0,10079.0,7596.0,2657.0,246.0,17.0,5.0,0.0,0.0,0.0,0.0,0.0,0.0,0.0,0.0,0.0,0.0,0.0,0.0,0.0,0.0,0.0,0.0,0.0,0.0,0.0,0.0
9.36012731481,337774.0,32607.0,10.3589413316,758.0,64380.0,65280.0,33.0,1431.0,2790.0,1616.0,6140.0,10099.0,7564.0,2707.0,237.0,18.0,5.0,0.0,0.0,0.0,0.0,0.0,0.0,0.0,0.0,0.0,0.0,0.0,0.0,0.0,0.0,0.0,0.0,0.0,0.0,0.0,0.0
9.36429398148,331417.0,32613.0,10.1621132677,761.0,64376.0,65286.0,38.0,1408.0,2881.0,1664.0,6240.0,10231.0,7338.0,2598.0,233.0,17.0,3.0,0.0,0.0,0.0,0.0,0.0,0.0,0.0,0.0,0.0,0.0,0.0,0.0,0.0,0.0,0.0,0.0,0.0,0.0,0.0,0.0
9.36846064815,334757.0,32603.0,10.2676747539,759.0,64376.0,65283.0,35.0,1405.0,2857.0,1696.0,6175.0,10086.0,7511.0,2615.0,225.0,28.0,5.0,0.0,0.0,0.0,0.0,0.0,0.0,0.0,0.0,0.0,0.0,0.0,0.0,0.0,0.0,0.0,0.0,0.0,0.0,0.0,0.0
9.37262731481,336456.0,32608.0,10.3182041217,759.0,64376.0,65283.0,33.0,1412.0,2668.0,1582.0,6176.0,10270.0,7619.0,2619.0,250.0,8.0,4.0,0.0,0.0,0.0,0.0,0.0,0.0,0.0,0.0,0.0,0.0,0.0,0.0,0.0,0.0,0.0,0.0,0.0,0.0,0.0,0.0
9.37679398148,332145.0,32606.0,10.1866220941,759.0,64377.0,65281.0,33.0,1348.0,2729.0,1602.0,6381.0,10252.0,7461.0,2621.0,191.0,17.0,4.0,0.0,0.0,0.0,0.0,0.0,0.0,0.0,0.0,0.0,0.0,0.0,0.0,0.0,0.0,0.0,0.0,0.0,0.0,0.0,0.0
9.38096064815,330487.0,32602.0,10.137016134,759.0,64377.0,65279.0,36.0,1413.0,2727.0,1460.0,6546.0,10298.0,7465.0,2448.0,215.0,23.0,7.0,0.0,0.0,0.0,0.0,0.0,0.0,0.0,0.0,0.0,0.0,0.0,0.0,0.0,0.0,0.0,0.0,0.0,0.0,0.0,0.0
9.38512731481,334977.0,32606.0,10.2734772741,756.0,64376.0,65283.0,31.0,1347.0,2683.0,1469.0,6477.0,10331.0,7486.0,2531.0,257.0,22.0,3.0,0.0,0.0,0.0,0.0,0.0,0.0,0.0,0.0,0.0,0.0,0.0,0.0,0.0,0.0,0.0,0.0,0.0,0.0,0.0,0.0
9.38929398148,332172.0,32607.0,10.1871377312,756.0,64376.0,65292.0,35.0,1343.0,2670.0,1507.0,6548.0,10345.0,7524.0,2416.0,214.0,32.0,8.0,0.0,0.0,0.0,0.0,0.0,0.0,0.0,0.0,0.0,0.0,0.0,0.0,0.0,0.0,0.0,0.0,0.0,0.0,0.0,0.0
9.39346064815,332637.0,32600.0,10.2035889571,756.0,64376.0,65283.0,36.0,1384.0,2693.0,1550.0,6481.0,10229.0,7553.0,2442.0,234.0,28.0,6.0,0.0,0.0,0.0,0.0,0.0,0.0,0.0,0.0,0.0,0.0,0.0,0.0,0.0,0.0,0.0,0.0,0.0,0.0,0.0,0.0
9.39762731481,333207.0,32616.0,10.2160596026,756.0,64376.0,65283.0,35.0,1375.0,2681.0,1473.0,6521.0,10253.0,7501.0,2558.0,239.0,12.0,3.0,0.0,0.0,0.0,0.0,0.0,0.0,0.0,0.0,0.0,0.0,0.0,0.0,0.0,0.0,0.0,0.0,0.0,0.0,0.0,0.0
9.40179398148,334356.0,32604.0,10.2550607287,756.0,64376.0,65286.0,32.0,1305.0,2604.0,1510.0,6465.0,10267.0,7744.0,2446.0,240.0,21.0,2.0,0.0,0.0,0.0,0.0,0.0,0.0,0.0,0.0,0.0,0.0,0.0,0.0,0.0,0.0,0.0,0.0,0.0,0.0,0.0,0.0
9.40596064815,334743.0,32604.0,10.266930438,756.0,64376.0,65286.0,33.0,1320.0,2607.0,1430.0,6575.0,10240.0,7718.0,2457.0,226.0,27.0,4.0,0.0,0.0,0.0,0.0,0.0,0.0,0.0,0.0,0.0,0.0,0.0,0.0,0.0,0.0,0.0,0.0,0.0,0.0,0.0,0.0
9.41012731481,337852.0,32597.0,10.3645120717,756.0,64374.0,65280.0,33.0,1274.0,2554.0,1471.0,6333.0,10278.0,7878.0,2576.0,215.0,16.0,2.0,0.0,0.0,0.0,0.0,0.0,0.0,0.0,0.0,0.0,0.0,0.0,0.0,0.0,0.0,0.0,0.0,0.0,0.0,0.0,0.0
9.41429398148,340977.0,32602.0,10.4587755352,756.0,64377.0,65283.0,35.0,1252.0,2557.0,1448.0,6353.0,10390.0,7783.0,2536.0,247.0,29.0,7.0,0.0,0.0,0.0,0.0,0.0,0.0,0.0,0.0,0.0,0.0,0.0,0.0,0.0,0.0,0.0,0.0,0.0,0.0,0.0,0.0
9.41846064815,338318.0,32593.0,10.3800816126,751.0,64380.0,65280.0,36.0,1196.0,2454.0,1374.0,6593.0,10357.0,7945.0,2414.0,225.0,30.0,5.0,0.0,0.0,0.0,0.0,0.0,0.0,0.0,0.0,0.0,0.0,0.0,0.0,0.0,0.0,0.0,0.0,0.0,0.0,0.0,0.0
9.42262731481,338685.0,32600.0,10.3891104294,756.0,64379.0,65281.0,35.0,1239.0,2419.0,1311.0,6687.0,10288.0,7905.0,2492.0,233.0,25.0,1.0,0.0,0.0,0.0,0.0,0.0,0.0,0.0,0.0,0.0,0.0,0.0,0.0,0.0,0.0,0.0,0.0,0.0,0.0,0.0,0.0
9.42679398148,335769.0,32591.0,10.302506827,758.0,64377.0,65280.0,39.0,1117.0,2261.0,1370.0,6652.0,10620.0,8010.0,2319.0,223.0,18.0,1.0,0.0,0.0,0.0,0.0,0.0,0.0,0.0,0.0,0.0,0.0,0.0,0.0,0.0,0.0,0.0,0.0,0.0,0.0,0.0,0.0
9.43096064815,340788.0,32591.0,10.4565063975,750.0,64377.0,65280.0,39.0,1113.0,2338.0,1375.0,6549.0,10418.0,8079.0,2470.0,225.0,21.0,3.0,0.0,0.0,0.0,0.0,0.0,0.0,0.0,0.0,0.0,0.0,0.0,0.0,0.0,0.0,0.0,0.0,0.0,0.0,0.0,0.0
9.43512731481,339133.0,32598.0,10.4034910117,753.0,64375.0,65283.0,31.0,1218.0,2339.0,1419.0,6605.0,10362.0,7978.0,2389.0,259.0,27.0,2.0,0.0,0.0,0.0,0.0,0.0,0.0,0.0,0.0,0.0,0.0,0.0,0.0,0.0,0.0,0.0,0.0,0.0,0.0,0.0,0.0
9.43929398148,343857.0,32589.0,10.5513209979,756.0,64375.0,65280.0,35.0,1148.0,2275.0,1361.0,6457.0,10417.0,8230.0,2443.0,224.0,25.0,9.0,0.0,0.0,0.0,0.0,0.0,0.0,0.0,0.0,0.0,0.0,0.0,0.0,0.0,0.0,0.0,0.0,0.0,0.0,0.0,0.0
9.44346064815,346633.0,32600.0,10.6329141104,754.0,64380.0,65281.0,31.0,1106.0,2315.0,1411.0,6502.0,10306.0,8133.0,2564.0,218.0,36.0,9.0,0.0,0.0,0.0,0.0,0.0,0.0,0.0,0.0,0.0,0.0,0.0,0.0,0.0,0.0,0.0,0.0,0.0,0.0,0.0,0.0
9.44762731481,350897.0,32595.0,10.7653627857,751.0,64376.0,65283.0,35.0,1061.0,2311.0,1351.0,6177.0,10415.0,8366.0,2644.0,245.0,21.0,4.0,0.0,0.0,0.0,0.0,0.0,0.0,0.0,0.0,0.0,0.0,0.0,0.0,0.0,0.0,0.0,0.0,0.0,0.0,0.0,0.0
9.45179398148,348132.0,32594.0,10.6808615083,758.0,64377.0,65279.0,35.0,1130.0,2336.0,1310.0,6420.0,10371.0,8180.0,2567.0,244.0,26.0,10.0,0.0,0.0,0.0,0.0,0.0,0.0,0.0,0.0,0.0,0.0,0.0,0.0,0.0,0.0,0.0,0.0,0.0,0.0,0.0,0.0
9.45596064815,345979.0,32587.0,10.6170865683,754.0,64380.0,65279.0,33.0,1157.0,2401.0,1437.0,6226.0,10391.0,8156.0,2551.0,231.0,29.0,8.0,0.0,0.0,0.0,0.0,0.0,0.0,0.0,0.0,0.0,0.0,0.0,0.0,0.0,0.0,0.0,0.0,0.0,0.0,0.0,0.0
9.46012731481,347408.0,32586.0,10.6612655742,753.0,64376.0,65283.0,35.0,1149.0,2388.0,1412.0,6313.0,10240.0,8193.0,2630.0,225.0,30.0,6.0,0.0,0.0,0.0,0.0,0.0,0.0,0.0,0.0,0.0,0.0,0.0,0.0,0.0,0.0,0.0,0.0,0.0,0.0,0.0,0.0
9.46429398148,347520.0,32590.0,10.663393679,750.0,64376.0,65283.0,32.0,1160.0,2390.0,1325.0,6430.0,10157.0,8219.0,2638.0,246.0,20.0,5.0,0.0,0.0,0.0,0.0,0.0,0.0,0.0,0.0,0.0,0.0,0.0,0.0,0.0,0.0,0.0,0.0,0.0,0.0,0.0,0.0
9.46846064815,350804.0,32590.0,10.7641607855,750.0,64377.0,65283.0,35.0,1101.0,2316.0,1374.0,6321.0,10225.0,8282.0,2711.0,233.0,19.0,8.0,0.0,0.0,0.0,0.0,0.0,0.0,0.0,0.0,0.0,0.0,0.0,0.0,0.0,0.0,0.0,0.0,0.0,0.0,0.0,0.0
9.47262731481,351967.0,32586.0,10.8011722826,756.0,64376.0,65281.0,35.0,1170.0,2403.0,1262.0,6292.0,10126.0,8294.0,2788.0,222.0,21.0,8.0,0.0,0.0,0.0,0.0,0.0,0.0,0.0,0.0,0.0,0.0,0.0,0.0,0.0,0.0,0.0,0.0,0.0,0.0,0.0,0.0
9.47679398148,350169.0,32594.0,10.7433576732,756.0,64380.0,65284.0,35.0,1180.0,2337.0,1280.0,6248.0,10189.0,8409.0,2705.0,222.0,21.0,3.0,0.0,0.0,0.0,0.0,0.0,0.0,0.0,0.0,0.0,0.0,0.0,0.0,0.0,0.0,0.0,0.0,0.0,0.0,0.0,0.0
9.48096064815,350583.0,32593.0,10.7563894088,751.0,64379.0,65281.0,31.0,1094.0,2291.0,1284.0,6327.0,10428.0,8222.0,2675.0,240.0,29.0,3.0,0.0,0.0,0.0,0.0,0.0,0.0,0.0,0.0,0.0,0.0,0.0,0.0,0.0,0.0,0.0,0.0,0.0,0.0,0.0,0.0
9.48512731481,349565.0,32603.0,10.7218660859,753.0,64383.0,65281.0,31.0,1137.0,2263.0,1301.0,6259.0,10384.0,8343.0,2668.0,229.0,14.0,5.0,0.0,0.0,0.0,0.0,0.0,0.0,0.0,0.0,0.0,0.0,0.0,0.0,0.0,0.0,0.0,0.0,0.0,0.0,0.0,0.0
9.48929398148,347913.0,32598.0,10.6728326891,754.0,64376.0,65283.0,32.0,1186.0,2309.0,1346.0,6168.0,10476.0,8224.0,2632.0,231.0,22.0,4.0,0.0,0.0,0.0,0.0,0.0,0.0,0.0,0.0,0.0,0.0,0.0,0.0,0.0,0.0,0.0,0.0,0.0,0.0,0.0,0.0
9.49346064815,348913.0,32593.0,10.7051514129,756.0,64376.0,65283.0,31.0,1156.0,2337.0,1306.0,6227.0,10390.0,8270.0,2648.0,235.0,18.0,6.0,0.0,0.0,0.0,0.0,0.0,0.0,0.0,0.0,0.0,0.0,0.0,0.0,0.0,0.0,0.0,0.0,0.0,0.0,0.0,0.0
9.49762731481,347990.0,32596.0,10.6758497975,753.0,64383.0,65280.0,32.0,1169.0,2236.0,1287.0,6325.0,10383.0,8274.0,2681.0,224.0,16.0,1.0,0.0,0.0,0.0,0.0,0.0,0.0,0.0,0.0,0.0,0.0,0.0,0.0,0.0,0.0,0.0,0.0,0.0,0.0,0.0,0.0
9.50179398148,373015.0,32594.0,11.4442842241,753.0,64376.0,65286.0,38.0,1203.0,2399.0,1536.0,5172.0,9927.0,8775.0,3282.0,266.0,29.0,5.0,0.0,0.0,0.0,0.0,0.0,0.0,0.0,0.0,0.0,0.0,0.0,0.0,0.0,0.0,0.0,0.0,0.0,0.0,0.0,0.0
9.50596064815,405824.0,32590.0,12.4524087143,754.0,64376.0,65286.0,34.0,839.0,1910.0,1941.0,3698.0,9451.0,10810.0,3659.0,260.0,21.0,1.0,0.0,0.0,0.0,0.0,0.0,0.0,0.0,0.0,0.0,0.0,0.0,0.0,0.0,0.0,0.0,0.0,0.0,0.0,0.0,0.0
9.51012731481,396735.0,32591.0,12.1731459605,759.0,64376.0,65286.0,33.0,853.0,2061.0,1911.0,4111.0,9337.0,10576.0,3476.0,241.0,20.0,5.0,0.0,0.0,0.0,0.0,0.0,0.0,0.0,0.0,0.0,0.0,0.0,0.0,0.0,0.0,0.0,0.0,0.0,0.0,0.0,0.0
9.51429398148,403611.0,32592.0,12.3837444772,754.0,64377.0,65283.0,33.0,793.0,1905.0,1881.0,4070.0,9402.0,10677.0,3562.0,274.0,24.0,4.0,0.0,0.0,0.0,0.0,0.0,0.0,0.0,0.0,0.0,0.0,0.0,0.0,0.0,0.0,0.0,0.0,0.0,0.0,0.0,0.0
9.51846064815,411478.0,32606.0,12.6197018954,756.0,64376.0,65281.0,38.0,754.0,1822.0,1828.0,3878.0,9371.0,10970.0,3673.0,275.0,32.0,3.0,0.0,0.0,0.0,0.0,0.0,0.0,0.0,0.0,0.0,0.0,0.0,0.0,0.0,0.0,0.0,0.0,0.0,0.0,0.0,0.0
9.52262731481,411790.0,32605.0,12.6296580279,756.0,64377.0,65287.0,31.0,659.0,1764.0,1723.0,4101.0,9456.0,10914.0,3678.0,279.0,28.0,3.0,0.0,0.0,0.0,0.0,0.0,0.0,0.0,0.0,0.0,0.0,0.0,0.0,0.0,0.0,0.0,0.0,0.0,0.0,0.0,0.0
9.52679398148,413345.0,32595.0,12.6812394539,756.0,64377.0,65287.0,35.0,675.0,1685.0,1650.0,4078.0,9422.0,11124.0,3662.0,268.0,28.0,3.0,0.0,0.0,0.0,0.0,0.0,0.0,0.0,0.0,0.0,0.0,0.0,0.0,0.0,0.0,0.0,0.0,0.0,0.0,0.0,0.0
9.53096064815,411185.0,32601.0,12.6126499187,756.0,64377.0,65287.0,33.0,622.0,1741.0,1712.0,4111.0,9479.0,11031.0,3591.0,285.0,26.0,3.0,0.0,0.0,0.0,0.0,0.0,0.0,0.0,0.0,0.0,0.0,0.0,0.0,0.0,0.0,0.0,0.0,0.0,0.0,0.0,0.0
9.53512731481,412722.0,32603.0,12.6590191087,754.0,64374.0,65287.0,30.0,637.0,1682.0,1694.0,4027.0,9559.0,11056.0,3662.0,258.0,21.0,7.0,0.0,0.0,0.0,0.0,0.0,0.0,0.0,0.0,0.0,0.0,0.0,0.0,0.0,0.0,0.0,0.0,0.0,0.0,0.0,0.0
9.53929398148,414008.0,32594.0,12.7019696877,758.0,64380.0,65283.0,31.0,597.0,1570.0,1629.0,3975.0,9614.0,11305.0,3640.0,241.0,18.0,5.0,0.0,0.0,0.0,0.0,0.0,0.0,0.0,0.0,0.0,0.0,0.0,0.0,0.0,0.0,0.0,0.0,0.0,0.0,0.0,0.0
9.54346064815,412367.0,32599.0,12.6496825056,759.0,64376.0,65283.0,36.0,622.0,1571.0,1606.0,4164.0,9512.0,11357.0,3492.0,236.0,29.0,10.0,0.0,0.0,0.0,0.0,0.0,0.0,0.0,0.0,0.0,0.0,0.0,0.0,0.0,0.0,0.0,0.0,0.0,0.0,0.0,0.0
9.54762731481,409087.0,32602.0,12.5479111711,761.0,64376.0,65284.0,30.0,546.0,1627.0,1834.0,4112.0,9470.0,11256.0,3497.0,226.0,28.0,6.0,0.0,0.0,0.0,0.0,0.0,0.0,0.0,0.0,0.0,0.0,0.0,0.0,0.0,0.0,0.0,0.0,0.0,0.0,0.0,0.0
9.55179398148,402211.0,32603.0,12.3366254639,759.0,64380.0,65283.0,34.0,481.0,1589.0,2181.0,4251.0,9099.0,11486.0,3256.0,233.0,26.0,1.0,0.0,0.0,0.0,0.0,0.0,0.0,0.0,0.0,0.0,0.0,0.0,0.0,0.0,0.0,0.0,0.0,0.0,0.0,0.0,0.0
9.55596064815,386328.0,32596.0,11.8520063812,759.0,64376.0,65287.0,31.0,560.0,1780.0,2464.0,4555.0,8867.0,11126.0,3028.0,195.0,18.0,3.0,0.0,0.0,0.0,0.0,0.0,0.0,0.0,0.0,0.0,0.0,0.0,0.0,0.0,0.0,0.0,0.0,0.0,0.0,0.0,0.0
9.56012731481,376622.0,32611.0,11.5489252093,759.0,64376.0,65287.0,28.0,552.0,1924.0,2869.0,4756.0,8640.0,10773.0,2885.0,178.0,31.0,3.0,0.0,0.0,0.0,0.0,0.0,0.0,0.0,0.0,0.0,0.0,0.0,0.0,0.0,0.0,0.0,0.0,0.0,0.0,0.0,0.0
9.56429398148,366956.0,32610.0,11.2528672186,761.0,64376.0,65286.0,31.0,627.0,1982.0,3129.0,4859.0,8446.0,10694.0,2684.0,158.0,26.0,5.0,0.0,0.0,0.0,0.0,0.0,0.0,0.0,0.0,0.0,0.0,0.0,0.0,0.0,0.0,0.0,0.0,0.0,0.0,0.0,0.0
9.56846064815,385621.0,32613.0,11.8241498789,761.0,64376.0,65288.0,28.0,490.0,1777.0,2688.0,4571.0,8761.0,11129.0,2983.0,181.0,27.0,6.0,0.0,0.0,0.0,0.0,0.0,0.0,0.0,0.0,0.0,0.0,0.0,0.0,0.0,0.0,0.0,0.0,0.0,0.0,0.0,0.0
9.57262731481,388449.0,32617.0,11.909403072,762.0,64375.0,65284.0,31.0,481.0,1669.0,2626.0,4424.0,8933.0,11267.0,3013.0,167.0,35.0,2.0,0.0,0.0,0.0,0.0,0.0,0.0,0.0,0.0,0.0,0.0,0.0,0.0,0.0,0.0,0.0,0.0,0.0,0.0,0.0,0.0
9.57679398148,386042.0,32613.0,11.8370588416,762.0,64376.0,65281.0,32.0,519.0,1738.0,2636.0,4528.0,8729.0,11269.0,2990.0,178.0,23.0,3.0,0.0,0.0,0.0,0.0,0.0,0.0,0.0,0.0,0.0,0.0,0.0,0.0,0.0,0.0,0.0,0.0,0.0,0.0,0.0,0.0
9.58096064815,383482.0,32615.0,11.757841484,762.0,64375.0,65283.0,32.0,536.0,1762.0,2622.0,4609.0,8805.0,11075.0,3008.0,179.0,17.0,2.0,0.0,0.0,0.0,0.0,0.0,0.0,0.0,0.0,0.0,0.0,0.0,0.0,0.0,0.0,0.0,0.0,0.0,0.0,0.0,0.0
9.58512731481,384215.0,32615.0,11.7803158056,762.0,64376.0,65287.0,31.0,571.0,1741.0,2685.0,4564.0,8940.0,10876.0,3027.0,177.0,28.0,6.0,0.0,0.0,0.0,0.0,0.0,0.0,0.0,0.0,0.0,0.0,0.0,0.0,0.0,0.0,0.0,0.0,0.0,0.0,0.0,0.0
9.58929398148,378124.0,32613.0,11.5942722227,762.0,64383.0,65283.0,31.0,534.0,1804.0,2720.0,4666.0,8815.0,11008.0,2893.0,147.0,24.0,2.0,0.0,0.0,0.0,0.0,0.0,0.0,0.0,0.0,0.0,0.0,0.0,0.0,0.0,0.0,0.0,0.0,0.0,0.0,0.0,0.0
9.59346064815,369786.0,32625.0,11.3344367816,764.0,64376.0,65287.0,31.0,796.0,2080.0,2507.0,4761.0,9034.0,10469.0,2780.0,169.0,26.0,3.0,0.0,0.0,0.0,0.0,0.0,0.0,0.0,0.0,0.0,0.0,0.0,0.0,0.0,0.0,0.0,0.0,0.0,0.0,0.0,0.0
9.59762731481,358309.0,32628.0,10.9816415349,762.0,64376.0,65287.0,35.0,993.0,2285.0,2430.0,5039.0,9062.0,9999.0,2611.0,186.0,22.0,1.0,0.0,0.0,0.0,0.0,0.0,0.0,0.0,0.0,0.0,0.0,0.0,0.0,0.0,0.0,0.0,0.0,0.0,0.0,0.0,0.0
9.60179398148,351598.0,32614.0,10.7805850248,764.0,64376.0,65287.0,35.0,1048.0,2390.0,2512.0,5098.0,9084.0,9865.0,2399.0,188.0,25.0,5.0,0.0,0.0,0.0,0.0,0.0,0.0,0.0,0.0,0.0,0.0,0.0,0.0,0.0,0.0,0.0,0.0,0.0,0.0,0.0,0.0
9.60596064815,350560.0,32630.0,10.7434875881,764.0,64377.0,65284.0,33.0,964.0,2464.0,2374.0,5265.0,9150.0,9840.0,2364.0,180.0,23.0,6.0,0.0,0.0,0.0,0.0,0.0,0.0,0.0,0.0,0.0,0.0,0.0,0.0,0.0,0.0,0.0,0.0,0.0,0.0,0.0,0.0
9.61012731481,348777.0,32629.0,10.6891722088,769.0,64383.0,65284.0,31.0,966.0,2559.0,2561.0,5166.0,8906.0,9910.0,2334.0,207.0,19.0,1.0,0.0,0.0,0.0,0.0,0.0,0.0,0.0,0.0,0.0,0.0,0.0,0.0,0.0,0.0,0.0,0.0,0.0,0.0,0.0,0.0
9.61429398148,350988.0,32632.0,10.7559450846,769.0,64376.0,65286.0,36.0,941.0,2426.0,2453.0,5420.0,8981.0,9823.0,2351.0,207.0,25.0,5.0,0.0,0.0,0.0,0.0,0.0,0.0,0.0,0.0,0.0,0.0,0.0,0.0,0.0,0.0,0.0,0.0,0.0,0.0,0.0,0.0
9.61846064815,348792.0,32614.0,10.6945483535,764.0,64377.0,65286.0,39.0,1067.0,2476.0,2454.0,5272.0,9030.0,9699.0,2405.0,187.0,17.0,7.0,0.0,0.0,0.0,0.0,0.0,0.0,0.0,0.0,0.0,0.0,0.0,0.0,0.0,0.0,0.0,0.0,0.0,0.0,0.0,0.0
9.62262731481,346166.0,32630.0,10.6088262335,769.0,64376.0,65283.0,38.0,1271.0,2698.0,2246.0,5216.0,9138.0,9373.0,2460.0,201.0,27.0,0.0,0.0,0.0,0.0,0.0,0.0,0.0,0.0,0.0,0.0,0.0,0.0,0.0,0.0,0.0,0.0,0.0,0.0,0.0,0.0,0.0
9.62679398148,350716.0,32638.0,10.7456339236,772.0,64379.0,65287.0,33.0,1276.0,2660.0,2098.0,4625.0,9970.0,9252.0,2539.0,195.0,16.0,7.0,0.0,0.0,0.0,0.0,0.0,0.0,0.0,0.0,0.0,0.0,0.0,0.0,0.0,0.0,0.0,0.0,0.0,0.0,0.0,0.0
9.63096064815,359980.0,32647.0,11.0264342819,772.0,64376.0,65287.0,35.0,1100.0,2426.0,2333.0,3672.0,10373.0,10093.0,2449.0,174.0,21.0,6.0,0.0,0.0,0.0,0.0,0.0,0.0,0.0,0.0,0.0,0.0,0.0,0.0,0.0,0.0,0.0,0.0,0.0,0.0,0.0,0.0
9.63512731481,407272.0,32633.0,12.4803726289,774.0,64379.0,65288.0,31.0,668.0,1858.0,2007.0,3450.0,9762.0,11096.0,3538.0,223.0,27.0,4.0,0.0,0.0,0.0,0.0,0.0,0.0,0.0,0.0,0.0,0.0,0.0,0.0,0.0,0.0,0.0,0.0,0.0,0.0,0.0,0.0
9.63929398148,423269.0,32646.0,12.9654168964,774.0,64375.0,65288.0,38.0,890.0,1857.0,1490.0,3306.0,9701.0,11259.0,3816.0,276.0,42.0,9.0,0.0,0.0,0.0,0.0,0.0,0.0,0.0,0.0,0.0,0.0,0.0,0.0,0.0,0.0,0.0,0.0,0.0,0.0,0.0,0.0
9.64346064815,287248.0,32651.0,8.79752534379,774.0,64376.0,65289.0,35.0,4944.0,4944.0,4944.0,4944.0,4944.0,4944.0,2689.0,235.0,49.0,6.0,1.0,0.0,2.0,1.0,0.0,1.0,0.0,0.0,0.0,0.0,0.0,0.0,0.0,0.0,0.0,0.0,0.0,0.0,0.0,0.0
9.64762731481,308165.0,32647.0,9.43930529605,774.0,64376.0,65292.0,28.0,1329.0,2613.0,2036.0,5380.0,11669.0,8041.0,1429.0,113.0,35.0,2.0,0.0,0.0,0.0,0.0,0.0,0.0,0.0,0.0,0.0,0.0,0.0,0.0,0.0,0.0,0.0,0.0,0.0,0.0,0.0,0.0
9.65179398148,287240.0,32648.0,8.79808870375,774.0,64375.0,65292.0,28.0,1472.0,3444.0,2976.0,4811.0,11333.0,7206.0,1261.0,108.0,32.0,5.0,0.0,0.0,0.0,0.0,0.0,0.0,0.0,0.0,0.0,0.0,0.0,0.0,0.0,0.0,0.0,0.0,0.0,0.0,0.0,0.0
9.65596064815,257526.0,32654.0,7.88650701292,775.0,64375.0,65292.0,33.0,2152.0,4476.0,3681.0,4610.0,10446.0,6078.0,1051.0,130.0,25.0,5.0,0.0,0.0,0.0,0.0,0.0,0.0,0.0,0.0,0.0,0.0,0.0,0.0,0.0,0.0,0.0,0.0,0.0,0.0,0.0,0.0
9.66012731481,229342.0,32650.0,7.02425727412,777.0,64376.0,65292.0,36.0,2990.0,5592.0,3787.0,4886.0,9165.0,5175.0,928.0,93.0,30.0,4.0,0.0,0.0,0.0,0.0,0.0,0.0,0.0,0.0,0.0,0.0,0.0,0.0,0.0,0.0,0.0,0.0,0.0,0.0,0.0,0.0
9.66429398148,222349.0,32668.0,6.80632423166,777.0,64375.0,65297.0,31.0,3205.0,5627.0,3801.0,5374.0,8891.0,4755.0,855.0,124.0,32.0,4.0,0.0,0.0,0.0,0.0,0.0,0.0,0.0,0.0,0.0,0.0,0.0,0.0,0.0,0.0,0.0,0.0,0.0,0.0,0.0,0.0
9.66846064815,223897.0,32659.0,6.85559876297,775.0,64371.0,65297.0,28.0,3062.0,5663.0,3693.0,5896.0,8484.0,4740.0,959.0,131.0,27.0,4.0,0.0,0.0,0.0,0.0,0.0,0.0,0.0,0.0,0.0,0.0,0.0,0.0,0.0,0.0,0.0,0.0,0.0,0.0,0.0,0.0
9.67262731481,226028.0,32667.0,6.91915388618,777.0,64374.0,65294.0,35.0,2890.0,5480.0,3800.0,6063.0,8521.0,4827.0,911.0,139.0,31.0,5.0,0.0,0.0,0.0,0.0,0.0,0.0,0.0,0.0,0.0,0.0,0.0,0.0,0.0,0.0,0.0,0.0,0.0,0.0,0.0,0.0
9.67679398148,228804.0,32661.0,7.00541930743,779.0,64378.0,65296.0,32.0,2854.0,5388.0,3802.0,5947.0,8675.0,4832.0,986.0,149.0,23.0,5.0,0.0,0.0,0.0,0.0,0.0,0.0,0.0,0.0,0.0,0.0,0.0,0.0,0.0,0.0,0.0,0.0,0.0,0.0,0.0,0.0
9.68096064815,229600.0,32668.0,7.02828455981,782.0,64375.0,65295.0,28.0,2809.0,5356.0,3854.0,5822.0,8762.0,4921.0,994.0,105.0,44.0,1.0,0.0,0.0,0.0,0.0,0.0,0.0,0.0,0.0,0.0,0.0,0.0,0.0,0.0,0.0,0.0,0.0,0.0,0.0,0.0,0.0
9.68512731481,232828.0,32667.0,7.1273150274,782.0,64377.0,65295.0,31.0,2664.0,5262.0,3757.0,5889.0,8882.0,5128.0,920.0,122.0,38.0,5.0,0.0,0.0,0.0,0.0,0.0,0.0,0.0,0.0,0.0,0.0,0.0,0.0,0.0,0.0,0.0,0.0,0.0,0.0,0.0,0.0
9.68929398148,230974.0,32669.0,7.07012764394,782.0,64376.0,65295.0,32.0,2661.0,5230.0,3866.0,6083.0,8590.0,5092.0,991.0,130.0,25.0,1.0,0.0,0.0,0.0,0.0,0.0,0.0,0.0,0.0,0.0,0.0,0.0,0.0,0.0,0.0,0.0,0.0,0.0,0.0,0.0,0.0
9.69346064815,236611.0,32673.0,7.24178985707,785.0,64375.0,65292.0,30.0,2527.0,5097.0,3925.0,6008.0,8760.0,5131.0,1073.0,111.0,35.0,6.0,0.0,0.0,0.0,0.0,0.0,0.0,0.0,0.0,0.0,0.0,0.0,0.0,0.0,0.0,0.0,0.0,0.0,0.0,0.0,0.0
9.69762731481,231643.0,32667.0,7.09103988735,785.0,64375.0,65295.0,31.0,2463.0,5151.0,3910.0,6036.0,8928.0,5090.0,950.0,110.0,25.0,4.0,0.0,0.0,0.0,0.0,0.0,0.0,0.0,0.0,0.0,0.0,0.0,0.0,0.0,0.0,0.0,0.0,0.0,0.0,0.0,0.0
9.70179398148,235351.0,32670.0,7.20388735843,787.0,64376.0,65295.0,31.0,2298.0,5053.0,4045.0,6252.0,8768.0,5075.0,1015.0,131.0,27.0,6.0,0.0,0.0,0.0,0.0,0.0,0.0,0.0,0.0,0.0,0.0,0.0,0.0,0.0,0.0,0.0,0.0,0.0,0.0,0.0,0.0
9.70596064815,235933.0,32672.0,7.22125979432,787.0,64374.0,65295.0,31.0,2324.0,5049.0,4072.0,6247.0,8603.0,5218.0,996.0,122.0,37.0,4.0,0.0,0.0,0.0,0.0,0.0,0.0,0.0,0.0,0.0,0.0,0.0,0.0,0.0,0.0,0.0,0.0,0.0,0.0,0.0,0.0
9.71012731481,239112.0,32674.0,7.31811226051,787.0,64379.0,65295.0,31.0,2131.0,4748.0,3960.0,6473.0,8849.0,5308.0,1057.0,124.0,24.0,0.0,0.0,0.0,0.0,0.0,0.0,0.0,0.0,0.0,0.0,0.0,0.0,0.0,0.0,0.0,0.0,0.0,0.0,0.0,0.0,0.0
9.71429398148,249892.0,32683.0,7.64593213597,792.0,64376.0,65295.0,33.0,1857.0,4402.0,3973.0,6584.0,8775.0,5883.0,1053.0,118.0,32.0,6.0,0.0,0.0,0.0,0.0,0.0,0.0,0.0,0.0,0.0,0.0,0.0,0.0,0.0,0.0,0.0,0.0,0.0,0.0,0.0,0.0
9.71846064815,256706.0,32678.0,7.85562151906,787.0,64376.0,65295.0,35.0,1674.0,4184.0,3999.0,6539.0,8912.0,6004.0,1212.0,121.0,31.0,2.0,0.0,0.0,0.0,0.0,0.0,0.0,0.0,0.0,0.0,0.0,0.0,0.0,0.0,0.0,0.0,0.0,0.0,0.0,0.0,0.0
9.72262731481,264417.0,32685.0,8.08985773291,788.0,64380.0,65295.0,32.0,1638.0,4037.0,3778.0,6416.0,8941.0,6491.0,1228.0,125.0,27.0,4.0,0.0,0.0,0.0,0.0,0.0,0.0,0.0,0.0,0.0,0.0,0.0,0.0,0.0,0.0,0.0,0.0,0.0,0.0,0.0,0.0
9.72679398148,272218.0,32682.0,8.32929441283,788.0,64376.0,65295.0,31.0,1489.0,3774.0,3816.0,6231.0,9148.0,6795.0,1271.0,122.0,29.0,7.0,0.0,0.0,0.0,0.0,0.0,0.0,0.0,0.0,0.0,0.0,0.0,0.0,0.0,0.0,0.0,0.0,0.0,0.0,0.0,0.0
9.73096064815,281547.0,32679.0,8.61553291104,790.0,64375.0,65294.0,31.0,1304.0,3717.0,3683.0,6232.0,9024.0,7104.0,1445.0,138.0,28.0,4.0,0.0,0.0,0.0,0.0,0.0,0.0,0.0,0.0,0.0,0.0,0.0,0.0,0.0,0.0,0.0,0.0,0.0,0.0,0.0,0.0
9.73512731481,280081.0,32694.0,8.56674007463,793.0,64372.0,65295.0,36.0,1378.0,3633.0,3742.0,6213.0,9016.0,7171.0,1373.0,130.0,37.0,1.0,0.0,0.0,0.0,0.0,0.0,0.0,0.0,0.0,0.0,0.0,0.0,0.0,0.0,0.0,0.0,0.0,0.0,0.0,0.0,0.0
9.73929398148,287692.0,32665.0,8.80734731364,792.0,64375.0,65295.0,35.0,1315.0,3524.0,3488.0,6162.0,9066.0,7465.0,1467.0,151.0,23.0,4.0,0.0,0.0,0.0,0.0,0.0,0.0,0.0,0.0,0.0,0.0,0.0,0.0,0.0,0.0,0.0,0.0,0.0,0.0,0.0,0.0
9.74346064815,286873.0,32714.0,8.76912025433,790.0,64375.0,65296.0,35.0,1294.0,3457.0,3694.0,6233.0,9021.0,7367.0,1478.0,133.0,33.0,4.0,0.0,0.0,0.0,0.0,0.0,0.0,0.0,0.0,0.0,0.0,0.0,0.0,0.0,0.0,0.0,0.0,0.0,0.0,0.0,0.0
9.74762731481,290883.0,32683.0,8.90013156687,793.0,64375.0,65299.0,30.0,1159.0,3305.0,3535.0,6149.0,9271.0,7621.0,1487.0,129.0,23.0,4.0,0.0,0.0,0.0,0.0,0.0,0.0,0.0,0.0,0.0,0.0,0.0,0.0,0.0,0.0,0.0,0.0,0.0,0.0,0.0,0.0
9.75179398148,293268.0,32673.0,8.9758516206,793.0,64376.0,65295.0,30.0,1202.0,3252.0,3498.0,6053.0,9265.0,7765.0,1479.0,121.0,34.0,4.0,0.0,0.0,0.0,0.0,0.0,0.0,0.0,0.0,0.0,0.0,0.0,0.0,0.0,0.0,0.0,0.0,0.0,0.0,0.0,0.0
9.75596064815,249970.0,27256.0,9.17119166422,798.0,64377.0,65295.0,35.0,965.0,2650.0,2876.0,4950.0,7723.0,6663.0,1262.0,135.0,30.0,2.0,0.0,0.0,0.0,0.0,0.0,0.0,0.0,0.0,0.0,0.0,0.0,0.0,0.0,0.0,0.0,0.0,0.0,0.0,0.0,0.0
9.76783564815,329032.0,32705.0,10.0606023544,795.0,64372.0,65296.0,31.0,1006.0,2580.0,2528.0,5889.0,9804.0,8815.0,1861.0,168.0,45.0,9.0,0.0,0.0,0.0,0.0,0.0,0.0,0.0,0.0,0.0,0.0,0.0,0.0,0.0,0.0,0.0,0.0,0.0,0.0,0.0,0.0
9.77200231481,348640.0,32682.0,10.6676457989,795.0,64376.0,65297.0,31.0,908.0,2268.0,2262.0,5698.0,9852.0,9315.0,2090.0,220.0,58.0,11.0,0.0,0.0,0.0,0.0,0.0,0.0,0.0,0.0,0.0,0.0,0.0,0.0,0.0,0.0,0.0,0.0,0.0,0.0,0.0,0.0
9.77616898148,325668.0,32707.0,9.95713455835,798.0,64374.0,65296.0,32.0,1503.0,2634.0,1811.0,6215.0,10331.0,7882.0,2099.0,193.0,29.0,10.0,0.0,0.0,0.0,0.0,0.0,0.0,0.0,0.0,0.0,0.0,0.0,0.0,0.0,0.0,0.0,0.0,0.0,0.0,0.0,0.0
9.78033564815,272228.0,32666.0,8.33368027919,800.0,64369.0,65312.0,31.0,1719.0,3728.0,3382.0,7024.0,8545.0,6822.0,1238.0,168.0,35.0,5.0,0.0,0.0,0.0,0.0,0.0,0.0,0.0,0.0,0.0,0.0,0.0,0.0,0.0,0.0,0.0,0.0,0.0,0.0,0.0,0.0
9.78450231481,264849.0,32707.0,8.09762436176,798.0,64368.0,65321.0,33.0,4895.0,4895.0,4895.0,4895.0,4895.0,7010.0,959.0,189.0,41.0,16.0,9.0,0.0,1.0,3.0,1.0,0.0,0.0,0.0,0.0,0.0,0.0,0.0,0.0,0.0,0.0,0.0,0.0,0.0,0.0,0.0
9.78866898148,277115.0,32720.0,8.46928484108,800.0,64369.0,65324.0,32.0,1232.0,3233.0,2911.0,7781.0,9159.0,6945.0,1314.0,128.0,16.0,1.0,0.0,0.0,0.0,0.0,0.0,0.0,0.0,0.0,0.0,0.0,0.0,0.0,0.0,0.0,0.0,0.0,0.0,0.0,0.0,0.0
9.79283564815,273097.0,32703.0,8.35082408342,801.0,64371.0,65323.0,28.0,1195.0,3317.0,3008.0,7879.0,9391.0,6502.0,1249.0,129.0,28.0,5.0,0.0,0.0,0.0,0.0,0.0,0.0,0.0,0.0,0.0,0.0,0.0,0.0,0.0,0.0,0.0,0.0,0.0,0.0,0.0,0.0
9.79700231481,273296.0,32726.0,8.35103587362,801.0,64369.0,65326.0,31.0,1237.0,3186.0,2939.0,8156.0,9257.0,6537.0,1243.0,144.0,23.0,4.0,0.0,0.0,0.0,0.0,0.0,0.0,0.0,0.0,0.0,0.0,0.0,0.0,0.0,0.0,0.0,0.0,0.0,0.0,0.0,0.0
9.80116898148,266711.0,32707.0,8.15455407099,801.0,64369.0,65324.0,30.0,1286.0,3327.0,2910.0,8061.0,9307.0,6585.0,1098.0,108.0,23.0,2.0,0.0,0.0,0.0,0.0,0.0,0.0,0.0,0.0,0.0,0.0,0.0,0.0,0.0,0.0,0.0,0.0,0.0,0.0,0.0,0.0
9.80533564815,274498.0,32713.0,8.39109834011,801.0,64368.0,65324.0,31.0,1302.0,3306.0,3342.0,7549.0,9253.0,6524.0,1243.0,154.0,33.0,6.0,1.0,0.0,0.0,0.0,0.0,0.0,0.0,0.0,0.0,0.0,0.0,0.0,0.0,0.0,0.0,0.0,0.0,0.0,0.0,0.0
9.80950231481,374893.0,32720.0,11.4576100244,801.0,64368.0,65340.0,35.0,1004.0,2315.0,1881.0,4926.0,9735.0,9650.0,2911.0,246.0,42.0,10.0,0.0,0.0,0.0,0.0,0.0,0.0,0.0,0.0,0.0,0.0,0.0,0.0,0.0,0.0,0.0,0.0,0.0,0.0,0.0,0.0
9.81366898148,406461.0,32720.0,12.4224022005,801.0,64366.0,65337.0,31.0,811.0,1673.0,1328.0,3845.0,10320.0,11178.0,3281.0,256.0,25.0,3.0,0.0,0.0,0.0,0.0,0.0,0.0,0.0,0.0,0.0,0.0,0.0,0.0,0.0,0.0,0.0,0.0,0.0,0.0,0.0,0.0
9.81783564815,405090.0,32739.0,12.3733162284,804.0,64364.0,65342.0,30.0,764.0,1642.0,1456.0,3878.0,10218.0,11357.0,3143.0,236.0,44.0,1.0,0.0,0.0,0.0,0.0,0.0,0.0,0.0,0.0,0.0,0.0,0.0,0.0,0.0,0.0,0.0,0.0,0.0,0.0,0.0,0.0
9.82200231481,406876.0,32711.0,12.4385069243,801.0,64368.0,65339.0,31.0,732.0,1622.0,1503.0,3736.0,10195.0,11385.0,3292.0,211.0,33.0,2.0,0.0,0.0,0.0,0.0,0.0,0.0,0.0,0.0,0.0,0.0,0.0,0.0,0.0,0.0,0.0,0.0,0.0,0.0,0.0,0.0
9.82616898148,404266.0,32721.0,12.3549402524,801.0,64366.0,65337.0,36.0,764.0,1582.0,1488.0,3891.0,10240.0,11239.0,3273.0,212.0,32.0,0.0,0.0,0.0,0.0,0.0,0.0,0.0,0.0,0.0,0.0,0.0,0.0,0.0,0.0,0.0,0.0,0.0,0.0,0.0,0.0,0.0
9.83033564815,404371.0,32720.0,12.3585268949,801.0,64368.0,65337.0,33.0,695.0,1653.0,1617.0,3753.0,10145.0,11361.0,3262.0,200.0,34.0,0.0,0.0,0.0,0.0,0.0,0.0,0.0,0.0,0.0,0.0,0.0,0.0,0.0,0.0,0.0,0.0,0.0,0.0,0.0,0.0,0.0
9.83450231481,403784.0,32714.0,12.3428501559,803.0,64368.0,65336.0,35.0,725.0,1668.0,1594.0,3728.0,10124.0,11405.0,3233.0,207.0,30.0,0.0,0.0,0.0,0.0,0.0,0.0,0.0,0.0,0.0,0.0,0.0,0.0,0.0,0.0,0.0,0.0,0.0,0.0,0.0,0.0,0.0
9.83866898148,399914.0,32719.0,12.2226840674,803.0,64366.0,65336.0,35.0,717.0,1678.0,1612.0,3817.0,10272.0,11242.0,3148.0,207.0,23.0,3.0,0.0,0.0,0.0,0.0,0.0,0.0,0.0,0.0,0.0,0.0,0.0,0.0,0.0,0.0,0.0,0.0,0.0,0.0,0.0,0.0
9.84283564815,398288.0,32715.0,12.1744765398,801.0,64368.0,65336.0,35.0,983.0,1754.0,1259.0,3980.0,10714.0,10404.0,3359.0,238.0,23.0,1.0,0.0,0.0,0.0,0.0,0.0,0.0,0.0,0.0,0.0,0.0,0.0,0.0,0.0,0.0,0.0,0.0,0.0,0.0,0.0,0.0
9.84700231481,398784.0,32718.0,12.1885200807,804.0,64366.0,65337.0,35.0,938.0,1764.0,1276.0,4081.0,10546.0,10635.0,3185.0,253.0,37.0,3.0,0.0,0.0,0.0,0.0,0.0,0.0,0.0,0.0,0.0,0.0,0.0,0.0,0.0,0.0,0.0,0.0,0.0,0.0,0.0,0.0
9.85116898148,376464.0,32731.0,11.5017567444,803.0,64366.0,65351.0,24.0,1696.0,1696.0,2034.0,4567.0,9752.0,9839.0,2790.0,303.0,47.0,5.0,0.0,1.0,0.0,0.0,0.0,0.0,0.0,0.0,0.0,0.0,0.0,0.0,0.0,0.0,0.0,0.0,0.0,0.0,0.0,0.0
9.85533564815,358772.0,32721.0,10.9645793221,803.0,64366.0,65361.0,12.0,1986.0,1986.0,2301.0,5316.0,9471.0,8417.0,2891.0,305.0,36.0,11.0,0.0,1.0,0.0,0.0,0.0,0.0,0.0,0.0,0.0,0.0,0.0,0.0,0.0,0.0,0.0,0.0,0.0,0.0,0.0,0.0
9.85950231481,435479.0,32720.0,13.3092603912,808.0,64360.0,65385.0,12.0,760.0,1981.0,2099.0,3395.0,8515.0,11359.0,4201.0,343.0,60.0,7.0,0.0,0.0,0.0,0.0,0.0,0.0,0.0,0.0,0.0,0.0,0.0,0.0,0.0,0.0,0.0,0.0,0.0,0.0,0.0,0.0
9.86366898148,406756.0,32724.0,12.4298985454,808.0,64361.0,65385.0,7.0,677.0,1988.0,2672.0,3686.0,8387.0,11321.0,3768.0,202.0,23.0,0.0,0.0,0.0,0.0,0.0,0.0,0.0,0.0,0.0,0.0,0.0,0.0,0.0,0.0,0.0,0.0,0.0,0.0,0.0,0.0,0.0
9.86783564815,388504.0,32732.0,11.8692411096,808.0,64359.0,65385.0,8.0,733.0,2252.0,3040.0,3999.0,8324.0,10763.0,3408.0,181.0,27.0,5.0,0.0,0.0,0.0,0.0,0.0,0.0,0.0,0.0,0.0,0.0,0.0,0.0,0.0,0.0,0.0,0.0,0.0,0.0,0.0,0.0
9.87200231481,382049.0,32736.0,11.6706072825,808.0,64359.0,65387.0,7.0,759.0,2309.0,3140.0,4153.0,8350.0,10530.0,3269.0,191.0,33.0,2.0,0.0,0.0,0.0,0.0,0.0,0.0,0.0,0.0,0.0,0.0,0.0,0.0,0.0,0.0,0.0,0.0,0.0,0.0,0.0,0.0
9.87616898148,259764.0,32727.0,7.9372994775,808.0,64355.0,65415.0,7.0,1818.0,4028.0,3620.0,7850.0,8597.0,5124.0,1439.0,199.0,45.0,7.0,0.0,0.0,0.0,0.0,0.0,0.0,0.0,0.0,0.0,0.0,0.0,0.0,0.0,0.0,0.0,0.0,0.0,0.0,0.0,0.0
9.88033564815,215916.0,32735.0,6.59587597373,808.0,64361.0,65414.0,7.0,2603.0,4736.0,3234.0,8698.0,8570.0,3965.0,759.0,137.0,28.0,5.0,0.0,0.0,0.0,0.0,0.0,0.0,0.0,0.0,0.0,0.0,0.0,0.0,0.0,0.0,0.0,0.0,0.0,0.0,0.0,0.0
9.88450231481,234132.0,32735.0,7.15234458531,808.0,64355.0,65415.0,1.0,2403.0,4548.0,3056.0,7920.0,8914.0,4852.0,853.0,153.0,31.0,3.0,2.0,0.0,0.0,0.0,0.0,0.0,0.0,0.0,0.0,0.0,0.0,0.0,0.0,0.0,0.0,0.0,0.0,0.0,0.0,0.0
9.88866898148,222779.0,32727.0,6.80719283772,806.0,64355.0,65438.0,7.0,2027.0,5579.0,6074.0,5723.0,7368.0,4929.0,788.0,193.0,39.0,7.0,0.0,0.0,0.0,0.0,0.0,0.0,0.0,0.0,0.0,0.0,0.0,0.0,0.0,0.0,0.0,0.0,0.0,0.0,0.0,0.0
9.89283564815,230461.0,32734.0,7.04041669212,808.0,64358.0,65440.0,3.0,1741.0,4867.0,5999.0,5239.0,8776.0,5296.0,618.0,146.0,37.0,15.0,0.0,0.0,0.0,0.0,0.0,0.0,0.0,0.0,0.0,0.0,0.0,0.0,0.0,0.0,0.0,0.0,0.0,0.0,0.0,0.0
9.89700231481,232420.0,32732.0,7.10069656605,808.0,64356.0,65433.0,11.0,1550.0,4444.0,5636.0,5364.0,9316.0,5677.0,582.0,152.0,10.0,1.0,0.0,0.0,0.0,0.0,0.0,0.0,0.0,0.0,0.0,0.0,0.0,0.0,0.0,0.0,0.0,0.0,0.0,0.0,0.0,0.0
9.90116898148,348440.0,32745.0,10.6410138953,803.0,64352.0,65473.0,65529.0,1864.0,1864.0,2916.0,5370.0,9734.0,8231.0,2314.0,387.0,55.0,7.0,2.0,1.0,0.0,0.0,0.0,0.0,0.0,0.0,0.0,0.0,0.0,0.0,0.0,0.0,0.0,0.0,0.0,0.0,0.0,0.0
9.90533564815,293204.0,32734.0,8.95716991507,808.0,64348.0,65472.0,65526.0,1287.0,3232.0,3482.0,5708.0,8980.0,8617.0,1311.0,101.0,16.0,0.0,0.0,0.0,0.0,0.0,0.0,0.0,0.0,0.0,0.0,0.0,0.0,0.0,0.0,0.0,0.0,0.0,0.0,0.0,0.0,0.0
9.90950231481,260861.0,32735.0,7.96887123874,811.0,64348.0,65475.0,65528.0,1541.0,3937.0,4282.0,6488.0,8079.0,7311.0,973.0,105.0,15.0,4.0,0.0,0.0,0.0,0.0,0.0,0.0,0.0,0.0,0.0,0.0,0.0,0.0,0.0,0.0,0.0,0.0,0.0,0.0,0.0,0.0
9.91366898148,247156.0,32736.0,7.54997556207,808.0,64352.0,65472.0,65528.0,1784.0,4430.0,4599.0,6620.0,7659.0,6615.0,896.0,96.0,34.0,3.0,0.0,0.0,0.0,0.0,0.0,0.0,0.0,0.0,0.0,0.0,0.0,0.0,0.0,0.0,0.0,0.0,0.0,0.0,0.0,0.0
9.91783564815,237737.0,32746.0,7.2600317596,804.0,64355.0,65471.0,65523.0,1842.0,4639.0,4731.0,6941.0,7418.0,6241.0,792.0,117.0,20.0,5.0,0.0,0.0,0.0,0.0,0.0,0.0,0.0,0.0,0.0,0.0,0.0,0.0,0.0,0.0,0.0,0.0,0.0,0.0,0.0,0.0
9.92200231481,236739.0,32741.0,7.230658807,806.0,64351.0,65471.0,65527.0,1935.0,4737.0,4717.0,6968.0,7287.0,6097.0,856.0,113.0,29.0,2.0,0.0,0.0,0.0,0.0,0.0,0.0,0.0,0.0,0.0,0.0,0.0,0.0,0.0,0.0,0.0,0.0,0.0,0.0,0.0,0.0
9.92616898148,236033.0,32731.0,7.21129815771,808.0,64351.0,65471.0,65534.0,1974.0,4779.0,4771.0,6838.0,7385.0,5993.0,831.0,132.0,22.0,6.0,0.0,0.0,0.0,0.0,0.0,0.0,0.0,0.0,0.0,0.0,0.0,0.0,0.0,0.0,0.0,0.0,0.0,0.0,0.0,0.0
9.93033564815,237527.0,32733.0,7.25649955702,808.0,64351.0,65472.0,65528.0,1889.0,4711.0,4630.0,6975.0,7447.0,6079.0,855.0,121.0,23.0,3.0,0.0,0.0,0.0,0.0,0.0,0.0,0.0,0.0,0.0,0.0,0.0,0.0,0.0,0.0,0.0,0.0,0.0,0.0,0.0,0.0
9.93450231481,243935.0,32733.0,7.45226529802,804.0,64355.0,65470.0,65532.0,1909.0,4559.0,4488.0,6790.0,7633.0,6296.0,899.0,132.0,21.0,6.0,0.0,0.0,0.0,0.0,0.0,0.0,0.0,0.0,0.0,0.0,0.0,0.0,0.0,0.0,0.0,0.0,0.0,0.0,0.0,0.0
9.93866898148,242255.0,32738.0,7.39981061763,808.0,64352.0,65472.0,65528.0,1901.0,4499.0,4450.0,6938.0,7624.0,6361.0,808.0,133.0,17.0,7.0,0.0,0.0,0.0,0.0,0.0,0.0,0.0,0.0,0.0,0.0,0.0,0.0,0.0,0.0,0.0,0.0,0.0,0.0,0.0,0.0
9.94283564815,243987.0,32722.0,7.45635963572,803.0,64353.0,65472.0,65528.0,1801.0,4499.0,4536.0,6812.0,7692.0,6392.0,838.0,118.0,29.0,5.0,0.0,0.0,0.0,0.0,0.0,0.0,0.0,0.0,0.0,0.0,0.0,0.0,0.0,0.0,0.0,0.0,0.0,0.0,0.0,0.0
9.94700231481,243430.0,32723.0,7.43911010604,806.0,64351.0,65471.0,65532.0,1839.0,4468.0,4491.0,6893.0,7657.0,6378.0,852.0,117.0,22.0,6.0,0.0,0.0,0.0,0.0,0.0,0.0,0.0,0.0,0.0,0.0,0.0,0.0,0.0,0.0,0.0,0.0,0.0,0.0,0.0,0.0
9.95116898148,247424.0,32728.0,7.56000977756,804.0,64355.0,65472.0,65528.0,1951.0,4340.0,4360.0,6833.0,7733.0,6435.0,911.0,134.0,27.0,4.0,0.0,0.0,0.0,0.0,0.0,0.0,0.0,0.0,0.0,0.0,0.0,0.0,0.0,0.0,0.0,0.0,0.0,0.0,0.0,0.0
9.95533564815,249182.0,32731.0,7.61302740521,801.0,64352.0,65472.0,65528.0,1843.0,4368.0,4169.0,6925.0,7803.0,6559.0,906.0,130.0,24.0,4.0,0.0,0.0,0.0,0.0,0.0,0.0,0.0,0.0,0.0,0.0,0.0,0.0,0.0,0.0,0.0,0.0,0.0,0.0,0.0,0.0
9.95950231481,247165.0,32732.0,7.55117316388,803.0,64355.0,65470.0,65532.0,1863.0,4287.0,4207.0,6912.0,7942.0,6477.0,891.0,134.0,18.0,1.0,0.0,0.0,0.0,0.0,0.0,0.0,0.0,0.0,0.0,0.0,0.0,0.0,0.0,0.0,0.0,0.0,0.0,0.0,0.0,0.0
9.96366898148,249445.0,32731.0,7.6210626012,803.0,64350.0,65468.0,65528.0,1814.0,4299.0,4207.0,6667.0,8024.0,6655.0,941.0,105.0,18.0,1.0,0.0,0.0,0.0,0.0,0.0,0.0,0.0,0.0,0.0,0.0,0.0,0.0,0.0,0.0,0.0,0.0,0.0,0.0,0.0,0.0
9.96783564815,253102.0,32730.0,7.73302780324,803.0,64352.0,65471.0,65528.0,1776.0,4134.0,4118.0,6907.0,8006.0,6684.0,944.0,138.0,22.0,1.0,0.0,0.0,0.0,0.0,0.0,0.0,0.0,0.0,0.0,0.0,0.0,0.0,0.0,0.0,0.0,0.0,0.0,0.0,0.0,0.0
9.97200231481,252931.0,32737.0,7.7261508385,803.0,64353.0,65470.0,65528.0,1737.0,4135.0,4242.0,6842.0,7998.0,6686.0,958.0,111.0,23.0,5.0,0.0,0.0,0.0,0.0,0.0,0.0,0.0,0.0,0.0,0.0,0.0,0.0,0.0,0.0,0.0,0.0,0.0,0.0,0.0,0.0
9.97616898148,248579.0,32720.0,7.59715770171,801.0,64353.0,65470.0,65528.0,1817.0,4235.0,4190.0,6953.0,7931.0,6558.0,893.0,113.0,29.0,1.0,0.0,0.0,0.0,0.0,0.0,0.0,0.0,0.0,0.0,0.0,0.0,0.0,0.0,0.0,0.0,0.0,0.0,0.0,0.0,0.0
9.98033564815,316722.0,32744.0,9.6726728561,801.0,64359.0,65479.0,65488.0,1389.0,3258.0,3060.0,5812.0,9394.0,7527.0,1976.0,281.0,39.0,7.0,1.0,0.0,0.0,0.0,0.0,0.0,0.0,0.0,0.0,0.0,0.0,0.0,0.0,0.0,0.0,0.0,0.0,0.0,0.0,0.0
9.98450231481,315671.0,32732.0,9.6441097397,803.0,64364.0,65502.0,65464.0,1097.0,2853.0,3445.0,7026.0,8814.0,7179.0,1951.0,307.0,47.0,9.0,4.0,0.0,0.0,0.0,0.0,0.0,0.0,0.0,0.0,0.0,0.0,0.0,0.0,0.0,0.0,0.0,0.0,0.0,0.0,0.0
9.98866898148,397948.0,32736.0,12.1562805474,803.0,64368.0,65523.0,65452.0,1696.0,1696.0,1686.0,4758.0,9445.0,9433.0,3591.0,379.0,44.0,6.0,0.0,1.0,0.0,0.0,0.0,0.0,0.0,0.0,0.0,0.0,0.0,0.0,0.0,0.0,0.0,0.0,0.0,0.0,0.0,0.0
9.99283564815,333297.0,32734.0,10.181982037,806.0,64368.0,8.0,65443.0,1503.0,3217.0,2716.0,5096.0,9609.0,7960.0,2294.0,278.0,55.0,5.0,1.0,0.0,0.0,0.0,0.0,0.0,0.0,0.0,0.0,0.0,0.0,0.0,0.0,0.0,0.0,0.0,0.0,0.0,0.0,0.0
9.99700231481,359596.0,32730.0,10.9867399939,806.0,64364.0,24.0,65446.0,1772.0,1772.0,2234.0,4599.0,10342.0,9188.0,2534.0,235.0,45.0,5.0,2.0,1.0,0.0,0.0,0.0,0.0,0.0,0.0,0.0,0.0,0.0,0.0,0.0,0.0,0.0,0.0,0.0,0.0,0.0,0.0
10.0011689815,305270.0,32735.0,9.32549259203,808.0,64366.0,38.0,65448.0,1406.0,3568.0,3881.0,4695.0,9401.0,7847.0,1677.0,210.0,43.0,7.0,0.0,0.0,0.0,0.0,0.0,0.0,0.0,0.0,0.0,0.0,0.0,0.0,0.0,0.0,0.0,0.0,0.0,0.0,0.0,0.0
10.0053356481,341846.0,32734.0,10.4431477974,806.0,64364.0,40.0,65463.0,996.0,2616.0,2791.0,5954.0,9237.0,8428.0,2385.0,279.0,42.0,6.0,0.0,0.0,0.0,0.0,0.0,0.0,0.0,0.0,0.0,0.0,0.0,0.0,0.0,0.0,0.0,0.0,0.0,0.0,0.0,0.0
10.0095023148,375457.0,32735.0,11.4695891248,808.0,64364.0,44.0,65448.0,655.0,1989.0,2424.0,5805.0,8895.0,9602.0,3049.0,280.0,32.0,4.0,0.0,0.0,0.0,0.0,0.0,0.0,0.0,0.0,0.0,0.0,0.0,0.0,0.0,0.0,0.0,0.0,0.0,0.0,0.0,0.0
10.0136689815,304110.0,32732.0,9.29090797996,806.0,64366.0,39.0,65456.0,606.0,2298.0,3668.0,7803.0,8534.0,7993.0,1619.0,187.0,22.0,2.0,0.0,0.0,0.0,0.0,0.0,0.0,0.0,0.0,0.0,0.0,0.0,0.0,0.0,0.0,0.0,0.0,0.0,0.0,0.0,0.0
10.0178356481,240943.0,32740.0,7.35928527795,806.0,64366.0,39.0,65452.0,972.0,3591.0,5824.0,8816.0,6445.0,5996.0,914.0,156.0,23.0,3.0,0.0,0.0,0.0,0.0,0.0,0.0,0.0,0.0,0.0,0.0,0.0,0.0,0.0,0.0,0.0,0.0,0.0,0.0,0.0,0.0
10.0220023148,219731.0,32738.0,6.71180279797,806.0,64367.0,38.0,65460.0,1509.0,4611.0,6020.0,7978.0,6656.0,5038.0,752.0,151.0,18.0,5.0,0.0,0.0,0.0,0.0,0.0,0.0,0.0,0.0,0.0,0.0,0.0,0.0,0.0,0.0,0.0,0.0,0.0,0.0,0.0,0.0
10.0261689815,249204.0,32727.0,7.61463012192,803.0,64374.0,39.0,65457.0,1276.0,3712.0,4754.0,6734.0,9575.0,5450.0,1086.0,120.0,18.0,2.0,0.0,0.0,0.0,0.0,0.0,0.0,0.0,0.0,0.0,0.0,0.0,0.0,0.0,0.0,0.0,0.0,0.0,0.0,0.0,0.0
10.0303356481,309588.0,32725.0,9.46029029794,801.0,64367.0,40.0,65454.0,1136.0,2706.0,2593.0,5790.0,11083.0,7393.0,1847.0,159.0,18.0,0.0,0.0,0.0,0.0,0.0,0.0,0.0,0.0,0.0,0.0,0.0,0.0,0.0,0.0,0.0,0.0,0.0,0.0,0.0,0.0,0.0
10.0345023148,256113.0,32720.0,7.82741442543,801.0,64364.0,43.0,65455.0,1691.0,4059.0,3591.0,7514.0,8778.0,5613.0,1278.0,175.0,21.0,0.0,0.0,0.0,0.0,0.0,0.0,0.0,0.0,0.0,0.0,0.0,0.0,0.0,0.0,0.0,0.0,0.0,0.0,0.0,0.0,0.0
10.0386689815,336573.0,32722.0,10.2858321618,801.0,64367.0,49.0,65452.0,918.0,2363.0,2327.0,6689.0,9426.0,8508.0,2220.0,236.0,30.0,5.0,0.0,0.0,0.0,0.0,0.0,0.0,0.0,0.0,0.0,0.0,0.0,0.0,0.0,0.0,0.0,0.0,0.0,0.0,0.0,0.0
10.0428356481,393343.0,32719.0,12.0218527461,801.0,64363.0,51.0,65452.0,634.0,1847.0,2352.0,5172.0,8959.0,9930.0,3488.0,306.0,28.0,3.0,0.0,0.0,0.0,0.0,0.0,0.0,0.0,0.0,0.0,0.0,0.0,0.0,0.0,0.0,0.0,0.0,0.0,0.0,0.0,0.0
10.0470023148,396721.0,32719.0,12.1250955103,801.0,64364.0,57.0,65456.0,778.0,2107.0,2297.0,4587.0,8801.0,10269.0,3550.0,303.0,23.0,4.0,0.0,0.0,0.0,0.0,0.0,0.0,0.0,0.0,0.0,0.0,0.0,0.0,0.0,0.0,0.0,0.0,0.0,0.0,0.0,0.0
10.0511689815,265022.0,32721.0,8.09944683842,803.0,64360.0,63.0,65464.0,1372.0,3566.0,4100.0,6778.0,9340.0,6126.0,1255.0,161.0,23.0,0.0,0.0,0.0,0.0,0.0,0.0,0.0,0.0,0.0,0.0,0.0,0.0,0.0,0.0,0.0,0.0,0.0,0.0,0.0,0.0,0.0
10.0553356481,301765.0,32725.0,9.22123758594,801.0,64359.0,60.0,65475.0,1562.0,3581.0,3172.0,5758.0,8661.0,7976.0,1823.0,178.0,11.0,3.0,0.0,0.0,0.0,0.0,0.0,0.0,0.0,0.0,0.0,0.0,0.0,0.0,0.0,0.0,0.0,0.0,0.0,0.0,0.0,0.0
10.0595023148,323920.0,32715.0,9.90126853125,800.0,64355.0,71.0,65473.0,1327.0,2700.0,2336.0,5085.0,10302.0,8986.0,1816.0,142.0,20.0,1.0,0.0,0.0,0.0,0.0,0.0,0.0,0.0,0.0,0.0,0.0,0.0,0.0,0.0,0.0,0.0,0.0,0.0,0.0,0.0,0.0
10.0636689815,326748.0,32725.0,9.98466004584,801.0,64355.0,60.0,65484.0,1440.0,2538.0,1457.0,6272.0,11092.0,7455.0,2266.0,171.0,31.0,3.0,0.0,0.0,0.0,0.0,0.0,0.0,0.0,0.0,0.0,0.0,0.0,0.0,0.0,0.0,0.0,0.0,0.0,0.0,0.0,0.0
10.0678356481,198419.0,32720.0,6.06415036675,800.0,64355.0,63.0,65487.0,2036.0,5093.0,5783.0,5894.0,10099.0,3213.0,464.0,106.0,30.0,2.0,0.0,0.0,0.0,0.0,0.0,0.0,0.0,0.0,0.0,0.0,0.0,0.0,0.0,0.0,0.0,0.0,0.0,0.0,0.0,0.0
10.0720023148,184883.0,32722.0,5.65011307377,798.0,64359.0,57.0,65489.0,2353.0,6037.0,6707.0,5498.0,8394.0,3152.0,428.0,126.0,22.0,5.0,0.0,0.0,0.0,0.0,0.0,0.0,0.0,0.0,0.0,0.0,0.0,0.0,0.0,0.0,0.0,0.0,0.0,0.0,0.0,0.0
10.0761689815,192364.0,32707.0,5.88143210933,801.0,64356.0,60.0,65497.0,2239.0,5756.0,6802.0,5643.0,7752.0,3924.0,453.0,106.0,30.0,2.0,0.0,0.0,0.0,0.0,0.0,0.0,0.0,0.0,0.0,0.0,0.0,0.0,0.0,0.0,0.0,0.0,0.0,0.0,0.0,0.0
10.0803356481,222918.0,32716.0,6.81373028488,798.0,64352.0,63.0,65487.0,1958.0,4762.0,4514.0,6346.0,10034.0,4251.0,696.0,118.0,30.0,7.0,0.0,0.0,0.0,0.0,0.0,0.0,0.0,0.0,0.0,0.0,0.0,0.0,0.0,0.0,0.0,0.0,0.0,0.0,0.0,0.0
10.0845023148,252420.0,32698.0,7.71973821029,793.0,64353.0,62.0,65491.0,2365.0,4720.0,3366.0,6220.0,9371.0,5062.0,1393.0,169.0,27.0,5.0,0.0,0.0,0.0,0.0,0.0,0.0,0.0,0.0,0.0,0.0,0.0,0.0,0.0,0.0,0.0,0.0,0.0,0.0,0.0,0.0
10.0886689815,257732.0,32705.0,7.88050756765,793.0,64359.0,51.0,65499.0,2569.0,4916.0,3598.0,5345.0,9376.0,5095.0,1586.0,187.0,27.0,6.0,0.0,0.0,0.0,0.0,0.0,0.0,0.0,0.0,0.0,0.0,0.0,0.0,0.0,0.0,0.0,0.0,0.0,0.0,0.0,0.0
10.0928356481,257448.0,32669.0,7.88049833175,788.0,64353.0,54.0,65489.0,2490.0,4884.0,3688.0,4897.0,9588.0,5406.0,1538.0,156.0,19.0,3.0,0.0,0.0,0.0,0.0,0.0,0.0,0.0,0.0,0.0,0.0,0.0,0.0,0.0,0.0,0.0,0.0,0.0,0.0,0.0,0.0
10.0970023148,257979.0,32670.0,7.89651056015,790.0,64353.0,56.0,65486.0,2292.0,4641.0,3695.0,4821.0,9931.0,5715.0,1421.0,149.0,4.0,1.0,0.0,0.0,0.0,0.0,0.0,0.0,0.0,0.0,0.0,0.0,0.0,0.0,0.0,0.0,0.0,0.0,0.0,0.0,0.0,0.0
10.1011689815,297893.0,32697.0,9.11071352112,792.0,64355.0,57.0,65489.0,1823.0,3879.0,3513.0,4223.0,10016.0,7253.0,1752.0,207.0,26.0,5.0,0.0,0.0,0.0,0.0,0.0,0.0,0.0,0.0,0.0,0.0,0.0,0.0,0.0,0.0,0.0,0.0,0.0,0.0,0.0,0.0
10.1053356481,295633.0,32717.0,9.03606687655,788.0,64355.0,55.0,65494.0,1630.0,3811.0,3535.0,4440.0,10036.0,7381.0,1696.0,158.0,27.0,3.0,0.0,0.0,0.0,0.0,0.0,0.0,0.0,0.0,0.0,0.0,0.0,0.0,0.0,0.0,0.0,0.0,0.0,0.0,0.0,0.0
10.1095023148,306067.0,32693.0,9.3618511608,787.0,64352.0,56.0,65487.0,1577.0,3439.0,3372.0,4327.0,10178.0,7800.0,1807.0,169.0,19.0,5.0,0.0,0.0,0.0,0.0,0.0,0.0,0.0,0.0,0.0,0.0,0.0,0.0,0.0,0.0,0.0,0.0,0.0,0.0,0.0,0.0
10.1136689815,314369.0,32688.0,9.61726015663,787.0,64352.0,56.0,65494.0,1362.0,3093.0,2660.0,5037.0,10816.0,7561.0,1937.0,195.0,24.0,3.0,0.0,0.0,0.0,0.0,0.0,0.0,0.0,0.0,0.0,0.0,0.0,0.0,0.0,0.0,0.0,0.0,0.0,0.0,0.0,0.0
10.1178356481,298922.0,32691.0,9.14386222508,785.0,64355.0,56.0,65495.0,1697.0,3140.0,2225.0,5789.0,11376.0,6409.0,1864.0,156.0,31.0,4.0,0.0,0.0,0.0,0.0,0.0,0.0,0.0,0.0,0.0,0.0,0.0,0.0,0.0,0.0,0.0,0.0,0.0,0.0,0.0,0.0
10.1220023148,300571.0,32696.0,9.19289821385,785.0,64352.0,57.0,65500.0,1380.0,3347.0,3584.0,5652.0,9063.0,7636.0,1842.0,172.0,18.0,2.0,0.0,0.0,0.0,0.0,0.0,0.0,0.0,0.0,0.0,0.0,0.0,0.0,0.0,0.0,0.0,0.0,0.0,0.0,0.0,0.0
10.1261689815,262244.0,32685.0,8.02337463668,787.0,64350.0,56.0,65507.0,1340.0,3262.0,3211.0,8016.0,9634.0,5910.0,1151.0,138.0,21.0,2.0,0.0,0.0,0.0,0.0,0.0,0.0,0.0,0.0,0.0,0.0,0.0,0.0,0.0,0.0,0.0,0.0,0.0,0.0,0.0,0.0
10.1303356481,252296.0,32675.0,7.72137719969,782.0,64348.0,56.0,65510.0,2210.0,4576.0,3678.0,6425.0,8707.0,5579.0,1322.0,148.0,29.0,1.0,0.0,0.0,0.0,0.0,0.0,0.0,0.0,0.0,0.0,0.0,0.0,0.0,0.0,0.0,0.0,0.0,0.0,0.0,0.0,0.0
10.1345023148,323858.0,32681.0,9.90967228665,785.0,64351.0,55.0,65518.0,1548.0,3436.0,2925.0,4817.0,9351.0,8057.0,2316.0,203.0,23.0,4.0,1.0,0.0,0.0,0.0,0.0,0.0,0.0,0.0,0.0,0.0,0.0,0.0,0.0,0.0,0.0,0.0,0.0,0.0,0.0,0.0
10.1386689815,344123.0,32671.0,10.5329803189,782.0,64351.0,51.0,65516.0,1399.0,2895.0,2426.0,4508.0,10023.0,8587.0,2587.0,211.0,35.0,0.0,0.0,0.0,0.0,0.0,0.0,0.0,0.0,0.0,0.0,0.0,0.0,0.0,0.0,0.0,0.0,0.0,0.0,0.0,0.0,0.0
10.1428356481,341604.0,32670.0,10.4561983471,779.0,64351.0,55.0,65516.0,1395.0,2858.0,2399.0,4589.0,10201.0,8424.0,2584.0,186.0,32.0,2.0,0.0,0.0,0.0,0.0,0.0,0.0,0.0,0.0,0.0,0.0,0.0,0.0,0.0,0.0,0.0,0.0,0.0,0.0,0.0,0.0
10.1470023148,337193.0,32662.0,10.3237095095,774.0,64350.0,56.0,65512.0,1390.0,2965.0,2436.0,4825.0,10079.0,8181.0,2549.0,209.0,28.0,0.0,0.0,0.0,0.0,0.0,0.0,0.0,0.0,0.0,0.0,0.0,0.0,0.0,0.0,0.0,0.0,0.0,0.0,0.0,0.0,0.0
10.1511689815,339153.0,32654.0,10.38626202,775.0,64353.0,55.0,65519.0,1405.0,2873.0,2316.0,4694.0,10325.0,8298.0,2509.0,201.0,32.0,1.0,0.0,0.0,0.0,0.0,0.0,0.0,0.0,0.0,0.0,0.0,0.0,0.0,0.0,0.0,0.0,0.0,0.0,0.0,0.0,0.0
10.1553356481,336208.0,32649.0,10.2976507703,774.0,64352.0,54.0,65515.0,1386.0,2948.0,2306.0,4834.0,10280.0,8158.0,2523.0,183.0,30.0,1.0,0.0,0.0,0.0,0.0,0.0,0.0,0.0,0.0,0.0,0.0,0.0,0.0,0.0,0.0,0.0,0.0,0.0,0.0,0.0,0.0
10.1595023148,334788.0,32650.0,10.2538437979,772.0,64348.0,56.0,65516.0,1397.0,3000.0,2300.0,4973.0,10188.0,8052.0,2512.0,201.0,25.0,2.0,0.0,0.0,0.0,0.0,0.0,0.0,0.0,0.0,0.0,0.0,0.0,0.0,0.0,0.0,0.0,0.0,0.0,0.0,0.0,0.0
10.1636689815,333228.0,32647.0,10.2070021748,767.0,64351.0,51.0,65513.0,1437.0,2880.0,2266.0,5038.0,10354.0,8031.0,2406.0,199.0,36.0,0.0,0.0,0.0,0.0,0.0,0.0,0.0,0.0,0.0,0.0,0.0,0.0,0.0,0.0,0.0,0.0,0.0,0.0,0.0,0.0,0.0
10.1678356481,334949.0,32641.0,10.2616035048,769.0,64352.0,52.0,65518.0,1426.0,2887.0,2239.0,5084.0,10336.0,7997.0,2413.0,225.0,29.0,5.0,0.0,0.0,0.0,0.0,0.0,0.0,0.0,0.0,0.0,0.0,0.0,0.0,0.0,0.0,0.0,0.0,0.0,0.0,0.0,0.0
10.1720023148,334070.0,32641.0,10.2346741828,762.0,64352.0,54.0,65518.0,1345.0,2778.0,2266.0,5076.0,10487.0,8118.0,2312.0,232.0,24.0,3.0,0.0,0.0,0.0,0.0,0.0,0.0,0.0,0.0,0.0,0.0,0.0,0.0,0.0,0.0,0.0,0.0,0.0,0.0,0.0,0.0
10.1761689815,330788.0,32620.0,10.140649908,771.0,64345.0,55.0,65515.0,1413.0,2850.0,2137.0,5250.0,10467.0,7885.0,2385.0,211.0,21.0,1.0,0.0,0.0,0.0,0.0,0.0,0.0,0.0,0.0,0.0,0.0,0.0,0.0,0.0,0.0,0.0,0.0,0.0,0.0,0.0,0.0
10.1803356481,327280.0,32629.0,10.0303411076,762.0,64352.0,55.0,65518.0,1532.0,2850.0,2133.0,5363.0,10513.0,7621.0,2388.0,208.0,19.0,2.0,0.0,0.0,0.0,0.0,0.0,0.0,0.0,0.0,0.0,0.0,0.0,0.0,0.0,0.0,0.0,0.0,0.0,0.0,0.0,0.0
10.1845023148,323786.0,32623.0,9.92508353002,756.0,64348.0,56.0,65518.0,1614.0,2928.0,2095.0,5313.0,10531.0,7694.0,2214.0,205.0,26.0,3.0,0.0,0.0,0.0,0.0,0.0,0.0,0.0,0.0,0.0,0.0,0.0,0.0,0.0,0.0,0.0,0.0,0.0,0.0,0.0,0.0
10.1886689815,327343.0,32627.0,10.0328868728,761.0,64348.0,56.0,65512.0,1511.0,2895.0,2108.0,5306.0,10576.0,7730.0,2261.0,197.0,41.0,2.0,0.0,0.0,0.0,0.0,0.0,0.0,0.0,0.0,0.0,0.0,0.0,0.0,0.0,0.0,0.0,0.0,0.0,0.0,0.0,0.0
10.1928356481,326886.0,32619.0,10.0213372574,758.0,64348.0,60.0,65516.0,1506.0,2826.0,2116.0,5465.0,10414.0,7692.0,2370.0,214.0,16.0,0.0,0.0,0.0,0.0,0.0,0.0,0.0,0.0,0.0,0.0,0.0,0.0,0.0,0.0,0.0,0.0,0.0,0.0,0.0,0.0,0.0
10.1970023148,329379.0,32612.0,10.0999325402,756.0,64352.0,52.0,65516.0,1341.0,2829.0,2061.0,5353.0,10579.0,7916.0,2310.0,199.0,24.0,0.0,0.0,0.0,0.0,0.0,0.0,0.0,0.0,0.0,0.0,0.0,0.0,0.0,0.0,0.0,0.0,0.0,0.0,0.0,0.0,0.0
10.2011689815,330861.0,32612.0,10.1453759352,754.0,64351.0,51.0,65518.0,1239.0,2783.0,2291.0,5428.0,10353.0,7931.0,2357.0,204.0,24.0,2.0,0.0,0.0,0.0,0.0,0.0,0.0,0.0,0.0,0.0,0.0,0.0,0.0,0.0,0.0,0.0,0.0,0.0,0.0,0.0,0.0
10.2053356481,327825.0,32600.0,10.0559815951,756.0,64352.0,55.0,65516.0,1334.0,2803.0,2245.0,5521.0,10288.0,7921.0,2246.0,218.0,20.0,4.0,0.0,0.0,0.0,0.0,0.0,0.0,0.0,0.0,0.0,0.0,0.0,0.0,0.0,0.0,0.0,0.0,0.0,0.0,0.0,0.0
10.2095023148,324457.0,32598.0,9.95327934229,754.0,64350.0,51.0,65516.0,1343.0,2873.0,2322.0,5489.0,10335.0,7761.0,2242.0,212.0,20.0,1.0,0.0,0.0,0.0,0.0,0.0,0.0,0.0,0.0,0.0,0.0,0.0,0.0,0.0,0.0,0.0,0.0,0.0,0.0,0.0,0.0
10.2136689815,328050.0,32603.0,10.0619574886,750.0,64351.0,51.0,65519.0,1388.0,2804.0,2221.0,5389.0,10254.0,8136.0,2162.0,225.0,21.0,3.0,0.0,0.0,0.0,0.0,0.0,0.0,0.0,0.0,0.0,0.0,0.0,0.0,0.0,0.0,0.0,0.0,0.0,0.0,0.0,0.0
10.2178356481,321573.0,32602.0,9.86359732532,750.0,64351.0,55.0,65513.0,1389.0,2903.0,2227.0,5696.0,10313.0,7714.0,2120.0,212.0,24.0,4.0,0.0,0.0,0.0,0.0,0.0,0.0,0.0,0.0,0.0,0.0,0.0,0.0,0.0,0.0,0.0,0.0,0.0,0.0,0.0,0.0
10.2220023148,326344.0,32588.0,10.01423837,750.0,64351.0,55.0,65512.0,1372.0,2804.0,2140.0,5637.0,10343.0,7835.0,2209.0,218.0,29.0,1.0,0.0,0.0,0.0,0.0,0.0,0.0,0.0,0.0,0.0,0.0,0.0,0.0,0.0,0.0,0.0,0.0,0.0,0.0,0.0,0.0
10.2261689815,325414.0,32594.0,9.9838620605,748.0,64351.0,55.0,65515.0,1322.0,2836.0,2155.0,5429.0,10517.0,7906.0,2217.0,196.0,13.0,3.0,0.0,0.0,0.0,0.0,0.0,0.0,0.0,0.0,0.0,0.0,0.0,0.0,0.0,0.0,0.0,0.0,0.0,0.0,0.0,0.0
10.2303356481,326848.0,32584.0,10.0309354284,741.0,64350.0,54.0,65519.0,1347.0,2804.0,2254.0,5608.0,10284.0,7851.0,2178.0,221.0,32.0,5.0,0.0,0.0,0.0,0.0,0.0,0.0,0.0,0.0,0.0,0.0,0.0,0.0,0.0,0.0,0.0,0.0,0.0,0.0,0.0,0.0
10.2345023148,323191.0,32582.0,9.91931127616,743.0,64344.0,56.0,65513.0,1372.0,2851.0,2162.0,5692.0,10356.0,7776.0,2133.0,207.0,31.0,2.0,0.0,0.0,0.0,0.0,0.0,0.0,0.0,0.0,0.0,0.0,0.0,0.0,0.0,0.0,0.0,0.0,0.0,0.0,0.0,0.0
10.2386689815,320043.0,32588.0,9.82088498834,743.0,64348.0,55.0,65516.0,1335.0,2877.0,2255.0,5882.0,10247.0,7625.0,2109.0,242.0,15.0,1.0,0.0,0.0,0.0,0.0,0.0,0.0,0.0,0.0,0.0,0.0,0.0,0.0,0.0,0.0,0.0,0.0,0.0,0.0,0.0,0.0
10.2428356481,319005.0,32578.0,9.79203757137,741.0,64352.0,51.0,65518.0,1351.0,2967.0,2259.0,5746.0,10335.0,7580.0,2101.0,211.0,26.0,2.0,0.0,0.0,0.0,0.0,0.0,0.0,0.0,0.0,0.0,0.0,0.0,0.0,0.0,0.0,0.0,0.0,0.0,0.0,0.0,0.0
10.2470023148,316760.0,32571.0,9.72521568266,741.0,64347.0,54.0,65516.0,1413.0,3098.0,2215.0,5700.0,10392.0,7494.0,2002.0,220.0,33.0,4.0,0.0,0.0,0.0,0.0,0.0,0.0,0.0,0.0,0.0,0.0,0.0,0.0,0.0,0.0,0.0,0.0,0.0,0.0,0.0,0.0
10.2511689815,312136.0,32573.0,9.58266048568,737.0,64352.0,51.0,65520.0,1478.0,2962.0,2303.0,5950.0,10124.0,7586.0,1952.0,195.0,19.0,4.0,0.0,0.0,0.0,0.0,0.0,0.0,0.0,0.0,0.0,0.0,0.0,0.0,0.0,0.0,0.0,0.0,0.0,0.0,0.0,0.0
10.2553356481,314206.0,32566.0,9.64828348584,740.0,64344.0,56.0,65518.0,1391.0,2982.0,2308.0,5786.0,10253.0,7606.0,2034.0,189.0,14.0,3.0,0.0,0.0,0.0,0.0,0.0,0.0,0.0,0.0,0.0,0.0,0.0,0.0,0.0,0.0,0.0,0.0,0.0,0.0,0.0,0.0
10.2595023148,310894.0,32568.0,9.54599606976,740.0,64350.0,54.0,65516.0,1424.0,3040.0,2313.0,5823.0,10398.0,7363.0,1993.0,191.0,23.0,0.0,0.0,0.0,0.0,0.0,0.0,0.0,0.0,0.0,0.0,0.0,0.0,0.0,0.0,0.0,0.0,0.0,0.0,0.0,0.0,0.0
10.2636689815,314966.0,32562.0,9.67280879553,737.0,64350.0,55.0,65520.0,1447.0,3140.0,2255.0,5841.0,10082.0,7566.0,1992.0,203.0,29.0,7.0,0.0,0.0,0.0,0.0,0.0,0.0,0.0,0.0,0.0,0.0,0.0,0.0,0.0,0.0,0.0,0.0,0.0,0.0,0.0,0.0
10.2678356481,309849.0,32566.0,9.51449364368,738.0,64348.0,52.0,65516.0,1438.0,3099.0,2261.0,6027.0,10205.0,7392.0,1904.0,214.0,24.0,2.0,0.0,0.0,0.0,0.0,0.0,0.0,0.0,0.0,0.0,0.0,0.0,0.0,0.0,0.0,0.0,0.0,0.0,0.0,0.0,0.0
10.2720023148,317583.0,32563.0,9.75287903449,737.0,64352.0,55.0,65516.0,1389.0,2961.0,2255.0,5980.0,10192.0,7487.0,2048.0,210.0,36.0,5.0,0.0,0.0,0.0,0.0,0.0,0.0,0.0,0.0,0.0,0.0,0.0,0.0,0.0,0.0,0.0,0.0,0.0,0.0,0.0,0.0
10.2761689815,314453.0,32565.0,9.65616459389,737.0,64350.0,55.0,65515.0,1460.0,3053.0,2236.0,5986.0,10111.0,7477.0,2015.0,191.0,27.0,9.0,0.0,0.0,0.0,0.0,0.0,0.0,0.0,0.0,0.0,0.0,0.0,0.0,0.0,0.0,0.0,0.0,0.0,0.0,0.0,0.0
10.2803356481,315098.0,32560.0,9.67745700246,737.0,64350.0,55.0,65511.0,1490.0,2968.0,2219.0,5873.0,10201.0,7504.0,2083.0,198.0,23.0,1.0,0.0,0.0,0.0,0.0,0.0,0.0,0.0,0.0,0.0,0.0,0.0,0.0,0.0,0.0,0.0,0.0,0.0,0.0,0.0,0.0
10.2845023148,315359.0,32552.0,9.6878532809,737.0,64352.0,54.0,65516.0,1519.0,3047.0,2362.0,5783.0,9991.0,7511.0,2102.0,209.0,27.0,1.0,0.0,0.0,0.0,0.0,0.0,0.0,0.0,0.0,0.0,0.0,0.0,0.0,0.0,0.0,0.0,0.0,0.0,0.0,0.0,0.0
10.2886689815,314027.0,32561.0,9.6442676822,735.0,64355.0,54.0,65513.0,1487.0,3063.0,2396.0,5793.0,10045.0,7519.0,2023.0,207.0,22.0,6.0,0.0,0.0,0.0,0.0,0.0,0.0,0.0,0.0,0.0,0.0,0.0,0.0,0.0,0.0,0.0,0.0,0.0,0.0,0.0,0.0
10.2928356481,313843.0,32557.0,9.63980096446,737.0,64351.0,54.0,65516.0,1402.0,2979.0,2392.0,5926.0,10179.0,7387.0,2068.0,195.0,26.0,3.0,0.0,0.0,0.0,0.0,0.0,0.0,0.0,0.0,0.0,0.0,0.0,0.0,0.0,0.0,0.0,0.0,0.0,0.0,0.0,0.0
10.2970023148,313847.0,32554.0,9.64081218898,737.0,64351.0,56.0,65516.0,1406.0,2995.0,2248.0,6099.0,10041.0,7540.0,1999.0,196.0,25.0,5.0,0.0,0.0,0.0,0.0,0.0,0.0,0.0,0.0,0.0,0.0,0.0,0.0,0.0,0.0,0.0,0.0,0.0,0.0,0.0,0.0
10.3011689815,313272.0,32553.0,9.62344484379,730.0,64350.0,56.0,65511.0,1439.0,3096.0,2354.0,5939.0,10014.0,7452.0,2018.0,210.0,28.0,3.0,0.0,0.0,0.0,0.0,0.0,0.0,0.0,0.0,0.0,0.0,0.0,0.0,0.0,0.0,0.0,0.0,0.0,0.0,0.0,0.0
10.3053356481,309601.0,32551.0,9.51125925471,737.0,64349.0,54.0,65516.0,1466.0,3139.0,2359.0,6076.0,9850.0,7449.0,1979.0,218.0,13.0,2.0,0.0,0.0,0.0,0.0,0.0,0.0,0.0,0.0,0.0,0.0,0.0,0.0,0.0,0.0,0.0,0.0,0.0,0.0,0.0,0.0
10.3095023148,316045.0,32555.0,9.70803256028,735.0,64351.0,56.0,65516.0,1524.0,3047.0,2329.0,5883.0,9905.0,7550.0,2057.0,230.0,27.0,3.0,0.0,0.0,0.0,0.0,0.0,0.0,0.0,0.0,0.0,0.0,0.0,0.0,0.0,0.0,0.0,0.0,0.0,0.0,0.0,0.0
10.3136689815,314248.0,32556.0,9.65253716673,733.0,64359.0,54.0,65516.0,1477.0,3152.0,2348.0,5832.0,9838.0,7661.0,2022.0,191.0,32.0,3.0,0.0,0.0,0.0,0.0,0.0,0.0,0.0,0.0,0.0,0.0,0.0,0.0,0.0,0.0,0.0,0.0,0.0,0.0,0.0,0.0
10.3178356481,317978.0,32551.0,9.76860925932,732.0,64348.0,51.0,65519.0,1378.0,3050.0,2362.0,5767.0,10080.0,7548.0,2119.0,216.0,30.0,1.0,0.0,0.0,0.0,0.0,0.0,0.0,0.0,0.0,0.0,0.0,0.0,0.0,0.0,0.0,0.0,0.0,0.0,0.0,0.0,0.0
10.3220023148,311886.0,32559.0,9.57910255229,735.0,64348.0,54.0,65516.0,1599.0,3180.0,2297.0,5756.0,9956.0,7520.0,2011.0,220.0,19.0,1.0,0.0,0.0,0.0,0.0,0.0,0.0,0.0,0.0,0.0,0.0,0.0,0.0,0.0,0.0,0.0,0.0,0.0,0.0,0.0,0.0
10.3261689815,317787.0,32555.0,9.76154200584,732.0,64348.0,56.0,65516.0,1526.0,3061.0,2349.0,5783.0,9926.0,7544.0,2116.0,210.0,36.0,4.0,0.0,0.0,0.0,0.0,0.0,0.0,0.0,0.0,0.0,0.0,0.0,0.0,0.0,0.0,0.0,0.0,0.0,0.0,0.0,0.0
10.3303356481,313141.0,32556.0,9.61853421796,737.0,64352.0,55.0,65516.0,1586.0,3155.0,2237.0,5706.0,10046.0,7577.0,2026.0,194.0,28.0,1.0,0.0,0.0,0.0,0.0,0.0,0.0,0.0,0.0,0.0,0.0,0.0,0.0,0.0,0.0,0.0,0.0,0.0,0.0,0.0,0.0
10.3345023148,311966.0,32548.0,9.58479783704,733.0,64350.0,55.0,65518.0,1606.0,3156.0,2285.0,5842.0,9971.0,7455.0,1981.0,220.0,30.0,2.0,0.0,0.0,0.0,0.0,0.0,0.0,0.0,0.0,0.0,0.0,0.0,0.0,0.0,0.0,0.0,0.0,0.0,0.0,0.0,0.0
10.3386689815,309946.0,32553.0,9.52127300095,733.0,64348.0,55.0,65520.0,1641.0,3106.0,2294.0,5837.0,10063.0,7400.0,1990.0,191.0,30.0,1.0,0.0,0.0,0.0,0.0,0.0,0.0,0.0,0.0,0.0,0.0,0.0,0.0,0.0,0.0,0.0,0.0,0.0,0.0,0.0,0.0
10.3428356481,308432.0,32547.0,9.47651089194,730.0,64352.0,55.0,65518.0,1551.0,3146.0,2265.0,6003.0,10103.0,7309.0,1938.0,203.0,27.0,2.0,0.0,0.0,0.0,0.0,0.0,0.0,0.0,0.0,0.0,0.0,0.0,0.0,0.0,0.0,0.0,0.0,0.0,0.0,0.0,0.0
10.3470023148,308456.0,32551.0,9.47608368407,730.0,64350.0,56.0,65520.0,1617.0,3030.0,2201.0,6108.0,10056.0,7369.0,1953.0,190.0,26.0,1.0,0.0,0.0,0.0,0.0,0.0,0.0,0.0,0.0,0.0,0.0,0.0,0.0,0.0,0.0,0.0,0.0,0.0,0.0,0.0,0.0
10.3511689815,313316.0,32544.0,9.62745821042,730.0,64350.0,56.0,65516.0,1583.0,3160.0,2100.0,5903.0,10087.0,7507.0,1958.0,211.0,28.0,7.0,0.0,0.0,0.0,0.0,0.0,0.0,0.0,0.0,0.0,0.0,0.0,0.0,0.0,0.0,0.0,0.0,0.0,0.0,0.0,0.0
10.3553356481,309421.0,32542.0,9.50835842911,733.0,64352.0,55.0,65512.0,1534.0,3177.0,2228.0,6137.0,9895.0,7440.0,1878.0,220.0,28.0,5.0,0.0,0.0,0.0,0.0,0.0,0.0,0.0,0.0,0.0,0.0,0.0,0.0,0.0,0.0,0.0,0.0,0.0,0.0,0.0,0.0
10.3595023148,305332.0,32548.0,9.3809757896,730.0,64350.0,55.0,65520.0,1679.0,3302.0,2229.0,6083.0,9749.0,7375.0,1886.0,228.0,16.0,1.0,0.0,0.0,0.0,0.0,0.0,0.0,0.0,0.0,0.0,0.0,0.0,0.0,0.0,0.0,0.0,0.0,0.0,0.0,0.0,0.0
10.3636689815,311833.0,32534.0,9.58483432717,732.0,64348.0,56.0,65516.0,1508.0,2965.0,2302.0,6040.0,9913.0,7612.0,1969.0,202.0,22.0,1.0,0.0,0.0,0.0,0.0,0.0,0.0,0.0,0.0,0.0,0.0,0.0,0.0,0.0,0.0,0.0,0.0,0.0,0.0,0.0,0.0
10.3678356481,319064.0,32547.0,9.80317694411,730.0,64352.0,55.0,65516.0,1450.0,2966.0,2207.0,5831.0,9853.0,7988.0,2006.0,220.0,25.0,1.0,0.0,0.0,0.0,0.0,0.0,0.0,0.0,0.0,0.0,0.0,0.0,0.0,0.0,0.0,0.0,0.0,0.0,0.0,0.0,0.0
10.3720023148,372132.0,32543.0,11.4350858864,730.0,64348.0,57.0,65516.0,901.0,2052.0,1724.0,4762.0,10138.0,9913.0,2783.0,248.0,21.0,1.0,0.0,0.0,0.0,0.0,0.0,0.0,0.0,0.0,0.0,0.0,0.0,0.0,0.0,0.0,0.0,0.0,0.0,0.0,0.0,0.0
10.3761689815,352177.0,32543.0,10.8218971822,724.0,64348.0,56.0,65511.0,1094.0,2335.0,2011.0,5141.0,9919.0,9371.0,2417.0,229.0,21.0,5.0,0.0,0.0,0.0,0.0,0.0,0.0,0.0,0.0,0.0,0.0,0.0,0.0,0.0,0.0,0.0,0.0,0.0,0.0,0.0,0.0
10.3803356481,309489.0,32541.0,9.51074029686,733.0,64352.0,55.0,65519.0,1286.0,2945.0,2614.0,6121.0,9566.0,8069.0,1731.0,179.0,26.0,4.0,0.0,0.0,0.0,0.0,0.0,0.0,0.0,0.0,0.0,0.0,0.0,0.0,0.0,0.0,0.0,0.0,0.0,0.0,0.0,0.0
10.3845023148,283021.0,32543.0,8.69683188397,730.0,64347.0,54.0,65520.0,1245.0,3245.0,3520.0,6682.0,8821.0,7579.0,1267.0,157.0,26.0,1.0,0.0,0.0,0.0,0.0,0.0,0.0,0.0,0.0,0.0,0.0,0.0,0.0,0.0,0.0,0.0,0.0,0.0,0.0,0.0,0.0
10.3886689815,275656.0,32547.0,8.4694749132,730.0,64352.0,55.0,65520.0,1254.0,3296.0,3978.0,6713.0,8464.0,7537.0,1135.0,146.0,20.0,4.0,0.0,0.0,0.0,0.0,0.0,0.0,0.0,0.0,0.0,0.0,0.0,0.0,0.0,0.0,0.0,0.0,0.0,0.0,0.0,0.0
10.3928356481,270149.0,32542.0,8.30154876775,732.0,64348.0,55.0,65520.0,1239.0,3281.0,4006.0,6824.0,8783.0,7161.0,1092.0,130.0,25.0,1.0,0.0,0.0,0.0,0.0,0.0,0.0,0.0,0.0,0.0,0.0,0.0,0.0,0.0,0.0,0.0,0.0,0.0,0.0,0.0,0.0
10.3970023148,261452.0,32167.0,8.12795722324,730.0,64345.0,56.0,65519.0,1222.0,3476.0,4182.0,6635.0,8266.0,7325.0,940.0,97.0,21.0,3.0,0.0,0.0,0.0,0.0,0.0,0.0,0.0,0.0,0.0,0.0,0.0,0.0,0.0,0.0,0.0,0.0,0.0,0.0,0.0,0.0
10.4011689815,254362.0,32157.0,7.91000404267,730.0,64347.0,56.0,65519.0,1278.0,3666.0,4466.0,6647.0,8035.0,7021.0,943.0,77.0,21.0,3.0,0.0,0.0,0.0,0.0,0.0,0.0,0.0,0.0,0.0,0.0,0.0,0.0,0.0,0.0,0.0,0.0,0.0,0.0,0.0,0.0
10.4053356481,251511.0,32150.0,7.82304821151,730.0,64344.0,56.0,65518.0,1282.0,3699.0,4574.0,6684.0,8045.0,6869.0,857.0,124.0,14.0,2.0,0.0,0.0,0.0,0.0,0.0,0.0,0.0,0.0,0.0,0.0,0.0,0.0,0.0,0.0,0.0,0.0,0.0,0.0,0.0,0.0
10.4095023148,251844.0,32142.0,7.83535560948,730.0,64344.0,60.0,65519.0,1307.0,3564.0,4438.0,6855.0,8164.0,6841.0,859.0,90.0,17.0,7.0,0.0,0.0,0.0,0.0,0.0,0.0,0.0,0.0,0.0,0.0,0.0,0.0,0.0,0.0,0.0,0.0,0.0,0.0,0.0,0.0
10.4136689815,253856.0,32155.0,7.89475975742,735.0,64345.0,60.0,65520.0,1306.0,3624.0,4424.0,6770.0,8094.0,6927.0,890.0,96.0,16.0,8.0,0.0,0.0,0.0,0.0,0.0,0.0,0.0,0.0,0.0,0.0,0.0,0.0,0.0,0.0,0.0,0.0,0.0,0.0,0.0,0.0
10.4178356481,252082.0,32154.0,7.83983330223,732.0,64345.0,57.0,65516.0,1268.0,3560.0,4399.0,6795.0,8140.0,7072.0,815.0,86.0,17.0,2.0,0.0,0.0,0.0,0.0,0.0,0.0,0.0,0.0,0.0,0.0,0.0,0.0,0.0,0.0,0.0,0.0,0.0,0.0,0.0,0.0
10.4220023148,248180.0,32152.0,7.71895994028,729.0,64348.0,60.0,65512.0,1330.0,3748.0,4440.0,6914.0,8039.0,6712.0,839.0,118.0,10.0,2.0,0.0,0.0,0.0,0.0,0.0,0.0,0.0,0.0,0.0,0.0,0.0,0.0,0.0,0.0,0.0,0.0,0.0,0.0,0.0,0.0
10.4261689815,246606.0,32146.0,7.67143657065,730.0,64348.0,59.0,65518.0,1379.0,3746.0,4524.0,6711.0,8111.0,6732.0,844.0,85.0,13.0,1.0,0.0,0.0,0.0,0.0,0.0,0.0,0.0,0.0,0.0,0.0,0.0,0.0,0.0,0.0,0.0,0.0,0.0,0.0,0.0,0.0
10.4303356481,245109.0,32149.0,7.62415627236,725.0,64344.0,56.0,65520.0,1473.0,3735.0,4499.0,7010.0,7752.0,6745.0,825.0,97.0,12.0,1.0,0.0,0.0,0.0,0.0,0.0,0.0,0.0,0.0,0.0,0.0,0.0,0.0,0.0,0.0,0.0,0.0,0.0,0.0,0.0,0.0
10.4345023148,244045.0,32152.0,7.59035207763,725.0,64344.0,60.0,65518.0,1387.0,3895.0,4465.0,6937.0,7988.0,6559.0,808.0,97.0,12.0,4.0,0.0,0.0,0.0,0.0,0.0,0.0,0.0,0.0,0.0,0.0,0.0,0.0,0.0,0.0,0.0,0.0,0.0,0.0,0.0,0.0
10.4386689815,240984.0,32153.0,7.49491493795,729.0,64344.0,59.0,65518.0,1426.0,4034.0,4577.0,7015.0,7747.0,6426.0,810.0,97.0,20.0,1.0,0.0,0.0,0.0,0.0,0.0,0.0,0.0,0.0,0.0,0.0,0.0,0.0,0.0,0.0,0.0,0.0,0.0,0.0,0.0,0.0
10.4428356481,236753.0,32155.0,7.36286736122,730.0,64348.0,56.0,65520.0,1589.0,4041.0,4340.0,7298.0,7817.0,6219.0,745.0,76.0,28.0,2.0,0.0,0.0,0.0,0.0,0.0,0.0,0.0,0.0,0.0,0.0,0.0,0.0,0.0,0.0,0.0,0.0,0.0,0.0,0.0,0.0
10.4470023148,242777.0,32149.0,7.55161902392,725.0,64348.0,56.0,65520.0,1544.0,3941.0,4090.0,7216.0,7938.0,6499.0,806.0,99.0,15.0,1.0,0.0,0.0,0.0,0.0,0.0,0.0,0.0,0.0,0.0,0.0,0.0,0.0,0.0,0.0,0.0,0.0,0.0,0.0,0.0,0.0
10.4511689815,240692.0,32154.0,7.48560054737,730.0,64344.0,56.0,65520.0,1625.0,3842.0,4221.0,7286.0,7958.0,6329.0,765.0,110.0,14.0,4.0,0.0,0.0,0.0,0.0,0.0,0.0,0.0,0.0,0.0,0.0,0.0,0.0,0.0,0.0,0.0,0.0,0.0,0.0,0.0,0.0
10.4553356481,276904.0,32152.0,8.61234137845,729.0,64345.0,54.0,65519.0,1341.0,3328.0,3070.0,7023.0,8788.0,7005.0,1452.0,128.0,16.0,1.0,0.0,0.0,0.0,0.0,0.0,0.0,0.0,0.0,0.0,0.0,0.0,0.0,0.0,0.0,0.0,0.0,0.0,0.0,0.0,0.0
10.4595023148,378580.0,32150.0,11.7754276827,729.0,64345.0,51.0,65518.0,899.0,1990.0,1567.0,4368.0,9772.0,10355.0,2948.0,230.0,18.0,3.0,0.0,0.0,0.0,0.0,0.0,0.0,0.0,0.0,0.0,0.0,0.0,0.0,0.0,0.0,0.0,0.0,0.0,0.0,0.0,0.0
10.4636689815,372938.0,32145.0,11.6017421061,729.0,64344.0,54.0,65518.0,869.0,1980.0,1489.0,4561.0,10209.0,9846.0,2974.0,202.0,11.0,4.0,0.0,0.0,0.0,0.0,0.0,0.0,0.0,0.0,0.0,0.0,0.0,0.0,0.0,0.0,0.0,0.0,0.0,0.0,0.0,0.0
10.4678356481,310911.0,32147.0,9.67154011261,732.0,64347.0,48.0,65516.0,1026.0,2215.0,1836.0,6178.0,11079.0,8064.0,1598.0,130.0,17.0,4.0,0.0,0.0,0.0,0.0,0.0,0.0,0.0,0.0,0.0,0.0,0.0,0.0,0.0,0.0,0.0,0.0,0.0,0.0,0.0,0.0
10.4720023148,233517.0,32153.0,7.26268155382,732.0,64344.0,48.0,65518.0,1582.0,4055.0,4233.0,7593.0,7928.0,5910.0,734.0,99.0,16.0,3.0,0.0,0.0,0.0,0.0,0.0,0.0,0.0,0.0,0.0,0.0,0.0,0.0,0.0,0.0,0.0,0.0,0.0,0.0,0.0,0.0
10.4761689815,200000.0,32153.0,6.22025938482,730.0,64347.0,44.0,65520.0,1889.0,4900.0,5888.0,7801.0,6169.0,4929.0,451.0,104.0,22.0,0.0,0.0,0.0,0.0,0.0,0.0,0.0,0.0,0.0,0.0,0.0,0.0,0.0,0.0,0.0,0.0,0.0,0.0,0.0,0.0,0.0
10.4803356481,203256.0,32153.0,6.3215252076,732.0,64345.0,48.0,65518.0,1563.0,4586.0,6275.0,7884.0,6067.0,5192.0,498.0,70.0,16.0,2.0,0.0,0.0,0.0,0.0,0.0,0.0,0.0,0.0,0.0,0.0,0.0,0.0,0.0,0.0,0.0,0.0,0.0,0.0,0.0,0.0
10.4845023148,222791.0,32160.0,6.92758084577,730.0,64344.0,48.0,65518.0,1189.0,3977.0,5831.0,7860.0,6872.0,5702.0,612.0,89.0,23.0,5.0,0.0,0.0,0.0,0.0,0.0,0.0,0.0,0.0,0.0,0.0,0.0,0.0,0.0,0.0,0.0,0.0,0.0,0.0,0.0,0.0
10.4886689815,228623.0,32155.0,7.11002954439,733.0,64344.0,47.0,65518.0,1149.0,3665.0,5709.0,7833.0,6962.0,6063.0,678.0,78.0,14.0,4.0,0.0,0.0,0.0,0.0,0.0,0.0,0.0,0.0,0.0,0.0,0.0,0.0,0.0,0.0,0.0,0.0,0.0,0.0,0.0,0.0
10.4928356481,234170.0,32160.0,7.28140547264,735.0,64344.0,47.0,65518.0,1080.0,3554.0,5452.0,7812.0,7268.0,6189.0,684.0,103.0,14.0,4.0,0.0,0.0,0.0,0.0,0.0,0.0,0.0,0.0,0.0,0.0,0.0,0.0,0.0,0.0,0.0,0.0,0.0,0.0,0.0,0.0
10.4970023148,235017.0,32153.0,7.30933349921,730.0,64345.0,48.0,65520.0,1075.0,3479.0,5279.0,7925.0,7376.0,6260.0,635.0,101.0,20.0,3.0,0.0,0.0,0.0,0.0,0.0,0.0,0.0,0.0,0.0,0.0,0.0,0.0,0.0,0.0,0.0,0.0,0.0,0.0,0.0,0.0
10.5011689815,241359.0,32154.0,7.50634446725,730.0,64344.0,46.0,65520.0,968.0,3329.0,5015.0,7728.0,7720.0,6598.0,696.0,83.0,17.0,0.0,0.0,0.0,0.0,0.0,0.0,0.0,0.0,0.0,0.0,0.0,0.0,0.0,0.0,0.0,0.0,0.0,0.0,0.0,0.0,0.0
10.5053356481,242415.0,32157.0,7.53848306745,730.0,64345.0,44.0,65518.0,1010.0,3265.0,5009.0,7807.0,7620.0,6621.0,713.0,96.0,16.0,0.0,0.0,0.0,0.0,0.0,0.0,0.0,0.0,0.0,0.0,0.0,0.0,0.0,0.0,0.0,0.0,0.0,0.0,0.0,0.0,0.0
10.5095023148,265802.0,32150.0,8.26755832037,730.0,64348.0,44.0,65516.0,959.0,2826.0,3602.0,7445.0,9181.0,7104.0,907.0,104.0,19.0,3.0,0.0,0.0,0.0,0.0,0.0,0.0,0.0,0.0,0.0,0.0,0.0,0.0,0.0,0.0,0.0,0.0,0.0,0.0,0.0,0.0
10.5136689815,282911.0,32151.0,8.79944636248,733.0,64344.0,47.0,65519.0,923.0,2443.0,2548.0,7359.0,10032.0,7675.0,1054.0,97.0,17.0,3.0,0.0,0.0,0.0,0.0,0.0,0.0,0.0,0.0,0.0,0.0,0.0,0.0,0.0,0.0,0.0,0.0,0.0,0.0,0.0,0.0
10.5178356481,282752.0,32155.0,8.79340693516,730.0,64347.0,44.0,65519.0,1013.0,2464.0,2370.0,7379.0,10152.0,7571.0,1091.0,101.0,10.0,4.0,0.0,0.0,0.0,0.0,0.0,0.0,0.0,0.0,0.0,0.0,0.0,0.0,0.0,0.0,0.0,0.0,0.0,0.0,0.0,0.0
10.5220023148,236903.0,32153.0,7.36799054521,732.0,64344.0,46.0,65520.0,1053.0,3495.0,5130.0,7799.0,7432.0,6461.0,692.0,77.0,12.0,2.0,0.0,0.0,0.0,0.0,0.0,0.0,0.0,0.0,0.0,0.0,0.0,0.0,0.0,0.0,0.0,0.0,0.0,0.0,0.0,0.0
10.5261689815,256873.0,32157.0,7.98808968498,730.0,64347.0,48.0,65518.0,909.0,3045.0,4386.0,7674.0,8261.0,6893.0,879.0,80.0,23.0,7.0,0.0,0.0,0.0,0.0,0.0,0.0,0.0,0.0,0.0,0.0,0.0,0.0,0.0,0.0,0.0,0.0,0.0,0.0,0.0,0.0
10.5303356481,262697.0,32160.0,8.16843905473,733.0,64348.0,47.0,65519.0,869.0,2855.0,4047.0,7657.0,8522.0,7183.0,906.0,103.0,17.0,1.0,0.0,0.0,0.0,0.0,0.0,0.0,0.0,0.0,0.0,0.0,0.0,0.0,0.0,0.0,0.0,0.0,0.0,0.0,0.0,0.0
10.5345023148,264243.0,32158.0,8.21702220287,730.0,64344.0,47.0,65519.0,876.0,2723.0,3972.0,7612.0,8599.0,7364.0,921.0,80.0,7.0,4.0,0.0,0.0,0.0,0.0,0.0,0.0,0.0,0.0,0.0,0.0,0.0,0.0,0.0,0.0,0.0,0.0,0.0,0.0,0.0,0.0
10.5386689815,266164.0,32163.0,8.27547181544,733.0,64347.0,46.0,65519.0,859.0,2760.0,3888.0,7521.0,8795.0,7277.0,949.0,97.0,17.0,0.0,0.0,0.0,0.0,0.0,0.0,0.0,0.0,0.0,0.0,0.0,0.0,0.0,0.0,0.0,0.0,0.0,0.0,0.0,0.0,0.0
10.5428356481,268299.0,32154.0,8.34418734839,737.0,64350.0,48.0,65516.0,888.0,2827.0,3808.0,7582.0,8649.0,7328.0,942.0,97.0,29.0,4.0,0.0,0.0,0.0,0.0,0.0,0.0,0.0,0.0,0.0,0.0,0.0,0.0,0.0,0.0,0.0,0.0,0.0,0.0,0.0,0.0
10.5470023148,266581.0,32156.0,8.29024132355,733.0,64344.0,46.0,65520.0,860.0,2745.0,3922.0,7640.0,8657.0,7259.0,955.0,92.0,24.0,2.0,0.0,0.0,0.0,0.0,0.0,0.0,0.0,0.0,0.0,0.0,0.0,0.0,0.0,0.0,0.0,0.0,0.0,0.0,0.0,0.0
10.5511689815,269335.0,32161.0,8.37458412363,733.0,64345.0,47.0,65520.0,819.0,2703.0,3822.0,7547.0,8688.0,7516.0,958.0,91.0,14.0,3.0,0.0,0.0,0.0,0.0,0.0,0.0,0.0,0.0,0.0,0.0,0.0,0.0,0.0,0.0,0.0,0.0,0.0,0.0,0.0,0.0
10.5553356481,339603.0,32157.0,10.5607799235,735.0,64348.0,44.0,65518.0,1207.0,2497.0,1989.0,5230.0,9830.0,8710.0,2496.0,178.0,17.0,3.0,0.0,0.0,0.0,0.0,0.0,0.0,0.0,0.0,0.0,0.0,0.0,0.0,0.0,0.0,0.0,0.0,0.0,0.0,0.0,0.0
10.5595023148,360538.0,32168.0,11.2079706541,733.0,64345.0,41.0,65519.0,1165.0,2342.0,1540.0,4781.0,10065.0,9203.0,2826.0,220.0,23.0,3.0,0.0,0.0,0.0,0.0,0.0,0.0,0.0,0.0,0.0,0.0,0.0,0.0,0.0,0.0,0.0,0.0,0.0,0.0,0.0,0.0
10.5636689815,363654.0,32170.0,11.3041342866,737.0,64345.0,44.0,65518.0,1206.0,2306.0,1586.0,4632.0,9970.0,9355.0,2866.0,219.0,25.0,5.0,0.0,0.0,0.0,0.0,0.0,0.0,0.0,0.0,0.0,0.0,0.0,0.0,0.0,0.0,0.0,0.0,0.0,0.0,0.0,0.0
10.5678356481,358394.0,32162.0,11.1433990423,735.0,64350.0,44.0,65518.0,1147.0,2204.0,1699.0,4658.0,10230.0,9258.0,2742.0,199.0,21.0,4.0,0.0,0.0,0.0,0.0,0.0,0.0,0.0,0.0,0.0,0.0,0.0,0.0,0.0,0.0,0.0,0.0,0.0,0.0,0.0,0.0
10.5720023148,354875.0,32167.0,11.0322690957,737.0,64345.0,44.0,65518.0,1182.0,2289.0,1607.0,4917.0,10131.0,9157.0,2658.0,195.0,26.0,5.0,0.0,0.0,0.0,0.0,0.0,0.0,0.0,0.0,0.0,0.0,0.0,0.0,0.0,0.0,0.0,0.0,0.0,0.0,0.0,0.0
10.5761689815,360526.0,32168.0,11.2075976125,737.0,64345.0,41.0,65516.0,1131.0,2186.0,1542.0,4822.0,10208.0,9326.0,2730.0,191.0,21.0,11.0,0.0,0.0,0.0,0.0,0.0,0.0,0.0,0.0,0.0,0.0,0.0,0.0,0.0,0.0,0.0,0.0,0.0,0.0,0.0,0.0
10.5803356481,362041.0,32157.0,11.2585440184,737.0,64348.0,41.0,65518.0,1130.0,2159.0,1595.0,4759.0,10145.0,9379.0,2750.0,206.0,27.0,7.0,0.0,0.0,0.0,0.0,0.0,0.0,0.0,0.0,0.0,0.0,0.0,0.0,0.0,0.0,0.0,0.0,0.0,0.0,0.0,0.0
10.5845023148,360953.0,32169.0,11.2205228636,735.0,64345.0,41.0,65520.0,1106.0,2187.0,1585.0,4863.0,10098.0,9358.0,2735.0,209.0,19.0,9.0,0.0,0.0,0.0,0.0,0.0,0.0,0.0,0.0,0.0,0.0,0.0,0.0,0.0,0.0,0.0,0.0,0.0,0.0,0.0,0.0
10.5886689815,356555.0,32172.0,11.0827738406,737.0,64347.0,41.0,65516.0,1025.0,2211.0,1566.0,4961.0,10207.0,9355.0,2616.0,215.0,12.0,4.0,0.0,0.0,0.0,0.0,0.0,0.0,0.0,0.0,0.0,0.0,0.0,0.0,0.0,0.0,0.0,0.0,0.0,0.0,0.0,0.0
10.5928356481,359081.0,32168.0,11.1626771947,737.0,64345.0,44.0,65516.0,1046.0,2003.0,1561.0,4955.0,10299.0,9476.0,2601.0,198.0,25.0,4.0,0.0,0.0,0.0,0.0,0.0,0.0,0.0,0.0,0.0,0.0,0.0,0.0,0.0,0.0,0.0,0.0,0.0,0.0,0.0,0.0
10.5970023148,356466.0,32170.0,11.0806963009,737.0,64344.0,44.0,65519.0,1012.0,2058.0,1550.0,5003.0,10270.0,9537.0,2529.0,182.0,27.0,2.0,0.0,0.0,0.0,0.0,0.0,0.0,0.0,0.0,0.0,0.0,0.0,0.0,0.0,0.0,0.0,0.0,0.0,0.0,0.0,0.0
10.6011689815,359236.0,32158.0,11.1709683438,737.0,64348.0,40.0,65516.0,1025.0,2068.0,1504.0,4900.0,10198.0,9609.0,2653.0,178.0,23.0,0.0,0.0,0.0,0.0,0.0,0.0,0.0,0.0,0.0,0.0,0.0,0.0,0.0,0.0,0.0,0.0,0.0,0.0,0.0,0.0,0.0
10.6053356481,357813.0,32169.0,11.1229133638,737.0,64345.0,44.0,65518.0,929.0,1971.0,1513.0,5026.0,10375.0,9631.0,2508.0,194.0,21.0,1.0,0.0,0.0,0.0,0.0,0.0,0.0,0.0,0.0,0.0,0.0,0.0,0.0,0.0,0.0,0.0,0.0,0.0,0.0,0.0,0.0
10.6095023148,356446.0,32170.0,11.0800746037,737.0,64344.0,40.0,65521.0,943.0,1906.0,1504.0,5111.0,10338.0,9724.0,2434.0,193.0,14.0,3.0,0.0,0.0,0.0,0.0,0.0,0.0,0.0,0.0,0.0,0.0,0.0,0.0,0.0,0.0,0.0,0.0,0.0,0.0,0.0,0.0
10.6136689815,357497.0,32169.0,11.1130902422,737.0,64345.0,41.0,65516.0,914.0,1919.0,1507.0,5159.0,10245.0,9707.0,2530.0,168.0,17.0,3.0,0.0,0.0,0.0,0.0,0.0,0.0,0.0,0.0,0.0,0.0,0.0,0.0,0.0,0.0,0.0,0.0,0.0,0.0,0.0,0.0
10.6178356481,322352.0,32172.0,10.0196444113,737.0,64344.0,39.0,65519.0,1007.0,2374.0,2421.0,5994.0,9511.0,8724.0,1969.0,155.0,14.0,3.0,0.0,0.0,0.0,0.0,0.0,0.0,0.0,0.0,0.0,0.0,0.0,0.0,0.0,0.0,0.0,0.0,0.0,0.0,0.0,0.0
10.6220023148,216470.0,32170.0,6.72894000622,737.0,64348.0,39.0,65518.0,1726.0,4500.0,4921.0,7968.0,6808.0,5543.0,589.0,103.0,11.0,1.0,0.0,0.0,0.0,0.0,0.0,0.0,0.0,0.0,0.0,0.0,0.0,0.0,0.0,0.0,0.0,0.0,0.0,0.0,0.0,0.0
10.6261689815,231105.0,32175.0,7.18275058275,738.0,64347.0,36.0,65519.0,1694.0,4215.0,4699.0,7363.0,7171.0,6189.0,741.0,88.0,12.0,3.0,0.0,0.0,0.0,0.0,0.0,0.0,0.0,0.0,0.0,0.0,0.0,0.0,0.0,0.0,0.0,0.0,0.0,0.0,0.0,0.0
10.6303356481,261452.0,32173.0,8.12644142604,738.0,64348.0,35.0,65523.0,1672.0,3848.0,3946.0,5268.0,9096.0,7308.0,917.0,98.0,14.0,6.0,0.0,0.0,0.0,0.0,0.0,0.0,0.0,0.0,0.0,0.0,0.0,0.0,0.0,0.0,0.0,0.0,0.0,0.0,0.0,0.0
10.6345023148,237254.0,32182.0,7.37225778385,740.0,64350.0,32.0,65520.0,2399.0,4674.0,3588.0,5819.0,8948.0,5729.0,893.0,105.0,26.0,1.0,0.0,0.0,0.0,0.0,0.0,0.0,0.0,0.0,0.0,0.0,0.0,0.0,0.0,0.0,0.0,0.0,0.0,0.0,0.0,0.0
10.6386689815,223861.0,32185.0,6.95544508311,738.0,64348.0,31.0,65520.0,2701.0,4773.0,2960.0,7566.0,8303.0,4886.0,855.0,115.0,24.0,2.0,0.0,0.0,0.0,0.0,0.0,0.0,0.0,0.0,0.0,0.0,0.0,0.0,0.0,0.0,0.0,0.0,0.0,0.0,0.0,0.0
10.6428356481,228178.0,32187.0,7.08913536521,741.0,64345.0,35.0,65516.0,2412.0,4318.0,2710.0,8176.0,8395.0,5279.0,782.0,98.0,12.0,5.0,0.0,0.0,0.0,0.0,0.0,0.0,0.0,0.0,0.0,0.0,0.0,0.0,0.0,0.0,0.0,0.0,0.0,0.0,0.0,0.0
10.6470023148,241005.0,32183.0,7.48858092782,741.0,64344.0,33.0,65523.0,1962.0,4029.0,2758.0,7815.0,8723.0,5925.0,867.0,89.0,13.0,2.0,0.0,0.0,0.0,0.0,0.0,0.0,0.0,0.0,0.0,0.0,0.0,0.0,0.0,0.0,0.0,0.0,0.0,0.0,0.0,0.0
10.6511689815,228417.0,32190.0,7.09589934762,741.0,64344.0,31.0,65520.0,1732.0,4277.0,4220.0,7127.0,8259.0,5874.0,592.0,92.0,16.0,1.0,0.0,0.0,0.0,0.0,0.0,0.0,0.0,0.0,0.0,0.0,0.0,0.0,0.0,0.0,0.0,0.0,0.0,0.0,0.0,0.0
10.6553356481,217441.0,32190.0,6.75492388941,745.0,64348.0,33.0,65523.0,1851.0,4603.0,4779.0,6942.0,7915.0,5464.0,540.0,79.0,15.0,2.0,0.0,0.0,0.0,0.0,0.0,0.0,0.0,0.0,0.0,0.0,0.0,0.0,0.0,0.0,0.0,0.0,0.0,0.0,0.0,0.0
10.6595023148,209824.0,32190.0,6.51829760795,748.0,64345.0,31.0,65520.0,1992.0,4964.0,4784.0,6703.0,7984.0,5152.0,543.0,61.0,7.0,0.0,0.0,0.0,0.0,0.0,0.0,0.0,0.0,0.0,0.0,0.0,0.0,0.0,0.0,0.0,0.0,0.0,0.0,0.0,0.0,0.0
10.6636689815,208173.0,32190.0,6.4670083877,745.0,64348.0,32.0,65523.0,2144.0,5171.0,4907.0,6579.0,7755.0,5060.0,464.0,85.0,22.0,3.0,0.0,0.0,0.0,0.0,0.0,0.0,0.0,0.0,0.0,0.0,0.0,0.0,0.0,0.0,0.0,0.0,0.0,0.0,0.0,0.0
10.6678356481,204412.0,32201.0,6.34800161486,745.0,64345.0,31.0,65520.0,2293.0,5276.0,4994.0,6515.0,7578.0,4962.0,485.0,82.0,14.0,2.0,0.0,0.0,0.0,0.0,0.0,0.0,0.0,0.0,0.0,0.0,0.0,0.0,0.0,0.0,0.0,0.0,0.0,0.0,0.0,0.0
10.6720023148,203581.0,32203.0,6.32180231655,743.0,64344.0,31.0,65520.0,2345.0,5569.0,4964.0,6277.0,7568.0,4926.0,450.0,82.0,13.0,9.0,0.0,0.0,0.0,0.0,0.0,0.0,0.0,0.0,0.0,0.0,0.0,0.0,0.0,0.0,0.0,0.0,0.0,0.0,0.0,0.0
10.6761689815,193420.0,32200.0,6.00683229814,746.0,64352.0,31.0,65526.0,2709.0,6072.0,5492.0,5157.0,7703.0,4530.0,434.0,87.0,15.0,1.0,0.0,0.0,0.0,0.0,0.0,0.0,0.0,0.0,0.0,0.0,0.0,0.0,0.0,0.0,0.0,0.0,0.0,0.0,0.0,0.0
10.6803356481,190951.0,32197.0,5.93070782992,748.0,64344.0,32.0,65520.0,3087.0,6361.0,5245.0,4075.0,8621.0,4298.0,427.0,68.0,14.0,1.0,0.0,0.0,0.0,0.0,0.0,0.0,0.0,0.0,0.0,0.0,0.0,0.0,0.0,0.0,0.0,0.0,0.0,0.0,0.0,0.0
10.6845023148,191075.0,32197.0,5.93455912041,750.0,64348.0,31.0,65520.0,3054.0,6335.0,5458.0,3984.0,8488.0,4382.0,405.0,78.0,11.0,2.0,0.0,0.0,0.0,0.0,0.0,0.0,0.0,0.0,0.0,0.0,0.0,0.0,0.0,0.0,0.0,0.0,0.0,0.0,0.0,0.0
10.6886689815,213553.0,32201.0,6.6318747865,750.0,64348.0,33.0,65520.0,2081.0,5035.0,4983.0,5968.0,8217.0,5291.0,517.0,97.0,12.0,0.0,0.0,0.0,0.0,0.0,0.0,0.0,0.0,0.0,0.0,0.0,0.0,0.0,0.0,0.0,0.0,0.0,0.0,0.0,0.0,0.0
10.6928356481,211035.0,32208.0,6.55225409836,750.0,64345.0,33.0,65516.0,1958.0,4757.0,5073.0,7331.0,7243.0,5216.0,524.0,85.0,17.0,4.0,0.0,0.0,0.0,0.0,0.0,0.0,0.0,0.0,0.0,0.0,0.0,0.0,0.0,0.0,0.0,0.0,0.0,0.0,0.0,0.0
10.6970023148,204709.0,32210.0,6.35544861844,751.0,64348.0,30.0,65523.0,2137.0,5063.0,4943.0,7332.0,7262.0,4866.0,495.0,97.0,11.0,4.0,0.0,0.0,0.0,0.0,0.0,0.0,0.0,0.0,0.0,0.0,0.0,0.0,0.0,0.0,0.0,0.0,0.0,0.0,0.0,0.0
10.7011689815,199918.0,32202.0,6.20824793491,750.0,64348.0,28.0,65523.0,2266.0,5358.0,5170.0,6913.0,7115.0,4818.0,469.0,72.0,19.0,2.0,0.0,0.0,0.0,0.0,0.0,0.0,0.0,0.0,0.0,0.0,0.0,0.0,0.0,0.0,0.0,0.0,0.0,0.0,0.0,0.0
10.7053356481,198745.0,32204.0,6.17143833064,751.0,64344.0,31.0,65516.0,2360.0,5555.0,5049.0,6763.0,7129.0,4804.0,446.0,77.0,19.0,2.0,0.0,0.0,0.0,0.0,0.0,0.0,0.0,0.0,0.0,0.0,0.0,0.0,0.0,0.0,0.0,0.0,0.0,0.0,0.0,0.0
10.7095023148,199208.0,32211.0,6.1844711434,750.0,64344.0,31.0,65519.0,2333.0,5542.0,5031.0,6687.0,7173.0,4917.0,434.0,80.0,14.0,0.0,0.0,0.0,0.0,0.0,0.0,0.0,0.0,0.0,0.0,0.0,0.0,0.0,0.0,0.0,0.0,0.0,0.0,0.0,0.0,0.0
10.7136689815,201554.0,32204.0,6.25866352006,751.0,64348.0,30.0,65520.0,2275.0,5500.0,5139.0,6510.0,7347.0,4904.0,399.0,112.0,16.0,2.0,0.0,0.0,0.0,0.0,0.0,0.0,0.0,0.0,0.0,0.0,0.0,0.0,0.0,0.0,0.0,0.0,0.0,0.0,0.0,0.0
10.7178356481,199874.0,32207.0,6.20591796814,751.0,64347.0,31.0,65520.0,2296.0,5540.0,5199.0,6460.0,7384.0,4769.0,452.0,89.0,16.0,2.0,0.0,0.0,0.0,0.0,0.0,0.0,0.0,0.0,0.0,0.0,0.0,0.0,0.0,0.0,0.0,0.0,0.0,0.0,0.0,0.0
10.7220023148,200266.0,32218.0,6.21596623006,754.0,64351.0,28.0,65520.0,2368.0,5436.0,5213.0,6373.0,7432.0,4850.0,449.0,81.0,14.0,2.0,0.0,0.0,0.0,0.0,0.0,0.0,0.0,0.0,0.0,0.0,0.0,0.0,0.0,0.0,0.0,0.0,0.0,0.0,0.0,0.0
10.7261689815,204116.0,32222.0,6.33467817019,756.0,64344.0,31.0,65520.0,2258.0,5348.0,5086.0,6433.0,7632.0,4887.0,470.0,94.0,8.0,6.0,0.0,0.0,0.0,0.0,0.0,0.0,0.0,0.0,0.0,0.0,0.0,0.0,0.0,0.0,0.0,0.0,0.0,0.0,0.0,0.0
10.7303356481,205787.0,32216.0,6.38772659548,756.0,64345.0,30.0,65520.0,2227.0,5315.0,5244.0,6288.0,7546.0,5063.0,413.0,92.0,22.0,6.0,0.0,0.0,0.0,0.0,0.0,0.0,0.0,0.0,0.0,0.0,0.0,0.0,0.0,0.0,0.0,0.0,0.0,0.0,0.0,0.0
10.7345023148,205315.0,32215.0,6.37327331988,756.0,64348.0,32.0,65518.0,2197.0,5321.0,5165.0,6252.0,7780.0,4945.0,446.0,83.0,23.0,3.0,0.0,0.0,0.0,0.0,0.0,0.0,0.0,0.0,0.0,0.0,0.0,0.0,0.0,0.0,0.0,0.0,0.0,0.0,0.0,0.0
10.7386689815,213030.0,32218.0,6.61214228071,756.0,64344.0,31.0,65519.0,2037.0,5094.0,5064.0,6100.0,8026.0,5275.0,521.0,83.0,14.0,4.0,0.0,0.0,0.0,0.0,0.0,0.0,0.0,0.0,0.0,0.0,0.0,0.0,0.0,0.0,0.0,0.0,0.0,0.0,0.0,0.0
10.7428356481,212984.0,32219.0,6.61050932679,753.0,64348.0,31.0,65520.0,2058.0,4968.0,5068.0,6078.0,8236.0,5190.0,510.0,96.0,13.0,2.0,0.0,0.0,0.0,0.0,0.0,0.0,0.0,0.0,0.0,0.0,0.0,0.0,0.0,0.0,0.0,0.0,0.0,0.0,0.0,0.0
10.7470023148,215599.0,32222.0,6.69104959345,756.0,64348.0,31.0,65520.0,1878.0,4917.0,5083.0,5887.0,8539.0,5349.0,457.0,96.0,14.0,2.0,0.0,0.0,0.0,0.0,0.0,0.0,0.0,0.0,0.0,0.0,0.0,0.0,0.0,0.0,0.0,0.0,0.0,0.0,0.0,0.0
10.7511689815,226309.0,32224.0,7.02299528302,756.0,64345.0,31.0,65518.0,1787.0,4539.0,4899.0,5941.0,8758.0,5624.0,558.0,91.0,19.0,8.0,0.0,0.0,0.0,0.0,0.0,0.0,0.0,0.0,0.0,0.0,0.0,0.0,0.0,0.0,0.0,0.0,0.0,0.0,0.0,0.0
10.7553356481,181936.0,26856.0,6.7745010426,759.0,64347.0,28.0,65521.0,1746.0,4084.0,4206.0,4174.0,7677.0,4498.0,379.0,75.0,15.0,2.0,0.0,0.0,0.0,0.0,0.0,0.0,0.0,0.0,0.0,0.0,0.0,0.0,0.0,0.0,0.0,0.0,0.0,0.0,0.0,0.0
10.7671990741,295184.0,32623.0,9.04834012813,761.0,64350.0,20.0,65531.0,1509.0,3140.0,2546.0,5190.0,11316.0,7307.0,1454.0,133.0,27.0,1.0,0.0,0.0,0.0,0.0,0.0,0.0,0.0,0.0,0.0,0.0,0.0,0.0,0.0,0.0,0.0,0.0,0.0,0.0,0.0,0.0
10.7713657407,315288.0,32623.0,9.66459246544,762.0,64348.0,22.0,65523.0,1459.0,3424.0,3348.0,4436.0,9918.0,7673.0,2140.0,195.0,26.0,4.0,0.0,0.0,0.0,0.0,0.0,0.0,0.0,0.0,0.0,0.0,0.0,0.0,0.0,0.0,0.0,0.0,0.0,0.0,0.0,0.0
10.7755324074,274875.0,32629.0,8.42425449753,761.0,64350.0,25.0,65523.0,1597.0,4097.0,4277.0,5768.0,8144.0,7163.0,1372.0,184.0,25.0,2.0,0.0,0.0,0.0,0.0,0.0,0.0,0.0,0.0,0.0,0.0,0.0,0.0,0.0,0.0,0.0,0.0,0.0,0.0,0.0,0.0
10.7796990741,323827.0,32629.0,9.92451500199,762.0,64348.0,17.0,65528.0,1053.0,2997.0,3453.0,5253.0,8686.0,8934.0,2047.0,182.0,22.0,2.0,0.0,0.0,0.0,0.0,0.0,0.0,0.0,0.0,0.0,0.0,0.0,0.0,0.0,0.0,0.0,0.0,0.0,0.0,0.0,0.0
10.7838657407,339873.0,32627.0,10.416924633,762.0,64348.0,17.0,65526.0,1056.0,2713.0,3000.0,5040.0,9229.0,8989.0,2359.0,211.0,26.0,4.0,0.0,0.0,0.0,0.0,0.0,0.0,0.0,0.0,0.0,0.0,0.0,0.0,0.0,0.0,0.0,0.0,0.0,0.0,0.0,0.0
10.7880324074,289710.0,32626.0,8.87972782443,762.0,64348.0,19.0,65528.0,1497.0,3646.0,3344.0,6194.0,8999.0,7059.0,1675.0,177.0,33.0,2.0,0.0,0.0,0.0,0.0,0.0,0.0,0.0,0.0,0.0,0.0,0.0,0.0,0.0,0.0,0.0,0.0,0.0,0.0,0.0,0.0
10.7921990741,281574.0,32630.0,8.62929819185,762.0,64348.0,16.0,65532.0,1531.0,3736.0,3951.0,5854.0,8811.0,7042.0,1492.0,184.0,28.0,1.0,0.0,0.0,0.0,0.0,0.0,0.0,0.0,0.0,0.0,0.0,0.0,0.0,0.0,0.0,0.0,0.0,0.0,0.0,0.0,0.0
10.7963657407,288171.0,32632.0,8.83093282667,766.0,64351.0,16.0,65528.0,1447.0,3553.0,3729.0,5524.0,9601.0,6985.0,1580.0,183.0,27.0,3.0,0.0,0.0,0.0,0.0,0.0,0.0,0.0,0.0,0.0,0.0,0.0,0.0,0.0,0.0,0.0,0.0,0.0,0.0,0.0,0.0
10.8005324074,286425.0,32634.0,8.77688913403,766.0,64350.0,17.0,65527.0,1440.0,3667.0,3685.0,5571.0,9592.0,6901.0,1581.0,168.0,22.0,7.0,0.0,0.0,0.0,0.0,0.0,0.0,0.0,0.0,0.0,0.0,0.0,0.0,0.0,0.0,0.0,0.0,0.0,0.0,0.0,0.0
10.8046990741,282724.0,32635.0,8.66321434043,762.0,64350.0,17.0,65529.0,1520.0,3736.0,3740.0,5559.0,9489.0,6835.0,1564.0,172.0,17.0,3.0,0.0,0.0,0.0,0.0,0.0,0.0,0.0,0.0,0.0,0.0,0.0,0.0,0.0,0.0,0.0,0.0,0.0,0.0,0.0,0.0
10.8088657407,278669.0,32625.0,8.54157854406,764.0,64348.0,16.0,65528.0,1608.0,3831.0,3761.0,5647.0,9433.0,6665.0,1473.0,178.0,26.0,3.0,0.0,0.0,0.0,0.0,0.0,0.0,0.0,0.0,0.0,0.0,0.0,0.0,0.0,0.0,0.0,0.0,0.0,0.0,0.0,0.0
10.8130324074,277889.0,32635.0,8.51506051785,766.0,64348.0,19.0,65523.0,1566.0,3949.0,3780.0,5619.0,9472.0,6550.0,1513.0,153.0,26.0,7.0,0.0,0.0,0.0,0.0,0.0,0.0,0.0,0.0,0.0,0.0,0.0,0.0,0.0,0.0,0.0,0.0,0.0,0.0,0.0,0.0
10.8171990741,276052.0,32630.0,8.46006742262,766.0,64345.0,19.0,65526.0,1527.0,3940.0,3780.0,5680.0,9563.0,6417.0,1542.0,160.0,18.0,3.0,0.0,0.0,0.0,0.0,0.0,0.0,0.0,0.0,0.0,0.0,0.0,0.0,0.0,0.0,0.0,0.0,0.0,0.0,0.0,0.0
10.8213657407,260138.0,32635.0,7.9711352842,769.0,64351.0,20.0,65527.0,2329.0,4560.0,3855.0,5437.0,8887.0,5939.0,1439.0,162.0,26.0,1.0,0.0,0.0,0.0,0.0,0.0,0.0,0.0,0.0,0.0,0.0,0.0,0.0,0.0,0.0,0.0,0.0,0.0,0.0,0.0,0.0
10.8255324074,232329.0,32623.0,7.12163197744,764.0,64344.0,22.0,65529.0,3170.0,5541.0,3654.0,5578.0,8434.0,4916.0,1127.0,176.0,25.0,2.0,0.0,0.0,0.0,0.0,0.0,0.0,0.0,0.0,0.0,0.0,0.0,0.0,0.0,0.0,0.0,0.0,0.0,0.0,0.0,0.0
10.8296990741,232328.0,32631.0,7.11985535227,767.0,64345.0,19.0,65526.0,3239.0,5512.0,3320.0,6208.0,8082.0,4922.0,1143.0,180.0,20.0,5.0,0.0,0.0,0.0,0.0,0.0,0.0,0.0,0.0,0.0,0.0,0.0,0.0,0.0,0.0,0.0,0.0,0.0,0.0,0.0,0.0
10.8338657407,227446.0,32637.0,6.96896160799,766.0,64351.0,16.0,65527.0,3439.0,5556.0,3247.0,6505.0,7768.0,4810.0,1123.0,160.0,26.0,3.0,0.0,0.0,0.0,0.0,0.0,0.0,0.0,0.0,0.0,0.0,0.0,0.0,0.0,0.0,0.0,0.0,0.0,0.0,0.0,0.0
10.8380324074,225507.0,32639.0,6.90912711787,767.0,64344.0,20.0,65528.0,3382.0,5445.0,3195.0,6812.0,7845.0,4723.0,1039.0,170.0,25.0,3.0,0.0,0.0,0.0,0.0,0.0,0.0,0.0,0.0,0.0,0.0,0.0,0.0,0.0,0.0,0.0,0.0,0.0,0.0,0.0,0.0
10.8421990741,225689.0,32636.0,6.91533888957,769.0,64347.0,19.0,65528.0,3340.0,5331.0,2983.0,7282.0,7830.0,4554.0,1117.0,183.0,14.0,2.0,0.0,0.0,0.0,0.0,0.0,0.0,0.0,0.0,0.0,0.0,0.0,0.0,0.0,0.0,0.0,0.0,0.0,0.0,0.0,0.0
10.8463657407,226214.0,32637.0,6.93121304041,767.0,64348.0,19.0,65528.0,3115.0,5084.0,2851.0,7979.0,7841.0,4517.0,1050.0,169.0,30.0,1.0,0.0,0.0,0.0,0.0,0.0,0.0,0.0,0.0,0.0,0.0,0.0,0.0,0.0,0.0,0.0,0.0,0.0,0.0,0.0,0.0
10.8505324074,226102.0,32636.0,6.92799362667,767.0,64348.0,15.0,65523.0,2992.0,4886.0,2654.0,8329.0,8084.0,4494.0,1010.0,160.0,27.0,0.0,0.0,0.0,0.0,0.0,0.0,0.0,0.0,0.0,0.0,0.0,0.0,0.0,0.0,0.0,0.0,0.0,0.0,0.0,0.0,0.0
10.8546990741,227979.0,32629.0,6.98700542462,772.0,64360.0,15.0,65523.0,2846.0,4701.0,2677.0,8329.0,8344.0,4584.0,961.0,163.0,22.0,2.0,0.0,0.0,0.0,0.0,0.0,0.0,0.0,0.0,0.0,0.0,0.0,0.0,0.0,0.0,0.0,0.0,0.0,0.0,0.0,0.0
10.8588657407,248676.0,32633.0,7.62038427359,767.0,64346.0,20.0,65532.0,2536.0,4368.0,2722.0,7806.0,8317.0,5453.0,1233.0,171.0,27.0,0.0,0.0,0.0,0.0,0.0,0.0,0.0,0.0,0.0,0.0,0.0,0.0,0.0,0.0,0.0,0.0,0.0,0.0,0.0,0.0,0.0
10.8630324074,312506.0,32624.0,9.57902157921,767.0,64348.0,19.0,65532.0,1866.0,3220.0,2115.0,5436.0,9698.0,8212.0,1889.0,163.0,23.0,2.0,0.0,0.0,0.0,0.0,0.0,0.0,0.0,0.0,0.0,0.0,0.0,0.0,0.0,0.0,0.0,0.0,0.0,0.0,0.0,0.0
10.8671990741,270819.0,32638.0,8.29765917029,769.0,64344.0,15.0,65526.0,2059.0,3773.0,2679.0,7426.0,8892.0,6069.0,1556.0,158.0,22.0,4.0,0.0,0.0,0.0,0.0,0.0,0.0,0.0,0.0,0.0,0.0,0.0,0.0,0.0,0.0,0.0,0.0,0.0,0.0,0.0,0.0
10.8713657407,229973.0,32634.0,7.04703683275,767.0,64350.0,12.0,65532.0,2672.0,4721.0,3078.0,8108.0,8623.0,3965.0,1299.0,142.0,24.0,2.0,0.0,0.0,0.0,0.0,0.0,0.0,0.0,0.0,0.0,0.0,0.0,0.0,0.0,0.0,0.0,0.0,0.0,0.0,0.0,0.0
10.8755324074,241807.0,32643.0,7.40762184848,767.0,64348.0,14.0,65532.0,2296.0,4057.0,2701.0,7655.0,10364.0,4136.0,1275.0,137.0,20.0,2.0,0.0,0.0,0.0,0.0,0.0,0.0,0.0,0.0,0.0,0.0,0.0,0.0,0.0,0.0,0.0,0.0,0.0,0.0,0.0,0.0
10.8796990741,248180.0,32638.0,7.60401985416,767.0,64345.0,12.0,65535.0,2147.0,3916.0,2558.0,7567.0,10606.0,4322.0,1371.0,132.0,18.0,1.0,0.0,0.0,0.0,0.0,0.0,0.0,0.0,0.0,0.0,0.0,0.0,0.0,0.0,0.0,0.0,0.0,0.0,0.0,0.0,0.0
10.8838657407,253702.0,32644.0,7.77178041907,767.0,64350.0,12.0,65531.0,2083.0,3770.0,2306.0,7714.0,10834.0,4415.0,1332.0,159.0,28.0,3.0,0.0,0.0,0.0,0.0,0.0,0.0,0.0,0.0,0.0,0.0,0.0,0.0,0.0,0.0,0.0,0.0,0.0,0.0,0.0,0.0
10.8880324074,276244.0,32648.0,8.46128399902,772.0,64347.0,11.0,0.0,2265.0,3064.0,1360.0,7681.0,11613.0,4785.0,1678.0,165.0,27.0,10.0,0.0,0.0,0.0,0.0,0.0,0.0,0.0,0.0,0.0,0.0,0.0,0.0,0.0,0.0,0.0,0.0,0.0,0.0,0.0,0.0
10.8921990741,273711.0,32633.0,8.38755247755,771.0,64348.0,8.0,65535.0,2434.0,3129.0,1647.0,7484.0,11041.0,5062.0,1652.0,145.0,32.0,7.0,0.0,0.0,0.0,0.0,0.0,0.0,0.0,0.0,0.0,0.0,0.0,0.0,0.0,0.0,0.0,0.0,0.0,0.0,0.0,0.0
10.8963657407,292596.0,32653.0,8.96076930144,769.0,64348.0,8.0,65532.0,1339.0,2944.0,2568.0,6995.0,9981.0,7135.0,1494.0,166.0,30.0,1.0,0.0,0.0,0.0,0.0,0.0,0.0,0.0,0.0,0.0,0.0,0.0,0.0,0.0,0.0,0.0,0.0,0.0,0.0,0.0,0.0
10.9005324074,282698.0,32634.0,8.66268309125,767.0,64344.0,15.0,65534.0,1364.0,3058.0,2768.0,7346.0,9558.0,6964.0,1420.0,140.0,13.0,3.0,0.0,0.0,0.0,0.0,0.0,0.0,0.0,0.0,0.0,0.0,0.0,0.0,0.0,0.0,0.0,0.0,0.0,0.0,0.0,0.0
10.9046990741,282432.0,32640.0,8.65294117647,772.0,64348.0,7.0,1.0,1439.0,3178.0,2547.0,7478.0,9581.0,6705.0,1579.0,117.0,14.0,2.0,0.0,0.0,0.0,0.0,0.0,0.0,0.0,0.0,0.0,0.0,0.0,0.0,0.0,0.0,0.0,0.0,0.0,0.0,0.0,0.0
10.9088657407,265549.0,32631.0,8.13793631822,772.0,64348.0,7.0,65534.0,1624.0,3609.0,2844.0,8165.0,8925.0,5838.0,1451.0,161.0,12.0,2.0,0.0,0.0,0.0,0.0,0.0,0.0,0.0,0.0,0.0,0.0,0.0,0.0,0.0,0.0,0.0,0.0,0.0,0.0,0.0,0.0
10.9130324074,283734.0,32647.0,8.69096701075,767.0,64347.0,11.0,65532.0,1594.0,3772.0,3059.0,6917.0,8582.0,6709.0,1871.0,129.0,12.0,2.0,0.0,0.0,0.0,0.0,0.0,0.0,0.0,0.0,0.0,0.0,0.0,0.0,0.0,0.0,0.0,0.0,0.0,0.0,0.0,0.0
10.9171990741,274465.0,32636.0,8.4098847898,774.0,64348.0,8.0,65532.0,1667.0,4171.0,3437.0,7153.0,8027.0,6168.0,1831.0,160.0,20.0,2.0,0.0,0.0,0.0,0.0,0.0,0.0,0.0,0.0,0.0,0.0,0.0,0.0,0.0,0.0,0.0,0.0,0.0,0.0,0.0,0.0
10.9213657407,250760.0,32640.0,7.68259803922,772.0,64348.0,4.0,65535.0,2156.0,4220.0,3292.0,7805.0,8474.0,5189.0,1292.0,179.0,26.0,7.0,0.0,0.0,0.0,0.0,0.0,0.0,0.0,0.0,0.0,0.0,0.0,0.0,0.0,0.0,0.0,0.0,0.0,0.0,0.0,0.0
10.9255324074,259937.0,32639.0,7.96400012255,769.0,64345.0,6.0,65535.0,1992.0,3913.0,3168.0,7222.0,9008.0,5904.0,1226.0,181.0,23.0,2.0,0.0,0.0,0.0,0.0,0.0,0.0,0.0,0.0,0.0,0.0,0.0,0.0,0.0,0.0,0.0,0.0,0.0,0.0,0.0,0.0
10.9296990741,269580.0,32644.0,8.25817914471,764.0,64346.0,9.0,65534.0,1815.0,3672.0,3182.0,6956.0,9225.0,6268.0,1321.0,178.0,23.0,4.0,0.0,0.0,0.0,0.0,0.0,0.0,0.0,0.0,0.0,0.0,0.0,0.0,0.0,0.0,0.0,0.0,0.0,0.0,0.0,0.0
10.9338657407,295058.0,32642.0,9.0392132835,771.0,64350.0,65535.0,65532.0,1805.0,3472.0,2489.0,6230.0,9795.0,6848.0,1755.0,225.0,21.0,2.0,0.0,0.0,0.0,0.0,0.0,0.0,0.0,0.0,0.0,0.0,0.0,0.0,0.0,0.0,0.0,0.0,0.0,0.0,0.0,0.0
10.9380324074,324464.0,32641.0,9.9403817285,769.0,64348.0,65535.0,65531.0,1922.0,3178.0,1843.0,5502.0,10271.0,7327.0,2266.0,302.0,26.0,4.0,0.0,0.0,0.0,0.0,0.0,0.0,0.0,0.0,0.0,0.0,0.0,0.0,0.0,0.0,0.0,0.0,0.0,0.0,0.0,0.0
10.9421990741,329064.0,32646.0,10.0797647491,772.0,64350.0,3.0,65532.0,1863.0,3060.0,1942.0,5424.0,10391.0,7293.0,2298.0,343.0,24.0,8.0,0.0,0.0,0.0,0.0,0.0,0.0,0.0,0.0,0.0,0.0,0.0,0.0,0.0,0.0,0.0,0.0,0.0,0.0,0.0,0.0
10.9463657407,308005.0,32645.0,9.43498238628,771.0,64348.0,6.0,65529.0,1889.0,3443.0,2385.0,5816.0,9434.0,7382.0,2068.0,202.0,22.0,4.0,0.0,0.0,0.0,0.0,0.0,0.0,0.0,0.0,0.0,0.0,0.0,0.0,0.0,0.0,0.0,0.0,0.0,0.0,0.0,0.0
10.9505324074,320208.0,32644.0,9.80909202304,767.0,64352.0,65535.0,65532.0,1988.0,3288.0,2138.0,5747.0,9121.0,7877.0,2203.0,255.0,24.0,3.0,0.0,0.0,0.0,0.0,0.0,0.0,0.0,0.0,0.0,0.0,0.0,0.0,0.0,0.0,0.0,0.0,0.0,0.0,0.0,0.0
10.9546990741,343015.0,32636.0,10.5103260203,769.0,64345.0,3.0,65532.0,2658.0,2987.0,1290.0,6050.0,7826.0,8875.0,2609.0,303.0,31.0,7.0,0.0,0.0,0.0,0.0,0.0,0.0,0.0,0.0,0.0,0.0,0.0,0.0,0.0,0.0,0.0,0.0,0.0,0.0,0.0,0.0
10.9588657407,352816.0,32640.0,10.8093137255,772.0,64350.0,65535.0,65535.0,2580.0,2808.0,1134.0,5993.0,7529.0,9515.0,2730.0,330.0,20.0,1.0,0.0,0.0,0.0,0.0,0.0,0.0,0.0,0.0,0.0,0.0,0.0,0.0,0.0,0.0,0.0,0.0,0.0,0.0,0.0,0.0
10.9630324074,357336.0,32640.0,10.9477941176,766.0,64348.0,65535.0,65528.0,2598.0,2500.0,1430.0,5788.0,7169.0,10065.0,2787.0,280.0,20.0,3.0,0.0,0.0,0.0,0.0,0.0,0.0,0.0,0.0,0.0,0.0,0.0,0.0,0.0,0.0,0.0,0.0,0.0,0.0,0.0,0.0
10.9671990741,334162.0,32638.0,10.2384337276,767.0,64351.0,0.0,65529.0,3057.0,2632.0,1839.0,5781.0,7167.0,9450.0,2460.0,231.0,21.0,0.0,0.0,0.0,0.0,0.0,0.0,0.0,0.0,0.0,0.0,0.0,0.0,0.0,0.0,0.0,0.0,0.0,0.0,0.0,0.0,0.0
10.9713657407,327340.0,32637.0,10.029720869,769.0,64345.0,65535.0,65531.0,3098.0,2756.0,2068.0,5832.0,7178.0,9043.0,2443.0,183.0,32.0,4.0,0.0,0.0,0.0,0.0,0.0,0.0,0.0,0.0,0.0,0.0,0.0,0.0,0.0,0.0,0.0,0.0,0.0,0.0,0.0,0.0
10.9755324074,284451.0,32642.0,8.71426383187,767.0,64344.0,65534.0,65527.0,2615.0,3907.0,3012.0,5648.0,8569.0,6845.0,1844.0,178.0,21.0,3.0,0.0,0.0,0.0,0.0,0.0,0.0,0.0,0.0,0.0,0.0,0.0,0.0,0.0,0.0,0.0,0.0,0.0,0.0,0.0,0.0
10.9796990741,300993.0,32641.0,9.22131674887,771.0,64348.0,65528.0,65532.0,1889.0,3461.0,2614.0,5526.0,9951.0,7042.0,1959.0,168.0,27.0,4.0,0.0,0.0,0.0,0.0,0.0,0.0,0.0,0.0,0.0,0.0,0.0,0.0,0.0,0.0,0.0,0.0,0.0,0.0,0.0,0.0
10.9838657407,319527.0,32640.0,9.78943014706,767.0,64348.0,65532.0,65535.0,1554.0,2895.0,2272.0,5348.0,10385.0,7960.0,2036.0,154.0,31.0,5.0,0.0,0.0,0.0,0.0,0.0,0.0,0.0,0.0,0.0,0.0,0.0,0.0,0.0,0.0,0.0,0.0,0.0,0.0,0.0,0.0
10.9880324074,325953.0,32645.0,9.98477561648,767.0,64347.0,65532.0,65529.0,1435.0,2569.0,1800.0,5554.0,10560.0,8478.0,2098.0,141.0,10.0,0.0,0.0,0.0,0.0,0.0,0.0,0.0,0.0,0.0,0.0,0.0,0.0,0.0,0.0,0.0,0.0,0.0,0.0,0.0,0.0,0.0
10.9921990741,325128.0,32636.0,9.96225027577,767.0,64347.0,65531.0,65529.0,1510.0,2696.0,1802.0,5669.0,10189.0,8539.0,2066.0,148.0,15.0,2.0,0.0,0.0,0.0,0.0,0.0,0.0,0.0,0.0,0.0,0.0,0.0,0.0,0.0,0.0,0.0,0.0,0.0,0.0,0.0,0.0
10.9963657407,315170.0,32646.0,9.65416896404,767.0,64348.0,65532.0,65529.0,1918.0,3062.0,1700.0,6027.0,10053.0,7469.0,2258.0,136.0,17.0,6.0,0.0,0.0,0.0,0.0,0.0,0.0,0.0,0.0,0.0,0.0,0.0,0.0,0.0,0.0,0.0,0.0,0.0,0.0,0.0,0.0
11.0005324074,330492.0,32635.0,10.126918952,769.0,64348.0,65528.0,65535.0,1797.0,3018.0,2063.0,5285.0,9750.0,8103.0,2397.0,179.0,36.0,7.0,0.0,0.0,0.0,0.0,0.0,0.0,0.0,0.0,0.0,0.0,0.0,0.0,0.0,0.0,0.0,0.0,0.0,0.0,0.0,0.0
11.0046990741,349461.0,32644.0,10.7052138218,767.0,64347.0,65535.0,65524.0,1448.0,2759.0,2223.0,4346.0,9871.0,9143.0,2653.0,174.0,26.0,1.0,0.0,0.0,0.0,0.0,0.0,0.0,0.0,0.0,0.0,0.0,0.0,0.0,0.0,0.0,0.0,0.0,0.0,0.0,0.0,0.0
11.0088657407,357916.0,32634.0,10.9675798247,767.0,64347.0,65532.0,65523.0,1204.0,2680.0,2374.0,4026.0,9734.0,9748.0,2672.0,165.0,27.0,4.0,0.0,0.0,0.0,0.0,0.0,0.0,0.0,0.0,0.0,0.0,0.0,0.0,0.0,0.0,0.0,0.0,0.0,0.0,0.0,0.0
11.0130324074,355559.0,32643.0,10.8923505805,767.0,64348.0,65528.0,65528.0,1199.0,2735.0,2420.0,4058.0,9847.0,9543.0,2650.0,154.0,30.0,7.0,0.0,0.0,0.0,0.0,0.0,0.0,0.0,0.0,0.0,0.0,0.0,0.0,0.0,0.0,0.0,0.0,0.0,0.0,0.0,0.0
11.0171990741,354529.0,32640.0,10.8617953431,767.0,64350.0,65528.0,65532.0,1216.0,2693.0,2470.0,4056.0,9676.0,9723.0,2627.0,149.0,28.0,2.0,0.0,0.0,0.0,0.0,0.0,0.0,0.0,0.0,0.0,0.0,0.0,0.0,0.0,0.0,0.0,0.0,0.0,0.0,0.0,0.0
11.0213657407,350297.0,32631.0,10.7350985259,764.0,64348.0,65528.0,65532.0,1217.0,2853.0,2798.0,3834.0,9500.0,9677.0,2582.0,148.0,16.0,6.0,0.0,0.0,0.0,0.0,0.0,0.0,0.0,0.0,0.0,0.0,0.0,0.0,0.0,0.0,0.0,0.0,0.0,0.0,0.0,0.0
11.0255324074,325794.0,32636.0,9.98265718838,767.0,64348.0,65527.0,65527.0,1547.0,3510.0,3466.0,3642.0,8974.0,9102.0,2233.0,142.0,18.0,2.0,0.0,0.0,0.0,0.0,0.0,0.0,0.0,0.0,0.0,0.0,0.0,0.0,0.0,0.0,0.0,0.0,0.0,0.0,0.0,0.0
11.0296990741,294951.0,32632.0,9.0387043393,766.0,64351.0,65528.0,65532.0,2099.0,4317.0,3815.0,3893.0,8601.0,7854.0,1890.0,137.0,23.0,3.0,0.0,0.0,0.0,0.0,0.0,0.0,0.0,0.0,0.0,0.0,0.0,0.0,0.0,0.0,0.0,0.0,0.0,0.0,0.0,0.0
11.0338657407,313989.0,32625.0,9.62418390805,767.0,64348.0,65528.0,65534.0,1677.0,3825.0,3520.0,4077.0,8638.0,8621.0,2109.0,128.0,28.0,2.0,0.0,0.0,0.0,0.0,0.0,0.0,0.0,0.0,0.0,0.0,0.0,0.0,0.0,0.0,0.0,0.0,0.0,0.0,0.0,0.0
11.0380324074,297895.0,32632.0,9.12892253003,767.0,64348.0,65528.0,65535.0,1915.0,4187.0,3524.0,4537.0,8674.0,7617.0,1986.0,172.0,19.0,1.0,0.0,0.0,0.0,0.0,0.0,0.0,0.0,0.0,0.0,0.0,0.0,0.0,0.0,0.0,0.0,0.0,0.0,0.0,0.0,0.0
11.0421990741,286846.0,32633.0,8.79005914259,766.0,64350.0,65523.0,65532.0,2032.0,4306.0,3532.0,4979.0,8639.0,7099.0,1879.0,147.0,14.0,6.0,0.0,0.0,0.0,0.0,0.0,0.0,0.0,0.0,0.0,0.0,0.0,0.0,0.0,0.0,0.0,0.0,0.0,0.0,0.0,0.0
11.0463657407,282237.0,32627.0,8.65041223527,764.0,64347.0,65529.0,65532.0,2016.0,4113.0,3026.0,6092.0,8699.0,6716.0,1784.0,162.0,13.0,6.0,0.0,0.0,0.0,0.0,0.0,0.0,0.0,0.0,0.0,0.0,0.0,0.0,0.0,0.0,0.0,0.0,0.0,0.0,0.0,0.0
11.0505324074,265286.0,32630.0,8.13012565124,767.0,64348.0,65528.0,65531.0,2210.0,4456.0,3049.0,6567.0,8596.0,5971.0,1601.0,160.0,19.0,1.0,0.0,0.0,0.0,0.0,0.0,0.0,0.0,0.0,0.0,0.0,0.0,0.0,0.0,0.0,0.0,0.0,0.0,0.0,0.0,0.0
11.0546990741,266215.0,32643.0,8.15534724137,766.0,64347.0,65532.0,65528.0,2268.0,4373.0,3141.0,6404.0,8785.0,5879.0,1598.0,172.0,19.0,4.0,0.0,0.0,0.0,0.0,0.0,0.0,0.0,0.0,0.0,0.0,0.0,0.0,0.0,0.0,0.0,0.0,0.0,0.0,0.0,0.0
11.0588657407,269722.0,32632.0,8.26556754106,767.0,64348.0,65527.0,65528.0,2169.0,4198.0,3184.0,6539.0,8609.0,6106.0,1662.0,127.0,36.0,2.0,0.0,0.0,0.0,0.0,0.0,0.0,0.0,0.0,0.0,0.0,0.0,0.0,0.0,0.0,0.0,0.0,0.0,0.0,0.0,0.0
11.0630324074,264546.0,32636.0,8.10595661233,764.0,64351.0,65528.0,65534.0,2202.0,4346.0,3242.0,6527.0,8651.0,5892.0,1600.0,154.0,20.0,2.0,0.0,0.0,0.0,0.0,0.0,0.0,0.0,0.0,0.0,0.0,0.0,0.0,0.0,0.0,0.0,0.0,0.0,0.0,0.0,0.0
11.0671990741,265779.0,32640.0,8.14273897059,766.0,64347.0,65528.0,65532.0,2162.0,4247.0,3162.0,6722.0,8736.0,5806.0,1618.0,165.0,19.0,3.0,0.0,0.0,0.0,0.0,0.0,0.0,0.0,0.0,0.0,0.0,0.0,0.0,0.0,0.0,0.0,0.0,0.0,0.0,0.0,0.0
11.0713657407,261475.0,32628.0,8.01382248376,762.0,64345.0,65528.0,65534.0,2203.0,4397.0,3153.0,6789.0,8638.0,5729.0,1532.0,162.0,23.0,2.0,0.0,0.0,0.0,0.0,0.0,0.0,0.0,0.0,0.0,0.0,0.0,0.0,0.0,0.0,0.0,0.0,0.0,0.0,0.0,0.0
11.0755324074,247818.0,32636.0,7.59339379826,766.0,64350.0,65528.0,65529.0,2547.0,4586.0,3192.0,7200.0,8318.0,5210.0,1405.0,154.0,22.0,2.0,0.0,0.0,0.0,0.0,0.0,0.0,0.0,0.0,0.0,0.0,0.0,0.0,0.0,0.0,0.0,0.0,0.0,0.0,0.0,0.0
11.0796990741,242339.0,32632.0,7.42642191714,766.0,64348.0,65523.0,65532.0,2194.0,4365.0,3513.0,7975.0,8337.0,4742.0,1325.0,152.0,24.0,5.0,0.0,0.0,0.0,0.0,0.0,0.0,0.0,0.0,0.0,0.0,0.0,0.0,0.0,0.0,0.0,0.0,0.0,0.0,0.0,0.0
11.0838657407,271222.0,32642.0,8.30898841983,764.0,64350.0,65528.0,65534.0,1436.0,3642.0,3280.0,7953.0,8851.0,5682.0,1571.0,193.0,30.0,4.0,0.0,0.0,0.0,0.0,0.0,0.0,0.0,0.0,0.0,0.0,0.0,0.0,0.0,0.0,0.0,0.0,0.0,0.0,0.0,0.0
11.0880324074,264357.0,32631.0,8.10140663786,762.0,64347.0,65523.0,65532.0,1429.0,3481.0,3488.0,8053.0,8959.0,5598.0,1421.0,178.0,20.0,4.0,0.0,0.0,0.0,0.0,0.0,0.0,0.0,0.0,0.0,0.0,0.0,0.0,0.0,0.0,0.0,0.0,0.0,0.0,0.0,0.0
11.0921990741,266550.0,32620.0,8.17136725935,762.0,64344.0,65531.0,65532.0,1437.0,3564.0,3361.0,7958.0,8884.0,5725.0,1518.0,146.0,24.0,3.0,0.0,0.0,0.0,0.0,0.0,0.0,0.0,0.0,0.0,0.0,0.0,0.0,0.0,0.0,0.0,0.0,0.0,0.0,0.0,0.0
11.0963657407,266729.0,32630.0,8.17434875881,762.0,64348.0,65527.0,65532.0,1326.0,3485.0,3454.0,8028.0,9002.0,5663.0,1483.0,161.0,26.0,2.0,0.0,0.0,0.0,0.0,0.0,0.0,0.0,0.0,0.0,0.0,0.0,0.0,0.0,0.0,0.0,0.0,0.0,0.0,0.0,0.0
11.1005324074,318765.0,32633.0,9.76817945025,762.0,64350.0,65523.0,65534.0,1223.0,2905.0,2514.0,6294.0,9461.0,7841.0,2177.0,204.0,14.0,0.0,0.0,0.0,0.0,0.0,0.0,0.0,0.0,0.0,0.0,0.0,0.0,0.0,0.0,0.0,0.0,0.0,0.0,0.0,0.0,0.0
11.1046990741,353990.0,32629.0,10.8489380612,762.0,64348.0,65526.0,65532.0,1149.0,2510.0,2016.0,5034.0,9974.0,9072.0,2623.0,222.0,25.0,4.0,0.0,0.0,0.0,0.0,0.0,0.0,0.0,0.0,0.0,0.0,0.0,0.0,0.0,0.0,0.0,0.0,0.0,0.0,0.0,0.0
11.1088657407,364300.0,32626.0,11.1659412738,762.0,64347.0,65523.0,65534.0,1128.0,2362.0,1815.0,4525.0,10290.0,9438.0,2842.0,207.0,17.0,2.0,0.0,0.0,0.0,0.0,0.0,0.0,0.0,0.0,0.0,0.0,0.0,0.0,0.0,0.0,0.0,0.0,0.0,0.0,0.0,0.0
11.1130324074,369682.0,32629.0,11.3298599405,762.0,64348.0,65523.0,65534.0,1108.0,2362.0,1978.0,4263.0,10061.0,9606.0,3036.0,196.0,19.0,0.0,0.0,0.0,0.0,0.0,0.0,0.0,0.0,0.0,0.0,0.0,0.0,0.0,0.0,0.0,0.0,0.0,0.0,0.0,0.0,0.0
11.1171990741,355590.0,32617.0,10.9019836282,762.0,64344.0,65520.0,65535.0,1492.0,2800.0,1935.0,4256.0,9931.0,9156.0,2833.0,193.0,19.0,2.0,0.0,0.0,0.0,0.0,0.0,0.0,0.0,0.0,0.0,0.0,0.0,0.0,0.0,0.0,0.0,0.0,0.0,0.0,0.0,0.0
11.1213657407,336223.0,32623.0,10.3063176287,762.0,64344.0,65527.0,65532.0,1702.0,2867.0,1618.0,5218.0,10212.0,8294.0,2514.0,173.0,24.0,1.0,0.0,0.0,0.0,0.0,0.0,0.0,0.0,0.0,0.0,0.0,0.0,0.0,0.0,0.0,0.0,0.0,0.0,0.0,0.0,0.0
11.1255324074,337912.0,32622.0,10.358408436,762.0,64352.0,65520.0,65528.0,1711.0,2856.0,1540.0,5458.0,10112.0,8202.0,2513.0,193.0,33.0,4.0,0.0,0.0,0.0,0.0,0.0,0.0,0.0,0.0,0.0,0.0,0.0,0.0,0.0,0.0,0.0,0.0,0.0,0.0,0.0,0.0
11.1296990741,331627.0,32619.0,10.1666819952,762.0,64349.0,65520.0,65532.0,1748.0,2833.0,1405.0,5880.0,10270.0,7699.0,2577.0,191.0,15.0,0.0,1.0,0.0,0.0,0.0,0.0,0.0,0.0,0.0,0.0,0.0,0.0,0.0,0.0,0.0,0.0,0.0,0.0,0.0,0.0,0.0
11.1338657407,331827.0,32619.0,10.172813391,761.0,64350.0,65520.0,65534.0,1590.0,2733.0,1427.0,5758.0,10427.0,8121.0,2356.0,188.0,19.0,0.0,0.0,0.0,0.0,0.0,0.0,0.0,0.0,0.0,0.0,0.0,0.0,0.0,0.0,0.0,0.0,0.0,0.0,0.0,0.0,0.0
11.1380324074,332389.0,32622.0,10.1891055116,761.0,64351.0,65520.0,65532.0,1611.0,2737.0,1476.0,5677.0,10359.0,8158.0,2411.0,176.0,17.0,0.0,0.0,0.0,0.0,0.0,0.0,0.0,0.0,0.0,0.0,0.0,0.0,0.0,0.0,0.0,0.0,0.0,0.0,0.0,0.0,0.0
11.1421990741,312586.0,32617.0,9.58353006101,762.0,64351.0,65523.0,65528.0,1980.0,2848.0,1311.0,6393.0,10715.0,7003.0,2164.0,181.0,21.0,1.0,0.0,0.0,0.0,0.0,0.0,0.0,0.0,0.0,0.0,0.0,0.0,0.0,0.0,0.0,0.0,0.0,0.0,0.0,0.0,0.0
11.1463657407,327020.0,32618.0,10.0257526519,762.0,64348.0,65520.0,65531.0,1625.0,2710.0,1565.0,5849.0,10547.0,7876.0,2227.0,188.0,30.0,1.0,0.0,0.0,0.0,0.0,0.0,0.0,0.0,0.0,0.0,0.0,0.0,0.0,0.0,0.0,0.0,0.0,0.0,0.0,0.0,0.0
11.1505324074,311662.0,32620.0,9.55432250153,762.0,64348.0,65524.0,65529.0,1169.0,2996.0,2659.0,6709.0,9248.0,7604.0,2027.0,174.0,30.0,4.0,0.0,0.0,0.0,0.0,0.0,0.0,0.0,0.0,0.0,0.0,0.0,0.0,0.0,0.0,0.0,0.0,0.0,0.0,0.0,0.0
11.1546990741,309989.0,32630.0,9.50012258658,762.0,64350.0,65524.0,65528.0,1197.0,2931.0,2593.0,6804.0,9410.0,7487.0,2005.0,173.0,26.0,4.0,0.0,0.0,0.0,0.0,0.0,0.0,0.0,0.0,0.0,0.0,0.0,0.0,0.0,0.0,0.0,0.0,0.0,0.0,0.0,0.0
11.1588657407,307200.0,32617.0,9.4184014471,762.0,64350.0,65526.0,65534.0,1228.0,2974.0,2637.0,6730.0,9394.0,7495.0,1965.0,174.0,17.0,3.0,0.0,0.0,0.0,0.0,0.0,0.0,0.0,0.0,0.0,0.0,0.0,0.0,0.0,0.0,0.0,0.0,0.0,0.0,0.0,0.0
11.1630324074,305032.0,32626.0,9.34935327653,761.0,64349.0,65528.0,65532.0,1170.0,3034.0,2625.0,6937.0,9305.0,7444.0,1900.0,195.0,15.0,1.0,0.0,0.0,0.0,0.0,0.0,0.0,0.0,0.0,0.0,0.0,0.0,0.0,0.0,0.0,0.0,0.0,0.0,0.0,0.0,0.0
11.1671990741,307521.0,32626.0,9.42564212591,762.0,64348.0,65526.0,65531.0,1210.0,2951.0,2639.0,6893.0,9409.0,7358.0,1946.0,187.0,31.0,2.0,0.0,0.0,0.0,0.0,0.0,0.0,0.0,0.0,0.0,0.0,0.0,0.0,0.0,0.0,0.0,0.0,0.0,0.0,0.0,0.0
11.1713657407,304349.0,32616.0,9.33127912681,761.0,64350.0,65528.0,65532.0,1284.0,2949.0,2704.0,6896.0,9401.0,7247.0,1940.0,165.0,24.0,6.0,0.0,0.0,0.0,0.0,0.0,0.0,0.0,0.0,0.0,0.0,0.0,0.0,0.0,0.0,0.0,0.0,0.0,0.0,0.0,0.0
11.1755324074,306074.0,32623.0,9.38215369525,759.0,64348.0,65523.0,3.0,1214.0,3004.0,2609.0,6839.0,9524.0,7298.0,1923.0,184.0,23.0,5.0,0.0,0.0,0.0,0.0,0.0,0.0,0.0,0.0,0.0,0.0,0.0,0.0,0.0,0.0,0.0,0.0,0.0,0.0,0.0,0.0
11.1796990741,302805.0,32620.0,9.28280196199,759.0,64347.0,65523.0,65532.0,1243.0,3089.0,2582.0,6916.0,9421.0,7306.0,1858.0,177.0,26.0,2.0,0.0,0.0,0.0,0.0,0.0,0.0,0.0,0.0,0.0,0.0,0.0,0.0,0.0,0.0,0.0,0.0,0.0,0.0,0.0,0.0
11.1838657407,304488.0,32615.0,9.33582707343,756.0,64350.0,65526.0,65528.0,1287.0,3058.0,2641.0,6919.0,9185.0,7379.0,1942.0,179.0,24.0,1.0,0.0,0.0,0.0,0.0,0.0,0.0,0.0,0.0,0.0,0.0,0.0,0.0,0.0,0.0,0.0,0.0,0.0,0.0,0.0,0.0
11.1880324074,305786.0,32611.0,9.37677470792,759.0,64344.0,65526.0,65532.0,1297.0,2950.0,2634.0,6898.0,9429.0,7245.0,1929.0,200.0,26.0,3.0,0.0,0.0,0.0,0.0,0.0,0.0,0.0,0.0,0.0,0.0,0.0,0.0,0.0,0.0,0.0,0.0,0.0,0.0,0.0,0.0
11.1921990741,301083.0,32608.0,9.23340897939,761.0,64345.0,65526.0,65532.0,1340.0,3015.0,2676.0,6843.0,9474.0,7145.0,1913.0,185.0,17.0,0.0,0.0,0.0,0.0,0.0,0.0,0.0,0.0,0.0,0.0,0.0,0.0,0.0,0.0,0.0,0.0,0.0,0.0,0.0,0.0,0.0
11.1963657407,295013.0,32614.0,9.04559391672,754.0,64348.0,65520.0,3.0,1295.0,3213.0,2812.0,7150.0,9293.0,6820.0,1826.0,171.0,31.0,3.0,0.0,0.0,0.0,0.0,0.0,0.0,0.0,0.0,0.0,0.0,0.0,0.0,0.0,0.0,0.0,0.0,0.0,0.0,0.0,0.0
11.2005324074,300579.0,32609.0,9.21766996841,754.0,64348.0,65523.0,65535.0,1236.0,3023.0,2782.0,6996.0,9423.0,7093.0,1844.0,176.0,34.0,2.0,0.0,0.0,0.0,0.0,0.0,0.0,0.0,0.0,0.0,0.0,0.0,0.0,0.0,0.0,0.0,0.0,0.0,0.0,0.0,0.0
11.2046990741,290139.0,32618.0,8.89505794347,756.0,64348.0,65523.0,65534.0,1179.0,3225.0,3543.0,6701.0,9044.0,7070.0,1667.0,164.0,21.0,4.0,0.0,0.0,0.0,0.0,0.0,0.0,0.0,0.0,0.0,0.0,0.0,0.0,0.0,0.0,0.0,0.0,0.0,0.0,0.0,0.0
11.2088657407,272594.0,32611.0,8.35895863359,756.0,64348.0,65526.0,65531.0,1343.0,3646.0,4670.0,6534.0,8098.0,6617.0,1501.0,177.0,23.0,2.0,0.0,0.0,0.0,0.0,0.0,0.0,0.0,0.0,0.0,0.0,0.0,0.0,0.0,0.0,0.0,0.0,0.0,0.0,0.0,0.0
11.2130324074,299156.0,32613.0,9.17290650967,761.0,64348.0,65521.0,65532.0,1286.0,3284.0,4024.0,5592.0,8794.0,7660.0,1747.0,198.0,25.0,3.0,0.0,0.0,0.0,0.0,0.0,0.0,0.0,0.0,0.0,0.0,0.0,0.0,0.0,0.0,0.0,0.0,0.0,0.0,0.0,0.0
11.2171990741,289425.0,32612.0,8.87480068686,754.0,64348.0,65523.0,65534.0,1186.0,3309.0,4224.0,6209.0,8488.0,7340.0,1631.0,211.0,14.0,0.0,0.0,0.0,0.0,0.0,0.0,0.0,0.0,0.0,0.0,0.0,0.0,0.0,0.0,0.0,0.0,0.0,0.0,0.0,0.0,0.0
11.2213657407,302388.0,32621.0,9.26973422029,756.0,64351.0,65523.0,65532.0,1145.0,3154.0,3731.0,5883.0,9016.0,7667.0,1805.0,199.0,19.0,2.0,0.0,0.0,0.0,0.0,0.0,0.0,0.0,0.0,0.0,0.0,0.0,0.0,0.0,0.0,0.0,0.0,0.0,0.0,0.0,0.0
11.2255324074,305314.0,32617.0,9.36057883926,759.0,64347.0,65523.0,3.0,1180.0,2956.0,3485.0,5989.0,9409.0,7628.0,1720.0,208.0,39.0,3.0,0.0,0.0,0.0,0.0,0.0,0.0,0.0,0.0,0.0,0.0,0.0,0.0,0.0,0.0,0.0,0.0,0.0,0.0,0.0,0.0
11.2296990741,292275.0,32622.0,8.95944454662,756.0,64348.0,65523.0,65534.0,1169.0,3189.0,3787.0,6446.0,8918.0,7232.0,1658.0,206.0,15.0,2.0,0.0,0.0,0.0,0.0,0.0,0.0,0.0,0.0,0.0,0.0,0.0,0.0,0.0,0.0,0.0,0.0,0.0,0.0,0.0,0.0
11.2338657407,294078.0,32628.0,9.01305627069,756.0,64348.0,65523.0,65532.0,1170.0,3090.0,3804.0,6473.0,8914.0,7308.0,1646.0,189.0,33.0,1.0,0.0,0.0,0.0,0.0,0.0,0.0,0.0,0.0,0.0,0.0,0.0,0.0,0.0,0.0,0.0,0.0,0.0,0.0,0.0,0.0
11.2380324074,310295.0,32607.0,9.51620817616,756.0,64348.0,65523.0,65534.0,1085.0,2825.0,2753.0,6269.0,9799.0,7822.0,1858.0,175.0,21.0,0.0,0.0,0.0,0.0,0.0,0.0,0.0,0.0,0.0,0.0,0.0,0.0,0.0,0.0,0.0,0.0,0.0,0.0,0.0,0.0,0.0
11.2421990741,294271.0,32620.0,9.02118332311,758.0,64348.0,65526.0,65534.0,1229.0,3007.0,3158.0,6917.0,9298.0,7097.0,1713.0,179.0,20.0,2.0,0.0,0.0,0.0,0.0,0.0,0.0,0.0,0.0,0.0,0.0,0.0,0.0,0.0,0.0,0.0,0.0,0.0,0.0,0.0,0.0
11.2463657407,285261.0,32617.0,8.74577674219,758.0,64345.0,65524.0,65532.0,1228.0,3189.0,3306.0,7385.0,9006.0,6683.0,1588.0,214.0,17.0,1.0,0.0,0.0,0.0,0.0,0.0,0.0,0.0,0.0,0.0,0.0,0.0,0.0,0.0,0.0,0.0,0.0,0.0,0.0,0.0,0.0
11.2505324074,285200.0,32618.0,8.74363848182,756.0,64350.0,65526.0,65534.0,1236.0,3194.0,3333.0,7193.0,9061.0,6748.0,1670.0,170.0,12.0,1.0,0.0,0.0,0.0,0.0,0.0,0.0,0.0,0.0,0.0,0.0,0.0,0.0,0.0,0.0,0.0,0.0,0.0,0.0,0.0,0.0
11.2546990741,286350.0,32607.0,8.78185665655,756.0,64348.0,65523.0,65534.0,1227.0,3190.0,3418.0,7187.0,9067.0,6702.0,1597.0,181.0,36.0,2.0,0.0,0.0,0.0,0.0,0.0,0.0,0.0,0.0,0.0,0.0,0.0,0.0,0.0,0.0,0.0,0.0,0.0,0.0,0.0,0.0
11.2588657407,282733.0,32620.0,8.66747394237,756.0,64345.0,65524.0,65535.0,1177.0,3187.0,3369.0,7290.0,9140.0,6710.0,1550.0,182.0,15.0,0.0,0.0,0.0,0.0,0.0,0.0,0.0,0.0,0.0,0.0,0.0,0.0,0.0,0.0,0.0,0.0,0.0,0.0,0.0,0.0,0.0
11.2630324074,282959.0,32608.0,8.67759445535,754.0,64352.0,65521.0,65534.0,1226.0,3203.0,3352.0,7213.0,9215.0,6669.0,1539.0,163.0,24.0,4.0,0.0,0.0,0.0,0.0,0.0,0.0,0.0,0.0,0.0,0.0,0.0,0.0,0.0,0.0,0.0,0.0,0.0,0.0,0.0,0.0
11.2671990741,284631.0,32627.0,8.72378704754,750.0,64352.0,65524.0,65532.0,1220.0,3149.0,3359.0,7231.0,9166.0,6732.0,1565.0,182.0,22.0,1.0,0.0,0.0,0.0,0.0,0.0,0.0,0.0,0.0,0.0,0.0,0.0,0.0,0.0,0.0,0.0,0.0,0.0,0.0,0.0,0.0
11.2713657407,282833.0,32609.0,8.673464381,754.0,64348.0,65521.0,65532.0,1235.0,3187.0,3387.0,7248.0,9215.0,6569.0,1549.0,200.0,17.0,2.0,0.0,0.0,0.0,0.0,0.0,0.0,0.0,0.0,0.0,0.0,0.0,0.0,0.0,0.0,0.0,0.0,0.0,0.0,0.0,0.0
11.2755324074,281083.0,32611.0,8.61926957162,751.0,64350.0,65524.0,65535.0,1232.0,3301.0,3435.0,7448.0,8910.0,6549.0,1517.0,186.0,30.0,3.0,0.0,0.0,0.0,0.0,0.0,0.0,0.0,0.0,0.0,0.0,0.0,0.0,0.0,0.0,0.0,0.0,0.0,0.0,0.0,0.0
11.2796990741,281961.0,32608.0,8.64698846909,751.0,64351.0,65523.0,65534.0,1159.0,3235.0,3531.0,7324.0,9036.0,6544.0,1565.0,191.0,22.0,1.0,0.0,0.0,0.0,0.0,0.0,0.0,0.0,0.0,0.0,0.0,0.0,0.0,0.0,0.0,0.0,0.0,0.0,0.0,0.0,0.0
11.2838657407,285316.0,32597.0,8.75283001503,750.0,64352.0,65523.0,0.0,1175.0,3244.0,3280.0,7028.0,9313.0,6794.0,1566.0,176.0,20.0,1.0,0.0,0.0,0.0,0.0,0.0,0.0,0.0,0.0,0.0,0.0,0.0,0.0,0.0,0.0,0.0,0.0,0.0,0.0,0.0,0.0
11.2880324074,281383.0,32598.0,8.63190993312,750.0,64348.0,65527.0,65532.0,1270.0,3301.0,3389.0,7222.0,9162.0,6488.0,1551.0,189.0,24.0,2.0,0.0,0.0,0.0,0.0,0.0,0.0,0.0,0.0,0.0,0.0,0.0,0.0,0.0,0.0,0.0,0.0,0.0,0.0,0.0,0.0
11.2921990741,286105.0,32593.0,8.77811186451,750.0,64355.0,65523.0,65535.0,1196.0,3119.0,3331.0,7179.0,9217.0,6737.0,1635.0,147.0,30.0,2.0,0.0,0.0,0.0,0.0,0.0,0.0,0.0,0.0,0.0,0.0,0.0,0.0,0.0,0.0,0.0,0.0,0.0,0.0,0.0,0.0
11.2963657407,287980.0,32609.0,8.83130424116,748.0,64345.0,65527.0,65528.0,1117.0,3214.0,3261.0,7101.0,9326.0,6760.0,1634.0,167.0,26.0,3.0,0.0,0.0,0.0,0.0,0.0,0.0,0.0,0.0,0.0,0.0,0.0,0.0,0.0,0.0,0.0,0.0,0.0,0.0,0.0,0.0
11.3005324074,288247.0,32597.0,8.84274626499,750.0,64344.0,65528.0,65528.0,1218.0,3127.0,3384.0,6986.0,9215.0,6859.0,1582.0,197.0,29.0,0.0,0.0,0.0,0.0,0.0,0.0,0.0,0.0,0.0,0.0,0.0,0.0,0.0,0.0,0.0,0.0,0.0,0.0,0.0,0.0,0.0
11.3046990741,283215.0,32598.0,8.68810969998,750.0,64348.0,65524.0,65528.0,1183.0,3193.0,3513.0,7045.0,9142.0,6836.0,1483.0,178.0,23.0,2.0,0.0,0.0,0.0,0.0,0.0,0.0,0.0,0.0,0.0,0.0,0.0,0.0,0.0,0.0,0.0,0.0,0.0,0.0,0.0,0.0
11.3088657407,282013.0,32595.0,8.65203252033,750.0,64348.0,65526.0,65534.0,1194.0,3143.0,3337.0,7361.0,9194.0,6629.0,1553.0,162.0,20.0,2.0,0.0,0.0,0.0,0.0,0.0,0.0,0.0,0.0,0.0,0.0,0.0,0.0,0.0,0.0,0.0,0.0,0.0,0.0,0.0,0.0
11.3130324074,278913.0,32595.0,8.55692590888,750.0,64348.0,65521.0,65535.0,1285.0,3181.0,3416.0,7397.0,9086.0,6530.0,1500.0,181.0,18.0,1.0,0.0,0.0,0.0,0.0,0.0,0.0,0.0,0.0,0.0,0.0,0.0,0.0,0.0,0.0,0.0,0.0,0.0,0.0,0.0,0.0
11.3171990741,280027.0,32596.0,8.59083936679,748.0,64348.0,65524.0,65535.0,1232.0,3285.0,3429.0,7293.0,9123.0,6521.0,1515.0,173.0,20.0,5.0,0.0,0.0,0.0,0.0,0.0,0.0,0.0,0.0,0.0,0.0,0.0,0.0,0.0,0.0,0.0,0.0,0.0,0.0,0.0,0.0
11.3213657407,275313.0,32596.0,8.44622039514,746.0,64350.0,65523.0,65531.0,1226.0,3343.0,3497.0,7434.0,9139.0,6327.0,1417.0,191.0,18.0,4.0,0.0,0.0,0.0,0.0,0.0,0.0,0.0,0.0,0.0,0.0,0.0,0.0,0.0,0.0,0.0,0.0,0.0,0.0,0.0,0.0
11.3255324074,279127.0,32592.0,8.56427957781,741.0,64348.0,65523.0,0.0,1225.0,3341.0,3573.0,7336.0,8880.0,6482.0,1557.0,176.0,17.0,5.0,0.0,0.0,0.0,0.0,0.0,0.0,0.0,0.0,0.0,0.0,0.0,0.0,0.0,0.0,0.0,0.0,0.0,0.0,0.0,0.0
11.3296990741,273484.0,32594.0,8.39062404123,746.0,64349.0,65523.0,1.0,1279.0,3392.0,3612.0,7441.0,8990.0,6188.0,1487.0,184.0,20.0,1.0,0.0,0.0,0.0,0.0,0.0,0.0,0.0,0.0,0.0,0.0,0.0,0.0,0.0,0.0,0.0,0.0,0.0,0.0,0.0,0.0
11.3338657407,273640.0,32581.0,8.3987600135,750.0,64348.0,65523.0,65534.0,1251.0,3336.0,3484.0,7430.0,9128.0,6395.0,1363.0,165.0,26.0,3.0,0.0,0.0,0.0,0.0,0.0,0.0,0.0,0.0,0.0,0.0,0.0,0.0,0.0,0.0,0.0,0.0,0.0,0.0,0.0,0.0
11.3380324074,271525.0,32583.0,8.33333333333,741.0,64351.0,65526.0,65531.0,1313.0,3439.0,3645.0,7475.0,8858.0,6212.0,1441.0,177.0,21.0,2.0,0.0,0.0,0.0,0.0,0.0,0.0,0.0,0.0,0.0,0.0,0.0,0.0,0.0,0.0,0.0,0.0,0.0,0.0,0.0,0.0
11.3421990741,270433.0,32586.0,8.29905480881,745.0,64347.0,65523.0,65531.0,1336.0,3443.0,3633.0,7527.0,8914.0,6124.0,1387.0,195.0,27.0,0.0,0.0,0.0,0.0,0.0,0.0,0.0,0.0,0.0,0.0,0.0,0.0,0.0,0.0,0.0,0.0,0.0,0.0,0.0,0.0,0.0
11.3463657407,273336.0,32592.0,8.38659793814,743.0,64344.0,65526.0,65529.0,1397.0,3490.0,3543.0,7282.0,8970.0,6255.0,1461.0,161.0,29.0,4.0,0.0,0.0,0.0,0.0,0.0,0.0,0.0,0.0,0.0,0.0,0.0,0.0,0.0,0.0,0.0,0.0,0.0,0.0,0.0,0.0
11.3505324074,276646.0,32592.0,8.48815660285,745.0,64345.0,65523.0,3.0,1277.0,3408.0,3409.0,7441.0,8966.0,6428.0,1446.0,193.0,21.0,3.0,0.0,0.0,0.0,0.0,0.0,0.0,0.0,0.0,0.0,0.0,0.0,0.0,0.0,0.0,0.0,0.0,0.0,0.0,0.0,0.0
11.3546990741,271579.0,32573.0,8.33754950419,743.0,64350.0,65523.0,65534.0,1340.0,3437.0,3627.0,7578.0,8744.0,6213.0,1433.0,166.0,33.0,2.0,0.0,0.0,0.0,0.0,0.0,0.0,0.0,0.0,0.0,0.0,0.0,0.0,0.0,0.0,0.0,0.0,0.0,0.0,0.0,0.0
11.3588657407,272388.0,32582.0,8.36007611565,743.0,64350.0,65523.0,65534.0,1309.0,3496.0,3610.0,7404.0,8893.0,6203.0,1467.0,174.0,24.0,2.0,0.0,0.0,0.0,0.0,0.0,0.0,0.0,0.0,0.0,0.0,0.0,0.0,0.0,0.0,0.0,0.0,0.0,0.0,0.0,0.0
11.3630324074,268174.0,32583.0,8.23048829144,741.0,64345.0,65524.0,65535.0,1317.0,3522.0,3598.0,7640.0,8880.0,6023.0,1401.0,175.0,27.0,0.0,0.0,0.0,0.0,0.0,0.0,0.0,0.0,0.0,0.0,0.0,0.0,0.0,0.0,0.0,0.0,0.0,0.0,0.0,0.0,0.0
11.3671990741,265342.0,32596.0,8.14032396613,743.0,64350.0,65526.0,65528.0,1353.0,3470.0,3702.0,7717.0,8890.0,5974.0,1264.0,195.0,31.0,0.0,0.0,0.0,0.0,0.0,0.0,0.0,0.0,0.0,0.0,0.0,0.0,0.0,0.0,0.0,0.0,0.0,0.0,0.0,0.0,0.0
11.3713657407,264262.0,32563.0,8.11540705709,737.0,64348.0,65528.0,65532.0,1375.0,3614.0,3666.0,7669.0,8822.0,5838.0,1371.0,185.0,23.0,0.0,0.0,0.0,0.0,0.0,0.0,0.0,0.0,0.0,0.0,0.0,0.0,0.0,0.0,0.0,0.0,0.0,0.0,0.0,0.0,0.0
11.3755324074,265174.0,32564.0,8.14316423044,743.0,64348.0,65523.0,65530.0,1333.0,3562.0,3776.0,7641.0,8949.0,5788.0,1265.0,212.0,35.0,3.0,0.0,0.0,0.0,0.0,0.0,0.0,0.0,0.0,0.0,0.0,0.0,0.0,0.0,0.0,0.0,0.0,0.0,0.0,0.0,0.0
11.3796990741,261258.0,32580.0,8.01896869245,741.0,64347.0,65523.0,65528.0,1405.0,3648.0,3809.0,7660.0,8751.0,5832.0,1261.0,187.0,25.0,2.0,0.0,0.0,0.0,0.0,0.0,0.0,0.0,0.0,0.0,0.0,0.0,0.0,0.0,0.0,0.0,0.0,0.0,0.0,0.0,0.0
11.3838657407,259046.0,32584.0,7.95009820771,746.0,64351.0,65523.0,65535.0,1352.0,3736.0,3891.0,7592.0,8813.0,5730.0,1278.0,164.0,28.0,0.0,0.0,0.0,0.0,0.0,0.0,0.0,0.0,0.0,0.0,0.0,0.0,0.0,0.0,0.0,0.0,0.0,0.0,0.0,0.0,0.0
11.3880324074,228937.0,32566.0,7.02993920039,737.0,64351.0,65523.0,1.0,1844.0,4317.0,4284.0,8217.0,8328.0,4337.0,1056.0,161.0,20.0,2.0,0.0,0.0,0.0,0.0,0.0,0.0,0.0,0.0,0.0,0.0,0.0,0.0,0.0,0.0,0.0,0.0,0.0,0.0,0.0,0.0
11.3921990741,229427.0,32573.0,7.0434715869,741.0,64348.0,65531.0,65528.0,1862.0,4231.0,4124.0,8353.0,8524.0,4229.0,1088.0,135.0,21.0,6.0,0.0,0.0,0.0,0.0,0.0,0.0,0.0,0.0,0.0,0.0,0.0,0.0,0.0,0.0,0.0,0.0,0.0,0.0,0.0,0.0
11.3963657407,212820.0,32569.0,6.53443458503,740.0,64345.0,65523.0,65526.0,2106.0,4928.0,4932.0,8107.0,7690.0,3681.0,924.0,168.0,28.0,5.0,0.0,0.0,0.0,0.0,0.0,0.0,0.0,0.0,0.0,0.0,0.0,0.0,0.0,0.0,0.0,0.0,0.0,0.0,0.0,0.0
11.4005324074,206297.0,32577.0,6.33259661725,738.0,64347.0,65527.0,65531.0,2116.0,5185.0,5252.0,7864.0,7584.0,3527.0,860.0,157.0,29.0,3.0,0.0,0.0,0.0,0.0,0.0,0.0,0.0,0.0,0.0,0.0,0.0,0.0,0.0,0.0,0.0,0.0,0.0,0.0,0.0,0.0
11.4046990741,211310.0,32579.0,6.48607999018,738.0,64345.0,65529.0,65532.0,2026.0,4866.0,5224.0,8013.0,7647.0,3757.0,851.0,157.0,34.0,4.0,0.0,0.0,0.0,0.0,0.0,0.0,0.0,0.0,0.0,0.0,0.0,0.0,0.0,0.0,0.0,0.0,0.0,0.0,0.0,0.0
11.4088657407,196686.0,32578.0,6.03738719381,741.0,64352.0,65527.0,65528.0,2401.0,5556.0,5231.0,7811.0,7582.0,3008.0,770.0,190.0,28.0,1.0,0.0,0.0,0.0,0.0,0.0,0.0,0.0,0.0,0.0,0.0,0.0,0.0,0.0,0.0,0.0,0.0,0.0,0.0,0.0,0.0
11.4130324074,192556.0,32576.0,5.91097740668,741.0,64344.0,65520.0,6.0,3319.0,6666.0,5713.0,5592.0,6884.0,3428.0,742.0,182.0,47.0,3.0,0.0,0.0,0.0,0.0,0.0,0.0,0.0,0.0,0.0,0.0,0.0,0.0,0.0,0.0,0.0,0.0,0.0,0.0,0.0,0.0
11.4171990741,203851.0,32578.0,6.2573208914,741.0,64345.0,65528.0,65535.0,3238.0,6217.0,5657.0,5360.0,6918.0,4122.0,834.0,204.0,26.0,2.0,0.0,0.0,0.0,0.0,0.0,0.0,0.0,0.0,0.0,0.0,0.0,0.0,0.0,0.0,0.0,0.0,0.0,0.0,0.0,0.0
11.4213657407,255554.0,32571.0,7.84605937797,738.0,64348.0,65528.0,65535.0,2069.0,4720.0,5345.0,4646.0,7919.0,6452.0,1212.0,169.0,36.0,3.0,0.0,0.0,0.0,0.0,0.0,0.0,0.0,0.0,0.0,0.0,0.0,0.0,0.0,0.0,0.0,0.0,0.0,0.0,0.0,0.0
11.4255324074,254655.0,32575.0,7.81749808135,741.0,64350.0,65528.0,65535.0,2102.0,4643.0,5324.0,4715.0,7901.0,6513.0,1161.0,187.0,27.0,2.0,0.0,0.0,0.0,0.0,0.0,0.0,0.0,0.0,0.0,0.0,0.0,0.0,0.0,0.0,0.0,0.0,0.0,0.0,0.0,0.0
11.4296990741,291632.0,32575.0,8.9526323868,737.0,64348.0,65528.0,65531.0,1611.0,3638.0,3999.0,4807.0,9330.0,7339.0,1617.0,205.0,28.0,1.0,0.0,0.0,0.0,0.0,0.0,0.0,0.0,0.0,0.0,0.0,0.0,0.0,0.0,0.0,0.0,0.0,0.0,0.0,0.0,0.0
11.4338657407,265728.0,32578.0,8.1566701455,738.0,64347.0,65527.0,65534.0,3110.0,4556.0,3460.0,5623.0,7694.0,6270.0,1646.0,175.0,41.0,3.0,0.0,0.0,0.0,0.0,0.0,0.0,0.0,0.0,0.0,0.0,0.0,0.0,0.0,0.0,0.0,0.0,0.0,0.0,0.0,0.0
11.4380324074,260014.0,32569.0,7.98348122448,737.0,64347.0,65532.0,65532.0,3164.0,4410.0,2722.0,7096.0,7268.0,6185.0,1487.0,209.0,27.0,1.0,0.0,0.0,0.0,0.0,0.0,0.0,0.0,0.0,0.0,0.0,0.0,0.0,0.0,0.0,0.0,0.0,0.0,0.0,0.0,0.0
11.4421990741,275047.0,32571.0,8.44453655092,740.0,64345.0,65529.0,3.0,2438.0,3503.0,2674.0,7661.0,7558.0,7127.0,1378.0,205.0,24.0,3.0,0.0,0.0,0.0,0.0,0.0,0.0,0.0,0.0,0.0,0.0,0.0,0.0,0.0,0.0,0.0,0.0,0.0,0.0,0.0,0.0
11.4463657407,273227.0,32571.0,8.3886586227,737.0,64359.0,65528.0,3.0,2520.0,3475.0,2680.0,7718.0,7478.0,7118.0,1371.0,183.0,23.0,5.0,0.0,0.0,0.0,0.0,0.0,0.0,0.0,0.0,0.0,0.0,0.0,0.0,0.0,0.0,0.0,0.0,0.0,0.0,0.0,0.0
11.4505324074,270385.0,32570.0,8.30165796745,738.0,64345.0,65535.0,0.0,2556.0,3451.0,2725.0,7765.0,7415.0,7082.0,1386.0,170.0,20.0,0.0,0.0,0.0,0.0,0.0,0.0,0.0,0.0,0.0,0.0,0.0,0.0,0.0,0.0,0.0,0.0,0.0,0.0,0.0,0.0,0.0
11.4546990741,271711.0,32568.0,8.34288258413,737.0,64345.0,65532.0,0.0,2629.0,3467.0,2572.0,7793.0,7443.0,7100.0,1351.0,185.0,27.0,1.0,0.0,0.0,0.0,0.0,0.0,0.0,0.0,0.0,0.0,0.0,0.0,0.0,0.0,0.0,0.0,0.0,0.0,0.0,0.0,0.0
11.4588657407,273566.0,32565.0,8.4006141563,737.0,64350.0,65532.0,3.0,2570.0,3440.0,2713.0,7825.0,7369.0,7077.0,1343.0,189.0,30.0,9.0,0.0,0.0,0.0,0.0,0.0,0.0,0.0,0.0,0.0,0.0,0.0,0.0,0.0,0.0,0.0,0.0,0.0,0.0,0.0,0.0
11.4630324074,275266.0,32568.0,8.4520388111,737.0,64348.0,65532.0,65534.0,2571.0,3564.0,2659.0,7558.0,7299.0,7314.0,1380.0,191.0,30.0,2.0,0.0,0.0,0.0,0.0,0.0,0.0,0.0,0.0,0.0,0.0,0.0,0.0,0.0,0.0,0.0,0.0,0.0,0.0,0.0,0.0
11.4671990741,274622.0,32573.0,8.43097043564,737.0,64352.0,65528.0,65534.0,2673.0,3542.0,2600.0,7716.0,7231.0,7141.0,1446.0,198.0,21.0,5.0,0.0,0.0,0.0,0.0,0.0,0.0,0.0,0.0,0.0,0.0,0.0,0.0,0.0,0.0,0.0,0.0,0.0,0.0,0.0,0.0
11.4713657407,276085.0,32562.0,8.47874823414,737.0,64344.0,65535.0,65534.0,2601.0,3419.0,2579.0,7717.0,7262.0,7361.0,1417.0,173.0,32.0,1.0,0.0,0.0,0.0,0.0,0.0,0.0,0.0,0.0,0.0,0.0,0.0,0.0,0.0,0.0,0.0,0.0,0.0,0.0,0.0,0.0
11.4755324074,268879.0,32558.0,8.25846182198,737.0,64348.0,65532.0,3.0,2641.0,3491.0,2598.0,7918.0,7399.0,6987.0,1316.0,181.0,24.0,3.0,0.0,0.0,0.0,0.0,0.0,0.0,0.0,0.0,0.0,0.0,0.0,0.0,0.0,0.0,0.0,0.0,0.0,0.0,0.0,0.0
11.4796990741,275419.0,32565.0,8.45751573776,735.0,64344.0,65532.0,65535.0,2446.0,3449.0,2611.0,7743.0,7308.0,7448.0,1359.0,181.0,16.0,4.0,0.0,0.0,0.0,0.0,0.0,0.0,0.0,0.0,0.0,0.0,0.0,0.0,0.0,0.0,0.0,0.0,0.0,0.0,0.0,0.0
11.4838657407,273421.0,32568.0,8.39538811103,737.0,64348.0,65532.0,65535.0,2647.0,3469.0,2506.0,7795.0,7322.0,7241.0,1376.0,189.0,21.0,2.0,0.0,0.0,0.0,0.0,0.0,0.0,0.0,0.0,0.0,0.0,0.0,0.0,0.0,0.0,0.0,0.0,0.0,0.0,0.0,0.0
11.4880324074,272367.0,32568.0,8.36302505527,737.0,64348.0,65531.0,65535.0,2506.0,3393.0,2655.0,7690.0,7545.0,7304.0,1256.0,196.0,23.0,0.0,0.0,0.0,0.0,0.0,0.0,0.0,0.0,0.0,0.0,0.0,0.0,0.0,0.0,0.0,0.0,0.0,0.0,0.0,0.0,0.0
11.4921990741,276114.0,32557.0,8.48094111865,738.0,64348.0,65529.0,65532.0,2541.0,3396.0,2645.0,7717.0,7204.0,7441.0,1411.0,178.0,22.0,2.0,0.0,0.0,0.0,0.0,0.0,0.0,0.0,0.0,0.0,0.0,0.0,0.0,0.0,0.0,0.0,0.0,0.0,0.0,0.0,0.0
11.4963657407,278271.0,32563.0,8.54561926112,737.0,64349.0,65529.0,3.0,2440.0,3383.0,2612.0,7748.0,7214.0,7548.0,1427.0,161.0,27.0,3.0,0.0,0.0,0.0,0.0,0.0,0.0,0.0,0.0,0.0,0.0,0.0,0.0,0.0,0.0,0.0,0.0,0.0,0.0,0.0,0.0
11.5005324074,279976.0,32564.0,8.59771526839,735.0,64347.0,65535.0,0.0,2525.0,3364.0,2548.0,7583.0,7340.0,7582.0,1405.0,191.0,21.0,5.0,0.0,0.0,0.0,0.0,0.0,0.0,0.0,0.0,0.0,0.0,0.0,0.0,0.0,0.0,0.0,0.0,0.0,0.0,0.0,0.0
11.5046990741,281335.0,32564.0,8.6394484707,737.0,64348.0,65535.0,0.0,1826.0,3819.0,4180.0,6725.0,6440.0,7899.0,1415.0,226.0,32.0,2.0,0.0,0.0,0.0,0.0,0.0,0.0,0.0,0.0,0.0,0.0,0.0,0.0,0.0,0.0,0.0,0.0,0.0,0.0,0.0,0.0
11.5088657407,299813.0,32566.0,9.2063194743,733.0,64344.0,65534.0,4.0,1978.0,3603.0,3245.0,6890.0,6294.0,8552.0,1725.0,255.0,21.0,3.0,0.0,0.0,0.0,0.0,0.0,0.0,0.0,0.0,0.0,0.0,0.0,0.0,0.0,0.0,0.0,0.0,0.0,0.0,0.0,0.0
11.5130324074,316899.0,32567.0,9.73067829398,737.0,64344.0,65534.0,65535.0,1968.0,3377.0,2695.0,6899.0,6333.0,9077.0,1903.0,271.0,38.0,6.0,0.0,0.0,0.0,0.0,0.0,0.0,0.0,0.0,0.0,0.0,0.0,0.0,0.0,0.0,0.0,0.0,0.0,0.0,0.0,0.0
11.5171990741,353407.0,32564.0,10.8526900872,735.0,64345.0,65534.0,65535.0,1783.0,2795.0,2024.0,6455.0,6131.0,10651.0,2391.0,291.0,38.0,5.0,0.0,0.0,0.0,0.0,0.0,0.0,0.0,0.0,0.0,0.0,0.0,0.0,0.0,0.0,0.0,0.0,0.0,0.0,0.0,0.0
11.5213657407,394325.0,32563.0,12.1096029236,735.0,64348.0,65534.0,65535.0,1478.0,2069.0,1284.0,5894.0,6268.0,12286.0,2915.0,342.0,21.0,6.0,0.0,0.0,0.0,0.0,0.0,0.0,0.0,0.0,0.0,0.0,0.0,0.0,0.0,0.0,0.0,0.0,0.0,0.0,0.0,0.0
11.5255324074,402833.0,32560.0,12.3720208845,735.0,64345.0,3.0,4.0,1342.0,2241.0,1346.0,5615.0,6742.0,11692.0,3057.0,490.0,29.0,6.0,0.0,0.0,0.0,0.0,0.0,0.0,0.0,0.0,0.0,0.0,0.0,0.0,0.0,0.0,0.0,0.0,0.0,0.0,0.0,0.0
11.5296990741,398477.0,32558.0,12.2389888814,737.0,64348.0,65535.0,0.0,1402.0,2255.0,1313.0,5479.0,6810.0,11781.0,3086.0,402.0,27.0,3.0,0.0,0.0,0.0,0.0,0.0,0.0,0.0,0.0,0.0,0.0,0.0,0.0,0.0,0.0,0.0,0.0,0.0,0.0,0.0,0.0
11.5338657407,393793.0,32569.0,12.0910374896,737.0,64345.0,1.0,3.0,1435.0,2381.0,1532.0,5547.0,6902.0,11294.0,2974.0,462.0,41.0,1.0,0.0,0.0,0.0,0.0,0.0,0.0,0.0,0.0,0.0,0.0,0.0,0.0,0.0,0.0,0.0,0.0,0.0,0.0,0.0,0.0
11.5380324074,390590.0,32555.0,11.9978497927,737.0,64348.0,1.0,65532.0,1324.0,2346.0,1880.0,4763.0,7513.0,11517.0,2717.0,471.0,17.0,7.0,0.0,0.0,0.0,0.0,0.0,0.0,0.0,0.0,0.0,0.0,0.0,0.0,0.0,0.0,0.0,0.0,0.0,0.0,0.0,0.0
11.5421990741,361994.0,32567.0,11.1153621764,737.0,64351.0,3.0,65532.0,1319.0,2764.0,2615.0,5146.0,7571.0,10255.0,2451.0,420.0,25.0,1.0,0.0,0.0,0.0,0.0,0.0,0.0,0.0,0.0,0.0,0.0,0.0,0.0,0.0,0.0,0.0,0.0,0.0,0.0,0.0,0.0
11.5463657407,368688.0,32565.0,11.321602948,737.0,64351.0,7.0,65534.0,1232.0,2576.0,2504.0,5074.0,7065.0,11414.0,2309.0,360.0,25.0,6.0,0.0,0.0,0.0,0.0,0.0,0.0,0.0,0.0,0.0,0.0,0.0,0.0,0.0,0.0,0.0,0.0,0.0,0.0,0.0,0.0
11.5505324074,353393.0,32570.0,10.8502609764,735.0,64345.0,6.0,3.0,1317.0,2853.0,2728.0,5429.0,6707.0,11107.0,2089.0,301.0,32.0,7.0,0.0,0.0,0.0,0.0,0.0,0.0,0.0,0.0,0.0,0.0,0.0,0.0,0.0,0.0,0.0,0.0,0.0,0.0,0.0,0.0
11.5546990741,316847.0,32561.0,9.7308743589,735.0,64344.0,6.0,1.0,1515.0,3313.0,3209.0,6361.0,6591.0,9499.0,1809.0,236.0,25.0,3.0,0.0,0.0,0.0,0.0,0.0,0.0,0.0,0.0,0.0,0.0,0.0,0.0,0.0,0.0,0.0,0.0,0.0,0.0,0.0,0.0
11.5588657407,323442.0,32563.0,9.93280717379,737.0,64344.0,7.0,65534.0,1550.0,3198.0,3266.0,6030.0,6601.0,9765.0,1837.0,292.0,24.0,0.0,0.0,0.0,0.0,0.0,0.0,0.0,0.0,0.0,0.0,0.0,0.0,0.0,0.0,0.0,0.0,0.0,0.0,0.0,0.0,0.0
11.5630324074,300416.0,32564.0,9.22540228473,737.0,64344.0,7.0,65535.0,1708.0,3682.0,3319.0,6672.0,6604.0,8721.0,1582.0,239.0,34.0,3.0,0.0,0.0,0.0,0.0,0.0,0.0,0.0,0.0,0.0,0.0,0.0,0.0,0.0,0.0,0.0,0.0,0.0,0.0,0.0,0.0
11.5671990741,302223.0,32561.0,9.28174810356,737.0,64348.0,7.0,3.0,1679.0,3649.0,3273.0,6691.0,6572.0,8817.0,1614.0,238.0,19.0,9.0,0.0,0.0,0.0,0.0,0.0,0.0,0.0,0.0,0.0,0.0,0.0,0.0,0.0,0.0,0.0,0.0,0.0,0.0,0.0,0.0
11.5713657407,301456.0,32559.0,9.25876101846,735.0,64345.0,6.0,65535.0,1631.0,3716.0,3202.0,6826.0,6524.0,8794.0,1563.0,280.0,21.0,2.0,0.0,0.0,0.0,0.0,0.0,0.0,0.0,0.0,0.0,0.0,0.0,0.0,0.0,0.0,0.0,0.0,0.0,0.0,0.0,0.0
11.5755324074,306701.0,32573.0,9.41580450066,737.0,64350.0,3.0,65535.0,1698.0,3587.0,3119.0,6605.0,6617.0,8957.0,1717.0,247.0,25.0,1.0,0.0,0.0,0.0,0.0,0.0,0.0,0.0,0.0,0.0,0.0,0.0,0.0,0.0,0.0,0.0,0.0,0.0,0.0,0.0,0.0
11.5796990741,338842.0,32562.0,10.4060561391,737.0,64351.0,3.0,65534.0,1456.0,2998.0,2844.0,5863.0,6810.0,10280.0,1998.0,272.0,32.0,9.0,0.0,0.0,0.0,0.0,0.0,0.0,0.0,0.0,0.0,0.0,0.0,0.0,0.0,0.0,0.0,0.0,0.0,0.0,0.0,0.0
11.5838657407,309166.0,32560.0,9.49527027027,735.0,64347.0,7.0,3.0,1750.0,3530.0,3020.0,6653.0,6795.0,8666.0,1869.0,245.0,29.0,3.0,0.0,0.0,0.0,0.0,0.0,0.0,0.0,0.0,0.0,0.0,0.0,0.0,0.0,0.0,0.0,0.0,0.0,0.0,0.0,0.0
11.5880324074,309325.0,32557.0,9.50102896459,737.0,64344.0,7.0,65535.0,1464.0,3323.0,3089.0,6958.0,7203.0,8362.0,1866.0,264.0,25.0,3.0,0.0,0.0,0.0,0.0,0.0,0.0,0.0,0.0,0.0,0.0,0.0,0.0,0.0,0.0,0.0,0.0,0.0,0.0,0.0,0.0
11.5921990741,370397.0,32549.0,11.3796737227,737.0,64344.0,7.0,4.0,1258.0,2755.0,2345.0,5686.0,7354.0,9754.0,2954.0,413.0,26.0,4.0,0.0,0.0,0.0,0.0,0.0,0.0,0.0,0.0,0.0,0.0,0.0,0.0,0.0,0.0,0.0,0.0,0.0,0.0,0.0,0.0
11.5963657407,407495.0,32556.0,12.5167403858,735.0,64345.0,8.0,65534.0,906.0,2103.0,1936.0,4858.0,8299.0,10239.0,3762.0,422.0,27.0,4.0,0.0,0.0,0.0,0.0,0.0,0.0,0.0,0.0,0.0,0.0,0.0,0.0,0.0,0.0,0.0,0.0,0.0,0.0,0.0,0.0
11.6005324074,418947.0,32554.0,12.869294096,737.0,64344.0,7.0,6.0,884.0,2043.0,1766.0,4523.0,8554.0,10328.0,3970.0,454.0,21.0,11.0,0.0,0.0,0.0,0.0,0.0,0.0,0.0,0.0,0.0,0.0,0.0,0.0,0.0,0.0,0.0,0.0,0.0,0.0,0.0,0.0
11.6046990741,417486.0,32563.0,12.8208703129,735.0,64350.0,7.0,6.0,853.0,1898.0,1770.0,4600.0,8796.0,10239.0,3927.0,446.0,27.0,7.0,0.0,0.0,0.0,0.0,0.0,0.0,0.0,0.0,0.0,0.0,0.0,0.0,0.0,0.0,0.0,0.0,0.0,0.0,0.0,0.0
11.6088657407,412880.0,32565.0,12.6786427146,737.0,64347.0,9.0,3.0,888.0,2038.0,1875.0,4789.0,8492.0,10104.0,3910.0,433.0,29.0,7.0,0.0,0.0,0.0,0.0,0.0,0.0,0.0,0.0,0.0,0.0,0.0,0.0,0.0,0.0,0.0,0.0,0.0,0.0,0.0,0.0
11.6130324074,412404.0,32565.0,12.6640257946,737.0,64344.0,9.0,65535.0,970.0,2248.0,1888.0,4491.0,8508.0,10168.0,3745.0,507.0,38.0,2.0,0.0,0.0,0.0,0.0,0.0,0.0,0.0,0.0,0.0,0.0,0.0,0.0,0.0,0.0,0.0,0.0,0.0,0.0,0.0,0.0
11.6171990741,410296.0,32566.0,12.5989068353,737.0,64343.0,8.0,65535.0,1244.0,2552.0,1866.0,4069.0,8535.0,10052.0,3663.0,543.0,32.0,10.0,0.0,0.0,0.0,0.0,0.0,0.0,0.0,0.0,0.0,0.0,0.0,0.0,0.0,0.0,0.0,0.0,0.0,0.0,0.0,0.0
11.6213657407,396101.0,32561.0,12.1648905132,737.0,64348.0,9.0,65534.0,1420.0,2847.0,1719.0,4656.0,7911.0,10034.0,3417.0,528.0,25.0,4.0,0.0,0.0,0.0,0.0,0.0,0.0,0.0,0.0,0.0,0.0,0.0,0.0,0.0,0.0,0.0,0.0,0.0,0.0,0.0,0.0
11.6255324074,411924.0,32563.0,12.6500629549,737.0,64344.0,7.0,6.0,1322.0,2612.0,1712.0,4318.0,7793.0,10554.0,3681.0,531.0,36.0,4.0,0.0,0.0,0.0,0.0,0.0,0.0,0.0,0.0,0.0,0.0,0.0,0.0,0.0,0.0,0.0,0.0,0.0,0.0,0.0,0.0
11.6296990741,411058.0,32564.0,12.6230807026,737.0,64344.0,12.0,6.0,1372.0,2602.0,1728.0,4350.0,7944.0,10375.0,3577.0,571.0,35.0,10.0,0.0,0.0,0.0,0.0,0.0,0.0,0.0,0.0,0.0,0.0,0.0,0.0,0.0,0.0,0.0,0.0,0.0,0.0,0.0,0.0
11.6338657407,392540.0,32567.0,12.0533054933,737.0,64348.0,14.0,65535.0,1413.0,2534.0,1543.0,5276.0,7959.0,10042.0,3269.0,496.0,30.0,5.0,0.0,0.0,0.0,0.0,0.0,0.0,0.0,0.0,0.0,0.0,0.0,0.0,0.0,0.0,0.0,0.0,0.0,0.0,0.0,0.0
11.6380324074,371686.0,32571.0,11.4115624328,738.0,64348.0,8.0,3.0,1069.0,2300.0,1859.0,5389.0,9712.0,8935.0,2812.0,469.0,25.0,1.0,0.0,0.0,0.0,0.0,0.0,0.0,0.0,0.0,0.0,0.0,0.0,0.0,0.0,0.0,0.0,0.0,0.0,0.0,0.0,0.0
11.6421990741,371279.0,32573.0,11.3983667455,738.0,64347.0,12.0,65535.0,1047.0,2411.0,1822.0,5330.0,9848.0,8882.0,2704.0,498.0,26.0,5.0,0.0,0.0,0.0,0.0,0.0,0.0,0.0,0.0,0.0,0.0,0.0,0.0,0.0,0.0,0.0,0.0,0.0,0.0,0.0,0.0
11.6463657407,371585.0,32559.0,11.4126662367,737.0,64348.0,9.0,14.0,1047.0,2333.0,1916.0,5333.0,9747.0,8898.0,2763.0,494.0,27.0,1.0,0.0,0.0,0.0,0.0,0.0,0.0,0.0,0.0,0.0,0.0,0.0,0.0,0.0,0.0,0.0,0.0,0.0,0.0,0.0,0.0
11.6505324074,377375.0,32559.0,11.5904972511,737.0,64348.0,12.0,3.0,1090.0,2297.0,1879.0,5244.0,9707.0,8875.0,2920.0,520.0,23.0,4.0,0.0,0.0,0.0,0.0,0.0,0.0,0.0,0.0,0.0,0.0,0.0,0.0,0.0,0.0,0.0,0.0,0.0,0.0,0.0,0.0
11.6546990741,374708.0,32565.0,11.5064639951,741.0,64345.0,11.0,65535.0,1043.0,2298.0,1763.0,5381.0,9836.0,8930.0,2785.0,493.0,32.0,4.0,0.0,0.0,0.0,0.0,0.0,0.0,0.0,0.0,0.0,0.0,0.0,0.0,0.0,0.0,0.0,0.0,0.0,0.0,0.0,0.0
11.6588657407,381463.0,32560.0,11.7156941032,737.0,64348.0,8.0,3.0,1014.0,2261.0,1873.0,5220.0,9696.0,8989.0,2956.0,511.0,34.0,6.0,0.0,0.0,0.0,0.0,0.0,0.0,0.0,0.0,0.0,0.0,0.0,0.0,0.0,0.0,0.0,0.0,0.0,0.0,0.0,0.0
11.6630324074,371847.0,32560.0,11.4203624079,737.0,64345.0,8.0,8.0,1024.0,2385.0,1885.0,5257.0,9875.0,8816.0,2842.0,440.0,29.0,7.0,0.0,0.0,0.0,0.0,0.0,0.0,0.0,0.0,0.0,0.0,0.0,0.0,0.0,0.0,0.0,0.0,0.0,0.0,0.0,0.0
11.6671990741,375735.0,32562.0,11.5390639396,737.0,64345.0,12.0,3.0,1006.0,2259.0,1826.0,5406.0,9739.0,8993.0,2784.0,521.0,25.0,3.0,0.0,0.0,0.0,0.0,0.0,0.0,0.0,0.0,0.0,0.0,0.0,0.0,0.0,0.0,0.0,0.0,0.0,0.0,0.0,0.0
11.6713657407,376040.0,32558.0,11.5498494994,737.0,64348.0,12.0,6.0,986.0,2356.0,1748.0,5335.0,9858.0,8904.0,2841.0,492.0,36.0,2.0,0.0,0.0,0.0,0.0,0.0,0.0,0.0,0.0,0.0,0.0,0.0,0.0,0.0,0.0,0.0,0.0,0.0,0.0,0.0,0.0
11.6755324074,378096.0,32566.0,11.6101455506,737.0,64344.0,11.0,65532.0,940.0,2266.0,1845.0,5421.0,9617.0,9065.0,2881.0,499.0,30.0,2.0,0.0,0.0,0.0,0.0,0.0,0.0,0.0,0.0,0.0,0.0,0.0,0.0,0.0,0.0,0.0,0.0,0.0,0.0,0.0,0.0
11.6796990741,378452.0,32563.0,11.6221478365,738.0,64344.0,12.0,4.0,957.0,2220.0,1828.0,5300.0,9822.0,9120.0,2771.0,505.0,34.0,6.0,0.0,0.0,0.0,0.0,0.0,0.0,0.0,0.0,0.0,0.0,0.0,0.0,0.0,0.0,0.0,0.0,0.0,0.0,0.0,0.0
11.6838657407,376671.0,32577.0,11.5624827332,738.0,64346.0,12.0,65535.0,958.0,2231.0,1942.0,5105.0,9957.0,9071.0,2797.0,482.0,29.0,5.0,0.0,0.0,0.0,0.0,0.0,0.0,0.0,0.0,0.0,0.0,0.0,0.0,0.0,0.0,0.0,0.0,0.0,0.0,0.0,0.0
11.6880324074,380520.0,32568.0,11.6838614591,737.0,64345.0,9.0,3.0,959.0,2276.0,1826.0,5146.0,9845.0,9083.0,2890.0,511.0,27.0,5.0,0.0,0.0,0.0,0.0,0.0,0.0,0.0,0.0,0.0,0.0,0.0,0.0,0.0,0.0,0.0,0.0,0.0,0.0,0.0,0.0
11.6921990741,376789.0,32570.0,11.5685907277,738.0,64345.0,14.0,65535.0,960.0,2241.0,1828.0,5257.0,9841.0,9044.0,2903.0,468.0,28.0,0.0,0.0,0.0,0.0,0.0,0.0,0.0,0.0,0.0,0.0,0.0,0.0,0.0,0.0,0.0,0.0,0.0,0.0,0.0,0.0,0.0
11.6963657407,373057.0,32560.0,11.45752457,740.0,64340.0,15.0,3.0,983.0,2253.0,1976.0,5243.0,9903.0,8872.0,2843.0,463.0,16.0,8.0,0.0,0.0,0.0,0.0,0.0,0.0,0.0,0.0,0.0,0.0,0.0,0.0,0.0,0.0,0.0,0.0,0.0,0.0,0.0,0.0
11.7005324074,378139.0,32562.0,11.6128923285,740.0,64344.0,12.0,65535.0,977.0,2271.0,1888.0,5271.0,9794.0,8879.0,2951.0,505.0,22.0,4.0,0.0,0.0,0.0,0.0,0.0,0.0,0.0,0.0,0.0,0.0,0.0,0.0,0.0,0.0,0.0,0.0,0.0,0.0,0.0,0.0
11.7046990741,374631.0,32566.0,11.5037462384,740.0,64344.0,12.0,65535.0,957.0,2307.0,1916.0,5263.0,9858.0,8942.0,2812.0,479.0,26.0,6.0,0.0,0.0,0.0,0.0,0.0,0.0,0.0,0.0,0.0,0.0,0.0,0.0,0.0,0.0,0.0,0.0,0.0,0.0,0.0,0.0
11.7088657407,374655.0,32556.0,11.5080169554,741.0,64350.0,12.0,4.0,1020.0,2299.0,1882.0,5410.0,9517.0,9104.0,2803.0,494.0,24.0,3.0,0.0,0.0,0.0,0.0,0.0,0.0,0.0,0.0,0.0,0.0,0.0,0.0,0.0,0.0,0.0,0.0,0.0,0.0,0.0,0.0
11.7130324074,372067.0,32569.0,11.4239614357,737.0,64348.0,12.0,7.0,1046.0,2339.0,1862.0,5331.0,9657.0,9058.0,2802.0,441.0,30.0,3.0,0.0,0.0,0.0,0.0,0.0,0.0,0.0,0.0,0.0,0.0,0.0,0.0,0.0,0.0,0.0,0.0,0.0,0.0,0.0,0.0
11.7171990741,372747.0,32575.0,11.4427321566,740.0,64339.0,17.0,0.0,1098.0,2285.0,1773.0,5409.0,9894.0,8781.0,2828.0,477.0,26.0,3.0,1.0,0.0,0.0,0.0,0.0,0.0,0.0,0.0,0.0,0.0,0.0,0.0,0.0,0.0,0.0,0.0,0.0,0.0,0.0,0.0
11.7213657407,374513.0,32568.0,11.4994166053,741.0,64344.0,12.0,6.0,1105.0,2449.0,1922.0,5383.0,9436.0,8866.0,2896.0,469.0,32.0,10.0,0.0,0.0,0.0,0.0,0.0,0.0,0.0,0.0,0.0,0.0,0.0,0.0,0.0,0.0,0.0,0.0,0.0,0.0,0.0,0.0
11.7255324074,374196.0,32564.0,11.4910944601,741.0,64348.0,14.0,2.0,1065.0,2332.0,1862.0,5447.0,9484.0,9071.0,2791.0,467.0,42.0,3.0,0.0,0.0,0.0,0.0,0.0,0.0,0.0,0.0,0.0,0.0,0.0,0.0,0.0,0.0,0.0,0.0,0.0,0.0,0.0,0.0
11.7296990741,319868.0,32578.0,9.81852784087,741.0,64344.0,14.0,65535.0,1432.0,3552.0,3194.0,5292.0,9369.0,7109.0,2255.0,334.0,31.0,10.0,0.0,0.0,0.0,0.0,0.0,0.0,0.0,0.0,0.0,0.0,0.0,0.0,0.0,0.0,0.0,0.0,0.0,0.0,0.0,0.0
11.7338657407,349607.0,32584.0,10.729407071,743.0,64344.0,14.0,65535.0,1165.0,2965.0,2589.0,5404.0,8911.0,8597.0,2519.0,395.0,38.0,1.0,0.0,0.0,0.0,0.0,0.0,0.0,0.0,0.0,0.0,0.0,0.0,0.0,0.0,0.0,0.0,0.0,0.0,0.0,0.0,0.0
11.7380324074,324810.0,32577.0,9.97053135648,740.0,64344.0,12.0,7.0,1403.0,3414.0,3338.0,5280.0,8836.0,7590.0,2339.0,350.0,21.0,6.0,0.0,0.0,0.0,0.0,0.0,0.0,0.0,0.0,0.0,0.0,0.0,0.0,0.0,0.0,0.0,0.0,0.0,0.0,0.0,0.0
11.7421990741,299254.0,32582.0,9.18464182678,743.0,64344.0,15.0,65534.0,1838.0,4118.0,3354.0,5675.0,8420.0,6742.0,2100.0,310.0,23.0,2.0,0.0,0.0,0.0,0.0,0.0,0.0,0.0,0.0,0.0,0.0,0.0,0.0,0.0,0.0,0.0,0.0,0.0,0.0,0.0,0.0
11.7463657407,292628.0,32572.0,8.9840353678,741.0,64344.0,15.0,3.0,1901.0,4168.0,3384.0,5585.0,8847.0,6418.0,1936.0,304.0,23.0,6.0,0.0,0.0,0.0,0.0,0.0,0.0,0.0,0.0,0.0,0.0,0.0,0.0,0.0,0.0,0.0,0.0,0.0,0.0,0.0,0.0
11.7505324074,293457.0,32594.0,9.00340553476,746.0,64345.0,14.0,3.0,1747.0,4211.0,3653.0,5259.0,8957.0,6580.0,1874.0,267.0,38.0,8.0,0.0,0.0,0.0,0.0,0.0,0.0,0.0,0.0,0.0,0.0,0.0,0.0,0.0,0.0,0.0,0.0,0.0,0.0,0.0,0.0
11.7546990741,244496.0,27151.0,9.00504585466,746.0,64347.0,12.0,65535.0,1482.0,3438.0,3033.0,4446.0,7569.0,5307.0,1598.0,244.0,29.0,5.0,0.0,0.0,0.0,0.0,0.0,0.0,0.0,0.0,0.0,0.0,0.0,0.0,0.0,0.0,0.0,0.0,0.0,0.0,0.0,0.0
11.7665625,284856.0,32587.0,8.74139994476,750.0,64345.0,12.0,3.0,1882.0,4126.0,3641.0,5382.0,9186.0,6284.0,1796.0,269.0,17.0,4.0,0.0,0.0,0.0,0.0,0.0,0.0,0.0,0.0,0.0,0.0,0.0,0.0,0.0,0.0,0.0,0.0,0.0,0.0,0.0,0.0
11.7707291667,283819.0,32591.0,8.70850848394,750.0,64348.0,14.0,7.0,1953.0,4371.0,3596.0,5456.0,8954.0,6153.0,1783.0,292.0,30.0,3.0,0.0,0.0,0.0,0.0,0.0,0.0,0.0,0.0,0.0,0.0,0.0,0.0,0.0,0.0,0.0,0.0,0.0,0.0,0.0,0.0
11.7748958333,285699.0,32590.0,8.76646210494,748.0,64346.0,14.0,3.0,2029.0,4341.0,3561.0,5507.0,8978.0,5952.0,1897.0,288.0,27.0,10.0,0.0,0.0,0.0,0.0,0.0,0.0,0.0,0.0,0.0,0.0,0.0,0.0,0.0,0.0,0.0,0.0,0.0,0.0,0.0,0.0
11.7790625,280938.0,32592.0,8.61984536082,748.0,64344.0,15.0,65535.0,2042.0,4362.0,3776.0,5384.0,8968.0,5958.0,1749.0,328.0,23.0,2.0,0.0,0.0,0.0,0.0,0.0,0.0,0.0,0.0,0.0,0.0,0.0,0.0,0.0,0.0,0.0,0.0,0.0,0.0,0.0,0.0
11.7832291667,281307.0,32595.0,8.63037275656,748.0,64344.0,15.0,65535.0,2049.0,4435.0,3596.0,5442.0,9033.0,6008.0,1697.0,296.0,29.0,10.0,0.0,0.0,0.0,0.0,0.0,0.0,0.0,0.0,0.0,0.0,0.0,0.0,0.0,0.0,0.0,0.0,0.0,0.0,0.0,0.0
11.7873958333,277398.0,32589.0,8.51201325601,748.0,64348.0,12.0,12.0,2179.0,4540.0,3623.0,5435.0,8856.0,5828.0,1833.0,270.0,20.0,5.0,0.0,0.0,0.0,0.0,0.0,0.0,0.0,0.0,0.0,0.0,0.0,0.0,0.0,0.0,0.0,0.0,0.0,0.0,0.0,0.0
11.7915625,276671.0,32596.0,8.48788194871,750.0,64348.0,14.0,3.0,2292.0,4487.0,3458.0,5569.0,8952.0,5739.0,1786.0,284.0,25.0,4.0,0.0,0.0,0.0,0.0,0.0,0.0,0.0,0.0,0.0,0.0,0.0,0.0,0.0,0.0,0.0,0.0,0.0,0.0,0.0,0.0
11.7957291667,287411.0,32591.0,8.81872296033,750.0,64344.0,12.0,8.0,2102.0,4299.0,3498.0,5431.0,8847.0,6168.0,1920.0,293.0,29.0,4.0,0.0,0.0,0.0,0.0,0.0,0.0,0.0,0.0,0.0,0.0,0.0,0.0,0.0,0.0,0.0,0.0,0.0,0.0,0.0,0.0
11.7998958333,300385.0,32602.0,9.2136985461,750.0,64344.0,12.0,3.0,1889.0,3965.0,3410.0,5306.0,8853.0,6905.0,1925.0,316.0,25.0,8.0,0.0,0.0,0.0,0.0,0.0,0.0,0.0,0.0,0.0,0.0,0.0,0.0,0.0,0.0,0.0,0.0,0.0,0.0,0.0,0.0
11.8040625,296154.0,32611.0,9.08141424673,750.0,64348.0,12.0,4.0,1849.0,4182.0,3418.0,5338.0,8799.0,6735.0,1954.0,311.0,25.0,0.0,0.0,0.0,0.0,0.0,0.0,0.0,0.0,0.0,0.0,0.0,0.0,0.0,0.0,0.0,0.0,0.0,0.0,0.0,0.0,0.0
11.8082291667,293216.0,32594.0,8.99601153587,750.0,64345.0,11.0,6.0,1934.0,4176.0,3434.0,5233.0,8957.0,6645.0,1876.0,319.0,18.0,2.0,0.0,0.0,0.0,0.0,0.0,0.0,0.0,0.0,0.0,0.0,0.0,0.0,0.0,0.0,0.0,0.0,0.0,0.0,0.0,0.0
11.8123958333,295109.0,32596.0,9.05353417597,750.0,64345.0,12.0,1.0,2026.0,4177.0,3306.0,5236.0,8816.0,6845.0,1854.0,301.0,33.0,2.0,0.0,0.0,0.0,0.0,0.0,0.0,0.0,0.0,0.0,0.0,0.0,0.0,0.0,0.0,0.0,0.0,0.0,0.0,0.0,0.0
11.8165625,292186.0,32596.0,8.96386059639,750.0,64345.0,12.0,3.0,2055.0,4272.0,3381.0,5310.0,8807.0,6603.0,1801.0,331.0,33.0,3.0,0.0,0.0,0.0,0.0,0.0,0.0,0.0,0.0,0.0,0.0,0.0,0.0,0.0,0.0,0.0,0.0,0.0,0.0,0.0,0.0
11.8207291667,293453.0,32599.0,9.00190189883,750.0,64340.0,15.0,6.0,2018.0,4099.0,3433.0,5194.0,8982.0,6656.0,1881.0,312.0,23.0,1.0,0.0,0.0,0.0,0.0,0.0,0.0,0.0,0.0,0.0,0.0,0.0,0.0,0.0,0.0,0.0,0.0,0.0,0.0,0.0,0.0
11.8248958333,296052.0,32599.0,9.08162827081,750.0,64345.0,12.0,1.0,2031.0,4152.0,3344.0,5281.0,8839.0,6622.0,1978.0,327.0,25.0,0.0,0.0,0.0,0.0,0.0,0.0,0.0,0.0,0.0,0.0,0.0,0.0,0.0,0.0,0.0,0.0,0.0,0.0,0.0,0.0,0.0
11.8290625,297914.0,32599.0,9.13874658732,751.0,64348.0,12.0,65535.0,1918.0,4180.0,3315.0,5364.0,8826.0,6696.0,1945.0,313.0,40.0,2.0,0.0,0.0,0.0,0.0,0.0,0.0,0.0,0.0,0.0,0.0,0.0,0.0,0.0,0.0,0.0,0.0,0.0,0.0,0.0,0.0
11.8332291667,294970.0,32602.0,9.04760444145,751.0,64348.0,15.0,65535.0,2073.0,4236.0,3279.0,5374.0,8649.0,6723.0,1935.0,303.0,24.0,6.0,0.0,0.0,0.0,0.0,0.0,0.0,0.0,0.0,0.0,0.0,0.0,0.0,0.0,0.0,0.0,0.0,0.0,0.0,0.0,0.0
11.8373958333,268026.0,32600.0,8.22165644172,750.0,64343.0,15.0,6.0,2454.0,4612.0,3537.0,5869.0,8578.0,5579.0,1671.0,272.0,24.0,4.0,0.0,0.0,0.0,0.0,0.0,0.0,0.0,0.0,0.0,0.0,0.0,0.0,0.0,0.0,0.0,0.0,0.0,0.0,0.0,0.0
11.8415625,266158.0,32607.0,8.16260312203,750.0,64348.0,15.0,1.0,2654.0,4834.0,3172.0,6269.0,7874.0,5878.0,1641.0,260.0,21.0,4.0,0.0,0.0,0.0,0.0,0.0,0.0,0.0,0.0,0.0,0.0,0.0,0.0,0.0,0.0,0.0,0.0,0.0,0.0,0.0,0.0
11.8457291667,281808.0,32608.0,8.64229636899,756.0,64348.0,12.0,4.0,2001.0,4080.0,3662.0,6111.0,8419.0,6353.0,1651.0,293.0,34.0,4.0,0.0,0.0,0.0,0.0,0.0,0.0,0.0,0.0,0.0,0.0,0.0,0.0,0.0,0.0,0.0,0.0,0.0,0.0,0.0,0.0
11.8498958333,304852.0,32610.0,9.34842072984,756.0,64345.0,15.0,7.0,1379.0,3500.0,3562.0,6011.0,8839.0,7061.0,1907.0,318.0,26.0,7.0,0.0,0.0,0.0,0.0,0.0,0.0,0.0,0.0,0.0,0.0,0.0,0.0,0.0,0.0,0.0,0.0,0.0,0.0,0.0,0.0
11.8540625,308576.0,32608.0,9.46319921492,751.0,64348.0,16.0,3.0,1349.0,3420.0,3088.0,6007.0,9207.0,7277.0,1930.0,311.0,13.0,6.0,0.0,0.0,0.0,0.0,0.0,0.0,0.0,0.0,0.0,0.0,0.0,0.0,0.0,0.0,0.0,0.0,0.0,0.0,0.0,0.0
11.8582291667,322860.0,32610.0,9.90064397424,750.0,64347.0,16.0,65535.0,1258.0,2588.0,1948.0,6080.0,10925.0,7469.0,2057.0,268.0,17.0,0.0,0.0,0.0,0.0,0.0,0.0,0.0,0.0,0.0,0.0,0.0,0.0,0.0,0.0,0.0,0.0,0.0,0.0,0.0,0.0,0.0
11.8623958333,323260.0,32607.0,9.91382218542,759.0,64344.0,16.0,8.0,1280.0,2406.0,1941.0,6197.0,11067.0,7460.0,1940.0,289.0,25.0,2.0,0.0,0.0,0.0,0.0,0.0,0.0,0.0,0.0,0.0,0.0,0.0,0.0,0.0,0.0,0.0,0.0,0.0,0.0,0.0,0.0
11.8665625,326450.0,32621.0,10.0073572239,758.0,64345.0,19.0,3.0,1220.0,2494.0,1822.0,6036.0,11179.0,7515.0,2065.0,265.0,23.0,2.0,0.0,0.0,0.0,0.0,0.0,0.0,0.0,0.0,0.0,0.0,0.0,0.0,0.0,0.0,0.0,0.0,0.0,0.0,0.0,0.0
11.8707291667,324432.0,32611.0,9.94854496949,756.0,64345.0,16.0,65535.0,1239.0,2548.0,1988.0,6093.0,10888.0,7552.0,2011.0,268.0,16.0,8.0,0.0,0.0,0.0,0.0,0.0,0.0,0.0,0.0,0.0,0.0,0.0,0.0,0.0,0.0,0.0,0.0,0.0,0.0,0.0,0.0
11.8748958333,322836.0,32619.0,9.89717649223,756.0,64352.0,15.0,6.0,1290.0,2502.0,1901.0,6113.0,11086.0,7456.0,1996.0,244.0,26.0,5.0,0.0,0.0,0.0,0.0,0.0,0.0,0.0,0.0,0.0,0.0,0.0,0.0,0.0,0.0,0.0,0.0,0.0,0.0,0.0,0.0
11.8790625,322280.0,32608.0,9.88346418057,751.0,64345.0,15.0,3.0,1235.0,2512.0,1924.0,6082.0,10919.0,7701.0,1978.0,239.0,17.0,1.0,0.0,0.0,0.0,0.0,0.0,0.0,0.0,0.0,0.0,0.0,0.0,0.0,0.0,0.0,0.0,0.0,0.0,0.0,0.0,0.0
11.8832291667,322910.0,32604.0,9.90399950926,758.0,64344.0,16.0,65535.0,1303.0,2528.0,1991.0,6104.0,10840.0,7541.0,2014.0,251.0,32.0,0.0,0.0,0.0,0.0,0.0,0.0,0.0,0.0,0.0,0.0,0.0,0.0,0.0,0.0,0.0,0.0,0.0,0.0,0.0,0.0,0.0
11.8873958333,321931.0,32608.0,9.87276128557,753.0,64347.0,17.0,65535.0,1292.0,2513.0,1941.0,6090.0,11087.0,7387.0,2020.0,255.0,20.0,3.0,0.0,0.0,0.0,0.0,0.0,0.0,0.0,0.0,0.0,0.0,0.0,0.0,0.0,0.0,0.0,0.0,0.0,0.0,0.0,0.0
11.8915625,323702.0,32613.0,9.92555116058,756.0,64345.0,16.0,6.0,1277.0,2566.0,1892.0,6080.0,11121.0,7400.0,1963.0,283.0,25.0,6.0,0.0,0.0,0.0,0.0,0.0,0.0,0.0,0.0,0.0,0.0,0.0,0.0,0.0,0.0,0.0,0.0,0.0,0.0,0.0,0.0
11.8957291667,324737.0,32609.0,9.95850838726,751.0,64347.0,19.0,6.0,1228.0,2589.0,2046.0,6000.0,10855.0,7647.0,1944.0,262.0,30.0,8.0,0.0,0.0,0.0,0.0,0.0,0.0,0.0,0.0,0.0,0.0,0.0,0.0,0.0,0.0,0.0,0.0,0.0,0.0,0.0,0.0
11.8998958333,326184.0,32610.0,10.002575897,756.0,64348.0,15.0,3.0,1293.0,2612.0,1938.0,6086.0,10893.0,7427.0,2027.0,295.0,34.0,5.0,0.0,0.0,0.0,0.0,0.0,0.0,0.0,0.0,0.0,0.0,0.0,0.0,0.0,0.0,0.0,0.0,0.0,0.0,0.0,0.0
11.9040625,320162.0,32609.0,9.81820969671,756.0,64344.0,14.0,8.0,1195.0,2536.0,1955.0,6193.0,11036.0,7445.0,1994.0,241.0,10.0,4.0,0.0,0.0,0.0,0.0,0.0,0.0,0.0,0.0,0.0,0.0,0.0,0.0,0.0,0.0,0.0,0.0,0.0,0.0,0.0,0.0
11.9082291667,325033.0,32610.0,9.96727997547,756.0,64344.0,15.0,6.0,1193.0,2439.0,1927.0,6003.0,11157.0,7576.0,2035.0,263.0,16.0,1.0,0.0,0.0,0.0,0.0,0.0,0.0,0.0,0.0,0.0,0.0,0.0,0.0,0.0,0.0,0.0,0.0,0.0,0.0,0.0,0.0
11.9123958333,320049.0,32600.0,9.81745398773,756.0,64353.0,15.0,6.0,1201.0,2497.0,1926.0,6135.0,10947.0,7729.0,1933.0,213.0,19.0,0.0,0.0,0.0,0.0,0.0,0.0,0.0,0.0,0.0,0.0,0.0,0.0,0.0,0.0,0.0,0.0,0.0,0.0,0.0,0.0,0.0
11.9165625,324149.0,32608.0,9.94078140334,756.0,64347.0,15.0,65534.0,1170.0,2399.0,1969.0,5979.0,11173.0,7598.0,2084.0,224.0,9.0,3.0,0.0,0.0,0.0,0.0,0.0,0.0,0.0,0.0,0.0,0.0,0.0,0.0,0.0,0.0,0.0,0.0,0.0,0.0,0.0,0.0
11.9207291667,320655.0,32618.0,9.83061499785,756.0,64344.0,16.0,7.0,1202.0,2763.0,2390.0,6008.0,10285.0,7647.0,2053.0,253.0,14.0,3.0,0.0,0.0,0.0,0.0,0.0,0.0,0.0,0.0,0.0,0.0,0.0,0.0,0.0,0.0,0.0,0.0,0.0,0.0,0.0,0.0
11.9248958333,320330.0,32610.0,9.82306041092,754.0,64345.0,19.0,65535.0,1626.0,2768.0,1511.0,6441.0,10995.0,6815.0,2160.0,256.0,29.0,8.0,1.0,0.0,0.0,0.0,0.0,0.0,0.0,0.0,0.0,0.0,0.0,0.0,0.0,0.0,0.0,0.0,0.0,0.0,0.0,0.0
11.9290625,345319.0,32615.0,10.5877357044,756.0,64348.0,17.0,6.0,1743.0,3083.0,2048.0,4817.0,10091.0,7694.0,2745.0,367.0,25.0,2.0,0.0,0.0,0.0,0.0,0.0,0.0,0.0,0.0,0.0,0.0,0.0,0.0,0.0,0.0,0.0,0.0,0.0,0.0,0.0,0.0
11.9332291667,342739.0,32614.0,10.5089532103,756.0,64345.0,17.0,3.0,1879.0,3217.0,2117.0,4850.0,9700.0,7725.0,2738.0,357.0,29.0,2.0,0.0,0.0,0.0,0.0,0.0,0.0,0.0,0.0,0.0,0.0,0.0,0.0,0.0,0.0,0.0,0.0,0.0,0.0,0.0,0.0
11.9373958333,365885.0,32616.0,11.2179605102,758.0,64344.0,17.0,0.0,1591.0,2919.0,2011.0,4252.0,9672.0,8795.0,2934.0,416.0,26.0,0.0,0.0,0.0,0.0,0.0,0.0,0.0,0.0,0.0,0.0,0.0,0.0,0.0,0.0,0.0,0.0,0.0,0.0,0.0,0.0,0.0
11.9415625,345443.0,32620.0,10.5899141631,756.0,64345.0,17.0,0.0,1890.0,3183.0,1960.0,4955.0,9567.0,7906.0,2773.0,358.0,26.0,2.0,0.0,0.0,0.0,0.0,0.0,0.0,0.0,0.0,0.0,0.0,0.0,0.0,0.0,0.0,0.0,0.0,0.0,0.0,0.0,0.0
11.9457291667,339502.0,32618.0,10.4084247961,756.0,64345.0,19.0,3.0,2055.0,3192.0,1853.0,5189.0,9617.0,7660.0,2667.0,356.0,25.0,4.0,0.0,0.0,0.0,0.0,0.0,0.0,0.0,0.0,0.0,0.0,0.0,0.0,0.0,0.0,0.0,0.0,0.0,0.0,0.0,0.0
11.9498958333,331253.0,32615.0,10.1564617507,761.0,64348.0,16.0,7.0,2047.0,3123.0,1631.0,5959.0,9547.0,7437.0,2514.0,328.0,25.0,4.0,0.0,0.0,0.0,0.0,0.0,0.0,0.0,0.0,0.0,0.0,0.0,0.0,0.0,0.0,0.0,0.0,0.0,0.0,0.0,0.0
11.9540625,338558.0,32623.0,10.3778928976,759.0,64344.0,19.0,65532.0,1973.0,3028.0,1679.0,5687.0,9300.0,8025.0,2576.0,334.0,20.0,1.0,0.0,0.0,0.0,0.0,0.0,0.0,0.0,0.0,0.0,0.0,0.0,0.0,0.0,0.0,0.0,0.0,0.0,0.0,0.0,0.0
11.9582291667,342783.0,32618.0,10.5090134282,759.0,64343.0,19.0,65531.0,1953.0,3007.0,1604.0,5706.0,9160.0,8189.0,2646.0,331.0,16.0,6.0,0.0,0.0,0.0,0.0,0.0,0.0,0.0,0.0,0.0,0.0,0.0,0.0,0.0,0.0,0.0,0.0,0.0,0.0,0.0,0.0
11.9623958333,337936.0,32620.0,10.3597792765,762.0,64348.0,18.0,65534.0,1821.0,2950.0,1715.0,5975.0,9129.0,8186.0,2503.0,318.0,21.0,2.0,0.0,0.0,0.0,0.0,0.0,0.0,0.0,0.0,0.0,0.0,0.0,0.0,0.0,0.0,0.0,0.0,0.0,0.0,0.0,0.0
11.9665625,331988.0,32621.0,10.1771251648,759.0,64345.0,19.0,65535.0,1928.0,2920.0,1526.0,6414.0,9279.0,7829.0,2386.0,303.0,32.0,4.0,0.0,0.0,0.0,0.0,0.0,0.0,0.0,0.0,0.0,0.0,0.0,0.0,0.0,0.0,0.0,0.0,0.0,0.0,0.0,0.0
11.9707291667,328336.0,32619.0,10.0657898771,756.0,64351.0,16.0,65534.0,1964.0,2880.0,1566.0,6515.0,9237.0,7848.0,2261.0,318.0,28.0,2.0,0.0,0.0,0.0,0.0,0.0,0.0,0.0,0.0,0.0,0.0,0.0,0.0,0.0,0.0,0.0,0.0,0.0,0.0,0.0,0.0
11.9748958333,327716.0,32619.0,10.04678255,756.0,64343.0,15.0,7.0,1997.0,3002.0,1565.0,6466.0,9219.0,7697.0,2336.0,306.0,27.0,4.0,0.0,0.0,0.0,0.0,0.0,0.0,0.0,0.0,0.0,0.0,0.0,0.0,0.0,0.0,0.0,0.0,0.0,0.0,0.0,0.0
11.9790625,331543.0,32618.0,10.1644184193,759.0,64346.0,17.0,3.0,2036.0,2887.0,1518.0,6331.0,9221.0,7928.0,2367.0,298.0,26.0,6.0,0.0,0.0,0.0,0.0,0.0,0.0,0.0,0.0,0.0,0.0,0.0,0.0,0.0,0.0,0.0,0.0,0.0,0.0,0.0,0.0
11.9832291667,330786.0,32623.0,10.1396560709,759.0,64348.0,17.0,1.0,1898.0,2922.0,1628.0,6282.0,9315.0,7986.0,2253.0,296.0,38.0,5.0,0.0,0.0,0.0,0.0,0.0,0.0,0.0,0.0,0.0,0.0,0.0,0.0,0.0,0.0,0.0,0.0,0.0,0.0,0.0,0.0
11.9873958333,329163.0,32620.0,10.0908338443,756.0,64350.0,22.0,3.0,1996.0,2929.0,1547.0,6317.0,9344.0,7849.0,2312.0,294.0,27.0,5.0,0.0,0.0,0.0,0.0,0.0,0.0,0.0,0.0,0.0,0.0,0.0,0.0,0.0,0.0,0.0,0.0,0.0,0.0,0.0,0.0
11.9915625,326962.0,32614.0,10.0252039002,756.0,64345.0,16.0,3.0,1984.0,2908.0,1501.0,6559.0,9222.0,7829.0,2309.0,270.0,28.0,4.0,0.0,0.0,0.0,0.0,0.0,0.0,0.0,0.0,0.0,0.0,0.0,0.0,0.0,0.0,0.0,0.0,0.0,0.0,0.0,0.0
11.9957291667,332468.0,32616.0,10.1934020113,756.0,64350.0,15.0,65534.0,1917.0,2856.0,1564.0,6261.0,9272.0,8046.0,2397.0,275.0,23.0,5.0,0.0,0.0,0.0,0.0,0.0,0.0,0.0,0.0,0.0,0.0,0.0,0.0,0.0,0.0,0.0,0.0,0.0,0.0,0.0,0.0
11.9998958333,333877.0,32605.0,10.2400552063,751.0,64347.0,19.0,3.0,1939.0,2851.0,1659.0,6319.0,9220.0,7876.0,2362.0,345.0,29.0,5.0,0.0,0.0,0.0,0.0,0.0,0.0,0.0,0.0,0.0,0.0,0.0,0.0,0.0,0.0,0.0,0.0,0.0,0.0,0.0,0.0
12.0040625,342466.0,32611.0,10.5015485572,756.0,64346.0,19.0,3.0,1861.0,2920.0,1649.0,5786.0,9012.0,8533.0,2497.0,326.0,25.0,2.0,0.0,0.0,0.0,0.0,0.0,0.0,0.0,0.0,0.0,0.0,0.0,0.0,0.0,0.0,0.0,0.0,0.0,0.0,0.0,0.0
12.0082291667,336503.0,32606.0,10.3202784764,754.0,64348.0,22.0,65534.0,1863.0,2839.0,1558.0,6261.0,9208.0,8170.0,2368.0,294.0,39.0,6.0,0.0,0.0,0.0,0.0,0.0,0.0,0.0,0.0,0.0,0.0,0.0,0.0,0.0,0.0,0.0,0.0,0.0,0.0,0.0,0.0
12.0123958333,335550.0,32601.0,10.2926290605,756.0,64344.0,16.0,65535.0,1847.0,2978.0,1580.0,6167.0,9111.0,8207.0,2376.0,299.0,30.0,6.0,0.0,0.0,0.0,0.0,0.0,0.0,0.0,0.0,0.0,0.0,0.0,0.0,0.0,0.0,0.0,0.0,0.0,0.0,0.0,0.0
12.0165625,337722.0,32610.0,10.3563937443,754.0,64348.0,15.0,4.0,2006.0,2930.0,1680.0,5922.0,9170.0,8061.0,2470.0,340.0,26.0,5.0,0.0,0.0,0.0,0.0,0.0,0.0,0.0,0.0,0.0,0.0,0.0,0.0,0.0,0.0,0.0,0.0,0.0,0.0,0.0,0.0
12.0207291667,342096.0,32615.0,10.4889161429,756.0,64348.0,16.0,4.0,2118.0,3020.0,1714.0,5342.0,9335.0,8111.0,2594.0,351.0,26.0,4.0,0.0,0.0,0.0,0.0,0.0,0.0,0.0,0.0,0.0,0.0,0.0,0.0,0.0,0.0,0.0,0.0,0.0,0.0,0.0,0.0
12.0248958333,349866.0,32600.0,10.7320858896,756.0,64345.0,17.0,4.0,1972.0,3028.0,1711.0,5086.0,9264.0,8462.0,2675.0,371.0,29.0,2.0,0.0,0.0,0.0,0.0,0.0,0.0,0.0,0.0,0.0,0.0,0.0,0.0,0.0,0.0,0.0,0.0,0.0,0.0,0.0,0.0
12.0290625,389985.0,32601.0,11.9623631177,756.0,64344.0,23.0,65532.0,1378.0,2555.0,1913.0,4059.0,8703.0,10461.0,3082.0,418.0,25.0,7.0,0.0,0.0,0.0,0.0,0.0,0.0,0.0,0.0,0.0,0.0,0.0,0.0,0.0,0.0,0.0,0.0,0.0,0.0,0.0,0.0
12.0332291667,377722.0,32608.0,11.5837217861,754.0,64348.0,20.0,3.0,1531.0,2686.0,1828.0,4175.0,9091.0,10004.0,2833.0,438.0,19.0,3.0,0.0,0.0,0.0,0.0,0.0,0.0,0.0,0.0,0.0,0.0,0.0,0.0,0.0,0.0,0.0,0.0,0.0,0.0,0.0,0.0
12.0373958333,380264.0,32617.0,11.6584603121,756.0,64345.0,16.0,7.0,1509.0,2688.0,1900.0,4098.0,9333.0,9548.0,3079.0,439.0,20.0,3.0,0.0,0.0,0.0,0.0,0.0,0.0,0.0,0.0,0.0,0.0,0.0,0.0,0.0,0.0,0.0,0.0,0.0,0.0,0.0,0.0
12.0415625,376977.0,32619.0,11.5569759956,756.0,64344.0,27.0,0.0,1493.0,2755.0,2061.0,4017.0,9292.0,9575.0,2981.0,412.0,29.0,4.0,0.0,0.0,0.0,0.0,0.0,0.0,0.0,0.0,0.0,0.0,0.0,0.0,0.0,0.0,0.0,0.0,0.0,0.0,0.0,0.0
12.0457291667,380444.0,32616.0,11.664336522,754.0,64350.0,19.0,65532.0,1479.0,2706.0,1961.0,4010.0,9294.0,9678.0,3036.0,425.0,21.0,6.0,0.0,0.0,0.0,0.0,0.0,0.0,0.0,0.0,0.0,0.0,0.0,0.0,0.0,0.0,0.0,0.0,0.0,0.0,0.0,0.0
12.0498958333,376243.0,32614.0,11.5362421046,758.0,64347.0,23.0,65535.0,1532.0,2643.0,2008.0,4146.0,9423.0,9435.0,2966.0,434.0,23.0,4.0,0.0,0.0,0.0,0.0,0.0,0.0,0.0,0.0,0.0,0.0,0.0,0.0,0.0,0.0,0.0,0.0,0.0,0.0,0.0,0.0
12.0540625,373678.0,32608.0,11.4597031403,754.0,64344.0,19.0,1.0,1511.0,2780.0,1949.0,4162.0,9458.0,9358.0,2939.0,425.0,23.0,3.0,0.0,0.0,0.0,0.0,0.0,0.0,0.0,0.0,0.0,0.0,0.0,0.0,0.0,0.0,0.0,0.0,0.0,0.0,0.0,0.0
12.0582291667,376830.0,32608.0,11.5563665358,754.0,64350.0,15.0,4.0,1488.0,2652.0,1983.0,4281.0,9104.0,9708.0,2966.0,389.0,34.0,3.0,0.0,0.0,0.0,0.0,0.0,0.0,0.0,0.0,0.0,0.0,0.0,0.0,0.0,0.0,0.0,0.0,0.0,0.0,0.0,0.0
12.0623958333,383207.0,32610.0,11.7512112849,753.0,64344.0,24.0,3.0,1416.0,2631.0,1930.0,4153.0,9163.0,9773.0,3080.0,436.0,25.0,3.0,0.0,0.0,0.0,0.0,0.0,0.0,0.0,0.0,0.0,0.0,0.0,0.0,0.0,0.0,0.0,0.0,0.0,0.0,0.0,0.0
12.0665625,378771.0,32605.0,11.6169605889,754.0,64347.0,22.0,65535.0,1466.0,2739.0,1942.0,4045.0,9264.0,9642.0,3075.0,412.0,18.0,2.0,0.0,0.0,0.0,0.0,0.0,0.0,0.0,0.0,0.0,0.0,0.0,0.0,0.0,0.0,0.0,0.0,0.0,0.0,0.0,0.0
12.0707291667,378016.0,32601.0,11.5952271403,754.0,64351.0,15.0,3.0,1409.0,2626.0,1969.0,4195.0,9424.0,9579.0,2956.0,411.0,24.0,8.0,0.0,0.0,0.0,0.0,0.0,0.0,0.0,0.0,0.0,0.0,0.0,0.0,0.0,0.0,0.0,0.0,0.0,0.0,0.0,0.0
12.0748958333,379704.0,32609.0,11.6441473213,750.0,64348.0,19.0,3.0,1389.0,2652.0,1978.0,4124.0,9349.0,9553.0,3150.0,388.0,26.0,0.0,0.0,0.0,0.0,0.0,0.0,0.0,0.0,0.0,0.0,0.0,0.0,0.0,0.0,0.0,0.0,0.0,0.0,0.0,0.0,0.0
12.0790625,384564.0,32607.0,11.7939092833,750.0,64352.0,17.0,65534.0,1388.0,2668.0,1942.0,4159.0,9278.0,9641.0,3053.0,430.0,36.0,12.0,0.0,0.0,0.0,0.0,0.0,0.0,0.0,0.0,0.0,0.0,0.0,0.0,0.0,0.0,0.0,0.0,0.0,0.0,0.0,0.0
12.0832291667,378212.0,32602.0,11.6008833814,751.0,64350.0,19.0,6.0,1377.0,2732.0,1958.0,4203.0,9154.0,9767.0,2970.0,418.0,19.0,4.0,0.0,0.0,0.0,0.0,0.0,0.0,0.0,0.0,0.0,0.0,0.0,0.0,0.0,0.0,0.0,0.0,0.0,0.0,0.0,0.0
12.0873958333,379335.0,32608.0,11.6331881747,750.0,64345.0,17.0,1.0,1408.0,2739.0,1974.0,4158.0,9232.0,9585.0,3065.0,418.0,27.0,2.0,0.0,0.0,0.0,0.0,0.0,0.0,0.0,0.0,0.0,0.0,0.0,0.0,0.0,0.0,0.0,0.0,0.0,0.0,0.0,0.0
12.0915625,379952.0,32604.0,11.653539443,750.0,64348.0,19.0,3.0,1389.0,2700.0,1960.0,4077.0,9494.0,9379.0,3184.0,393.0,25.0,3.0,0.0,0.0,0.0,0.0,0.0,0.0,0.0,0.0,0.0,0.0,0.0,0.0,0.0,0.0,0.0,0.0,0.0,0.0,0.0,0.0
12.0957291667,375808.0,32600.0,11.5278527607,750.0,64348.0,19.0,6.0,1450.0,2710.0,2007.0,4045.0,9453.0,9558.0,2934.0,414.0,27.0,2.0,0.0,0.0,0.0,0.0,0.0,0.0,0.0,0.0,0.0,0.0,0.0,0.0,0.0,0.0,0.0,0.0,0.0,0.0,0.0,0.0
12.0998958333,377092.0,32599.0,11.567594098,750.0,64344.0,22.0,6.0,1401.0,2584.0,2004.0,4185.0,9354.0,9643.0,3009.0,399.0,18.0,2.0,0.0,0.0,0.0,0.0,0.0,0.0,0.0,0.0,0.0,0.0,0.0,0.0,0.0,0.0,0.0,0.0,0.0,0.0,0.0,0.0
12.1040625,379773.0,32601.0,11.6491211926,750.0,64345.0,19.0,12.0,1401.0,2663.0,1953.0,4121.0,9284.0,9727.0,3011.0,410.0,29.0,2.0,0.0,0.0,0.0,0.0,0.0,0.0,0.0,0.0,0.0,0.0,0.0,0.0,0.0,0.0,0.0,0.0,0.0,0.0,0.0,0.0
12.1082291667,378179.0,32599.0,11.6009386791,750.0,64344.0,16.0,12.0,1431.0,2727.0,1958.0,4116.0,9190.0,9689.0,3086.0,374.0,26.0,2.0,0.0,0.0,0.0,0.0,0.0,0.0,0.0,0.0,0.0,0.0,0.0,0.0,0.0,0.0,0.0,0.0,0.0,0.0,0.0,0.0
12.1123958333,381651.0,32609.0,11.703854764,748.0,64344.0,23.0,65535.0,1457.0,2649.0,1939.0,4055.0,9127.0,9904.0,3044.0,401.0,32.0,1.0,0.0,0.0,0.0,0.0,0.0,0.0,0.0,0.0,0.0,0.0,0.0,0.0,0.0,0.0,0.0,0.0,0.0,0.0,0.0,0.0
12.1165625,381186.0,32588.0,11.6971277771,748.0,64342.0,28.0,3.0,1445.0,2596.0,1885.0,4179.0,9231.0,9772.0,3019.0,437.0,22.0,2.0,0.0,0.0,0.0,0.0,0.0,0.0,0.0,0.0,0.0,0.0,0.0,0.0,0.0,0.0,0.0,0.0,0.0,0.0,0.0,0.0
12.1207291667,381787.0,32596.0,11.7126948092,748.0,64348.0,17.0,1.0,1330.0,2669.0,1965.0,4171.0,9217.0,9734.0,3054.0,431.0,21.0,4.0,0.0,0.0,0.0,0.0,0.0,0.0,0.0,0.0,0.0,0.0,0.0,0.0,0.0,0.0,0.0,0.0,0.0,0.0,0.0,0.0
12.1248958333,379380.0,32594.0,11.6395655642,750.0,64347.0,19.0,6.0,1441.0,2640.0,1890.0,4202.0,9263.0,9734.0,2975.0,420.0,25.0,4.0,0.0,0.0,0.0,0.0,0.0,0.0,0.0,0.0,0.0,0.0,0.0,0.0,0.0,0.0,0.0,0.0,0.0,0.0,0.0,0.0
12.1290625,379352.0,32595.0,11.6383494401,746.0,64344.0,24.0,65535.0,1500.0,2652.0,2014.0,4132.0,9070.0,9728.0,3068.0,407.0,19.0,5.0,0.0,0.0,0.0,0.0,0.0,0.0,0.0,0.0,0.0,0.0,0.0,0.0,0.0,0.0,0.0,0.0,0.0,0.0,0.0,0.0
12.1332291667,378443.0,32588.0,11.6129556892,746.0,64348.0,19.0,1.0,1515.0,2621.0,1943.0,4172.0,9174.0,9764.0,2928.0,447.0,22.0,2.0,0.0,0.0,0.0,0.0,0.0,0.0,0.0,0.0,0.0,0.0,0.0,0.0,0.0,0.0,0.0,0.0,0.0,0.0,0.0,0.0
12.1373958333,378580.0,32589.0,11.6168032158,746.0,64343.0,22.0,65532.0,1525.0,2646.0,1947.0,4168.0,9073.0,9796.0,2999.0,410.0,20.0,5.0,0.0,0.0,0.0,0.0,0.0,0.0,0.0,0.0,0.0,0.0,0.0,0.0,0.0,0.0,0.0,0.0,0.0,0.0,0.0,0.0
12.1415625,385944.0,32594.0,11.8409523225,743.0,64358.0,17.0,4.0,1394.0,2680.0,1896.0,4148.0,9072.0,9806.0,3101.0,466.0,28.0,3.0,0.0,0.0,0.0,0.0,0.0,0.0,0.0,0.0,0.0,0.0,0.0,0.0,0.0,0.0,0.0,0.0,0.0,0.0,0.0,0.0
12.1457291667,374544.0,32601.0,11.4887273397,746.0,64344.0,19.0,3.0,1564.0,2754.0,1851.0,4464.0,9163.0,9354.0,2997.0,424.0,27.0,3.0,0.0,0.0,0.0,0.0,0.0,0.0,0.0,0.0,0.0,0.0,0.0,0.0,0.0,0.0,0.0,0.0,0.0,0.0,0.0,0.0
12.1498958333,365709.0,32589.0,11.2218539998,746.0,64347.0,23.0,1.0,1697.0,2935.0,1945.0,4477.0,9312.0,8769.0,3029.0,399.0,23.0,3.0,0.0,0.0,0.0,0.0,0.0,0.0,0.0,0.0,0.0,0.0,0.0,0.0,0.0,0.0,0.0,0.0,0.0,0.0,0.0,0.0
12.1540625,372783.0,32584.0,11.4406764056,743.0,64347.0,19.0,0.0,1616.0,2807.0,1942.0,4273.0,9437.0,9004.0,3051.0,417.0,34.0,3.0,0.0,0.0,0.0,0.0,0.0,0.0,0.0,0.0,0.0,0.0,0.0,0.0,0.0,0.0,0.0,0.0,0.0,0.0,0.0,0.0
12.1582291667,371457.0,32587.0,11.3989320895,746.0,64344.0,22.0,7.0,1399.0,2803.0,2189.0,4315.0,9289.0,9198.0,2955.0,402.0,33.0,4.0,0.0,0.0,0.0,0.0,0.0,0.0,0.0,0.0,0.0,0.0,0.0,0.0,0.0,0.0,0.0,0.0,0.0,0.0,0.0,0.0
12.1623958333,333005.0,32589.0,10.2183252018,748.0,64340.0,27.0,1.0,1063.0,3039.0,3663.0,5332.0,8930.0,7815.0,2286.0,433.0,25.0,3.0,0.0,0.0,0.0,0.0,0.0,0.0,0.0,0.0,0.0,0.0,0.0,0.0,0.0,0.0,0.0,0.0,0.0,0.0,0.0,0.0
12.1665625,307406.0,32586.0,9.43368317682,748.0,64347.0,22.0,65534.0,1224.0,3532.0,3991.0,5593.0,9054.0,6798.0,1949.0,426.0,17.0,2.0,0.0,0.0,0.0,0.0,0.0,0.0,0.0,0.0,0.0,0.0,0.0,0.0,0.0,0.0,0.0,0.0,0.0,0.0,0.0,0.0
12.1707291667,288123.0,32581.0,8.84328289494,743.0,64345.0,19.0,3.0,1332.0,3645.0,4357.0,5569.0,9436.0,6271.0,1569.0,379.0,21.0,2.0,0.0,0.0,0.0,0.0,0.0,0.0,0.0,0.0,0.0,0.0,0.0,0.0,0.0,0.0,0.0,0.0,0.0,0.0,0.0,0.0
12.1748958333,292208.0,32586.0,8.96728656478,743.0,64348.0,23.0,7.0,1328.0,3660.0,4282.0,5708.0,9230.0,6301.0,1638.0,412.0,25.0,2.0,0.0,0.0,0.0,0.0,0.0,0.0,0.0,0.0,0.0,0.0,0.0,0.0,0.0,0.0,0.0,0.0,0.0,0.0,0.0,0.0
12.1790625,290312.0,32592.0,8.90746195385,746.0,64344.0,19.0,9.0,1352.0,3628.0,4362.0,5588.0,9379.0,6298.0,1556.0,401.0,22.0,6.0,0.0,0.0,0.0,0.0,0.0,0.0,0.0,0.0,0.0,0.0,0.0,0.0,0.0,0.0,0.0,0.0,0.0,0.0,0.0,0.0
12.1832291667,289229.0,32583.0,8.87668416045,746.0,64347.0,23.0,3.0,1266.0,3605.0,4392.0,5622.0,9340.0,6447.0,1536.0,337.0,31.0,7.0,0.0,0.0,0.0,0.0,0.0,0.0,0.0,0.0,0.0,0.0,0.0,0.0,0.0,0.0,0.0,0.0,0.0,0.0,0.0,0.0
12.1873958333,289344.0,32578.0,8.88157652403,738.0,64348.0,23.0,6.0,1309.0,3674.0,4309.0,5695.0,9230.0,6455.0,1485.0,389.0,27.0,5.0,0.0,0.0,0.0,0.0,0.0,0.0,0.0,0.0,0.0,0.0,0.0,0.0,0.0,0.0,0.0,0.0,0.0,0.0,0.0,0.0
12.1915625,288705.0,32580.0,8.86141804788,748.0,64348.0,19.0,6.0,1338.0,3719.0,4251.0,5623.0,9247.0,6503.0,1508.0,363.0,21.0,7.0,0.0,0.0,0.0,0.0,0.0,0.0,0.0,0.0,0.0,0.0,0.0,0.0,0.0,0.0,0.0,0.0,0.0,0.0,0.0,0.0
12.1957291667,297213.0,32593.0,9.11892124076,746.0,64348.0,24.0,6.0,1259.0,3499.0,4221.0,5718.0,9290.0,6557.0,1573.0,451.0,19.0,6.0,0.0,0.0,0.0,0.0,0.0,0.0,0.0,0.0,0.0,0.0,0.0,0.0,0.0,0.0,0.0,0.0,0.0,0.0,0.0,0.0
12.1998958333,293782.0,32572.0,9.0194645708,741.0,64344.0,19.0,11.0,1303.0,3560.0,4261.0,5701.0,9234.0,6522.0,1567.0,381.0,38.0,5.0,0.0,0.0,0.0,0.0,0.0,0.0,0.0,0.0,0.0,0.0,0.0,0.0,0.0,0.0,0.0,0.0,0.0,0.0,0.0,0.0
12.2040625,295617.0,32579.0,9.07385125388,741.0,64344.0,22.0,65535.0,1235.0,3521.0,4242.0,5561.0,9409.0,6579.0,1614.0,390.0,23.0,5.0,0.0,0.0,0.0,0.0,0.0,0.0,0.0,0.0,0.0,0.0,0.0,0.0,0.0,0.0,0.0,0.0,0.0,0.0,0.0,0.0
12.2082291667,293153.0,32583.0,8.99711506,740.0,64345.0,22.0,8.0,1185.0,3509.0,4304.0,5657.0,9331.0,6561.0,1640.0,383.0,12.0,1.0,0.0,0.0,0.0,0.0,0.0,0.0,0.0,0.0,0.0,0.0,0.0,0.0,0.0,0.0,0.0,0.0,0.0,0.0,0.0,0.0
12.2123958333,296455.0,32583.0,9.09845625019,741.0,64344.0,23.0,65535.0,1191.0,3485.0,4189.0,5714.0,9361.0,6590.0,1632.0,394.0,23.0,4.0,0.0,0.0,0.0,0.0,0.0,0.0,0.0,0.0,0.0,0.0,0.0,0.0,0.0,0.0,0.0,0.0,0.0,0.0,0.0,0.0
12.2165625,296311.0,32575.0,9.09627014582,741.0,64345.0,22.0,12.0,1215.0,3619.0,4272.0,5637.0,9110.0,6663.0,1620.0,417.0,16.0,6.0,0.0,0.0,0.0,0.0,0.0,0.0,0.0,0.0,0.0,0.0,0.0,0.0,0.0,0.0,0.0,0.0,0.0,0.0,0.0,0.0
12.2207291667,294991.0,32580.0,9.05435850215,741.0,64344.0,24.0,65532.0,1206.0,3551.0,4282.0,5633.0,9265.0,6603.0,1642.0,366.0,28.0,4.0,0.0,0.0,0.0,0.0,0.0,0.0,0.0,0.0,0.0,0.0,0.0,0.0,0.0,0.0,0.0,0.0,0.0,0.0,0.0,0.0
12.2248958333,297120.0,32586.0,9.1180261462,741.0,64347.0,27.0,3.0,1153.0,3480.0,4252.0,5696.0,9256.0,6689.0,1656.0,374.0,26.0,4.0,0.0,0.0,0.0,0.0,0.0,0.0,0.0,0.0,0.0,0.0,0.0,0.0,0.0,0.0,0.0,0.0,0.0,0.0,0.0,0.0
12.2290625,295918.0,32577.0,9.0836479725,741.0,64348.0,22.0,6.0,1247.0,3562.0,4216.0,5559.0,9387.0,6526.0,1658.0,397.0,21.0,4.0,0.0,0.0,0.0,0.0,0.0,0.0,0.0,0.0,0.0,0.0,0.0,0.0,0.0,0.0,0.0,0.0,0.0,0.0,0.0,0.0
12.2332291667,290550.0,32578.0,8.91859537111,738.0,64347.0,22.0,7.0,1240.0,3522.0,4324.0,5721.0,9281.0,6538.0,1571.0,356.0,22.0,3.0,0.0,0.0,0.0,0.0,0.0,0.0,0.0,0.0,0.0,0.0,0.0,0.0,0.0,0.0,0.0,0.0,0.0,0.0,0.0,0.0
12.2373958333,303289.0,32567.0,9.312770596,737.0,64350.0,22.0,3.0,1146.0,3381.0,4184.0,5537.0,9324.0,6801.0,1775.0,390.0,25.0,4.0,0.0,0.0,0.0,0.0,0.0,0.0,0.0,0.0,0.0,0.0,0.0,0.0,0.0,0.0,0.0,0.0,0.0,0.0,0.0,0.0
12.2415625,316539.0,32567.0,9.71962415943,741.0,64347.0,23.0,1.0,944.0,3075.0,4160.0,5446.0,9352.0,7180.0,1961.0,417.0,31.0,1.0,0.0,0.0,0.0,0.0,0.0,0.0,0.0,0.0,0.0,0.0,0.0,0.0,0.0,0.0,0.0,0.0,0.0,0.0,0.0,0.0
12.2457291667,305683.0,32569.0,9.38570419724,738.0,64344.0,19.0,7.0,1126.0,3199.0,4132.0,5541.0,9407.0,7012.0,1728.0,398.0,22.0,4.0,0.0,0.0,0.0,0.0,0.0,0.0,0.0,0.0,0.0,0.0,0.0,0.0,0.0,0.0,0.0,0.0,0.0,0.0,0.0,0.0
12.2498958333,280787.0,32570.0,8.62103162419,741.0,64348.0,22.0,6.0,1566.0,3993.0,4347.0,5441.0,8978.0,6487.0,1368.0,369.0,16.0,5.0,0.0,0.0,0.0,0.0,0.0,0.0,0.0,0.0,0.0,0.0,0.0,0.0,0.0,0.0,0.0,0.0,0.0,0.0,0.0,0.0
12.2540625,299333.0,32566.0,9.19158017564,738.0,64344.0,24.0,8.0,1360.0,3723.0,4079.0,4933.0,9179.0,7299.0,1610.0,360.0,23.0,0.0,0.0,0.0,0.0,0.0,0.0,0.0,0.0,0.0,0.0,0.0,0.0,0.0,0.0,0.0,0.0,0.0,0.0,0.0,0.0,0.0
12.2582291667,350011.0,32576.0,10.7444437623,738.0,64344.0,28.0,6.0,830.0,2603.0,3350.0,4285.0,9374.0,9558.0,2259.0,285.0,24.0,8.0,0.0,0.0,0.0,0.0,0.0,0.0,0.0,0.0,0.0,0.0,0.0,0.0,0.0,0.0,0.0,0.0,0.0,0.0,0.0,0.0
12.2623958333,358372.0,32569.0,11.0034695569,738.0,64350.0,24.0,65534.0,716.0,2260.0,3102.0,4097.0,9800.0,9987.0,2325.0,249.0,27.0,6.0,0.0,0.0,0.0,0.0,0.0,0.0,0.0,0.0,0.0,0.0,0.0,0.0,0.0,0.0,0.0,0.0,0.0,0.0,0.0,0.0
12.2665625,349527.0,32575.0,10.7299155794,738.0,64344.0,24.0,7.0,767.0,2417.0,3237.0,4279.0,9688.0,9642.0,2279.0,244.0,19.0,3.0,0.0,0.0,0.0,0.0,0.0,0.0,0.0,0.0,0.0,0.0,0.0,0.0,0.0,0.0,0.0,0.0,0.0,0.0,0.0,0.0
12.2707291667,340793.0,32577.0,10.4611535746,738.0,64348.0,25.0,7.0,816.0,2531.0,3377.0,4377.0,9748.0,9265.0,2235.0,204.0,23.0,1.0,0.0,0.0,0.0,0.0,0.0,0.0,0.0,0.0,0.0,0.0,0.0,0.0,0.0,0.0,0.0,0.0,0.0,0.0,0.0,0.0
12.2748958333,339158.0,32571.0,10.4128826256,740.0,64345.0,24.0,7.0,796.0,2568.0,3401.0,4453.0,9627.0,9301.0,2210.0,195.0,17.0,3.0,0.0,0.0,0.0,0.0,0.0,0.0,0.0,0.0,0.0,0.0,0.0,0.0,0.0,0.0,0.0,0.0,0.0,0.0,0.0,0.0
12.2790625,340618.0,32568.0,10.4586710882,738.0,64348.0,24.0,7.0,864.0,2532.0,3359.0,4472.0,9623.0,9253.0,2214.0,229.0,21.0,1.0,0.0,0.0,0.0,0.0,0.0,0.0,0.0,0.0,0.0,0.0,0.0,0.0,0.0,0.0,0.0,0.0,0.0,0.0,0.0,0.0
12.2832291667,334191.0,32569.0,10.2610150757,738.0,64343.0,25.0,6.0,871.0,2699.0,3478.0,4424.0,9563.0,9228.0,2090.0,195.0,16.0,5.0,0.0,0.0,0.0,0.0,0.0,0.0,0.0,0.0,0.0,0.0,0.0,0.0,0.0,0.0,0.0,0.0,0.0,0.0,0.0,0.0
12.2873958333,335623.0,32568.0,10.3052996807,737.0,64344.0,25.0,7.0,847.0,2559.0,3462.0,4455.0,9674.0,9235.0,2109.0,213.0,12.0,2.0,0.0,0.0,0.0,0.0,0.0,0.0,0.0,0.0,0.0,0.0,0.0,0.0,0.0,0.0,0.0,0.0,0.0,0.0,0.0,0.0
12.2915625,334056.0,32568.0,10.2571849668,740.0,64347.0,30.0,6.0,828.0,2646.0,3437.0,4492.0,9741.0,9124.0,2077.0,199.0,21.0,3.0,0.0,0.0,0.0,0.0,0.0,0.0,0.0,0.0,0.0,0.0,0.0,0.0,0.0,0.0,0.0,0.0,0.0,0.0,0.0,0.0
12.2957291667,328371.0,32561.0,10.084794693,738.0,64344.0,27.0,7.0,868.0,2711.0,3456.0,4473.0,9821.0,9045.0,1986.0,187.0,12.0,2.0,0.0,0.0,0.0,0.0,0.0,0.0,0.0,0.0,0.0,0.0,0.0,0.0,0.0,0.0,0.0,0.0,0.0,0.0,0.0,0.0
12.2998958333,331750.0,32554.0,10.1907599681,737.0,64345.0,23.0,7.0,882.0,2700.0,3537.0,4544.0,9619.0,9024.0,2015.0,199.0,27.0,7.0,0.0,0.0,0.0,0.0,0.0,0.0,0.0,0.0,0.0,0.0,0.0,0.0,0.0,0.0,0.0,0.0,0.0,0.0,0.0,0.0
12.3040625,334746.0,32567.0,10.2786870145,737.0,64348.0,28.0,3.0,842.0,2554.0,3550.0,4455.0,9677.0,9210.0,2044.0,211.0,20.0,4.0,0.0,0.0,0.0,0.0,0.0,0.0,0.0,0.0,0.0,0.0,0.0,0.0,0.0,0.0,0.0,0.0,0.0,0.0,0.0,0.0
12.3082291667,328071.0,32559.0,10.076200129,735.0,64340.0,28.0,7.0,866.0,2723.0,3556.0,4499.0,9690.0,9094.0,1931.0,171.0,23.0,6.0,0.0,0.0,0.0,0.0,0.0,0.0,0.0,0.0,0.0,0.0,0.0,0.0,0.0,0.0,0.0,0.0,0.0,0.0,0.0,0.0
12.3123958333,331024.0,32560.0,10.1665847666,737.0,64350.0,24.0,3.0,834.0,2670.0,3607.0,4425.0,9750.0,8986.0,2072.0,196.0,18.0,2.0,0.0,0.0,0.0,0.0,0.0,0.0,0.0,0.0,0.0,0.0,0.0,0.0,0.0,0.0,0.0,0.0,0.0,0.0,0.0,0.0
12.3165625,342478.0,32558.0,10.5190122243,737.0,64350.0,23.0,7.0,792.0,2580.0,3451.0,4375.0,9477.0,9410.0,2243.0,203.0,20.0,7.0,0.0,0.0,0.0,0.0,0.0,0.0,0.0,0.0,0.0,0.0,0.0,0.0,0.0,0.0,0.0,0.0,0.0,0.0,0.0,0.0
12.3207291667,304195.0,32559.0,9.34288522375,737.0,64345.0,28.0,7.0,1112.0,3301.0,3881.0,5199.0,9114.0,7922.0,1835.0,176.0,17.0,2.0,0.0,0.0,0.0,0.0,0.0,0.0,0.0,0.0,0.0,0.0,0.0,0.0,0.0,0.0,0.0,0.0,0.0,0.0,0.0,0.0
12.3248958333,281357.0,32560.0,8.64118550369,735.0,64344.0,27.0,8.0,1271.0,3651.0,3215.0,7103.0,8776.0,6811.0,1544.0,161.0,25.0,3.0,0.0,0.0,0.0,0.0,0.0,0.0,0.0,0.0,0.0,0.0,0.0,0.0,0.0,0.0,0.0,0.0,0.0,0.0,0.0,0.0
12.3290625,274098.0,32563.0,8.41746767804,737.0,64344.0,28.0,7.0,1072.0,3220.0,3931.0,6966.0,9208.0,6689.0,1300.0,159.0,15.0,3.0,0.0,0.0,0.0,0.0,0.0,0.0,0.0,0.0,0.0,0.0,0.0,0.0,0.0,0.0,0.0,0.0,0.0,0.0,0.0,0.0
12.3332291667,251420.0,32556.0,7.72269320555,737.0,64347.0,31.0,7.0,1374.0,4126.0,5659.0,5980.0,7801.0,6389.0,1062.0,130.0,30.0,5.0,0.0,0.0,0.0,0.0,0.0,0.0,0.0,0.0,0.0,0.0,0.0,0.0,0.0,0.0,0.0,0.0,0.0,0.0,0.0,0.0
12.3373958333,233185.0,32565.0,7.16060187318,737.0,64344.0,28.0,12.0,1702.0,5129.0,6088.0,6080.0,6431.0,6053.0,910.0,137.0,28.0,7.0,0.0,0.0,0.0,0.0,0.0,0.0,0.0,0.0,0.0,0.0,0.0,0.0,0.0,0.0,0.0,0.0,0.0,0.0,0.0,0.0
12.3415625,229417.0,32562.0,7.04554388551,737.0,64348.0,31.0,7.0,1813.0,5243.0,5765.0,6741.0,5832.0,6163.0,823.0,152.0,26.0,4.0,0.0,0.0,0.0,0.0,0.0,0.0,0.0,0.0,0.0,0.0,0.0,0.0,0.0,0.0,0.0,0.0,0.0,0.0,0.0,0.0
12.3457291667,230272.0,32559.0,7.07245308517,735.0,64344.0,30.0,7.0,1871.0,5256.0,5622.0,6781.0,5669.0,6305.0,893.0,139.0,23.0,0.0,0.0,0.0,0.0,0.0,0.0,0.0,0.0,0.0,0.0,0.0,0.0,0.0,0.0,0.0,0.0,0.0,0.0,0.0,0.0,0.0
12.3498958333,237316.0,32555.0,7.28969436339,735.0,64344.0,39.0,4.0,1747.0,4962.0,5471.0,6905.0,5926.0,6445.0,926.0,139.0,31.0,3.0,0.0,0.0,0.0,0.0,0.0,0.0,0.0,0.0,0.0,0.0,0.0,0.0,0.0,0.0,0.0,0.0,0.0,0.0,0.0,0.0
12.3540625,241775.0,32563.0,7.42483800633,737.0,64344.0,31.0,7.0,1744.0,4691.0,5428.0,7015.0,5817.0,6755.0,933.0,152.0,25.0,3.0,0.0,0.0,0.0,0.0,0.0,0.0,0.0,0.0,0.0,0.0,0.0,0.0,0.0,0.0,0.0,0.0,0.0,0.0,0.0,0.0
12.3582291667,242451.0,32559.0,7.44651248503,735.0,64349.0,31.0,7.0,1744.0,4839.0,5154.0,6928.0,6095.0,6655.0,976.0,145.0,16.0,7.0,0.0,0.0,0.0,0.0,0.0,0.0,0.0,0.0,0.0,0.0,0.0,0.0,0.0,0.0,0.0,0.0,0.0,0.0,0.0,0.0
12.3623958333,242669.0,32557.0,7.45366587831,735.0,64344.0,30.0,7.0,1679.0,4729.0,5144.0,6931.0,6371.0,6574.0,960.0,140.0,26.0,3.0,0.0,0.0,0.0,0.0,0.0,0.0,0.0,0.0,0.0,0.0,0.0,0.0,0.0,0.0,0.0,0.0,0.0,0.0,0.0,0.0
12.3665625,240429.0,32550.0,7.3864516129,733.0,64342.0,31.0,65535.0,1778.0,4939.0,5271.0,6603.0,6229.0,6656.0,901.0,141.0,30.0,2.0,0.0,0.0,0.0,0.0,0.0,0.0,0.0,0.0,0.0,0.0,0.0,0.0,0.0,0.0,0.0,0.0,0.0,0.0,0.0,0.0
12.3707291667,244567.0,32553.0,7.51288667711,735.0,64348.0,31.0,3.0,1829.0,4745.0,5099.0,6636.0,6331.0,6759.0,984.0,146.0,21.0,3.0,0.0,0.0,0.0,0.0,0.0,0.0,0.0,0.0,0.0,0.0,0.0,0.0,0.0,0.0,0.0,0.0,0.0,0.0,0.0,0.0
12.3748958333,248646.0,32565.0,7.63537540304,732.0,64343.0,31.0,7.0,1734.0,4666.0,5060.0,6441.0,6584.0,6914.0,1002.0,139.0,20.0,5.0,0.0,0.0,0.0,0.0,0.0,0.0,0.0,0.0,0.0,0.0,0.0,0.0,0.0,0.0,0.0,0.0,0.0,0.0,0.0,0.0
12.3790625,248955.0,32555.0,7.64721240977,733.0,64343.0,31.0,3.0,1762.0,4741.0,4961.0,6259.0,6745.0,6994.0,924.0,134.0,29.0,6.0,0.0,0.0,0.0,0.0,0.0,0.0,0.0,0.0,0.0,0.0,0.0,0.0,0.0,0.0,0.0,0.0,0.0,0.0,0.0,0.0
12.3832291667,251292.0,32553.0,7.71947285964,733.0,64344.0,30.0,7.0,1808.0,4588.0,4790.0,6477.0,6776.0,6941.0,984.0,162.0,22.0,5.0,0.0,0.0,0.0,0.0,0.0,0.0,0.0,0.0,0.0,0.0,0.0,0.0,0.0,0.0,0.0,0.0,0.0,0.0,0.0,0.0
12.3873958333,249822.0,32554.0,7.67407999017,730.0,64344.0,30.0,8.0,1718.0,4620.0,4867.0,6453.0,6941.0,6815.0,967.0,137.0,30.0,6.0,0.0,0.0,0.0,0.0,0.0,0.0,0.0,0.0,0.0,0.0,0.0,0.0,0.0,0.0,0.0,0.0,0.0,0.0,0.0,0.0
12.3915625,252728.0,32540.0,7.76668715427,730.0,64348.0,28.0,6.0,1778.0,4602.0,4713.0,6339.0,6926.0,6961.0,1045.0,149.0,26.0,1.0,0.0,0.0,0.0,0.0,0.0,0.0,0.0,0.0,0.0,0.0,0.0,0.0,0.0,0.0,0.0,0.0,0.0,0.0,0.0,0.0
12.3957291667,253792.0,32544.0,7.79842674533,729.0,64346.0,31.0,11.0,1637.0,4586.0,4737.0,6373.0,6934.0,7111.0,986.0,156.0,21.0,3.0,0.0,0.0,0.0,0.0,0.0,0.0,0.0,0.0,0.0,0.0,0.0,0.0,0.0,0.0,0.0,0.0,0.0,0.0,0.0,0.0
12.3998958333,257617.0,32550.0,7.91450076805,730.0,64347.0,30.0,7.0,1595.0,4425.0,4550.0,6321.0,7285.0,7145.0,1062.0,143.0,24.0,0.0,0.0,0.0,0.0,0.0,0.0,0.0,0.0,0.0,0.0,0.0,0.0,0.0,0.0,0.0,0.0,0.0,0.0,0.0,0.0,0.0
12.4040625,259683.0,32543.0,7.97968841225,730.0,64344.0,31.0,8.0,1692.0,4343.0,4538.0,6166.0,7362.0,7213.0,1062.0,136.0,26.0,5.0,0.0,0.0,0.0,0.0,0.0,0.0,0.0,0.0,0.0,0.0,0.0,0.0,0.0,0.0,0.0,0.0,0.0,0.0,0.0,0.0
12.4082291667,260543.0,32546.0,8.00537700485,730.0,64344.0,28.0,19.0,1647.0,4275.0,4462.0,6266.0,7415.0,7285.0,1024.0,139.0,29.0,4.0,0.0,0.0,0.0,0.0,0.0,0.0,0.0,0.0,0.0,0.0,0.0,0.0,0.0,0.0,0.0,0.0,0.0,0.0,0.0,0.0
12.4123958333,257867.0,32543.0,7.92388532096,729.0,64344.0,28.0,12.0,1709.0,4309.0,4453.0,6233.0,7449.0,7168.0,1066.0,137.0,18.0,1.0,0.0,0.0,0.0,0.0,0.0,0.0,0.0,0.0,0.0,0.0,0.0,0.0,0.0,0.0,0.0,0.0,0.0,0.0,0.0,0.0
12.4165625,262103.0,32543.0,8.05405156255,725.0,64344.0,28.0,19.0,1729.0,4271.0,4346.0,6099.0,7721.0,7114.0,1074.0,157.0,27.0,5.0,0.0,0.0,0.0,0.0,0.0,0.0,0.0,0.0,0.0,0.0,0.0,0.0,0.0,0.0,0.0,0.0,0.0,0.0,0.0,0.0
12.4207291667,262082.0,32538.0,8.05464380109,725.0,64345.0,28.0,6.0,1739.0,4354.0,4386.0,5833.0,7711.0,7276.0,1057.0,160.0,17.0,5.0,0.0,0.0,0.0,0.0,0.0,0.0,0.0,0.0,0.0,0.0,0.0,0.0,0.0,0.0,0.0,0.0,0.0,0.0,0.0,0.0
12.4248958333,263918.0,32542.0,8.11007313625,727.0,64345.0,28.0,12.0,1775.0,4164.0,4285.0,6076.0,7772.0,7170.0,1098.0,176.0,24.0,2.0,0.0,0.0,0.0,0.0,0.0,0.0,0.0,0.0,0.0,0.0,0.0,0.0,0.0,0.0,0.0,0.0,0.0,0.0,0.0,0.0
12.4290625,266044.0,32535.0,8.17716305517,727.0,64346.0,32.0,7.0,1723.0,4216.0,4214.0,5938.0,7764.0,7417.0,1083.0,150.0,24.0,6.0,0.0,0.0,0.0,0.0,0.0,0.0,0.0,0.0,0.0,0.0,0.0,0.0,0.0,0.0,0.0,0.0,0.0,0.0,0.0,0.0
12.4332291667,265457.0,32537.0,8.15861941789,725.0,64345.0,31.0,6.0,1714.0,4191.0,3987.0,5877.0,8177.0,7371.0,1047.0,148.0,23.0,2.0,0.0,0.0,0.0,0.0,0.0,0.0,0.0,0.0,0.0,0.0,0.0,0.0,0.0,0.0,0.0,0.0,0.0,0.0,0.0,0.0
12.4373958333,268464.0,32532.0,8.25230542235,727.0,64337.0,38.0,8.0,1663.0,4090.0,4085.0,5663.0,8420.0,7327.0,1090.0,168.0,26.0,0.0,0.0,0.0,0.0,0.0,0.0,0.0,0.0,0.0,0.0,0.0,0.0,0.0,0.0,0.0,0.0,0.0,0.0,0.0,0.0,0.0
12.4415625,268546.0,32544.0,8.25178220256,727.0,64344.0,28.0,7.0,1722.0,4092.0,3995.0,5698.0,8371.0,7389.0,1089.0,165.0,22.0,1.0,0.0,0.0,0.0,0.0,0.0,0.0,0.0,0.0,0.0,0.0,0.0,0.0,0.0,0.0,0.0,0.0,0.0,0.0,0.0,0.0
12.4457291667,268703.0,32534.0,8.25914427983,725.0,64347.0,28.0,8.0,1755.0,4051.0,3952.0,5705.0,8417.0,7402.0,1057.0,170.0,23.0,2.0,0.0,0.0,0.0,0.0,0.0,0.0,0.0,0.0,0.0,0.0,0.0,0.0,0.0,0.0,0.0,0.0,0.0,0.0,0.0,0.0
12.4498958333,272290.0,32532.0,8.36991270134,724.0,64344.0,30.0,7.0,1572.0,4096.0,4041.0,5684.0,8456.0,7274.0,1225.0,149.0,34.0,1.0,0.0,0.0,0.0,0.0,0.0,0.0,0.0,0.0,0.0,0.0,0.0,0.0,0.0,0.0,0.0,0.0,0.0,0.0,0.0,0.0
12.4540625,269289.0,32536.0,8.27664740595,730.0,64344.0,28.0,8.0,1650.0,4001.0,3962.0,5837.0,8482.0,7299.0,1137.0,141.0,23.0,4.0,0.0,0.0,0.0,0.0,0.0,0.0,0.0,0.0,0.0,0.0,0.0,0.0,0.0,0.0,0.0,0.0,0.0,0.0,0.0,0.0
12.4582291667,273919.0,32531.0,8.42024530448,725.0,64344.0,32.0,7.0,1717.0,3973.0,3891.0,5587.0,8565.0,7442.0,1176.0,144.0,30.0,6.0,0.0,0.0,0.0,0.0,0.0,0.0,0.0,0.0,0.0,0.0,0.0,0.0,0.0,0.0,0.0,0.0,0.0,0.0,0.0,0.0
12.4623958333,270479.0,32535.0,8.31347779315,727.0,64343.0,30.0,7.0,1686.0,4003.0,3854.0,5700.0,8760.0,7216.0,1128.0,160.0,24.0,4.0,0.0,0.0,0.0,0.0,0.0,0.0,0.0,0.0,0.0,0.0,0.0,0.0,0.0,0.0,0.0,0.0,0.0,0.0,0.0,0.0
12.4665625,271477.0,32538.0,8.34338312127,724.0,64345.0,31.0,7.0,1641.0,4117.0,3962.0,5677.0,8525.0,7277.0,1130.0,175.0,31.0,3.0,0.0,0.0,0.0,0.0,0.0,0.0,0.0,0.0,0.0,0.0,0.0,0.0,0.0,0.0,0.0,0.0,0.0,0.0,0.0,0.0
12.4707291667,267468.0,32544.0,8.21865781711,724.0,64344.0,31.0,7.0,1744.0,4056.0,3940.0,5669.0,8583.0,7316.0,1075.0,129.0,29.0,3.0,0.0,0.0,0.0,0.0,0.0,0.0,0.0,0.0,0.0,0.0,0.0,0.0,0.0,0.0,0.0,0.0,0.0,0.0,0.0,0.0
12.4748958333,270287.0,32535.0,8.30757645612,725.0,64344.0,31.0,3.0,1718.0,4035.0,3900.0,5495.0,8769.0,7255.0,1204.0,139.0,18.0,2.0,0.0,0.0,0.0,0.0,0.0,0.0,0.0,0.0,0.0,0.0,0.0,0.0,0.0,0.0,0.0,0.0,0.0,0.0,0.0,0.0
12.4790625,304465.0,32534.0,9.35836355812,724.0,64345.0,31.0,6.0,1152.0,3139.0,3413.0,5831.0,8913.0,8238.0,1653.0,165.0,24.0,6.0,0.0,0.0,0.0,0.0,0.0,0.0,0.0,0.0,0.0,0.0,0.0,0.0,0.0,0.0,0.0,0.0,0.0,0.0,0.0,0.0
12.4832291667,326477.0,32534.0,10.0349480543,722.0,64344.0,32.0,12.0,857.0,2403.0,2937.0,6024.0,9069.0,9163.0,1886.0,164.0,30.0,1.0,0.0,0.0,0.0,0.0,0.0,0.0,0.0,0.0,0.0,0.0,0.0,0.0,0.0,0.0,0.0,0.0,0.0,0.0,0.0,0.0
12.4873958333,335631.0,32535.0,10.3159981558,727.0,64344.0,39.0,8.0,803.0,2159.0,2716.0,5894.0,9324.0,9385.0,2073.0,155.0,25.0,1.0,0.0,0.0,0.0,0.0,0.0,0.0,0.0,0.0,0.0,0.0,0.0,0.0,0.0,0.0,0.0,0.0,0.0,0.0,0.0,0.0
12.4915625,347531.0,32541.0,10.6797885744,725.0,64345.0,31.0,7.0,784.0,2127.0,2586.0,5670.0,9292.0,9615.0,2245.0,184.0,31.0,7.0,0.0,0.0,0.0,0.0,0.0,0.0,0.0,0.0,0.0,0.0,0.0,0.0,0.0,0.0,0.0,0.0,0.0,0.0,0.0,0.0
12.4957291667,340782.0,32536.0,10.4739980329,729.0,64344.0,33.0,7.0,827.0,2204.0,2481.0,5862.0,9369.0,9467.0,2117.0,172.0,35.0,2.0,0.0,0.0,0.0,0.0,0.0,0.0,0.0,0.0,0.0,0.0,0.0,0.0,0.0,0.0,0.0,0.0,0.0,0.0,0.0,0.0
12.4998958333,347806.0,32546.0,10.6865974313,730.0,64344.0,31.0,4.0,965.0,2140.0,1865.0,5998.0,9929.0,9087.0,2320.0,201.0,35.0,6.0,0.0,0.0,0.0,0.0,0.0,0.0,0.0,0.0,0.0,0.0,0.0,0.0,0.0,0.0,0.0,0.0,0.0,0.0,0.0,0.0
12.5040625,340127.0,32531.0,10.4554732409,732.0,64344.0,33.0,8.0,1095.0,2283.0,1668.0,6011.0,10154.0,8889.0,2223.0,176.0,28.0,4.0,0.0,0.0,0.0,0.0,0.0,0.0,0.0,0.0,0.0,0.0,0.0,0.0,0.0,0.0,0.0,0.0,0.0,0.0,0.0,0.0
12.5082291667,342275.0,32546.0,10.5166533522,730.0,64344.0,33.0,7.0,1167.0,2415.0,1654.0,5876.0,10035.0,8948.0,2202.0,207.0,38.0,4.0,0.0,0.0,0.0,0.0,0.0,0.0,0.0,0.0,0.0,0.0,0.0,0.0,0.0,0.0,0.0,0.0,0.0,0.0,0.0,0.0
12.5123958333,342871.0,32544.0,10.5356133235,733.0,64345.0,33.0,8.0,1105.0,2387.0,1796.0,5713.0,10119.0,8900.0,2296.0,195.0,29.0,4.0,0.0,0.0,0.0,0.0,0.0,0.0,0.0,0.0,0.0,0.0,0.0,0.0,0.0,0.0,0.0,0.0,0.0,0.0,0.0,0.0
12.5165625,347328.0,32543.0,10.6728943244,730.0,64342.0,31.0,8.0,1227.0,2442.0,1689.0,5523.0,9953.0,9027.0,2444.0,214.0,21.0,3.0,0.0,0.0,0.0,0.0,0.0,0.0,0.0,0.0,0.0,0.0,0.0,0.0,0.0,0.0,0.0,0.0,0.0,0.0,0.0,0.0
12.5207291667,348860.0,32542.0,10.7202999201,730.0,64349.0,32.0,3.0,1204.0,2608.0,1824.0,5401.0,9737.0,9000.0,2533.0,198.0,32.0,5.0,0.0,0.0,0.0,0.0,0.0,0.0,0.0,0.0,0.0,0.0,0.0,0.0,0.0,0.0,0.0,0.0,0.0,0.0,0.0,0.0
12.5248958333,346770.0,32542.0,10.6560752259,730.0,64347.0,33.0,7.0,1274.0,2804.0,1947.0,5176.0,9725.0,8792.0,2591.0,201.0,24.0,8.0,0.0,0.0,0.0,0.0,0.0,0.0,0.0,0.0,0.0,0.0,0.0,0.0,0.0,0.0,0.0,0.0,0.0,0.0,0.0,0.0
12.5290625,342909.0,32539.0,10.5384000738,730.0,64344.0,33.0,8.0,1229.0,2755.0,2301.0,4926.0,9771.0,8869.0,2465.0,194.0,23.0,6.0,0.0,0.0,0.0,0.0,0.0,0.0,0.0,0.0,0.0,0.0,0.0,0.0,0.0,0.0,0.0,0.0,0.0,0.0,0.0,0.0
12.5332291667,352433.0,32548.0,10.8281000369,730.0,64344.0,31.0,8.0,1211.0,2769.0,2322.0,4673.0,9447.0,9266.0,2607.0,216.0,33.0,4.0,0.0,0.0,0.0,0.0,0.0,0.0,0.0,0.0,0.0,0.0,0.0,0.0,0.0,0.0,0.0,0.0,0.0,0.0,0.0,0.0
12.5373958333,378821.0,32542.0,11.6409870321,730.0,64343.0,35.0,15.0,986.0,2389.0,2386.0,3963.0,9506.0,9801.0,3264.0,217.0,24.0,6.0,0.0,0.0,0.0,0.0,0.0,0.0,0.0,0.0,0.0,0.0,0.0,0.0,0.0,0.0,0.0,0.0,0.0,0.0,0.0,0.0
12.5415625,402847.0,32538.0,12.3808162764,730.0,64344.0,33.0,8.0,802.0,2015.0,2130.0,3443.0,9348.0,11019.0,3522.0,227.0,29.0,3.0,0.0,0.0,0.0,0.0,0.0,0.0,0.0,0.0,0.0,0.0,0.0,0.0,0.0,0.0,0.0,0.0,0.0,0.0,0.0,0.0
12.5457291667,423379.0,32540.0,13.0110325753,733.0,64351.0,31.0,8.0,617.0,1803.0,2060.0,3276.0,9230.0,11325.0,3946.0,228.0,44.0,11.0,0.0,0.0,0.0,0.0,0.0,0.0,0.0,0.0,0.0,0.0,0.0,0.0,0.0,0.0,0.0,0.0,0.0,0.0,0.0,0.0
12.5498958333,422085.0,32551.0,12.9668827379,732.0,64344.0,33.0,9.0,639.0,1781.0,2140.0,3296.0,9075.0,11368.0,3986.0,223.0,35.0,8.0,0.0,0.0,0.0,0.0,0.0,0.0,0.0,0.0,0.0,0.0,0.0,0.0,0.0,0.0,0.0,0.0,0.0,0.0,0.0,0.0
12.5540625,423449.0,32556.0,13.0067883032,733.0,64343.0,35.0,12.0,629.0,1751.0,2073.0,3218.0,8981.0,11664.0,3997.0,212.0,25.0,6.0,0.0,0.0,0.0,0.0,0.0,0.0,0.0,0.0,0.0,0.0,0.0,0.0,0.0,0.0,0.0,0.0,0.0,0.0,0.0,0.0
12.5582291667,423645.0,32555.0,13.0132084165,735.0,64348.0,36.0,6.0,599.0,1717.0,2100.0,3270.0,8969.0,11714.0,3920.0,229.0,32.0,5.0,0.0,0.0,0.0,0.0,0.0,0.0,0.0,0.0,0.0,0.0,0.0,0.0,0.0,0.0,0.0,0.0,0.0,0.0,0.0,0.0
12.5623958333,422602.0,32558.0,12.9799741999,733.0,64344.0,35.0,7.0,598.0,1758.0,2166.0,3332.0,8916.0,11593.0,3916.0,239.0,35.0,5.0,0.0,0.0,0.0,0.0,0.0,0.0,0.0,0.0,0.0,0.0,0.0,0.0,0.0,0.0,0.0,0.0,0.0,0.0,0.0,0.0
12.5665625,420225.0,32549.0,12.9105348859,733.0,64344.0,35.0,6.0,552.0,1735.0,2169.0,3276.0,9143.0,11518.0,3914.0,205.0,33.0,4.0,0.0,0.0,0.0,0.0,0.0,0.0,0.0,0.0,0.0,0.0,0.0,0.0,0.0,0.0,0.0,0.0,0.0,0.0,0.0,0.0
12.5707291667,420807.0,32562.0,12.9232540999,735.0,64344.0,35.0,12.0,604.0,1759.0,2088.0,3146.0,9220.0,11573.0,3938.0,201.0,31.0,2.0,0.0,0.0,0.0,0.0,0.0,0.0,0.0,0.0,0.0,0.0,0.0,0.0,0.0,0.0,0.0,0.0,0.0,0.0,0.0,0.0
12.5748958333,425680.0,32554.0,13.0761196781,735.0,64342.0,35.0,7.0,541.0,1660.0,2102.0,3304.0,9115.0,11569.0,3995.0,224.0,38.0,6.0,0.0,0.0,0.0,0.0,0.0,0.0,0.0,0.0,0.0,0.0,0.0,0.0,0.0,0.0,0.0,0.0,0.0,0.0,0.0,0.0
12.5790625,420089.0,32547.0,12.9071496605,737.0,64344.0,36.0,11.0,632.0,1699.0,2157.0,3323.0,9002.0,11628.0,3842.0,231.0,27.0,6.0,0.0,0.0,0.0,0.0,0.0,0.0,0.0,0.0,0.0,0.0,0.0,0.0,0.0,0.0,0.0,0.0,0.0,0.0,0.0,0.0
12.5832291667,416660.0,32557.0,12.7978622109,737.0,64344.0,32.0,11.0,579.0,1770.0,2227.0,3399.0,9127.0,11391.0,3822.0,199.0,35.0,8.0,0.0,0.0,0.0,0.0,0.0,0.0,0.0,0.0,0.0,0.0,0.0,0.0,0.0,0.0,0.0,0.0,0.0,0.0,0.0,0.0
12.5873958333,419125.0,32552.0,12.8755529614,733.0,64344.0,35.0,4.0,529.0,1751.0,2195.0,3442.0,9112.0,11323.0,3946.0,225.0,23.0,6.0,0.0,0.0,0.0,0.0,0.0,0.0,0.0,0.0,0.0,0.0,0.0,0.0,0.0,0.0,0.0,0.0,0.0,0.0,0.0,0.0
12.5915625,419392.0,32555.0,12.8825679619,735.0,64344.0,33.0,12.0,603.0,1704.0,2210.0,3423.0,8941.0,11555.0,3868.0,213.0,31.0,7.0,0.0,0.0,0.0,0.0,0.0,0.0,0.0,0.0,0.0,0.0,0.0,0.0,0.0,0.0,0.0,0.0,0.0,0.0,0.0,0.0
12.5957291667,417730.0,32554.0,12.8319100571,737.0,64344.0,36.0,8.0,562.0,1742.0,2172.0,3361.0,9041.0,11595.0,3844.0,209.0,25.0,3.0,0.0,0.0,0.0,0.0,0.0,0.0,0.0,0.0,0.0,0.0,0.0,0.0,0.0,0.0,0.0,0.0,0.0,0.0,0.0,0.0
12.5998958333,418208.0,32554.0,12.8465933526,737.0,64344.0,38.0,14.0,599.0,1704.0,2154.0,3425.0,9164.0,11430.0,3807.0,228.0,40.0,3.0,0.0,0.0,0.0,0.0,0.0,0.0,0.0,0.0,0.0,0.0,0.0,0.0,0.0,0.0,0.0,0.0,0.0,0.0,0.0,0.0
12.6040625,415207.0,32563.0,12.7508829039,737.0,64343.0,34.0,8.0,598.0,1781.0,2269.0,3426.0,9006.0,11406.0,3851.0,186.0,37.0,3.0,0.0,0.0,0.0,0.0,0.0,0.0,0.0,0.0,0.0,0.0,0.0,0.0,0.0,0.0,0.0,0.0,0.0,0.0,0.0,0.0
12.6082291667,418187.0,32561.0,12.8431866343,735.0,64344.0,32.0,8.0,571.0,1749.0,2211.0,3412.0,9146.0,11329.0,3888.0,215.0,35.0,5.0,0.0,0.0,0.0,0.0,0.0,0.0,0.0,0.0,0.0,0.0,0.0,0.0,0.0,0.0,0.0,0.0,0.0,0.0,0.0,0.0
12.6123958333,417225.0,32568.0,12.8108879882,737.0,64344.0,35.0,9.0,601.0,1737.0,2334.0,3397.0,8960.0,11393.0,3883.0,235.0,25.0,3.0,0.0,0.0,0.0,0.0,0.0,0.0,0.0,0.0,0.0,0.0,0.0,0.0,0.0,0.0,0.0,0.0,0.0,0.0,0.0,0.0
12.6165625,419809.0,32547.0,12.8985467171,737.0,64344.0,36.0,8.0,580.0,1623.0,2229.0,3462.0,8945.0,11594.0,3857.0,219.0,34.0,4.0,0.0,0.0,0.0,0.0,0.0,0.0,0.0,0.0,0.0,0.0,0.0,0.0,0.0,0.0,0.0,0.0,0.0,0.0,0.0,0.0
12.6207291667,415392.0,32556.0,12.7593070402,737.0,64344.0,35.0,7.0,587.0,1730.0,2319.0,3504.0,8988.0,11310.0,3884.0,199.0,30.0,5.0,0.0,0.0,0.0,0.0,0.0,0.0,0.0,0.0,0.0,0.0,0.0,0.0,0.0,0.0,0.0,0.0,0.0,0.0,0.0,0.0
12.6248958333,416675.0,32564.0,12.7955717971,737.0,64344.0,35.0,9.0,582.0,1835.0,2252.0,3414.0,9101.0,11248.0,3863.0,225.0,42.0,2.0,0.0,0.0,0.0,0.0,0.0,0.0,0.0,0.0,0.0,0.0,0.0,0.0,0.0,0.0,0.0,0.0,0.0,0.0,0.0,0.0
12.6290625,415047.0,32569.0,12.7436212349,737.0,64347.0,35.0,8.0,589.0,1759.0,2218.0,3467.0,9079.0,11435.0,3778.0,203.0,39.0,2.0,0.0,0.0,0.0,0.0,0.0,0.0,0.0,0.0,0.0,0.0,0.0,0.0,0.0,0.0,0.0,0.0,0.0,0.0,0.0,0.0
12.6332291667,411174.0,32564.0,12.6266429186,737.0,64344.0,35.0,12.0,604.0,1792.0,2393.0,3507.0,9039.0,11243.0,3750.0,201.0,27.0,8.0,0.0,0.0,0.0,0.0,0.0,0.0,0.0,0.0,0.0,0.0,0.0,0.0,0.0,0.0,0.0,0.0,0.0,0.0,0.0,0.0
12.6373958333,420072.0,32577.0,12.8947416889,737.0,64348.0,33.0,8.0,600.0,1750.0,2213.0,3378.0,8884.0,11574.0,3922.0,225.0,29.0,2.0,0.0,0.0,0.0,0.0,0.0,0.0,0.0,0.0,0.0,0.0,0.0,0.0,0.0,0.0,0.0,0.0,0.0,0.0,0.0,0.0
12.6415625,422374.0,32568.0,12.9689879636,738.0,64344.0,35.0,7.0,530.0,1756.0,2149.0,3368.0,8888.0,11726.0,3896.0,224.0,22.0,9.0,0.0,0.0,0.0,0.0,0.0,0.0,0.0,0.0,0.0,0.0,0.0,0.0,0.0,0.0,0.0,0.0,0.0,0.0,0.0,0.0
12.6457291667,388331.0,32571.0,11.9225998588,741.0,64344.0,36.0,8.0,718.0,2147.0,2942.0,3807.0,8666.0,10774.0,3285.0,193.0,32.0,7.0,0.0,0.0,0.0,0.0,0.0,0.0,0.0,0.0,0.0,0.0,0.0,0.0,0.0,0.0,0.0,0.0,0.0,0.0,0.0,0.0
12.6498958333,383387.0,32575.0,11.7693630084,745.0,64344.0,38.0,7.0,721.0,2255.0,3148.0,3883.0,8427.0,10695.0,3224.0,181.0,35.0,6.0,0.0,0.0,0.0,0.0,0.0,0.0,0.0,0.0,0.0,0.0,0.0,0.0,0.0,0.0,0.0,0.0,0.0,0.0,0.0,0.0
12.6540625,371181.0,32571.0,11.3960578429,746.0,64349.0,35.0,7.0,796.0,2415.0,3433.0,4093.0,8267.0,10270.0,3084.0,176.0,34.0,3.0,0.0,0.0,0.0,0.0,0.0,0.0,0.0,0.0,0.0,0.0,0.0,0.0,0.0,0.0,0.0,0.0,0.0,0.0,0.0,0.0
12.6582291667,369569.0,32583.0,11.3423871344,746.0,64355.0,33.0,8.0,900.0,2569.0,3342.0,3987.0,8096.0,10393.0,3113.0,156.0,25.0,2.0,0.0,0.0,0.0,0.0,0.0,0.0,0.0,0.0,0.0,0.0,0.0,0.0,0.0,0.0,0.0,0.0,0.0,0.0,0.0,0.0
12.6623958333,374918.0,32586.0,11.5054931566,746.0,64344.0,35.0,4.0,829.0,2480.0,3299.0,3800.0,8204.0,10617.0,3166.0,170.0,19.0,2.0,0.0,0.0,0.0,0.0,0.0,0.0,0.0,0.0,0.0,0.0,0.0,0.0,0.0,0.0,0.0,0.0,0.0,0.0,0.0,0.0
12.6665625,379640.0,32586.0,11.6504020131,750.0,64344.0,38.0,12.0,815.0,2462.0,3179.0,3809.0,8282.0,10567.0,3268.0,175.0,23.0,6.0,0.0,0.0,0.0,0.0,0.0,0.0,0.0,0.0,0.0,0.0,0.0,0.0,0.0,0.0,0.0,0.0,0.0,0.0,0.0,0.0
12.6707291667,380301.0,32595.0,11.667464335,756.0,64344.0,38.0,12.0,771.0,2363.0,3261.0,3986.0,8054.0,10738.0,3192.0,197.0,31.0,2.0,0.0,0.0,0.0,0.0,0.0,0.0,0.0,0.0,0.0,0.0,0.0,0.0,0.0,0.0,0.0,0.0,0.0,0.0,0.0,0.0
12.6748958333,379199.0,32589.0,11.6357973549,750.0,64345.0,33.0,9.0,792.0,2331.0,3216.0,3985.0,8120.0,10734.0,3211.0,173.0,23.0,4.0,0.0,0.0,0.0,0.0,0.0,0.0,0.0,0.0,0.0,0.0,0.0,0.0,0.0,0.0,0.0,0.0,0.0,0.0,0.0,0.0
12.6790625,383762.0,32599.0,11.7722016013,748.0,64339.0,38.0,7.0,714.0,2284.0,3311.0,4036.0,7965.0,10789.0,3274.0,191.0,28.0,7.0,0.0,0.0,0.0,0.0,0.0,0.0,0.0,0.0,0.0,0.0,0.0,0.0,0.0,0.0,0.0,0.0,0.0,0.0,0.0,0.0
12.6832291667,383433.0,32590.0,11.7653574716,750.0,64344.0,35.0,9.0,726.0,2265.0,3310.0,3867.0,8117.0,10750.0,3363.0,167.0,20.0,5.0,0.0,0.0,0.0,0.0,0.0,0.0,0.0,0.0,0.0,0.0,0.0,0.0,0.0,0.0,0.0,0.0,0.0,0.0,0.0,0.0
12.6873958333,382132.0,32591.0,11.7250774754,750.0,64345.0,38.0,7.0,747.0,2370.0,3277.0,3984.0,8087.0,10604.0,3303.0,177.0,38.0,4.0,0.0,0.0,0.0,0.0,0.0,0.0,0.0,0.0,0.0,0.0,0.0,0.0,0.0,0.0,0.0,0.0,0.0,0.0,0.0,0.0
12.6915625,385253.0,32597.0,11.8186642943,751.0,64344.0,41.0,4.0,693.0,2305.0,3252.0,4073.0,8059.0,10636.0,3332.0,207.0,36.0,4.0,0.0,0.0,0.0,0.0,0.0,0.0,0.0,0.0,0.0,0.0,0.0,0.0,0.0,0.0,0.0,0.0,0.0,0.0,0.0,0.0
12.6957291667,386895.0,32596.0,11.8694011535,750.0,64344.0,38.0,8.0,696.0,2259.0,3242.0,3964.0,8091.0,10772.0,3331.0,205.0,29.0,7.0,0.0,0.0,0.0,0.0,0.0,0.0,0.0,0.0,0.0,0.0,0.0,0.0,0.0,0.0,0.0,0.0,0.0,0.0,0.0,0.0
12.6998958333,384782.0,32602.0,11.8024047604,756.0,64344.0,35.0,12.0,704.0,2240.0,3167.0,4030.0,8075.0,10834.0,3349.0,174.0,28.0,1.0,0.0,0.0,0.0,0.0,0.0,0.0,0.0,0.0,0.0,0.0,0.0,0.0,0.0,0.0,0.0,0.0,0.0,0.0,0.0,0.0
12.7040625,384000.0,32609.0,11.7758900917,753.0,64342.0,41.0,7.0,663.0,2404.0,3262.0,4014.0,8041.0,10634.0,3370.0,191.0,25.0,5.0,0.0,0.0,0.0,0.0,0.0,0.0,0.0,0.0,0.0,0.0,0.0,0.0,0.0,0.0,0.0,0.0,0.0,0.0,0.0,0.0
12.7082291667,381808.0,32600.0,11.7119018405,751.0,64344.0,38.0,7.0,713.0,2368.0,3276.0,4028.0,8059.0,10639.0,3305.0,181.0,25.0,6.0,0.0,0.0,0.0,0.0,0.0,0.0,0.0,0.0,0.0,0.0,0.0,0.0,0.0,0.0,0.0,0.0,0.0,0.0,0.0,0.0
12.7123958333,379598.0,32603.0,11.6430389841,754.0,64345.0,35.0,9.0,687.0,2320.0,3363.0,4202.0,7932.0,10651.0,3222.0,198.0,24.0,4.0,0.0,0.0,0.0,0.0,0.0,0.0,0.0,0.0,0.0,0.0,0.0,0.0,0.0,0.0,0.0,0.0,0.0,0.0,0.0,0.0
12.7165625,379758.0,32607.0,11.6465176189,754.0,64344.0,38.0,3.0,712.0,2370.0,3444.0,4121.0,7894.0,10647.0,3186.0,198.0,24.0,11.0,0.0,0.0,0.0,0.0,0.0,0.0,0.0,0.0,0.0,0.0,0.0,0.0,0.0,0.0,0.0,0.0,0.0,0.0,0.0,0.0
12.7207291667,376752.0,32608.0,11.5539744848,756.0,64344.0,35.0,9.0,662.0,2280.0,3560.0,4306.0,7806.0,10614.0,3161.0,185.0,32.0,1.0,1.0,0.0,0.0,0.0,0.0,0.0,0.0,0.0,0.0,0.0,0.0,0.0,0.0,0.0,0.0,0.0,0.0,0.0,0.0,0.0
12.7248958333,377696.0,32613.0,11.5811486217,756.0,64343.0,35.0,10.0,685.0,2378.0,3479.0,4364.0,7691.0,10598.0,3186.0,199.0,26.0,7.0,0.0,0.0,0.0,0.0,0.0,0.0,0.0,0.0,0.0,0.0,0.0,0.0,0.0,0.0,0.0,0.0,0.0,0.0,0.0,0.0
12.7290625,374890.0,32617.0,11.4936996045,758.0,64344.0,35.0,6.0,685.0,2308.0,3521.0,4301.0,7852.0,10561.0,3192.0,173.0,22.0,2.0,0.0,0.0,0.0,0.0,0.0,0.0,0.0,0.0,0.0,0.0,0.0,0.0,0.0,0.0,0.0,0.0,0.0,0.0,0.0,0.0
12.7332291667,379999.0,32609.0,11.6531939035,756.0,64344.0,35.0,7.0,708.0,2381.0,3503.0,4199.0,7839.0,10496.0,3227.0,213.0,37.0,6.0,0.0,0.0,0.0,0.0,0.0,0.0,0.0,0.0,0.0,0.0,0.0,0.0,0.0,0.0,0.0,0.0,0.0,0.0,0.0,0.0
12.7373958333,375533.0,32611.0,11.5155315691,759.0,64345.0,35.0,11.0,671.0,2393.0,3676.0,4213.0,7711.0,10483.0,3243.0,200.0,19.0,2.0,0.0,0.0,0.0,0.0,0.0,0.0,0.0,0.0,0.0,0.0,0.0,0.0,0.0,0.0,0.0,0.0,0.0,0.0,0.0,0.0
12.7415625,362566.0,32614.0,11.1168823205,759.0,64351.0,33.0,6.0,733.0,2366.0,3762.0,4585.0,7826.0,10233.0,2913.0,167.0,26.0,3.0,0.0,0.0,0.0,0.0,0.0,0.0,0.0,0.0,0.0,0.0,0.0,0.0,0.0,0.0,0.0,0.0,0.0,0.0,0.0,0.0
12.7457291667,364611.0,32622.0,11.1768438477,756.0,64345.0,35.0,9.0,684.0,2451.0,3758.0,4513.0,7772.0,10273.0,2957.0,193.0,18.0,3.0,0.0,0.0,0.0,0.0,0.0,0.0,0.0,0.0,0.0,0.0,0.0,0.0,0.0,0.0,0.0,0.0,0.0,0.0,0.0,0.0
12.7498958333,365828.0,32619.0,11.215181336,759.0,64344.0,36.0,3.0,720.0,2314.0,3779.0,4593.0,7690.0,10338.0,2970.0,190.0,23.0,2.0,0.0,0.0,0.0,0.0,0.0,0.0,0.0,0.0,0.0,0.0,0.0,0.0,0.0,0.0,0.0,0.0,0.0,0.0,0.0,0.0
12.7540625,302366.0,27180.0,11.1245768948,764.0,64348.0,38.0,8.0,609.0,2044.0,3293.0,3782.0,6352.0,8413.0,2524.0,138.0,22.0,3.0,0.0,0.0,0.0,0.0,0.0,0.0,0.0,0.0,0.0,0.0,0.0,0.0,0.0,0.0,0.0,0.0,0.0,0.0,0.0,0.0
12.7659375,354710.0,32631.0,10.8703380221,762.0,64343.0,39.0,13.0,759.0,2558.0,4092.0,4804.0,7186.0,10230.0,2813.0,170.0,17.0,2.0,0.0,0.0,0.0,0.0,0.0,0.0,0.0,0.0,0.0,0.0,0.0,0.0,0.0,0.0,0.0,0.0,0.0,0.0,0.0,0.0
12.7701041667,357646.0,32632.0,10.9599779358,764.0,64345.0,35.0,12.0,784.0,2562.0,4104.0,4783.0,7196.0,10158.0,2846.0,155.0,36.0,8.0,0.0,0.0,0.0,0.0,0.0,0.0,0.0,0.0,0.0,0.0,0.0,0.0,0.0,0.0,0.0,0.0,0.0,0.0,0.0,0.0
12.7742708333,348211.0,32641.0,10.6679023314,762.0,64344.0,36.0,8.0,754.0,2707.0,4214.0,5103.0,7137.0,9807.0,2718.0,165.0,32.0,4.0,0.0,0.0,0.0,0.0,0.0,0.0,0.0,0.0,0.0,0.0,0.0,0.0,0.0,0.0,0.0,0.0,0.0,0.0,0.0,0.0
12.7784375,341649.0,32644.0,10.4659049136,764.0,64343.0,36.0,15.0,772.0,2901.0,4318.0,5044.0,6892.0,9997.0,2530.0,169.0,18.0,3.0,0.0,0.0,0.0,0.0,0.0,0.0,0.0,0.0,0.0,0.0,0.0,0.0,0.0,0.0,0.0,0.0,0.0,0.0,0.0,0.0
12.7826041667,332869.0,32645.0,10.1966304181,764.0,64344.0,39.0,8.0,912.0,2991.0,4597.0,5187.0,6754.0,9557.0,2442.0,182.0,21.0,2.0,0.0,0.0,0.0,0.0,0.0,0.0,0.0,0.0,0.0,0.0,0.0,0.0,0.0,0.0,0.0,0.0,0.0,0.0,0.0,0.0
12.7867708333,324750.0,32635.0,9.95097288188,764.0,64345.0,39.0,7.0,862.0,3120.0,4839.0,5344.0,6552.0,9431.0,2309.0,153.0,22.0,3.0,0.0,0.0,0.0,0.0,0.0,0.0,0.0,0.0,0.0,0.0,0.0,0.0,0.0,0.0,0.0,0.0,0.0,0.0,0.0,0.0
12.7909375,317430.0,32636.0,9.72637578135,767.0,64345.0,36.0,3.0,929.0,3240.0,4933.0,5555.0,6531.0,9114.0,2112.0,199.0,17.0,6.0,0.0,0.0,0.0,0.0,0.0,0.0,0.0,0.0,0.0,0.0,0.0,0.0,0.0,0.0,0.0,0.0,0.0,0.0,0.0,0.0
12.7951041667,325962.0,32649.0,9.98382798861,767.0,64345.0,38.0,9.0,896.0,3072.0,4809.0,5486.0,6444.0,9456.0,2281.0,176.0,25.0,4.0,0.0,0.0,0.0,0.0,0.0,0.0,0.0,0.0,0.0,0.0,0.0,0.0,0.0,0.0,0.0,0.0,0.0,0.0,0.0,0.0
12.7992708333,316802.0,32643.0,9.70505161903,769.0,64344.0,39.0,3.0,943.0,3314.0,4976.0,5676.0,6286.0,9055.0,2185.0,182.0,20.0,6.0,0.0,0.0,0.0,0.0,0.0,0.0,0.0,0.0,0.0,0.0,0.0,0.0,0.0,0.0,0.0,0.0,0.0,0.0,0.0,0.0
12.8034375,289933.0,32647.0,8.88084663216,772.0,64345.0,39.0,14.0,1101.0,3707.0,5639.0,6115.0,5829.0,8253.0,1826.0,151.0,23.0,3.0,0.0,0.0,0.0,0.0,0.0,0.0,0.0,0.0,0.0,0.0,0.0,0.0,0.0,0.0,0.0,0.0,0.0,0.0,0.0,0.0
12.8076041667,279926.0,32655.0,8.57222477415,774.0,64344.0,39.0,8.0,1063.0,3892.0,5897.0,6272.0,5768.0,7985.0,1597.0,153.0,22.0,6.0,0.0,0.0,0.0,0.0,0.0,0.0,0.0,0.0,0.0,0.0,0.0,0.0,0.0,0.0,0.0,0.0,0.0,0.0,0.0,0.0
12.8117708333,273961.0,32646.0,8.39187036697,774.0,64348.0,38.0,9.0,1233.0,3897.0,5988.0,6272.0,5853.0,7626.0,1603.0,151.0,21.0,2.0,0.0,0.0,0.0,0.0,0.0,0.0,0.0,0.0,0.0,0.0,0.0,0.0,0.0,0.0,0.0,0.0,0.0,0.0,0.0,0.0
12.8159375,276606.0,32640.0,8.47444852941,774.0,64343.0,39.0,8.0,1139.0,3888.0,5973.0,6337.0,5788.0,7680.0,1664.0,147.0,20.0,4.0,0.0,0.0,0.0,0.0,0.0,0.0,0.0,0.0,0.0,0.0,0.0,0.0,0.0,0.0,0.0,0.0,0.0,0.0,0.0,0.0
12.8201041667,268057.0,32644.0,8.211524323,774.0,64344.0,39.0,6.0,1274.0,4113.0,6216.0,6318.0,5604.0,7380.0,1555.0,162.0,19.0,3.0,0.0,0.0,0.0,0.0,0.0,0.0,0.0,0.0,0.0,0.0,0.0,0.0,0.0,0.0,0.0,0.0,0.0,0.0,0.0,0.0
12.8242708333,271485.0,32664.0,8.31144379133,774.0,64344.0,38.0,14.0,1256.0,4017.0,6052.0,6273.0,5706.0,7663.0,1528.0,143.0,21.0,5.0,0.0,0.0,0.0,0.0,0.0,0.0,0.0,0.0,0.0,0.0,0.0,0.0,0.0,0.0,0.0,0.0,0.0,0.0,0.0,0.0
12.8284375,276121.0,32653.0,8.45622148042,772.0,64343.0,39.0,6.0,1106.0,3961.0,5942.0,6303.0,5811.0,7718.0,1630.0,166.0,14.0,2.0,0.0,0.0,0.0,0.0,0.0,0.0,0.0,0.0,0.0,0.0,0.0,0.0,0.0,0.0,0.0,0.0,0.0,0.0,0.0,0.0
12.8326041667,271204.0,32657.0,8.30462075512,774.0,64343.0,36.0,6.0,1193.0,4110.0,6157.0,6217.0,5709.0,7531.0,1552.0,162.0,23.0,3.0,0.0,0.0,0.0,0.0,0.0,0.0,0.0,0.0,0.0,0.0,0.0,0.0,0.0,0.0,0.0,0.0,0.0,0.0,0.0,0.0
12.8367708333,268370.0,32659.0,8.21733672188,774.0,64344.0,38.0,7.0,1174.0,4194.0,6082.0,6351.0,5716.0,7507.0,1449.0,153.0,30.0,3.0,0.0,0.0,0.0,0.0,0.0,0.0,0.0,0.0,0.0,0.0,0.0,0.0,0.0,0.0,0.0,0.0,0.0,0.0,0.0,0.0
12.8409375,273874.0,32653.0,8.38740697639,774.0,64345.0,35.0,12.0,1175.0,4074.0,6060.0,6460.0,5544.0,7628.0,1521.0,146.0,32.0,13.0,0.0,0.0,0.0,0.0,0.0,0.0,0.0,0.0,0.0,0.0,0.0,0.0,0.0,0.0,0.0,0.0,0.0,0.0,0.0,0.0
12.8451041667,274156.0,32644.0,8.39835804436,774.0,64345.0,35.0,11.0,1203.0,4088.0,6060.0,6255.0,5670.0,7575.0,1586.0,180.0,22.0,5.0,0.0,0.0,0.0,0.0,0.0,0.0,0.0,0.0,0.0,0.0,0.0,0.0,0.0,0.0,0.0,0.0,0.0,0.0,0.0,0.0
12.8492708333,275695.0,32656.0,8.44239955904,774.0,64348.0,38.0,7.0,1166.0,4053.0,6033.0,6354.0,5486.0,7724.0,1638.0,185.0,15.0,2.0,0.0,0.0,0.0,0.0,0.0,0.0,0.0,0.0,0.0,0.0,0.0,0.0,0.0,0.0,0.0,0.0,0.0,0.0,0.0,0.0
12.8534375,266834.0,32662.0,8.16955483436,774.0,64344.0,38.0,9.0,1267.0,4186.0,5990.0,6611.0,5396.0,7570.0,1471.0,151.0,15.0,5.0,0.0,0.0,0.0,0.0,0.0,0.0,0.0,0.0,0.0,0.0,0.0,0.0,0.0,0.0,0.0,0.0,0.0,0.0,0.0,0.0
12.8576041667,272477.0,32671.0,8.34002632304,774.0,64344.0,39.0,12.0,1230.0,4195.0,5991.0,6323.0,5556.0,7640.0,1530.0,178.0,25.0,3.0,0.0,0.0,0.0,0.0,0.0,0.0,0.0,0.0,0.0,0.0,0.0,0.0,0.0,0.0,0.0,0.0,0.0,0.0,0.0,0.0
12.8617708333,264580.0,32663.0,8.10029697211,775.0,64348.0,39.0,8.0,1227.0,4264.0,6166.0,6586.0,5339.0,7481.0,1411.0,162.0,25.0,2.0,0.0,0.0,0.0,0.0,0.0,0.0,0.0,0.0,0.0,0.0,0.0,0.0,0.0,0.0,0.0,0.0,0.0,0.0,0.0,0.0
12.8659375,257176.0,32662.0,7.87385953095,777.0,64345.0,38.0,11.0,1342.0,4490.0,6223.0,6602.0,5277.0,7222.0,1328.0,148.0,28.0,2.0,0.0,0.0,0.0,0.0,0.0,0.0,0.0,0.0,0.0,0.0,0.0,0.0,0.0,0.0,0.0,0.0,0.0,0.0,0.0,0.0
12.8701041667,243980.0,32665.0,7.46915658962,779.0,64345.0,35.0,8.0,1443.0,4808.0,6402.0,6654.0,5187.0,6849.0,1185.0,114.0,21.0,1.0,1.0,0.0,0.0,0.0,0.0,0.0,0.0,0.0,0.0,0.0,0.0,0.0,0.0,0.0,0.0,0.0,0.0,0.0,0.0,0.0
12.8742708333,238217.0,32671.0,7.29138991766,779.0,64344.0,39.0,0.0,1462.0,4871.0,6669.0,6792.0,5049.0,6520.0,1164.0,120.0,23.0,1.0,0.0,0.0,0.0,0.0,0.0,0.0,0.0,0.0,0.0,0.0,0.0,0.0,0.0,0.0,0.0,0.0,0.0,0.0,0.0,0.0
12.8784375,234182.0,32660.0,7.17030006124,777.0,64344.0,39.0,1.0,1562.0,4958.0,6720.0,6718.0,4982.0,6446.0,1137.0,125.0,12.0,0.0,0.0,0.0,0.0,0.0,0.0,0.0,0.0,0.0,0.0,0.0,0.0,0.0,0.0,0.0,0.0,0.0,0.0,0.0,0.0,0.0
12.8826041667,229286.0,32674.0,7.0173838526,775.0,64345.0,38.0,3.0,1642.0,5206.0,6776.0,6762.0,4851.0,6236.0,1037.0,149.0,13.0,2.0,0.0,0.0,0.0,0.0,0.0,0.0,0.0,0.0,0.0,0.0,0.0,0.0,0.0,0.0,0.0,0.0,0.0,0.0,0.0,0.0
12.8867708333,235968.0,32667.0,7.22343649555,780.0,64344.0,35.0,9.0,1552.0,4948.0,6808.0,6761.0,4907.0,6376.0,1146.0,148.0,19.0,2.0,0.0,0.0,0.0,0.0,0.0,0.0,0.0,0.0,0.0,0.0,0.0,0.0,0.0,0.0,0.0,0.0,0.0,0.0,0.0,0.0
12.8909375,242042.0,32662.0,7.41050762354,777.0,64339.0,38.0,7.0,1490.0,4816.0,6753.0,6720.0,5009.0,6536.0,1141.0,159.0,33.0,5.0,0.0,0.0,0.0,0.0,0.0,0.0,0.0,0.0,0.0,0.0,0.0,0.0,0.0,0.0,0.0,0.0,0.0,0.0,0.0,0.0
12.8951041667,242268.0,32661.0,7.41765408285,775.0,64344.0,35.0,9.0,1518.0,4918.0,6611.0,6782.0,4931.0,6577.0,1101.0,189.0,29.0,5.0,0.0,0.0,0.0,0.0,0.0,0.0,0.0,0.0,0.0,0.0,0.0,0.0,0.0,0.0,0.0,0.0,0.0,0.0,0.0,0.0
12.8992708333,239599.0,32670.0,7.33391490664,777.0,64344.0,39.0,7.0,1547.0,4801.0,6671.0,6826.0,4967.0,6521.0,1169.0,142.0,24.0,2.0,0.0,0.0,0.0,0.0,0.0,0.0,0.0,0.0,0.0,0.0,0.0,0.0,0.0,0.0,0.0,0.0,0.0,0.0,0.0,0.0
12.9034375,230064.0,32669.0,7.04227249074,777.0,64344.0,39.0,7.0,1669.0,5110.0,6837.0,6794.0,4877.0,6138.0,1059.0,167.0,18.0,0.0,0.0,0.0,0.0,0.0,0.0,0.0,0.0,0.0,0.0,0.0,0.0,0.0,0.0,0.0,0.0,0.0,0.0,0.0,0.0,0.0
12.9076041667,216116.0,32657.0,6.6177542334,779.0,64344.0,36.0,12.0,1816.0,5486.0,7147.0,6934.0,4627.0,5534.0,927.0,165.0,20.0,1.0,0.0,0.0,0.0,0.0,0.0,0.0,0.0,0.0,0.0,0.0,0.0,0.0,0.0,0.0,0.0,0.0,0.0,0.0,0.0,0.0
12.9117708333,215080.0,32668.0,6.5838129056,779.0,64348.0,39.0,6.0,1831.0,5644.0,7194.0,6856.0,4497.0,5576.0,888.0,155.0,22.0,5.0,0.0,0.0,0.0,0.0,0.0,0.0,0.0,0.0,0.0,0.0,0.0,0.0,0.0,0.0,0.0,0.0,0.0,0.0,0.0,0.0
12.9159375,220500.0,32673.0,6.7486915802,782.0,64347.0,38.0,6.0,1889.0,5550.0,6925.0,6913.0,4561.0,5694.0,937.0,168.0,32.0,4.0,0.0,0.0,0.0,0.0,0.0,0.0,0.0,0.0,0.0,0.0,0.0,0.0,0.0,0.0,0.0,0.0,0.0,0.0,0.0,0.0
12.9201041667,216925.0,32667.0,6.64049346435,777.0,64348.0,38.0,7.0,1862.0,5645.0,6954.0,7003.0,4392.0,5709.0,922.0,155.0,23.0,2.0,0.0,0.0,0.0,0.0,0.0,0.0,0.0,0.0,0.0,0.0,0.0,0.0,0.0,0.0,0.0,0.0,0.0,0.0,0.0,0.0
12.9242708333,213834.0,32666.0,6.54607236882,780.0,64342.0,39.0,7.0,1973.0,5672.0,7067.0,7065.0,4397.0,5386.0,904.0,176.0,19.0,7.0,0.0,0.0,0.0,0.0,0.0,0.0,0.0,0.0,0.0,0.0,0.0,0.0,0.0,0.0,0.0,0.0,0.0,0.0,0.0,0.0
12.9284375,211922.0,32671.0,6.48654770286,780.0,64342.0,39.0,7.0,1861.0,5764.0,7169.0,7085.0,4295.0,5386.0,924.0,167.0,19.0,1.0,0.0,0.0,0.0,0.0,0.0,0.0,0.0,0.0,0.0,0.0,0.0,0.0,0.0,0.0,0.0,0.0,0.0,0.0,0.0,0.0
12.9326041667,214965.0,32676.0,6.57868160118,780.0,64348.0,33.0,7.0,1912.0,5687.0,6993.0,7129.0,4363.0,5486.0,912.0,161.0,30.0,3.0,0.0,0.0,0.0,0.0,0.0,0.0,0.0,0.0,0.0,0.0,0.0,0.0,0.0,0.0,0.0,0.0,0.0,0.0,0.0,0.0
12.9367708333,212694.0,32665.0,6.51137302924,783.0,64344.0,39.0,3.0,1889.0,5824.0,7125.0,7005.0,4345.0,5381.0,905.0,163.0,22.0,6.0,0.0,0.0,0.0,0.0,0.0,0.0,0.0,0.0,0.0,0.0,0.0,0.0,0.0,0.0,0.0,0.0,0.0,0.0,0.0,0.0
12.9409375,213168.0,32671.0,6.5246855009,777.0,64348.0,35.0,14.0,1929.0,5776.0,7062.0,6909.0,4498.0,5491.0,804.0,163.0,34.0,5.0,0.0,0.0,0.0,0.0,0.0,0.0,0.0,0.0,0.0,0.0,0.0,0.0,0.0,0.0,0.0,0.0,0.0,0.0,0.0,0.0
12.9451041667,217598.0,32665.0,6.66150313792,777.0,64345.0,36.0,10.0,1833.0,5708.0,6947.0,7037.0,4439.0,5564.0,924.0,186.0,24.0,3.0,0.0,0.0,0.0,0.0,0.0,0.0,0.0,0.0,0.0,0.0,0.0,0.0,0.0,0.0,0.0,0.0,0.0,0.0,0.0,0.0
12.9492708333,216775.0,32666.0,6.63610481847,774.0,64344.0,38.0,1.0,1868.0,5611.0,6922.0,7050.0,4576.0,5518.0,930.0,164.0,23.0,4.0,0.0,0.0,0.0,0.0,0.0,0.0,0.0,0.0,0.0,0.0,0.0,0.0,0.0,0.0,0.0,0.0,0.0,0.0,0.0,0.0
12.9534375,215115.0,32671.0,6.58427963637,775.0,64345.0,38.0,12.0,1878.0,5677.0,7005.0,7097.0,4378.0,5527.0,932.0,155.0,14.0,8.0,0.0,0.0,0.0,0.0,0.0,0.0,0.0,0.0,0.0,0.0,0.0,0.0,0.0,0.0,0.0,0.0,0.0,0.0,0.0,0.0
12.9576041667,219066.0,32670.0,6.70541781451,777.0,64345.0,36.0,9.0,1892.0,5634.0,6916.0,6944.0,4424.0,5711.0,954.0,173.0,17.0,5.0,0.0,0.0,0.0,0.0,0.0,0.0,0.0,0.0,0.0,0.0,0.0,0.0,0.0,0.0,0.0,0.0,0.0,0.0,0.0,0.0
12.9617708333,213925.0,32677.0,6.54665360957,775.0,64345.0,35.0,15.0,1852.0,5705.0,7036.0,7159.0,4397.0,5406.0,936.0,159.0,25.0,2.0,0.0,0.0,0.0,0.0,0.0,0.0,0.0,0.0,0.0,0.0,0.0,0.0,0.0,0.0,0.0,0.0,0.0,0.0,0.0,0.0
12.9659375,216104.0,32660.0,6.61677893448,774.0,64344.0,38.0,4.0,1957.0,5654.0,7013.0,7078.0,4386.0,5476.0,875.0,184.0,30.0,7.0,0.0,0.0,0.0,0.0,0.0,0.0,0.0,0.0,0.0,0.0,0.0,0.0,0.0,0.0,0.0,0.0,0.0,0.0,0.0,0.0
12.9701041667,214570.0,32673.0,6.56719615585,774.0,64344.0,39.0,7.0,1860.0,5686.0,7010.0,7134.0,4425.0,5511.0,842.0,175.0,24.0,6.0,0.0,0.0,0.0,0.0,0.0,0.0,0.0,0.0,0.0,0.0,0.0,0.0,0.0,0.0,0.0,0.0,0.0,0.0,0.0,0.0
12.9742708333,211708.0,32658.0,6.48257701023,775.0,64347.0,38.0,3.0,1991.0,5728.0,7150.0,7076.0,4214.0,5420.0,876.0,175.0,27.0,1.0,0.0,0.0,0.0,0.0,0.0,0.0,0.0,0.0,0.0,0.0,0.0,0.0,0.0,0.0,0.0,0.0,0.0,0.0,0.0,0.0
12.9784375,208771.0,32664.0,6.3914707323,774.0,64350.0,35.0,9.0,2084.0,5775.0,7090.0,7108.0,4226.0,5359.0,824.0,176.0,19.0,3.0,0.0,0.0,0.0,0.0,0.0,0.0,0.0,0.0,0.0,0.0,0.0,0.0,0.0,0.0,0.0,0.0,0.0,0.0,0.0,0.0
12.9826041667,208736.0,32662.0,6.39079052109,774.0,64344.0,38.0,8.0,2059.0,5962.0,7007.0,7158.0,4248.0,5174.0,831.0,188.0,33.0,2.0,0.0,0.0,0.0,0.0,0.0,0.0,0.0,0.0,0.0,0.0,0.0,0.0,0.0,0.0,0.0,0.0,0.0,0.0,0.0,0.0
12.9867708333,207186.0,32666.0,6.34255801139,775.0,64348.0,39.0,12.0,2092.0,5990.0,6988.0,7217.0,4198.0,5168.0,799.0,180.0,29.0,5.0,0.0,0.0,0.0,0.0,0.0,0.0,0.0,0.0,0.0,0.0,0.0,0.0,0.0,0.0,0.0,0.0,0.0,0.0,0.0,0.0
12.9909375,206272.0,32664.0,6.3149644869,777.0,64348.0,33.0,8.0,2009.0,6136.0,7098.0,7155.0,4085.0,5168.0,797.0,191.0,17.0,8.0,0.0,0.0,0.0,0.0,0.0,0.0,0.0,0.0,0.0,0.0,0.0,0.0,0.0,0.0,0.0,0.0,0.0,0.0,0.0,0.0
12.9951041667,202736.0,32659.0,6.20766098166,774.0,64345.0,38.0,8.0,2179.0,6082.0,7123.0,7080.0,4185.0,5036.0,761.0,185.0,26.0,2.0,0.0,0.0,0.0,0.0,0.0,0.0,0.0,0.0,0.0,0.0,0.0,0.0,0.0,0.0,0.0,0.0,0.0,0.0,0.0,0.0
12.9992708333,199572.0,32662.0,6.11021982732,775.0,64346.0,39.0,6.0,2214.0,6146.0,7203.0,7117.0,4145.0,4859.0,777.0,177.0,21.0,3.0,0.0,0.0,0.0,0.0,0.0,0.0,0.0,0.0,0.0,0.0,0.0,0.0,0.0,0.0,0.0,0.0,0.0,0.0,0.0,0.0
13.0034375,196713.0,32660.0,6.02305572566,775.0,64350.0,39.0,6.0,2230.0,6297.0,7210.0,7169.0,3931.0,4902.0,732.0,167.0,18.0,4.0,0.0,0.0,0.0,0.0,0.0,0.0,0.0,0.0,0.0,0.0,0.0,0.0,0.0,0.0,0.0,0.0,0.0,0.0,0.0,0.0
13.0076041667,201084.0,32667.0,6.15556984112,777.0,64344.0,39.0,9.0,2180.0,6082.0,7297.0,7096.0,4087.0,4986.0,730.0,173.0,32.0,4.0,0.0,0.0,0.0,0.0,0.0,0.0,0.0,0.0,0.0,0.0,0.0,0.0,0.0,0.0,0.0,0.0,0.0,0.0,0.0,0.0
13.0117708333,197916.0,32659.0,6.0600753238,774.0,64344.0,39.0,4.0,2312.0,6346.0,7219.0,7043.0,3936.0,4866.0,720.0,181.0,33.0,3.0,0.0,0.0,0.0,0.0,0.0,0.0,0.0,0.0,0.0,0.0,0.0,0.0,0.0,0.0,0.0,0.0,0.0,0.0,0.0,0.0
13.0159375,196949.0,32658.0,6.03065098904,774.0,64345.0,35.0,3.0,2223.0,6415.0,7191.0,7088.0,4009.0,4809.0,718.0,175.0,24.0,6.0,0.0,0.0,0.0,0.0,0.0,0.0,0.0,0.0,0.0,0.0,0.0,0.0,0.0,0.0,0.0,0.0,0.0,0.0,0.0,0.0
13.0201041667,195689.0,32663.0,5.99115206809,774.0,64348.0,38.0,9.0,2249.0,6379.0,7251.0,7186.0,3938.0,4692.0,756.0,191.0,18.0,3.0,0.0,0.0,0.0,0.0,0.0,0.0,0.0,0.0,0.0,0.0,0.0,0.0,0.0,0.0,0.0,0.0,0.0,0.0,0.0,0.0
13.0242708333,199824.0,32648.0,6.1205586866,774.0,64348.0,39.0,1.0,2175.0,6432.0,7140.0,6994.0,3962.0,4979.0,761.0,177.0,24.0,4.0,0.0,0.0,0.0,0.0,0.0,0.0,0.0,0.0,0.0,0.0,0.0,0.0,0.0,0.0,0.0,0.0,0.0,0.0,0.0,0.0
13.0284375,197818.0,32657.0,6.05744557063,774.0,64345.0,39.0,11.0,2156.0,6342.0,7142.0,7254.0,3982.0,4852.0,733.0,162.0,30.0,4.0,0.0,0.0,0.0,0.0,0.0,0.0,0.0,0.0,0.0,0.0,0.0,0.0,0.0,0.0,0.0,0.0,0.0,0.0,0.0,0.0
13.0326041667,202766.0,32653.0,6.20972039323,774.0,64344.0,38.0,7.0,2197.0,6208.0,7029.0,7197.0,4048.0,4927.0,838.0,175.0,33.0,1.0,0.0,0.0,0.0,0.0,0.0,0.0,0.0,0.0,0.0,0.0,0.0,0.0,0.0,0.0,0.0,0.0,0.0,0.0,0.0,0.0
13.0367708333,201978.0,32665.0,6.18331547528,774.0,64344.0,38.0,9.0,2095.0,6126.0,7044.0,7207.0,4213.0,5000.0,790.0,166.0,22.0,2.0,0.0,0.0,0.0,0.0,0.0,0.0,0.0,0.0,0.0,0.0,0.0,0.0,0.0,0.0,0.0,0.0,0.0,0.0,0.0,0.0
13.0409375,202588.0,32662.0,6.20255954932,774.0,64344.0,38.0,11.0,2128.0,6058.0,7087.0,7273.0,4214.0,4924.0,770.0,172.0,32.0,4.0,0.0,0.0,0.0,0.0,0.0,0.0,0.0,0.0,0.0,0.0,0.0,0.0,0.0,0.0,0.0,0.0,0.0,0.0,0.0,0.0
13.0451041667,201356.0,32653.0,6.16653906226,774.0,64348.0,33.0,8.0,2116.0,6240.0,7140.0,7211.0,4029.0,4931.0,775.0,181.0,25.0,5.0,0.0,0.0,0.0,0.0,0.0,0.0,0.0,0.0,0.0,0.0,0.0,0.0,0.0,0.0,0.0,0.0,0.0,0.0,0.0,0.0
13.0492708333,200738.0,32658.0,6.14667156593,774.0,64348.0,38.0,7.0,2197.0,6188.0,7321.0,7095.0,3975.0,4865.0,793.0,190.0,34.0,0.0,0.0,0.0,0.0,0.0,0.0,0.0,0.0,0.0,0.0,0.0,0.0,0.0,0.0,0.0,0.0,0.0,0.0,0.0,0.0,0.0
13.0534375,200982.0,32654.0,6.15489679672,774.0,64348.0,39.0,7.0,2174.0,6098.0,7128.0,7229.0,4126.0,4947.0,744.0,174.0,32.0,2.0,0.0,0.0,0.0,0.0,0.0,0.0,0.0,0.0,0.0,0.0,0.0,0.0,0.0,0.0,0.0,0.0,0.0,0.0,0.0,0.0
13.0576041667,202911.0,32646.0,6.21549347546,774.0,64344.0,35.0,14.0,2167.0,6109.0,7187.0,7181.0,4045.0,4922.0,815.0,186.0,32.0,2.0,0.0,0.0,0.0,0.0,0.0,0.0,0.0,0.0,0.0,0.0,0.0,0.0,0.0,0.0,0.0,0.0,0.0,0.0,0.0,0.0
13.0617708333,205384.0,32652.0,6.29008942791,772.0,64358.0,35.0,6.0,2137.0,6070.0,7075.0,7171.0,4140.0,5036.0,813.0,170.0,34.0,6.0,0.0,0.0,0.0,0.0,0.0,0.0,0.0,0.0,0.0,0.0,0.0,0.0,0.0,0.0,0.0,0.0,0.0,0.0,0.0,0.0
13.0659375,202575.0,32666.0,6.20140206943,774.0,64344.0,33.0,7.0,2177.0,6067.0,7044.0,7213.0,4096.0,5074.0,802.0,174.0,16.0,3.0,0.0,0.0,0.0,0.0,0.0,0.0,0.0,0.0,0.0,0.0,0.0,0.0,0.0,0.0,0.0,0.0,0.0,0.0,0.0,0.0
13.0701041667,200398.0,32653.0,6.13720025725,772.0,64344.0,35.0,12.0,2190.0,6348.0,7103.0,7173.0,4016.0,4837.0,765.0,188.0,26.0,7.0,0.0,0.0,0.0,0.0,0.0,0.0,0.0,0.0,0.0,0.0,0.0,0.0,0.0,0.0,0.0,0.0,0.0,0.0,0.0,0.0
13.0742708333,195636.0,32661.0,5.98989620648,772.0,64342.0,39.0,3.0,2294.0,6436.0,7186.0,7087.0,4036.0,4701.0,704.0,185.0,28.0,4.0,0.0,0.0,0.0,0.0,0.0,0.0,0.0,0.0,0.0,0.0,0.0,0.0,0.0,0.0,0.0,0.0,0.0,0.0,0.0,0.0
13.0784375,197841.0,32651.0,6.05926311598,771.0,64347.0,35.0,3.0,2232.0,6429.0,7202.0,7046.0,3933.0,4865.0,743.0,164.0,33.0,4.0,0.0,0.0,0.0,0.0,0.0,0.0,0.0,0.0,0.0,0.0,0.0,0.0,0.0,0.0,0.0,0.0,0.0,0.0,0.0,0.0
13.0826041667,198423.0,32650.0,6.07727411945,772.0,64351.0,36.0,4.0,2221.0,6301.0,7297.0,7092.0,4007.0,4767.0,738.0,193.0,30.0,4.0,0.0,0.0,0.0,0.0,0.0,0.0,0.0,0.0,0.0,0.0,0.0,0.0,0.0,0.0,0.0,0.0,0.0,0.0,0.0,0.0
13.0867708333,200327.0,32647.0,6.13615339847,772.0,64348.0,39.0,9.0,2174.0,6221.0,7275.0,7175.0,3983.0,4865.0,728.0,185.0,35.0,6.0,0.0,0.0,0.0,0.0,0.0,0.0,0.0,0.0,0.0,0.0,0.0,0.0,0.0,0.0,0.0,0.0,0.0,0.0,0.0,0.0
13.0909375,202474.0,32646.0,6.20210745574,767.0,64350.0,35.0,14.0,2357.0,6082.0,7058.0,7105.0,4088.0,4984.0,752.0,179.0,36.0,5.0,0.0,0.0,0.0,0.0,0.0,0.0,0.0,0.0,0.0,0.0,0.0,0.0,0.0,0.0,0.0,0.0,0.0,0.0,0.0,0.0
13.0951041667,196545.0,32652.0,6.01938625505,772.0,64344.0,38.0,7.0,2213.0,6355.0,7211.0,7130.0,4044.0,4777.0,726.0,166.0,24.0,6.0,0.0,0.0,0.0,0.0,0.0,0.0,0.0,0.0,0.0,0.0,0.0,0.0,0.0,0.0,0.0,0.0,0.0,0.0,0.0,0.0
13.0992708333,196635.0,32648.0,6.02288042147,767.0,64344.0,31.0,12.0,2342.0,6301.0,7217.0,6969.0,4037.0,4841.0,730.0,191.0,19.0,1.0,0.0,0.0,0.0,0.0,0.0,0.0,0.0,0.0,0.0,0.0,0.0,0.0,0.0,0.0,0.0,0.0,0.0,0.0,0.0,0.0
13.1034375,197930.0,32649.0,6.06236025606,772.0,64344.0,39.0,1.0,2275.0,6144.0,7023.0,7159.0,4250.0,4892.0,729.0,153.0,19.0,5.0,0.0,0.0,0.0,0.0,0.0,0.0,0.0,0.0,0.0,0.0,0.0,0.0,0.0,0.0,0.0,0.0,0.0,0.0,0.0,0.0
13.1076041667,198657.0,32658.0,6.08295057872,769.0,64347.0,38.0,7.0,2241.0,6303.0,7243.0,6945.0,4119.0,4867.0,737.0,173.0,24.0,6.0,0.0,0.0,0.0,0.0,0.0,0.0,0.0,0.0,0.0,0.0,0.0,0.0,0.0,0.0,0.0,0.0,0.0,0.0,0.0,0.0
13.1117708333,198519.0,32656.0,6.07909725625,767.0,64345.0,33.0,15.0,2276.0,6311.0,7198.0,6935.0,4129.0,4831.0,776.0,169.0,30.0,1.0,0.0,0.0,0.0,0.0,0.0,0.0,0.0,0.0,0.0,0.0,0.0,0.0,0.0,0.0,0.0,0.0,0.0,0.0,0.0,0.0
13.1159375,198477.0,32641.0,6.08060414816,767.0,64348.0,38.0,7.0,2223.0,6317.0,7150.0,6943.0,4149.0,4940.0,729.0,157.0,31.0,2.0,0.0,0.0,0.0,0.0,0.0,0.0,0.0,0.0,0.0,0.0,0.0,0.0,0.0,0.0,0.0,0.0,0.0,0.0,0.0,0.0
13.1201041667,200606.0,32652.0,6.14375842215,769.0,64345.0,33.0,12.0,2158.0,6130.0,7344.0,6943.0,4284.0,4819.0,764.0,177.0,28.0,5.0,0.0,0.0,0.0,0.0,0.0,0.0,0.0,0.0,0.0,0.0,0.0,0.0,0.0,0.0,0.0,0.0,0.0,0.0,0.0,0.0
13.1242708333,200316.0,32639.0,6.13732038359,767.0,64344.0,38.0,10.0,2263.0,6232.0,7190.0,6926.0,4132.0,4944.0,741.0,180.0,26.0,5.0,0.0,0.0,0.0,0.0,0.0,0.0,0.0,0.0,0.0,0.0,0.0,0.0,0.0,0.0,0.0,0.0,0.0,0.0,0.0,0.0
13.1284375,199428.0,32634.0,6.11104982534,767.0,64345.0,35.0,15.0,2192.0,6268.0,7126.0,7011.0,4168.0,4947.0,709.0,187.0,23.0,3.0,0.0,0.0,0.0,0.0,0.0,0.0,0.0,0.0,0.0,0.0,0.0,0.0,0.0,0.0,0.0,0.0,0.0,0.0,0.0,0.0
13.1326041667,202670.0,32642.0,6.20887200539,767.0,64348.0,35.0,3.0,2229.0,6018.0,7050.0,7134.0,4330.0,4901.0,752.0,198.0,27.0,3.0,0.0,0.0,0.0,0.0,0.0,0.0,0.0,0.0,0.0,0.0,0.0,0.0,0.0,0.0,0.0,0.0,0.0,0.0,0.0,0.0
13.1367708333,206474.0,32650.0,6.32385911179,767.0,64344.0,35.0,4.0,2190.0,5978.0,7108.0,6944.0,4325.0,5096.0,808.0,158.0,36.0,7.0,0.0,0.0,0.0,0.0,0.0,0.0,0.0,0.0,0.0,0.0,0.0,0.0,0.0,0.0,0.0,0.0,0.0,0.0,0.0,0.0
13.1409375,204763.0,32647.0,6.27203112078,762.0,64344.0,39.0,9.0,2126.0,6005.0,7105.0,6981.0,4304.0,5151.0,771.0,178.0,23.0,3.0,0.0,0.0,0.0,0.0,0.0,0.0,0.0,0.0,0.0,0.0,0.0,0.0,0.0,0.0,0.0,0.0,0.0,0.0,0.0,0.0
13.1451041667,203824.0,32637.0,6.24518184882,764.0,64344.0,35.0,8.0,2124.0,6006.0,7157.0,7000.0,4244.0,5113.0,808.0,161.0,20.0,4.0,0.0,0.0,0.0,0.0,0.0,0.0,0.0,0.0,0.0,0.0,0.0,0.0,0.0,0.0,0.0,0.0,0.0,0.0,0.0,0.0
13.1492708333,206892.0,32638.0,6.33899135976,762.0,64343.0,38.0,12.0,2069.0,6062.0,7055.0,6936.0,4324.0,5202.0,768.0,189.0,31.0,2.0,0.0,0.0,0.0,0.0,0.0,0.0,0.0,0.0,0.0,0.0,0.0,0.0,0.0,0.0,0.0,0.0,0.0,0.0,0.0,0.0
13.1534375,200036.0,32636.0,6.12930506189,762.0,64344.0,38.0,8.0,2153.0,6244.0,7140.0,7022.0,4132.0,4986.0,756.0,183.0,19.0,1.0,0.0,0.0,0.0,0.0,0.0,0.0,0.0,0.0,0.0,0.0,0.0,0.0,0.0,0.0,0.0,0.0,0.0,0.0,0.0,0.0
13.1576041667,201562.0,32631.0,6.17700959211,762.0,64345.0,35.0,12.0,2266.0,6164.0,7019.0,7080.0,4164.0,4959.0,774.0,174.0,27.0,4.0,0.0,0.0,0.0,0.0,0.0,0.0,0.0,0.0,0.0,0.0,0.0,0.0,0.0,0.0,0.0,0.0,0.0,0.0,0.0,0.0
13.1617708333,203460.0,32639.0,6.23364686418,762.0,64342.0,36.0,6.0,2190.0,6052.0,7028.0,7072.0,4311.0,5036.0,746.0,168.0,30.0,6.0,0.0,0.0,0.0,0.0,0.0,0.0,0.0,0.0,0.0,0.0,0.0,0.0,0.0,0.0,0.0,0.0,0.0,0.0,0.0,0.0
13.1659375,200942.0,32639.0,6.15649989277,761.0,64345.0,36.0,6.0,2192.0,6208.0,7037.0,7119.0,4247.0,4880.0,732.0,193.0,28.0,3.0,0.0,0.0,0.0,0.0,0.0,0.0,0.0,0.0,0.0,0.0,0.0,0.0,0.0,0.0,0.0,0.0,0.0,0.0,0.0,0.0
13.1701041667,200265.0,32631.0,6.13726211271,762.0,64345.0,35.0,11.0,2183.0,6143.0,7265.0,7012.0,4165.0,4921.0,738.0,170.0,29.0,5.0,0.0,0.0,0.0,0.0,0.0,0.0,0.0,0.0,0.0,0.0,0.0,0.0,0.0,0.0,0.0,0.0,0.0,0.0,0.0,0.0
13.1742708333,192202.0,32638.0,5.88890250628,762.0,64344.0,39.0,3.0,2309.0,6478.0,7144.0,7201.0,4025.0,4596.0,697.0,158.0,25.0,5.0,0.0,0.0,0.0,0.0,0.0,0.0,0.0,0.0,0.0,0.0,0.0,0.0,0.0,0.0,0.0,0.0,0.0,0.0,0.0,0.0
13.1784375,191819.0,32635.0,5.87770798223,762.0,64344.0,41.0,65532.0,2286.0,6493.0,7247.0,7030.0,3989.0,4725.0,694.0,145.0,23.0,3.0,0.0,0.0,0.0,0.0,0.0,0.0,0.0,0.0,0.0,0.0,0.0,0.0,0.0,0.0,0.0,0.0,0.0,0.0,0.0,0.0
13.1826041667,195325.0,32628.0,5.98642270443,762.0,64347.0,38.0,7.0,2291.0,6263.0,7201.0,7215.0,3991.0,4745.0,734.0,160.0,23.0,5.0,0.0,0.0,0.0,0.0,0.0,0.0,0.0,0.0,0.0,0.0,0.0,0.0,0.0,0.0,0.0,0.0,0.0,0.0,0.0,0.0
13.1867708333,199207.0,32632.0,6.10465187546,761.0,64345.0,38.0,14.0,2182.0,6317.0,7233.0,6956.0,4067.0,4939.0,742.0,167.0,22.0,7.0,0.0,0.0,0.0,0.0,0.0,0.0,0.0,0.0,0.0,0.0,0.0,0.0,0.0,0.0,0.0,0.0,0.0,0.0,0.0,0.0
13.1909375,196578.0,32633.0,6.0239021849,762.0,64344.0,35.0,9.0,2232.0,6308.0,7111.0,7038.0,4135.0,4904.0,726.0,155.0,23.0,1.0,0.0,0.0,0.0,0.0,0.0,0.0,0.0,0.0,0.0,0.0,0.0,0.0,0.0,0.0,0.0,0.0,0.0,0.0,0.0,0.0
13.1951041667,199202.0,32642.0,6.10262851541,761.0,64347.0,35.0,8.0,2191.0,6230.0,7084.0,7027.0,4241.0,4934.0,748.0,161.0,24.0,2.0,0.0,0.0,0.0,0.0,0.0,0.0,0.0,0.0,0.0,0.0,0.0,0.0,0.0,0.0,0.0,0.0,0.0,0.0,0.0,0.0
13.1992708333,197201.0,32629.0,6.04373410157,762.0,64344.0,35.0,8.0,2152.0,6185.0,7104.0,7316.0,4157.0,4789.0,735.0,165.0,24.0,2.0,0.0,0.0,0.0,0.0,0.0,0.0,0.0,0.0,0.0,0.0,0.0,0.0,0.0,0.0,0.0,0.0,0.0,0.0,0.0,0.0
13.2034375,200514.0,32626.0,6.14583461043,761.0,64343.0,39.0,6.0,2194.0,6156.0,6971.0,7132.0,4182.0,5074.0,734.0,155.0,26.0,2.0,0.0,0.0,0.0,0.0,0.0,0.0,0.0,0.0,0.0,0.0,0.0,0.0,0.0,0.0,0.0,0.0,0.0,0.0,0.0,0.0
13.2076041667,202649.0,32627.0,6.2110828455,762.0,64345.0,36.0,7.0,2084.0,6171.0,7035.0,7018.0,4224.0,5144.0,779.0,146.0,21.0,5.0,0.0,0.0,0.0,0.0,0.0,0.0,0.0,0.0,0.0,0.0,0.0,0.0,0.0,0.0,0.0,0.0,0.0,0.0,0.0,0.0
13.2117708333,200405.0,32627.0,6.14230545254,754.0,64344.0,39.0,7.0,2171.0,6221.0,7010.0,7033.0,4222.0,5033.0,761.0,149.0,24.0,3.0,0.0,0.0,0.0,0.0,0.0,0.0,0.0,0.0,0.0,0.0,0.0,0.0,0.0,0.0,0.0,0.0,0.0,0.0,0.0,0.0
13.2159375,202882.0,32626.0,6.21841476123,756.0,64347.0,39.0,6.0,2172.0,6000.0,7011.0,6961.0,4355.0,5235.0,706.0,162.0,21.0,3.0,0.0,0.0,0.0,0.0,0.0,0.0,0.0,0.0,0.0,0.0,0.0,0.0,0.0,0.0,0.0,0.0,0.0,0.0,0.0,0.0
13.2201041667,203932.0,32619.0,6.25193905393,759.0,64348.0,35.0,7.0,2122.0,6078.0,7013.0,7047.0,4259.0,5076.0,843.0,159.0,19.0,3.0,0.0,0.0,0.0,0.0,0.0,0.0,0.0,0.0,0.0,0.0,0.0,0.0,0.0,0.0,0.0,0.0,0.0,0.0,0.0,0.0
13.2242708333,202147.0,32629.0,6.19531704925,761.0,64358.0,35.0,3.0,2243.0,6097.0,7103.0,6975.0,4201.0,5043.0,777.0,157.0,29.0,4.0,0.0,0.0,0.0,0.0,0.0,0.0,0.0,0.0,0.0,0.0,0.0,0.0,0.0,0.0,0.0,0.0,0.0,0.0,0.0,0.0
13.2284375,203836.0,32631.0,6.24669792529,759.0,64344.0,38.0,7.0,2132.0,6162.0,7003.0,6927.0,4307.0,5162.0,734.0,173.0,28.0,3.0,0.0,0.0,0.0,0.0,0.0,0.0,0.0,0.0,0.0,0.0,0.0,0.0,0.0,0.0,0.0,0.0,0.0,0.0,0.0,0.0
13.2326041667,207279.0,32629.0,6.35260044745,756.0,64344.0,39.0,7.0,2065.0,5927.0,7100.0,6902.0,4417.0,5259.0,756.0,172.0,24.0,7.0,0.0,0.0,0.0,0.0,0.0,0.0,0.0,0.0,0.0,0.0,0.0,0.0,0.0,0.0,0.0,0.0,0.0,0.0,0.0,0.0
13.2367708333,203518.0,32623.0,6.23848205254,756.0,64347.0,39.0,7.0,2143.0,6020.0,7197.0,6854.0,4291.0,5169.0,768.0,158.0,15.0,8.0,0.0,0.0,0.0,0.0,0.0,0.0,0.0,0.0,0.0,0.0,0.0,0.0,0.0,0.0,0.0,0.0,0.0,0.0,0.0,0.0
13.2409375,204400.0,32621.0,6.26590233285,756.0,64344.0,40.0,65535.0,2089.0,5982.0,6907.0,7063.0,4420.0,5226.0,768.0,140.0,22.0,4.0,0.0,0.0,0.0,0.0,0.0,0.0,0.0,0.0,0.0,0.0,0.0,0.0,0.0,0.0,0.0,0.0,0.0,0.0,0.0,0.0
13.2451041667,205146.0,32629.0,6.28722915198,756.0,64344.0,38.0,7.0,2031.0,5968.0,7163.0,6971.0,4467.0,5075.0,751.0,166.0,32.0,5.0,0.0,0.0,0.0,0.0,0.0,0.0,0.0,0.0,0.0,0.0,0.0,0.0,0.0,0.0,0.0,0.0,0.0,0.0,0.0,0.0
13.2492708333,200844.0,32630.0,6.15519460619,756.0,64344.0,39.0,9.0,2107.0,6106.0,7147.0,7003.0,4418.0,4928.0,727.0,162.0,28.0,4.0,0.0,0.0,0.0,0.0,0.0,0.0,0.0,0.0,0.0,0.0,0.0,0.0,0.0,0.0,0.0,0.0,0.0,0.0,0.0,0.0
13.2534375,202993.0,32628.0,6.22143557681,756.0,64345.0,39.0,7.0,2103.0,6027.0,7131.0,7004.0,4370.0,5017.0,785.0,164.0,24.0,3.0,0.0,0.0,0.0,0.0,0.0,0.0,0.0,0.0,0.0,0.0,0.0,0.0,0.0,0.0,0.0,0.0,0.0,0.0,0.0,0.0
13.2576041667,204208.0,32624.0,6.2594409024,756.0,64344.0,39.0,4.0,2081.0,6164.0,7076.0,6859.0,4259.0,5249.0,742.0,165.0,26.0,3.0,0.0,0.0,0.0,0.0,0.0,0.0,0.0,0.0,0.0,0.0,0.0,0.0,0.0,0.0,0.0,0.0,0.0,0.0,0.0,0.0
13.2617708333,203787.0,32623.0,6.24672776875,759.0,64342.0,39.0,3.0,2115.0,6107.0,7002.0,6937.0,4449.0,5029.0,818.0,126.0,36.0,4.0,0.0,0.0,0.0,0.0,0.0,0.0,0.0,0.0,0.0,0.0,0.0,0.0,0.0,0.0,0.0,0.0,0.0,0.0,0.0,0.0
13.2659375,202763.0,32632.0,6.21362466291,756.0,64344.0,39.0,12.0,2134.0,6105.0,7051.0,6845.0,4455.0,5137.0,699.0,178.0,28.0,0.0,0.0,0.0,0.0,0.0,0.0,0.0,0.0,0.0,0.0,0.0,0.0,0.0,0.0,0.0,0.0,0.0,0.0,0.0,0.0,0.0
13.2701041667,205187.0,32623.0,6.28964227692,754.0,64344.0,33.0,15.0,2163.0,6083.0,7004.0,6870.0,4340.0,5203.0,759.0,168.0,30.0,3.0,0.0,0.0,0.0,0.0,0.0,0.0,0.0,0.0,0.0,0.0,0.0,0.0,0.0,0.0,0.0,0.0,0.0,0.0,0.0,0.0
13.2742708333,209251.0,32627.0,6.41343059429,756.0,64345.0,39.0,6.0,2126.0,5949.0,6985.0,6899.0,4379.0,5263.0,832.0,164.0,18.0,12.0,0.0,0.0,0.0,0.0,0.0,0.0,0.0,0.0,0.0,0.0,0.0,0.0,0.0,0.0,0.0,0.0,0.0,0.0,0.0,0.0
13.2784375,203834.0,32618.0,6.24912624931,756.0,64348.0,39.0,8.0,2068.0,5908.0,7017.0,7143.0,4493.0,5053.0,750.0,157.0,23.0,6.0,0.0,0.0,0.0,0.0,0.0,0.0,0.0,0.0,0.0,0.0,0.0,0.0,0.0,0.0,0.0,0.0,0.0,0.0,0.0,0.0
13.2826041667,207513.0,32623.0,6.36094166692,756.0,64344.0,35.0,12.0,2021.0,5873.0,7004.0,6946.0,4467.0,5323.0,823.0,141.0,22.0,3.0,0.0,0.0,0.0,0.0,0.0,0.0,0.0,0.0,0.0,0.0,0.0,0.0,0.0,0.0,0.0,0.0,0.0,0.0,0.0,0.0
13.2867708333,206189.0,32613.0,6.32229479042,753.0,64347.0,36.0,6.0,1998.0,5999.0,7077.0,6853.0,4452.0,5256.0,808.0,146.0,19.0,5.0,0.0,0.0,0.0,0.0,0.0,0.0,0.0,0.0,0.0,0.0,0.0,0.0,0.0,0.0,0.0,0.0,0.0,0.0,0.0,0.0
13.2909375,211099.0,32621.0,6.47126084424,754.0,64347.0,36.0,7.0,1920.0,5807.0,6980.0,6829.0,4580.0,5465.0,876.0,146.0,16.0,2.0,0.0,0.0,0.0,0.0,0.0,0.0,0.0,0.0,0.0,0.0,0.0,0.0,0.0,0.0,0.0,0.0,0.0,0.0,0.0,0.0
13.2951041667,210555.0,32625.0,6.45379310345,754.0,64348.0,35.0,8.0,2049.0,5821.0,6905.0,6871.0,4592.0,5389.0,815.0,147.0,33.0,3.0,0.0,0.0,0.0,0.0,0.0,0.0,0.0,0.0,0.0,0.0,0.0,0.0,0.0,0.0,0.0,0.0,0.0,0.0,0.0,0.0
13.2992708333,215471.0,32613.0,6.60690522184,754.0,64351.0,36.0,3.0,2061.0,5707.0,6660.0,6827.0,4708.0,5609.0,864.0,140.0,34.0,3.0,0.0,0.0,0.0,0.0,0.0,0.0,0.0,0.0,0.0,0.0,0.0,0.0,0.0,0.0,0.0,0.0,0.0,0.0,0.0,0.0
13.3034375,213191.0,32619.0,6.53579202305,751.0,64344.0,35.0,14.0,1984.0,5715.0,6772.0,6841.0,4797.0,5552.0,766.0,164.0,22.0,6.0,0.0,0.0,0.0,0.0,0.0,0.0,0.0,0.0,0.0,0.0,0.0,0.0,0.0,0.0,0.0,0.0,0.0,0.0,0.0,0.0
13.3076041667,218786.0,32616.0,6.70793475595,750.0,64348.0,35.0,11.0,1977.0,5632.0,6649.0,6802.0,4787.0,5705.0,864.0,171.0,23.0,6.0,0.0,0.0,0.0,0.0,0.0,0.0,0.0,0.0,0.0,0.0,0.0,0.0,0.0,0.0,0.0,0.0,0.0,0.0,0.0,0.0
13.3117708333,218105.0,32623.0,6.68562057444,750.0,64344.0,38.0,4.0,1924.0,5635.0,6711.0,6626.0,4850.0,5855.0,854.0,139.0,28.0,1.0,0.0,0.0,0.0,0.0,0.0,0.0,0.0,0.0,0.0,0.0,0.0,0.0,0.0,0.0,0.0,0.0,0.0,0.0,0.0,0.0
13.3159375,215586.0,32617.0,6.60962074992,750.0,64358.0,39.0,4.0,1967.0,5572.0,6701.0,6873.0,4874.0,5605.0,852.0,150.0,18.0,5.0,0.0,0.0,0.0,0.0,0.0,0.0,0.0,0.0,0.0,0.0,0.0,0.0,0.0,0.0,0.0,0.0,0.0,0.0,0.0,0.0
13.3201041667,216864.0,32615.0,6.64921048597,748.0,64342.0,39.0,8.0,1947.0,5642.0,6759.0,6774.0,4712.0,5713.0,875.0,179.0,12.0,2.0,0.0,0.0,0.0,0.0,0.0,0.0,0.0,0.0,0.0,0.0,0.0,0.0,0.0,0.0,0.0,0.0,0.0,0.0,0.0,0.0
13.3242708333,216974.0,32607.0,6.65421535253,750.0,64350.0,38.0,7.0,1985.0,5558.0,6698.0,6875.0,4877.0,5565.0,859.0,158.0,26.0,6.0,0.0,0.0,0.0,0.0,0.0,0.0,0.0,0.0,0.0,0.0,0.0,0.0,0.0,0.0,0.0,0.0,0.0,0.0,0.0,0.0
13.3284375,214194.0,32605.0,6.56936052753,750.0,64345.0,38.0,6.0,1930.0,5820.0,6693.0,6905.0,4673.0,5566.0,833.0,157.0,23.0,5.0,0.0,0.0,0.0,0.0,0.0,0.0,0.0,0.0,0.0,0.0,0.0,0.0,0.0,0.0,0.0,0.0,0.0,0.0,0.0,0.0
13.3326041667,212329.0,32597.0,6.51375893487,750.0,64348.0,35.0,7.0,1981.0,5771.0,6745.0,6865.0,4693.0,5550.0,815.0,154.0,20.0,3.0,0.0,0.0,0.0,0.0,0.0,0.0,0.0,0.0,0.0,0.0,0.0,0.0,0.0,0.0,0.0,0.0,0.0,0.0,0.0,0.0
13.3367708333,225158.0,32602.0,6.90626341942,750.0,64345.0,35.0,8.0,1848.0,5404.0,6553.0,6756.0,4917.0,5940.0,1022.0,136.0,22.0,4.0,0.0,0.0,0.0,0.0,0.0,0.0,0.0,0.0,0.0,0.0,0.0,0.0,0.0,0.0,0.0,0.0,0.0,0.0,0.0,0.0
13.3409375,224909.0,32593.0,6.90053078882,750.0,64345.0,41.0,6.0,1899.0,5369.0,6594.0,6676.0,4978.0,5965.0,921.0,157.0,30.0,4.0,0.0,0.0,0.0,0.0,0.0,0.0,0.0,0.0,0.0,0.0,0.0,0.0,0.0,0.0,0.0,0.0,0.0,0.0,0.0,0.0
13.3451041667,225106.0,32605.0,6.90403312375,750.0,64348.0,35.0,11.0,1872.0,5340.0,6533.0,6905.0,4941.0,5878.0,936.0,169.0,25.0,6.0,0.0,0.0,0.0,0.0,0.0,0.0,0.0,0.0,0.0,0.0,0.0,0.0,0.0,0.0,0.0,0.0,0.0,0.0,0.0,0.0
13.3492708333,226358.0,32604.0,6.94264507422,748.0,64344.0,35.0,10.0,1845.0,5374.0,6394.0,6735.0,5069.0,6096.0,909.0,158.0,17.0,7.0,0.0,0.0,0.0,0.0,0.0,0.0,0.0,0.0,0.0,0.0,0.0,0.0,0.0,0.0,0.0,0.0,0.0,0.0,0.0,0.0
13.3534375,229489.0,32591.0,7.04148384523,748.0,64345.0,38.0,12.0,1762.0,5237.0,6314.0,6660.0,5235.0,6248.0,966.0,147.0,22.0,0.0,0.0,0.0,0.0,0.0,0.0,0.0,0.0,0.0,0.0,0.0,0.0,0.0,0.0,0.0,0.0,0.0,0.0,0.0,0.0,0.0
13.3576041667,239213.0,32593.0,7.33939803025,750.0,64344.0,38.0,12.0,1828.0,5093.0,6092.0,6456.0,5426.0,6452.0,1032.0,173.0,40.0,1.0,0.0,0.0,0.0,0.0,0.0,0.0,0.0,0.0,0.0,0.0,0.0,0.0,0.0,0.0,0.0,0.0,0.0,0.0,0.0,0.0
13.3617708333,234547.0,32595.0,7.19579690137,748.0,64347.0,32.0,9.0,1805.0,5173.0,6085.0,6641.0,5364.0,6389.0,952.0,159.0,16.0,11.0,0.0,0.0,0.0,0.0,0.0,0.0,0.0,0.0,0.0,0.0,0.0,0.0,0.0,0.0,0.0,0.0,0.0,0.0,0.0,0.0
13.3659375,236767.0,32597.0,7.26345982759,748.0,64344.0,38.0,10.0,1756.0,5045.0,6035.0,6625.0,5482.0,6483.0,982.0,163.0,23.0,3.0,0.0,0.0,0.0,0.0,0.0,0.0,0.0,0.0,0.0,0.0,0.0,0.0,0.0,0.0,0.0,0.0,0.0,0.0,0.0,0.0
13.3701041667,238603.0,32593.0,7.32068235511,748.0,64345.0,35.0,7.0,1769.0,5041.0,5973.0,6510.0,5511.0,6610.0,1003.0,143.0,31.0,2.0,0.0,0.0,0.0,0.0,0.0,0.0,0.0,0.0,0.0,0.0,0.0,0.0,0.0,0.0,0.0,0.0,0.0,0.0,0.0,0.0
13.3742708333,238249.0,32595.0,7.30937260316,746.0,64351.0,36.0,4.0,1743.0,5123.0,5861.0,6577.0,5583.0,6490.0,1032.0,162.0,23.0,1.0,0.0,0.0,0.0,0.0,0.0,0.0,0.0,0.0,0.0,0.0,0.0,0.0,0.0,0.0,0.0,0.0,0.0,0.0,0.0,0.0
13.3784375,245474.0,32604.0,7.52895350264,746.0,64344.0,38.0,15.0,1691.0,4972.0,5895.0,6286.0,5800.0,6723.0,1036.0,169.0,20.0,12.0,0.0,0.0,0.0,0.0,0.0,0.0,0.0,0.0,0.0,0.0,0.0,0.0,0.0,0.0,0.0,0.0,0.0,0.0,0.0,0.0
13.3826041667,251862.0,32598.0,7.72630222713,746.0,64344.0,38.0,8.0,1649.0,4742.0,5754.0,6205.0,6063.0,6885.0,1089.0,162.0,44.0,5.0,0.0,0.0,0.0,0.0,0.0,0.0,0.0,0.0,0.0,0.0,0.0,0.0,0.0,0.0,0.0,0.0,0.0,0.0,0.0,0.0
13.3867708333,251929.0,32594.0,7.72930600724,746.0,64344.0,38.0,8.0,1676.0,4773.0,5578.0,6136.0,6124.0,7010.0,1094.0,177.0,21.0,5.0,0.0,0.0,0.0,0.0,0.0,0.0,0.0,0.0,0.0,0.0,0.0,0.0,0.0,0.0,0.0,0.0,0.0,0.0,0.0,0.0
13.3909375,249114.0,32595.0,7.64270593649,748.0,64344.0,39.0,6.0,1710.0,4864.0,5741.0,6172.0,5974.0,6868.0,1065.0,165.0,27.0,9.0,0.0,0.0,0.0,0.0,0.0,0.0,0.0,0.0,0.0,0.0,0.0,0.0,0.0,0.0,0.0,0.0,0.0,0.0,0.0,0.0
13.3951041667,250599.0,32596.0,7.68802920604,748.0,64345.0,39.0,7.0,1710.0,4779.0,5550.0,6328.0,5994.0,6945.0,1087.0,173.0,25.0,5.0,0.0,0.0,0.0,0.0,0.0,0.0,0.0,0.0,0.0,0.0,0.0,0.0,0.0,0.0,0.0,0.0,0.0,0.0,0.0,0.0
13.3992708333,250903.0,32591.0,7.69853640576,746.0,64344.0,39.0,6.0,1732.0,4781.0,5419.0,6191.0,6363.0,6806.0,1107.0,153.0,35.0,4.0,0.0,0.0,0.0,0.0,0.0,0.0,0.0,0.0,0.0,0.0,0.0,0.0,0.0,0.0,0.0,0.0,0.0,0.0,0.0,0.0
13.4034375,253370.0,32583.0,7.77614093239,746.0,64346.0,38.0,15.0,1684.0,4744.0,5521.0,6034.0,6189.0,7124.0,1103.0,155.0,21.0,8.0,0.0,0.0,0.0,0.0,0.0,0.0,0.0,0.0,0.0,0.0,0.0,0.0,0.0,0.0,0.0,0.0,0.0,0.0,0.0,0.0
13.4076041667,254472.0,32583.0,7.80996225025,741.0,64344.0,44.0,7.0,1611.0,4708.0,5410.0,6220.0,6244.0,7047.0,1161.0,150.0,28.0,4.0,0.0,0.0,0.0,0.0,0.0,0.0,0.0,0.0,0.0,0.0,0.0,0.0,0.0,0.0,0.0,0.0,0.0,0.0,0.0,0.0
13.4117708333,255882.0,32596.0,7.85010430728,748.0,64344.0,39.0,7.0,1609.0,4576.0,5397.0,6062.0,6519.0,7139.0,1119.0,142.0,27.0,6.0,0.0,0.0,0.0,0.0,0.0,0.0,0.0,0.0,0.0,0.0,0.0,0.0,0.0,0.0,0.0,0.0,0.0,0.0,0.0,0.0
13.4159375,254947.0,32590.0,7.82285977294,743.0,64344.0,35.0,12.0,1682.0,4709.0,5425.0,6103.0,6162.0,7175.0,1158.0,140.0,34.0,2.0,0.0,0.0,0.0,0.0,0.0,0.0,0.0,0.0,0.0,0.0,0.0,0.0,0.0,0.0,0.0,0.0,0.0,0.0,0.0,0.0
13.4201041667,256233.0,32580.0,7.86473296501,746.0,64348.0,36.0,7.0,1597.0,4673.0,5324.0,6108.0,6370.0,7155.0,1179.0,150.0,19.0,5.0,0.0,0.0,0.0,0.0,0.0,0.0,0.0,0.0,0.0,0.0,0.0,0.0,0.0,0.0,0.0,0.0,0.0,0.0,0.0,0.0
13.4242708333,254959.0,32580.0,7.82562922038,746.0,64344.0,39.0,7.0,1635.0,4583.0,5342.0,6103.0,6556.0,7017.0,1176.0,140.0,25.0,3.0,0.0,0.0,0.0,0.0,0.0,0.0,0.0,0.0,0.0,0.0,0.0,0.0,0.0,0.0,0.0,0.0,0.0,0.0,0.0,0.0
13.4284375,260208.0,32588.0,7.9847796735,743.0,64344.0,35.0,8.0,1631.0,4450.0,5213.0,6137.0,6564.0,7209.0,1194.0,162.0,22.0,6.0,0.0,0.0,0.0,0.0,0.0,0.0,0.0,0.0,0.0,0.0,0.0,0.0,0.0,0.0,0.0,0.0,0.0,0.0,0.0,0.0
13.4326041667,265900.0,32572.0,8.16345327275,743.0,64342.0,39.0,6.0,1629.0,4392.0,5074.0,5978.0,6603.0,7514.0,1194.0,145.0,32.0,11.0,0.0,0.0,0.0,0.0,0.0,0.0,0.0,0.0,0.0,0.0,0.0,0.0,0.0,0.0,0.0,0.0,0.0,0.0,0.0,0.0
13.4367708333,264457.0,32578.0,8.11765608693,741.0,64347.0,35.0,7.0,1572.0,4405.0,5006.0,5920.0,6931.0,7322.0,1240.0,150.0,29.0,3.0,0.0,0.0,0.0,0.0,0.0,0.0,0.0,0.0,0.0,0.0,0.0,0.0,0.0,0.0,0.0,0.0,0.0,0.0,0.0,0.0
13.4409375,270764.0,32575.0,8.31201841903,741.0,64348.0,38.0,7.0,1666.0,4310.0,4859.0,5576.0,7142.0,7543.0,1287.0,155.0,31.0,6.0,0.0,0.0,0.0,0.0,0.0,0.0,0.0,0.0,0.0,0.0,0.0,0.0,0.0,0.0,0.0,0.0,0.0,0.0,0.0,0.0
13.4451041667,274007.0,32586.0,8.40873381207,738.0,64345.0,35.0,19.0,1612.0,4365.0,4779.0,5623.0,7123.0,7582.0,1289.0,168.0,33.0,12.0,0.0,0.0,0.0,0.0,0.0,0.0,0.0,0.0,0.0,0.0,0.0,0.0,0.0,0.0,0.0,0.0,0.0,0.0,0.0,0.0
13.4492708333,272909.0,32578.0,8.37709497207,741.0,64355.0,36.0,3.0,1533.0,4151.0,4613.0,5731.0,7556.0,7490.0,1310.0,173.0,16.0,5.0,0.0,0.0,0.0,0.0,0.0,0.0,0.0,0.0,0.0,0.0,0.0,0.0,0.0,0.0,0.0,0.0,0.0,0.0,0.0,0.0
13.4534375,275229.0,32583.0,8.44701224565,741.0,64340.0,44.0,6.0,1573.0,4097.0,4650.0,5488.0,7757.0,7448.0,1397.0,134.0,36.0,3.0,0.0,0.0,0.0,0.0,0.0,0.0,0.0,0.0,0.0,0.0,0.0,0.0,0.0,0.0,0.0,0.0,0.0,0.0,0.0,0.0
13.4576041667,278745.0,32578.0,8.55623426852,743.0,64352.0,36.0,8.0,1547.0,3991.0,4627.0,5535.0,7578.0,7671.0,1435.0,174.0,17.0,3.0,0.0,0.0,0.0,0.0,0.0,0.0,0.0,0.0,0.0,0.0,0.0,0.0,0.0,0.0,0.0,0.0,0.0,0.0,0.0,0.0
13.4617708333,280612.0,32573.0,8.6148650723,738.0,64348.0,38.0,12.0,1526.0,4018.0,4529.0,5498.0,7687.0,7703.0,1412.0,168.0,26.0,6.0,0.0,0.0,0.0,0.0,0.0,0.0,0.0,0.0,0.0,0.0,0.0,0.0,0.0,0.0,0.0,0.0,0.0,0.0,0.0,0.0
13.4659375,280705.0,32576.0,8.61692657171,740.0,64344.0,38.0,6.0,1552.0,4023.0,4513.0,5374.0,7792.0,7683.0,1449.0,163.0,22.0,5.0,0.0,0.0,0.0,0.0,0.0,0.0,0.0,0.0,0.0,0.0,0.0,0.0,0.0,0.0,0.0,0.0,0.0,0.0,0.0,0.0
13.4701041667,280288.0,32570.0,8.60571077679,741.0,64347.0,38.0,3.0,1541.0,4112.0,4434.0,5367.0,7934.0,7564.0,1431.0,153.0,23.0,11.0,0.0,0.0,0.0,0.0,0.0,0.0,0.0,0.0,0.0,0.0,0.0,0.0,0.0,0.0,0.0,0.0,0.0,0.0,0.0,0.0
13.4742708333,282101.0,32580.0,8.6587170043,741.0,64344.0,39.0,6.0,1508.0,4071.0,4267.0,5228.0,8189.0,7710.0,1404.0,179.0,22.0,2.0,0.0,0.0,0.0,0.0,0.0,0.0,0.0,0.0,0.0,0.0,0.0,0.0,0.0,0.0,0.0,0.0,0.0,0.0,0.0,0.0
13.4784375,283000.0,32572.0,8.68844406238,741.0,64344.0,39.0,7.0,1641.0,3912.0,4316.0,5248.0,8027.0,7820.0,1415.0,162.0,27.0,4.0,0.0,0.0,0.0,0.0,0.0,0.0,0.0,0.0,0.0,0.0,0.0,0.0,0.0,0.0,0.0,0.0,0.0,0.0,0.0,0.0
13.4826041667,282407.0,32580.0,8.66810926949,741.0,64342.0,39.0,6.0,1576.0,4107.0,4388.0,5259.0,7915.0,7659.0,1481.0,158.0,34.0,3.0,0.0,0.0,0.0,0.0,0.0,0.0,0.0,0.0,0.0,0.0,0.0,0.0,0.0,0.0,0.0,0.0,0.0,0.0,0.0,0.0
13.4867708333,279102.0,32581.0,8.56640373224,741.0,64342.0,38.0,7.0,1598.0,4130.0,4342.0,5200.0,8092.0,7673.0,1352.0,162.0,30.0,2.0,0.0,0.0,0.0,0.0,0.0,0.0,0.0,0.0,0.0,0.0,0.0,0.0,0.0,0.0,0.0,0.0,0.0,0.0,0.0,0.0
13.4909375,281251.0,32575.0,8.6339524175,741.0,64345.0,36.0,8.0,1550.0,4007.0,4380.0,5185.0,8212.0,7638.0,1414.0,158.0,27.0,4.0,0.0,0.0,0.0,0.0,0.0,0.0,0.0,0.0,0.0,0.0,0.0,0.0,0.0,0.0,0.0,0.0,0.0,0.0,0.0,0.0
13.4951041667,277237.0,32568.0,8.51255833947,741.0,64347.0,35.0,7.0,1679.0,4121.0,4462.0,5062.0,8105.0,7596.0,1365.0,147.0,27.0,4.0,0.0,0.0,0.0,0.0,0.0,0.0,0.0,0.0,0.0,0.0,0.0,0.0,0.0,0.0,0.0,0.0,0.0,0.0,0.0,0.0
13.4992708333,279920.0,32573.0,8.59362048322,741.0,64344.0,36.0,12.0,1595.0,4130.0,4419.0,5166.0,7932.0,7721.0,1431.0,155.0,20.0,4.0,0.0,0.0,0.0,0.0,0.0,0.0,0.0,0.0,0.0,0.0,0.0,0.0,0.0,0.0,0.0,0.0,0.0,0.0,0.0,0.0
13.5034375,276995.0,32579.0,8.50225605451,741.0,64344.0,36.0,7.0,1670.0,4251.0,4426.0,5095.0,8031.0,7560.0,1360.0,151.0,30.0,5.0,0.0,0.0,0.0,0.0,0.0,0.0,0.0,0.0,0.0,0.0,0.0,0.0,0.0,0.0,0.0,0.0,0.0,0.0,0.0,0.0
13.5076041667,282560.0,32570.0,8.67546822229,741.0,64343.0,38.0,12.0,1631.0,4110.0,4203.0,5277.0,8033.0,7664.0,1469.0,145.0,31.0,7.0,0.0,0.0,0.0,0.0,0.0,0.0,0.0,0.0,0.0,0.0,0.0,0.0,0.0,0.0,0.0,0.0,0.0,0.0,0.0,0.0
13.5117708333,279468.0,32581.0,8.57763727326,741.0,64344.0,39.0,12.0,1602.0,4162.0,4455.0,5207.0,8052.0,7528.0,1363.0,173.0,31.0,8.0,0.0,0.0,0.0,0.0,0.0,0.0,0.0,0.0,0.0,0.0,0.0,0.0,0.0,0.0,0.0,0.0,0.0,0.0,0.0,0.0
13.5159375,276920.0,32574.0,8.50125867256,738.0,64344.0,39.0,12.0,1620.0,4194.0,4511.0,5266.0,7804.0,7663.0,1340.0,140.0,27.0,9.0,0.0,0.0,0.0,0.0,0.0,0.0,0.0,0.0,0.0,0.0,0.0,0.0,0.0,0.0,0.0,0.0,0.0,0.0,0.0,0.0
13.5201041667,277101.0,32587.0,8.50342160984,741.0,64344.0,38.0,14.0,1614.0,4081.0,4360.0,5253.0,8049.0,7659.0,1409.0,148.0,14.0,0.0,0.0,0.0,0.0,0.0,0.0,0.0,0.0,0.0,0.0,0.0,0.0,0.0,0.0,0.0,0.0,0.0,0.0,0.0,0.0,0.0
13.5242708333,276623.0,32584.0,8.48953474098,743.0,64344.0,35.0,11.0,1675.0,4149.0,4461.0,5232.0,7868.0,7652.0,1383.0,139.0,18.0,7.0,0.0,0.0,0.0,0.0,0.0,0.0,0.0,0.0,0.0,0.0,0.0,0.0,0.0,0.0,0.0,0.0,0.0,0.0,0.0,0.0
13.5284375,280680.0,32574.0,8.6166881562,740.0,64344.0,39.0,0.0,1603.0,4034.0,4433.0,5197.0,8090.0,7598.0,1425.0,160.0,30.0,4.0,0.0,0.0,0.0,0.0,0.0,0.0,0.0,0.0,0.0,0.0,0.0,0.0,0.0,0.0,0.0,0.0,0.0,0.0,0.0,0.0
13.5326041667,283432.0,32573.0,8.70143984281,741.0,64348.0,35.0,7.0,1544.0,4040.0,4366.0,5219.0,8153.0,7611.0,1434.0,166.0,31.0,9.0,0.0,0.0,0.0,0.0,0.0,0.0,0.0,0.0,0.0,0.0,0.0,0.0,0.0,0.0,0.0,0.0,0.0,0.0,0.0,0.0
13.5367708333,284954.0,32586.0,8.74467562757,741.0,64348.0,39.0,7.0,1622.0,4140.0,4255.0,5090.0,8035.0,7733.0,1500.0,181.0,26.0,4.0,0.0,0.0,0.0,0.0,0.0,0.0,0.0,0.0,0.0,0.0,0.0,0.0,0.0,0.0,0.0,0.0,0.0,0.0,0.0,0.0
13.5409375,280229.0,32585.0,8.59993862207,741.0,64344.0,39.0,7.0,1585.0,4041.0,4314.0,5186.0,8130.0,7759.0,1387.0,161.0,21.0,1.0,0.0,0.0,0.0,0.0,0.0,0.0,0.0,0.0,0.0,0.0,0.0,0.0,0.0,0.0,0.0,0.0,0.0,0.0,0.0,0.0
13.5451041667,285429.0,32580.0,8.76086556169,741.0,64344.0,35.0,8.0,1529.0,4015.0,4221.0,5199.0,8100.0,7859.0,1480.0,143.0,28.0,6.0,0.0,0.0,0.0,0.0,0.0,0.0,0.0,0.0,0.0,0.0,0.0,0.0,0.0,0.0,0.0,0.0,0.0,0.0,0.0,0.0
13.5492708333,283086.0,32584.0,8.68788362386,741.0,64343.0,38.0,3.0,1575.0,4060.0,4225.0,5084.0,8204.0,7796.0,1455.0,164.0,20.0,1.0,0.0,0.0,0.0,0.0,0.0,0.0,0.0,0.0,0.0,0.0,0.0,0.0,0.0,0.0,0.0,0.0,0.0,0.0,0.0,0.0
13.5534375,286461.0,32587.0,8.79065271427,741.0,64344.0,35.0,7.0,1548.0,3995.0,4243.0,5045.0,8157.0,7892.0,1526.0,156.0,23.0,2.0,0.0,0.0,0.0,0.0,0.0,0.0,0.0,0.0,0.0,0.0,0.0,0.0,0.0,0.0,0.0,0.0,0.0,0.0,0.0,0.0
13.5576041667,285188.0,32574.0,8.75508073924,743.0,64344.0,39.0,7.0,1522.0,4066.0,4307.0,5105.0,8197.0,7675.0,1489.0,181.0,29.0,3.0,0.0,0.0,0.0,0.0,0.0,0.0,0.0,0.0,0.0,0.0,0.0,0.0,0.0,0.0,0.0,0.0,0.0,0.0,0.0,0.0
13.5617708333,286719.0,32583.0,8.7996501243,745.0,64347.0,36.0,3.0,1488.0,3957.0,4243.0,5165.0,8232.0,7773.0,1539.0,159.0,23.0,4.0,0.0,0.0,0.0,0.0,0.0,0.0,0.0,0.0,0.0,0.0,0.0,0.0,0.0,0.0,0.0,0.0,0.0,0.0,0.0,0.0
13.5659375,287490.0,32573.0,8.82602155159,741.0,64345.0,38.0,7.0,1601.0,3928.0,4175.0,5101.0,8241.0,7789.0,1544.0,166.0,23.0,5.0,0.0,0.0,0.0,0.0,0.0,0.0,0.0,0.0,0.0,0.0,0.0,0.0,0.0,0.0,0.0,0.0,0.0,0.0,0.0,0.0
13.5701041667,285066.0,32575.0,8.75106676899,745.0,64344.0,35.0,12.0,1558.0,3968.0,4151.0,5153.0,8343.0,7770.0,1436.0,165.0,26.0,5.0,0.0,0.0,0.0,0.0,0.0,0.0,0.0,0.0,0.0,0.0,0.0,0.0,0.0,0.0,0.0,0.0,0.0,0.0,0.0,0.0
13.5742708333,284723.0,32586.0,8.73758669367,741.0,64348.0,39.0,7.0,1645.0,3849.0,4189.0,4998.0,8363.0,7886.0,1501.0,134.0,20.0,1.0,0.0,0.0,0.0,0.0,0.0,0.0,0.0,0.0,0.0,0.0,0.0,0.0,0.0,0.0,0.0,0.0,0.0,0.0,0.0,0.0
13.5784375,281497.0,32579.0,8.6404432303,748.0,64342.0,39.0,12.0,1649.0,4053.0,4208.0,5115.0,8341.0,7591.0,1437.0,155.0,25.0,5.0,0.0,0.0,0.0,0.0,0.0,0.0,0.0,0.0,0.0,0.0,0.0,0.0,0.0,0.0,0.0,0.0,0.0,0.0,0.0,0.0
13.5826041667,286068.0,32580.0,8.78047882136,748.0,64347.0,35.0,8.0,1665.0,3938.0,4277.0,5080.0,8239.0,7711.0,1447.0,182.0,35.0,6.0,0.0,0.0,0.0,0.0,0.0,0.0,0.0,0.0,0.0,0.0,0.0,0.0,0.0,0.0,0.0,0.0,0.0,0.0,0.0,0.0
13.5867708333,283925.0,32590.0,8.71202822952,748.0,64345.0,39.0,8.0,1594.0,4035.0,4279.0,5035.0,8259.0,7714.0,1480.0,170.0,21.0,3.0,0.0,0.0,0.0,0.0,0.0,0.0,0.0,0.0,0.0,0.0,0.0,0.0,0.0,0.0,0.0,0.0,0.0,0.0,0.0,0.0
13.5909375,284486.0,32585.0,8.73058155593,746.0,64343.0,38.0,7.0,1604.0,4080.0,4259.0,4922.0,8221.0,7842.0,1477.0,154.0,22.0,4.0,0.0,0.0,0.0,0.0,0.0,0.0,0.0,0.0,0.0,0.0,0.0,0.0,0.0,0.0,0.0,0.0,0.0,0.0,0.0,0.0
13.5951041667,287885.0,32597.0,8.83164094855,748.0,64344.0,38.0,6.0,1589.0,3985.0,4116.0,5059.0,8393.0,7730.0,1527.0,154.0,42.0,2.0,0.0,0.0,0.0,0.0,0.0,0.0,0.0,0.0,0.0,0.0,0.0,0.0,0.0,0.0,0.0,0.0,0.0,0.0,0.0,0.0
13.5992708333,281870.0,32592.0,8.6484413353,750.0,64345.0,38.0,7.0,1599.0,4048.0,4219.0,5100.0,8331.0,7666.0,1459.0,139.0,30.0,1.0,0.0,0.0,0.0,0.0,0.0,0.0,0.0,0.0,0.0,0.0,0.0,0.0,0.0,0.0,0.0,0.0,0.0,0.0,0.0,0.0
13.6034375,286887.0,32599.0,8.80048467744,748.0,64345.0,39.0,9.0,1546.0,3865.0,4249.0,5071.0,8324.0,7866.0,1507.0,138.0,29.0,4.0,0.0,0.0,0.0,0.0,0.0,0.0,0.0,0.0,0.0,0.0,0.0,0.0,0.0,0.0,0.0,0.0,0.0,0.0,0.0,0.0
13.6076041667,284349.0,32591.0,8.7247706422,748.0,64344.0,41.0,65535.0,1623.0,4055.0,4169.0,5149.0,8300.0,7642.0,1433.0,183.0,34.0,3.0,0.0,0.0,0.0,0.0,0.0,0.0,0.0,0.0,0.0,0.0,0.0,0.0,0.0,0.0,0.0,0.0,0.0,0.0,0.0,0.0
13.6117708333,281157.0,32597.0,8.62524158665,748.0,64344.0,39.0,4.0,1592.0,4137.0,4256.0,5171.0,8132.0,7651.0,1480.0,157.0,19.0,2.0,0.0,0.0,0.0,0.0,0.0,0.0,0.0,0.0,0.0,0.0,0.0,0.0,0.0,0.0,0.0,0.0,0.0,0.0,0.0,0.0
13.6159375,283222.0,32594.0,8.6893906854,748.0,64343.0,39.0,6.0,1625.0,4132.0,4261.0,5010.0,8216.0,7688.0,1451.0,182.0,29.0,0.0,0.0,0.0,0.0,0.0,0.0,0.0,0.0,0.0,0.0,0.0,0.0,0.0,0.0,0.0,0.0,0.0,0.0,0.0,0.0,0.0
13.6201041667,286618.0,32594.0,8.79358164079,748.0,64344.0,35.0,9.0,1551.0,3994.0,4208.0,5110.0,8331.0,7675.0,1538.0,148.0,34.0,5.0,0.0,0.0,0.0,0.0,0.0,0.0,0.0,0.0,0.0,0.0,0.0,0.0,0.0,0.0,0.0,0.0,0.0,0.0,0.0,0.0
13.6242708333,287377.0,32591.0,8.81767972753,750.0,64344.0,39.0,6.0,1521.0,3957.0,4214.0,5040.0,8546.0,7602.0,1518.0,154.0,28.0,11.0,0.0,0.0,0.0,0.0,0.0,0.0,0.0,0.0,0.0,0.0,0.0,0.0,0.0,0.0,0.0,0.0,0.0,0.0,0.0,0.0
13.6284375,287778.0,32596.0,8.82862927967,750.0,64343.0,39.0,9.0,1546.0,3924.0,4207.0,5054.0,8407.0,7746.0,1515.0,161.0,31.0,5.0,0.0,0.0,0.0,0.0,0.0,0.0,0.0,0.0,0.0,0.0,0.0,0.0,0.0,0.0,0.0,0.0,0.0,0.0,0.0,0.0
13.6326041667,285463.0,32587.0,8.76002700463,750.0,64344.0,39.0,7.0,1618.0,4037.0,4107.0,5219.0,8144.0,7763.0,1498.0,173.0,25.0,3.0,0.0,0.0,0.0,0.0,0.0,0.0,0.0,0.0,0.0,0.0,0.0,0.0,0.0,0.0,0.0,0.0,0.0,0.0,0.0,0.0
13.6367708333,283035.0,32602.0,8.68152260598,750.0,64347.0,35.0,6.0,1570.0,4057.0,4315.0,5253.0,7981.0,7763.0,1485.0,149.0,25.0,4.0,0.0,0.0,0.0,0.0,0.0,0.0,0.0,0.0,0.0,0.0,0.0,0.0,0.0,0.0,0.0,0.0,0.0,0.0,0.0,0.0
13.6409375,282519.0,32599.0,8.6664928372,750.0,64345.0,38.0,9.0,1558.0,4115.0,4442.0,5168.0,7930.0,7698.0,1489.0,174.0,23.0,2.0,0.0,0.0,0.0,0.0,0.0,0.0,0.0,0.0,0.0,0.0,0.0,0.0,0.0,0.0,0.0,0.0,0.0,0.0,0.0,0.0
13.6451041667,287000.0,32601.0,8.80341093831,756.0,64344.0,39.0,6.0,1498.0,4050.0,4265.0,5115.0,8123.0,7863.0,1500.0,157.0,20.0,10.0,0.0,0.0,0.0,0.0,0.0,0.0,0.0,0.0,0.0,0.0,0.0,0.0,0.0,0.0,0.0,0.0,0.0,0.0,0.0,0.0
13.6492708333,281038.0,32604.0,8.61973990921,751.0,64344.0,35.0,7.0,1594.0,4174.0,4474.0,5321.0,7625.0,7808.0,1401.0,172.0,32.0,3.0,0.0,0.0,0.0,0.0,0.0,0.0,0.0,0.0,0.0,0.0,0.0,0.0,0.0,0.0,0.0,0.0,0.0,0.0,0.0,0.0
13.6534375,279963.0,32595.0,8.58913943856,750.0,64344.0,38.0,15.0,1642.0,4033.0,4571.0,5275.0,7871.0,7600.0,1394.0,176.0,25.0,8.0,0.0,0.0,0.0,0.0,0.0,0.0,0.0,0.0,0.0,0.0,0.0,0.0,0.0,0.0,0.0,0.0,0.0,0.0,0.0,0.0
13.6576041667,278345.0,32612.0,8.53504844842,751.0,64344.0,39.0,8.0,1559.0,4051.0,4583.0,5450.0,7834.0,7543.0,1388.0,175.0,24.0,5.0,0.0,0.0,0.0,0.0,0.0,0.0,0.0,0.0,0.0,0.0,0.0,0.0,0.0,0.0,0.0,0.0,0.0,0.0,0.0,0.0
13.6617708333,278006.0,32605.0,8.52648366815,753.0,64344.0,39.0,12.0,1579.0,4170.0,4544.0,5337.0,7619.0,7773.0,1409.0,147.0,26.0,1.0,0.0,0.0,0.0,0.0,0.0,0.0,0.0,0.0,0.0,0.0,0.0,0.0,0.0,0.0,0.0,0.0,0.0,0.0,0.0,0.0
13.6659375,282303.0,32601.0,8.6593356032,754.0,64344.0,39.0,8.0,1544.0,4113.0,4527.0,5400.0,7714.0,7664.0,1417.0,183.0,30.0,9.0,0.0,0.0,0.0,0.0,0.0,0.0,0.0,0.0,0.0,0.0,0.0,0.0,0.0,0.0,0.0,0.0,0.0,0.0,0.0,0.0
13.6701041667,278894.0,32618.0,8.55030964498,756.0,64348.0,38.0,7.0,1548.0,4196.0,4823.0,5469.0,7285.0,7698.0,1365.0,196.0,33.0,5.0,0.0,0.0,0.0,0.0,0.0,0.0,0.0,0.0,0.0,0.0,0.0,0.0,0.0,0.0,0.0,0.0,0.0,0.0,0.0,0.0
13.6742708333,267626.0,32612.0,8.20636575494,756.0,64345.0,38.0,8.0,1527.0,4222.0,5034.0,5718.0,7126.0,7573.0,1236.0,153.0,23.0,0.0,0.0,0.0,0.0,0.0,0.0,0.0,0.0,0.0,0.0,0.0,0.0,0.0,0.0,0.0,0.0,0.0,0.0,0.0,0.0,0.0
13.6784375,266188.0,32605.0,8.16402392271,756.0,64344.0,39.0,12.0,1529.0,4316.0,5044.0,5986.0,6876.0,7422.0,1252.0,153.0,21.0,6.0,0.0,0.0,0.0,0.0,0.0,0.0,0.0,0.0,0.0,0.0,0.0,0.0,0.0,0.0,0.0,0.0,0.0,0.0,0.0,0.0
13.6826041667,259835.0,32608.0,7.96844332679,756.0,64344.0,39.0,6.0,1605.0,4509.0,5421.0,6123.0,6427.0,7104.0,1214.0,173.0,25.0,7.0,0.0,0.0,0.0,0.0,0.0,0.0,0.0,0.0,0.0,0.0,0.0,0.0,0.0,0.0,0.0,0.0,0.0,0.0,0.0,0.0
13.6867708333,253599.0,32617.0,7.77505595242,759.0,64345.0,35.0,8.0,1692.0,4665.0,5463.0,6120.0,6339.0,6990.0,1169.0,152.0,24.0,3.0,0.0,0.0,0.0,0.0,0.0,0.0,0.0,0.0,0.0,0.0,0.0,0.0,0.0,0.0,0.0,0.0,0.0,0.0,0.0,0.0
13.6909375,248507.0,32627.0,7.61660587857,758.0,64344.0,39.0,8.0,1673.0,4847.0,5786.0,6214.0,5846.0,6989.0,1080.0,166.0,25.0,1.0,0.0,0.0,0.0,0.0,0.0,0.0,0.0,0.0,0.0,0.0,0.0,0.0,0.0,0.0,0.0,0.0,0.0,0.0,0.0,0.0
13.6951041667,250334.0,32621.0,7.67401367217,759.0,64342.0,44.0,6.0,1622.0,4686.0,5720.0,6168.0,6178.0,6973.0,1097.0,152.0,21.0,4.0,0.0,0.0,0.0,0.0,0.0,0.0,0.0,0.0,0.0,0.0,0.0,0.0,0.0,0.0,0.0,0.0,0.0,0.0,0.0,0.0
13.6992708333,250810.0,32624.0,7.68789847965,762.0,64345.0,38.0,4.0,1622.0,4750.0,5636.0,6309.0,6176.0,6811.0,1119.0,170.0,27.0,4.0,0.0,0.0,0.0,0.0,0.0,0.0,0.0,0.0,0.0,0.0,0.0,0.0,0.0,0.0,0.0,0.0,0.0,0.0,0.0,0.0
13.7034375,243872.0,32627.0,7.47454562172,762.0,64344.0,35.0,7.0,1596.0,4964.0,5878.0,6282.0,5895.0,6807.0,1038.0,143.0,20.0,4.0,0.0,0.0,0.0,0.0,0.0,0.0,0.0,0.0,0.0,0.0,0.0,0.0,0.0,0.0,0.0,0.0,0.0,0.0,0.0,0.0
13.7076041667,244250.0,32624.0,7.48681951937,761.0,64345.0,39.0,3.0,1656.0,4928.0,6051.0,6291.0,5747.0,6727.0,1036.0,155.0,24.0,9.0,0.0,0.0,0.0,0.0,0.0,0.0,0.0,0.0,0.0,0.0,0.0,0.0,0.0,0.0,0.0,0.0,0.0,0.0,0.0,0.0
13.7117708333,232612.0,32637.0,7.12724821522,762.0,64344.0,35.0,9.0,1742.0,5288.0,6160.0,6559.0,5418.0,6391.0,901.0,140.0,34.0,4.0,0.0,0.0,0.0,0.0,0.0,0.0,0.0,0.0,0.0,0.0,0.0,0.0,0.0,0.0,0.0,0.0,0.0,0.0,0.0,0.0
13.7159375,235701.0,32636.0,7.22211668097,762.0,64344.0,39.0,6.0,1767.0,5189.0,6066.0,6709.0,5431.0,6278.0,967.0,201.0,26.0,2.0,0.0,0.0,0.0,0.0,0.0,0.0,0.0,0.0,0.0,0.0,0.0,0.0,0.0,0.0,0.0,0.0,0.0,0.0,0.0,0.0
13.7201041667,230353.0,32643.0,7.05673498147,762.0,64347.0,36.0,4.0,1853.0,5265.0,6466.0,6481.0,5299.0,6130.0,956.0,165.0,20.0,8.0,0.0,0.0,0.0,0.0,0.0,0.0,0.0,0.0,0.0,0.0,0.0,0.0,0.0,0.0,0.0,0.0,0.0,0.0,0.0,0.0
13.7242708333,230959.0,32639.0,7.07616654922,762.0,64345.0,39.0,7.0,1848.0,5147.0,6370.0,6674.0,5289.0,6154.0,967.0,157.0,30.0,3.0,0.0,0.0,0.0,0.0,0.0,0.0,0.0,0.0,0.0,0.0,0.0,0.0,0.0,0.0,0.0,0.0,0.0,0.0,0.0,0.0
13.7284375,230653.0,32642.0,7.06614178053,762.0,64344.0,36.0,7.0,1833.0,5279.0,6325.0,6657.0,5202.0,6170.0,984.0,167.0,22.0,3.0,0.0,0.0,0.0,0.0,0.0,0.0,0.0,0.0,0.0,0.0,0.0,0.0,0.0,0.0,0.0,0.0,0.0,0.0,0.0,0.0
13.7326041667,231356.0,32648.0,7.08637588826,764.0,64339.0,38.0,3.0,1754.0,5278.0,6475.0,6622.0,5140.0,6225.0,947.0,184.0,16.0,7.0,0.0,0.0,0.0,0.0,0.0,0.0,0.0,0.0,0.0,0.0,0.0,0.0,0.0,0.0,0.0,0.0,0.0,0.0,0.0,0.0
13.7367708333,228350.0,32636.0,6.99687461699,767.0,64346.0,39.0,6.0,1803.0,5324.0,6635.0,6559.0,5154.0,6011.0,947.0,169.0,29.0,5.0,0.0,0.0,0.0,0.0,0.0,0.0,0.0,0.0,0.0,0.0,0.0,0.0,0.0,0.0,0.0,0.0,0.0,0.0,0.0,0.0
13.7409375,222971.0,32638.0,6.83163796801,766.0,64342.0,35.0,15.0,1877.0,5519.0,6718.0,6668.0,5014.0,5713.0,910.0,187.0,27.0,5.0,0.0,0.0,0.0,0.0,0.0,0.0,0.0,0.0,0.0,0.0,0.0,0.0,0.0,0.0,0.0,0.0,0.0,0.0,0.0,0.0
13.7451041667,226583.0,32646.0,6.94060528089,764.0,64348.0,36.0,6.0,1870.0,5377.0,6781.0,6623.0,4916.0,5952.0,916.0,170.0,32.0,9.0,0.0,0.0,0.0,0.0,0.0,0.0,0.0,0.0,0.0,0.0,0.0,0.0,0.0,0.0,0.0,0.0,0.0,0.0,0.0,0.0
13.7492708333,220616.0,32651.0,6.75679152246,767.0,64348.0,38.0,7.0,1911.0,5488.0,6838.0,6785.0,4831.0,5735.0,882.0,143.0,25.0,13.0,0.0,0.0,0.0,0.0,0.0,0.0,0.0,0.0,0.0,0.0,0.0,0.0,0.0,0.0,0.0,0.0,0.0,0.0,0.0,0.0
13.7534375,180828.0,27209.0,6.64588922783,774.0,64344.0,38.0,12.0,1564.0,4780.0,5776.0,5530.0,3959.0,4719.0,742.0,113.0,19.0,7.0,0.0,0.0,0.0,0.0,0.0,0.0,0.0,0.0,0.0,0.0,0.0,0.0,0.0,0.0,0.0,0.0,0.0,0.0,0.0,0.0
13.7653125,210870.0,32652.0,6.45810363837,771.0,64344.0,39.0,11.0,1975.0,5898.0,7070.0,6676.0,4774.0,5253.0,797.0,170.0,35.0,4.0,0.0,0.0,0.0,0.0,0.0,0.0,0.0,0.0,0.0,0.0,0.0,0.0,0.0,0.0,0.0,0.0,0.0,0.0,0.0,0.0
13.7694791667,205167.0,32655.0,6.28286632981,769.0,64352.0,39.0,3.0,2043.0,6039.0,7210.0,6641.0,4530.0,5279.0,724.0,163.0,22.0,4.0,0.0,0.0,0.0,0.0,0.0,0.0,0.0,0.0,0.0,0.0,0.0,0.0,0.0,0.0,0.0,0.0,0.0,0.0,0.0,0.0
13.7736458333,212759.0,32655.0,6.51535752565,769.0,64348.0,39.0,7.0,2044.0,5803.0,7064.0,6669.0,4627.0,5379.0,872.0,169.0,22.0,6.0,0.0,0.0,0.0,0.0,0.0,0.0,0.0,0.0,0.0,0.0,0.0,0.0,0.0,0.0,0.0,0.0,0.0,0.0,0.0,0.0
13.7778125,206489.0,32651.0,6.32412483538,772.0,64344.0,39.0,8.0,2062.0,6003.0,7099.0,6692.0,4562.0,5243.0,813.0,153.0,22.0,2.0,0.0,0.0,0.0,0.0,0.0,0.0,0.0,0.0,0.0,0.0,0.0,0.0,0.0,0.0,0.0,0.0,0.0,0.0,0.0,0.0
13.7819791667,205337.0,32657.0,6.28768717273,771.0,64344.0,41.0,4.0,2125.0,5999.0,7255.0,6713.0,4537.0,5053.0,780.0,158.0,29.0,8.0,0.0,0.0,0.0,0.0,0.0,0.0,0.0,0.0,0.0,0.0,0.0,0.0,0.0,0.0,0.0,0.0,0.0,0.0,0.0,0.0
13.7861458333,203703.0,32665.0,6.23612429206,774.0,64344.0,38.0,7.0,2124.0,6029.0,7277.0,6820.0,4488.0,4896.0,834.0,169.0,24.0,4.0,0.0,0.0,0.0,0.0,0.0,0.0,0.0,0.0,0.0,0.0,0.0,0.0,0.0,0.0,0.0,0.0,0.0,0.0,0.0,0.0
13.7903125,201270.0,32655.0,6.16352779054,774.0,64348.0,36.0,10.0,2233.0,6352.0,7111.0,6626.0,4500.0,4879.0,756.0,165.0,24.0,9.0,0.0,0.0,0.0,0.0,0.0,0.0,0.0,0.0,0.0,0.0,0.0,0.0,0.0,0.0,0.0,0.0,0.0,0.0,0.0,0.0
13.7944791667,195864.0,32660.0,5.99706062462,774.0,64344.0,38.0,12.0,2233.0,6196.0,7368.0,6851.0,4305.0,4830.0,701.0,147.0,27.0,2.0,0.0,0.0,0.0,0.0,0.0,0.0,0.0,0.0,0.0,0.0,0.0,0.0,0.0,0.0,0.0,0.0,0.0,0.0,0.0,0.0
13.7986458333,196553.0,32658.0,6.01852532304,774.0,64345.0,39.0,3.0,2282.0,6471.0,7329.0,6504.0,4426.0,4721.0,730.0,164.0,26.0,5.0,0.0,0.0,0.0,0.0,0.0,0.0,0.0,0.0,0.0,0.0,0.0,0.0,0.0,0.0,0.0,0.0,0.0,0.0,0.0,0.0
13.8028125,198734.0,32683.0,6.08065355078,774.0,64348.0,35.0,14.0,2380.0,6318.0,7324.0,6596.0,4299.0,4784.0,780.0,174.0,22.0,6.0,0.0,0.0,0.0,0.0,0.0,0.0,0.0,0.0,0.0,0.0,0.0,0.0,0.0,0.0,0.0,0.0,0.0,0.0,0.0,0.0
13.8069791667,196945.0,32666.0,6.0290516133,775.0,64345.0,38.0,4.0,2301.0,6395.0,7511.0,6484.0,4459.0,4582.0,703.0,189.0,37.0,5.0,0.0,0.0,0.0,0.0,0.0,0.0,0.0,0.0,0.0,0.0,0.0,0.0,0.0,0.0,0.0,0.0,0.0,0.0,0.0,0.0
13.8111458333,193161.0,32665.0,5.91339354049,774.0,64345.0,39.0,6.0,2507.0,6491.0,7509.0,6391.0,4339.0,4563.0,637.0,185.0,38.0,5.0,0.0,0.0,0.0,0.0,0.0,0.0,0.0,0.0,0.0,0.0,0.0,0.0,0.0,0.0,0.0,0.0,0.0,0.0,0.0,0.0
13.8153125,192428.0,32667.0,5.89059295313,775.0,64344.0,39.0,6.0,2366.0,6538.0,7567.0,6503.0,4321.0,4492.0,653.0,188.0,36.0,3.0,0.0,0.0,0.0,0.0,0.0,0.0,0.0,0.0,0.0,0.0,0.0,0.0,0.0,0.0,0.0,0.0,0.0,0.0,0.0,0.0
13.8194791667,190783.0,32681.0,5.83773446345,777.0,64344.0,39.0,3.0,2315.0,6631.0,7700.0,6450.0,4313.0,4374.0,682.0,178.0,35.0,3.0,0.0,0.0,0.0,0.0,0.0,0.0,0.0,0.0,0.0,0.0,0.0,0.0,0.0,0.0,0.0,0.0,0.0,0.0,0.0,0.0
13.8236458333,192390.0,32682.0,5.88672663852,782.0,64344.0,35.0,3.0,2477.0,6526.0,7520.0,6470.0,4316.0,4437.0,716.0,190.0,26.0,4.0,0.0,0.0,0.0,0.0,0.0,0.0,0.0,0.0,0.0,0.0,0.0,0.0,0.0,0.0,0.0,0.0,0.0,0.0,0.0,0.0
13.8278125,190325.0,32669.0,5.82585937739,779.0,64348.0,38.0,7.0,2552.0,6631.0,7521.0,6325.0,4299.0,4450.0,686.0,173.0,27.0,5.0,0.0,0.0,0.0,0.0,0.0,0.0,0.0,0.0,0.0,0.0,0.0,0.0,0.0,0.0,0.0,0.0,0.0,0.0,0.0,0.0
13.8319791667,191584.0,32677.0,5.86296171619,782.0,64344.0,36.0,8.0,2505.0,6708.0,7426.0,6406.0,4302.0,4410.0,700.0,178.0,40.0,2.0,0.0,0.0,0.0,0.0,0.0,0.0,0.0,0.0,0.0,0.0,0.0,0.0,0.0,0.0,0.0,0.0,0.0,0.0,0.0,0.0
13.8361458333,191381.0,32677.0,5.8567493956,777.0,64344.0,38.0,12.0,2549.0,6659.0,7415.0,6251.0,4475.0,4414.0,702.0,178.0,32.0,2.0,0.0,0.0,0.0,0.0,0.0,0.0,0.0,0.0,0.0,0.0,0.0,0.0,0.0,0.0,0.0,0.0,0.0,0.0,0.0,0.0
13.8403125,192092.0,32683.0,5.87742863262,774.0,64345.0,35.0,11.0,2526.0,6752.0,7440.0,6255.0,4370.0,4423.0,693.0,180.0,41.0,3.0,0.0,0.0,0.0,0.0,0.0,0.0,0.0,0.0,0.0,0.0,0.0,0.0,0.0,0.0,0.0,0.0,0.0,0.0,0.0,0.0
13.8444791667,188390.0,32677.0,5.7652171252,780.0,64348.0,39.0,3.0,2591.0,6920.0,7497.0,6121.0,4341.0,4330.0,681.0,153.0,36.0,7.0,0.0,0.0,0.0,0.0,0.0,0.0,0.0,0.0,0.0,0.0,0.0,0.0,0.0,0.0,0.0,0.0,0.0,0.0,0.0,0.0
13.8486458333,192911.0,32688.0,5.90158467939,782.0,64345.0,39.0,65532.0,2486.0,6773.0,7345.0,6214.0,4514.0,4429.0,722.0,164.0,35.0,6.0,0.0,0.0,0.0,0.0,0.0,0.0,0.0,0.0,0.0,0.0,0.0,0.0,0.0,0.0,0.0,0.0,0.0,0.0,0.0,0.0
13.8528125,189723.0,32674.0,5.80654342903,782.0,64345.0,40.0,7.0,2516.0,6757.0,7629.0,6283.0,4384.0,4187.0,690.0,180.0,42.0,6.0,0.0,0.0,0.0,0.0,0.0,0.0,0.0,0.0,0.0,0.0,0.0,0.0,0.0,0.0,0.0,0.0,0.0,0.0,0.0,0.0
13.8569791667,187597.0,32670.0,5.74217936945,782.0,64359.0,35.0,8.0,2664.0,6943.0,7505.0,6067.0,4312.0,4298.0,653.0,197.0,26.0,5.0,0.0,0.0,0.0,0.0,0.0,0.0,0.0,0.0,0.0,0.0,0.0,0.0,0.0,0.0,0.0,0.0,0.0,0.0,0.0,0.0
13.8611458333,189726.0,32678.0,5.80592447518,782.0,64358.0,35.0,6.0,2501.0,6858.0,7408.0,6391.0,4375.0,4238.0,674.0,187.0,44.0,2.0,0.0,0.0,0.0,0.0,0.0,0.0,0.0,0.0,0.0,0.0,0.0,0.0,0.0,0.0,0.0,0.0,0.0,0.0,0.0,0.0
13.8653125,187701.0,32682.0,5.74325316688,780.0,64344.0,39.0,3.0,2625.0,6853.0,7570.0,6163.0,4258.0,4291.0,720.0,175.0,22.0,5.0,0.0,0.0,0.0,0.0,0.0,0.0,0.0,0.0,0.0,0.0,0.0,0.0,0.0,0.0,0.0,0.0,0.0,0.0,0.0,0.0
13.8694791667,191090.0,32685.0,5.84641272755,783.0,64348.0,38.0,7.0,2537.0,6834.0,7274.0,6407.0,4316.0,4455.0,646.0,167.0,44.0,5.0,0.0,0.0,0.0,0.0,0.0,0.0,0.0,0.0,0.0,0.0,0.0,0.0,0.0,0.0,0.0,0.0,0.0,0.0,0.0,0.0
13.8736458333,190248.0,32682.0,5.82118597393,783.0,64351.0,38.0,7.0,2565.0,6696.0,7618.0,6131.0,4424.0,4339.0,708.0,155.0,42.0,4.0,0.0,0.0,0.0,0.0,0.0,0.0,0.0,0.0,0.0,0.0,0.0,0.0,0.0,0.0,0.0,0.0,0.0,0.0,0.0,0.0
13.8778125,191397.0,32678.0,5.85705979558,782.0,64344.0,39.0,6.0,2529.0,6769.0,7462.0,6264.0,4401.0,4346.0,681.0,175.0,48.0,3.0,0.0,0.0,0.0,0.0,0.0,0.0,0.0,0.0,0.0,0.0,0.0,0.0,0.0,0.0,0.0,0.0,0.0,0.0,0.0,0.0
13.8819791667,191320.0,32690.0,5.85255429795,782.0,64344.0,38.0,6.0,2474.0,6708.0,7618.0,6204.0,4356.0,4415.0,699.0,179.0,33.0,4.0,0.0,0.0,0.0,0.0,0.0,0.0,0.0,0.0,0.0,0.0,0.0,0.0,0.0,0.0,0.0,0.0,0.0,0.0,0.0,0.0
13.8861458333,185660.0,32680.0,5.6811505508,782.0,64345.0,38.0,6.0,2606.0,6852.0,7646.0,6179.0,4344.0,4185.0,667.0,160.0,39.0,2.0,0.0,0.0,0.0,0.0,0.0,0.0,0.0,0.0,0.0,0.0,0.0,0.0,0.0,0.0,0.0,0.0,0.0,0.0,0.0,0.0
13.8903125,192921.0,32689.0,5.90171005537,787.0,64348.0,39.0,7.0,2595.0,6813.0,7472.0,6209.0,4315.0,4356.0,678.0,195.0,50.0,6.0,0.0,0.0,0.0,0.0,0.0,0.0,0.0,0.0,0.0,0.0,0.0,0.0,0.0,0.0,0.0,0.0,0.0,0.0,0.0,0.0
13.8944791667,190491.0,32690.0,5.82719486081,782.0,64347.0,35.0,8.0,2535.0,6731.0,7572.0,6232.0,4397.0,4296.0,693.0,201.0,29.0,4.0,0.0,0.0,0.0,0.0,0.0,0.0,0.0,0.0,0.0,0.0,0.0,0.0,0.0,0.0,0.0,0.0,0.0,0.0,0.0,0.0
13.8986458333,190474.0,32689.0,5.82685306984,785.0,64344.0,39.0,7.0,2638.0,6804.0,7447.0,6026.0,4536.0,4334.0,668.0,206.0,25.0,5.0,0.0,0.0,0.0,0.0,0.0,0.0,0.0,0.0,0.0,0.0,0.0,0.0,0.0,0.0,0.0,0.0,0.0,0.0,0.0,0.0
13.9028125,193606.0,32682.0,5.92393366379,782.0,64350.0,39.0,3.0,2575.0,6650.0,7418.0,6138.0,4508.0,4493.0,660.0,199.0,37.0,4.0,0.0,0.0,0.0,0.0,0.0,0.0,0.0,0.0,0.0,0.0,0.0,0.0,0.0,0.0,0.0,0.0,0.0,0.0,0.0,0.0
13.9069791667,189086.0,32683.0,5.78545421167,782.0,64347.0,36.0,8.0,2552.0,6872.0,7613.0,5995.0,4460.0,4334.0,639.0,170.0,44.0,4.0,0.0,0.0,0.0,0.0,0.0,0.0,0.0,0.0,0.0,0.0,0.0,0.0,0.0,0.0,0.0,0.0,0.0,0.0,0.0,0.0
13.9111458333,189896.0,32675.0,5.81166029074,780.0,64344.0,38.0,7.0,2625.0,6784.0,7460.0,6222.0,4405.0,4304.0,651.0,175.0,44.0,4.0,1.0,0.0,0.0,0.0,0.0,0.0,0.0,0.0,0.0,0.0,0.0,0.0,0.0,0.0,0.0,0.0,0.0,0.0,0.0,0.0
13.9153125,190547.0,32687.0,5.82944289779,782.0,64344.0,36.0,12.0,2602.0,6691.0,7460.0,6192.0,4563.0,4317.0,638.0,176.0,42.0,6.0,0.0,0.0,0.0,0.0,0.0,0.0,0.0,0.0,0.0,0.0,0.0,0.0,0.0,0.0,0.0,0.0,0.0,0.0,0.0,0.0
13.9194791667,187497.0,32671.0,5.7389427933,780.0,64347.0,38.0,7.0,2438.0,6733.0,7460.0,6161.0,4620.0,4493.0,585.0,153.0,26.0,2.0,0.0,0.0,0.0,0.0,0.0,0.0,0.0,0.0,0.0,0.0,0.0,0.0,0.0,0.0,0.0,0.0,0.0,0.0,0.0,0.0
13.9236458333,186900.0,32681.0,5.71891924972,780.0,64345.0,36.0,8.0,2476.0,6536.0,7564.0,6245.0,4656.0,4436.0,587.0,155.0,26.0,0.0,0.0,0.0,0.0,0.0,0.0,0.0,0.0,0.0,0.0,0.0,0.0,0.0,0.0,0.0,0.0,0.0,0.0,0.0,0.0,0.0
13.9278125,190411.0,32679.0,5.82670828361,782.0,64344.0,35.0,8.0,2481.0,6445.0,7567.0,6232.0,4528.0,4600.0,659.0,137.0,27.0,3.0,0.0,0.0,0.0,0.0,0.0,0.0,0.0,0.0,0.0,0.0,0.0,0.0,0.0,0.0,0.0,0.0,0.0,0.0,0.0,0.0
13.9319791667,188500.0,32680.0,5.76805385557,782.0,64348.0,40.0,65535.0,2506.0,6772.0,7516.0,6168.0,4509.0,4368.0,647.0,156.0,34.0,4.0,0.0,0.0,0.0,0.0,0.0,0.0,0.0,0.0,0.0,0.0,0.0,0.0,0.0,0.0,0.0,0.0,0.0,0.0,0.0,0.0
13.9361458333,188963.0,32674.0,5.78328334456,777.0,64348.0,36.0,11.0,2640.0,6761.0,7421.0,6188.0,4534.0,4258.0,640.0,189.0,42.0,1.0,0.0,0.0,0.0,0.0,0.0,0.0,0.0,0.0,0.0,0.0,0.0,0.0,0.0,0.0,0.0,0.0,0.0,0.0,0.0,0.0
13.9403125,192062.0,32675.0,5.87794950268,777.0,64348.0,35.0,15.0,2451.0,6608.0,7427.0,6258.0,4514.0,4517.0,706.0,166.0,25.0,3.0,0.0,0.0,0.0,0.0,0.0,0.0,0.0,0.0,0.0,0.0,0.0,0.0,0.0,0.0,0.0,0.0,0.0,0.0,0.0,0.0
13.9444791667,195368.0,32668.0,5.9804089629,777.0,64344.0,41.0,6.0,2372.0,6592.0,7404.0,6214.0,4583.0,4584.0,694.0,190.0,33.0,2.0,0.0,0.0,0.0,0.0,0.0,0.0,0.0,0.0,0.0,0.0,0.0,0.0,0.0,0.0,0.0,0.0,0.0,0.0,0.0,0.0
13.9486458333,197654.0,32670.0,6.05001530456,777.0,64348.0,36.0,7.0,2296.0,6352.0,7329.0,6301.0,4682.0,4810.0,701.0,176.0,20.0,3.0,0.0,0.0,0.0,0.0,0.0,0.0,0.0,0.0,0.0,0.0,0.0,0.0,0.0,0.0,0.0,0.0,0.0,0.0,0.0,0.0
13.9528125,197240.0,32681.0,6.03531103699,780.0,64345.0,36.0,6.0,2336.0,6342.0,7413.0,6272.0,4795.0,4585.0,725.0,181.0,29.0,3.0,0.0,0.0,0.0,0.0,0.0,0.0,0.0,0.0,0.0,0.0,0.0,0.0,0.0,0.0,0.0,0.0,0.0,0.0,0.0,0.0
13.9569791667,199315.0,32672.0,6.10048359452,780.0,64347.0,35.0,8.0,2291.0,6303.0,7474.0,6364.0,4550.0,4711.0,776.0,168.0,29.0,6.0,0.0,0.0,0.0,0.0,0.0,0.0,0.0,0.0,0.0,0.0,0.0,0.0,0.0,0.0,0.0,0.0,0.0,0.0,0.0,0.0
13.9611458333,195776.0,32665.0,5.99344864534,775.0,64347.0,35.0,6.0,2266.0,6384.0,7506.0,6323.0,4482.0,4807.0,717.0,157.0,20.0,3.0,0.0,0.0,0.0,0.0,0.0,0.0,0.0,0.0,0.0,0.0,0.0,0.0,0.0,0.0,0.0,0.0,0.0,0.0,0.0,0.0
13.9653125,198040.0,32667.0,6.0623871185,775.0,64348.0,38.0,7.0,2268.0,6296.0,7520.0,6310.0,4687.0,4635.0,742.0,171.0,36.0,2.0,0.0,0.0,0.0,0.0,0.0,0.0,0.0,0.0,0.0,0.0,0.0,0.0,0.0,0.0,0.0,0.0,0.0,0.0,0.0,0.0
13.9694791667,200312.0,32662.0,6.13287612516,775.0,64348.0,38.0,7.0,2218.0,6284.0,7350.0,6240.0,4736.0,4896.0,752.0,160.0,22.0,4.0,0.0,0.0,0.0,0.0,0.0,0.0,0.0,0.0,0.0,0.0,0.0,0.0,0.0,0.0,0.0,0.0,0.0,0.0,0.0,0.0
13.9736458333,199328.0,32665.0,6.10218888719,775.0,64344.0,35.0,7.0,2230.0,6328.0,7288.0,6310.0,4810.0,4789.0,708.0,167.0,33.0,2.0,0.0,0.0,0.0,0.0,0.0,0.0,0.0,0.0,0.0,0.0,0.0,0.0,0.0,0.0,0.0,0.0,0.0,0.0,0.0,0.0
13.9778125,201108.0,32666.0,6.15649298965,777.0,64345.0,38.0,7.0,2121.0,6222.0,7515.0,6368.0,4714.0,4772.0,728.0,194.0,28.0,4.0,0.0,0.0,0.0,0.0,0.0,0.0,0.0,0.0,0.0,0.0,0.0,0.0,0.0,0.0,0.0,0.0,0.0,0.0,0.0,0.0
13.9819791667,198823.0,32657.0,6.08821998346,774.0,64348.0,39.0,6.0,2283.0,6213.0,7339.0,6469.0,4581.0,4825.0,768.0,147.0,31.0,1.0,0.0,0.0,0.0,0.0,0.0,0.0,0.0,0.0,0.0,0.0,0.0,0.0,0.0,0.0,0.0,0.0,0.0,0.0,0.0,0.0
13.9861458333,195397.0,32651.0,5.98441089094,774.0,64352.0,38.0,6.0,2200.0,6503.0,7607.0,6332.0,4472.0,4622.0,705.0,175.0,32.0,3.0,0.0,0.0,0.0,0.0,0.0,0.0,0.0,0.0,0.0,0.0,0.0,0.0,0.0,0.0,0.0,0.0,0.0,0.0,0.0,0.0
13.9903125,202985.0,32661.0,6.21490462631,774.0,64348.0,35.0,7.0,2098.0,6193.0,7332.0,6436.0,4718.0,4999.0,680.0,164.0,32.0,9.0,0.0,0.0,0.0,0.0,0.0,0.0,0.0,0.0,0.0,0.0,0.0,0.0,0.0,0.0,0.0,0.0,0.0,0.0,0.0,0.0
13.9944791667,200025.0,32659.0,6.12465170397,774.0,64348.0,39.0,3.0,2229.0,6277.0,7406.0,6268.0,4665.0,4862.0,769.0,147.0,35.0,1.0,0.0,0.0,0.0,0.0,0.0,0.0,0.0,0.0,0.0,0.0,0.0,0.0,0.0,0.0,0.0,0.0,0.0,0.0,0.0,0.0
13.9986458333,202331.0,32655.0,6.19601898637,774.0,64348.0,38.0,4.0,2189.0,6213.0,7377.0,6269.0,4654.0,4955.0,795.0,182.0,21.0,0.0,0.0,0.0,0.0,0.0,0.0,0.0,0.0,0.0,0.0,0.0,0.0,0.0,0.0,0.0,0.0,0.0,0.0,0.0,0.0,0.0
14.0028125,201213.0,32659.0,6.16102758811,774.0,64348.0,36.0,6.0,2141.0,6043.0,7473.0,6306.0,4833.0,4917.0,771.0,151.0,22.0,2.0,0.0,0.0,0.0,0.0,0.0,0.0,0.0,0.0,0.0,0.0,0.0,0.0,0.0,0.0,0.0,0.0,0.0,0.0,0.0,0.0
14.0069791667,199966.0,32660.0,6.12265768524,774.0,64347.0,39.0,6.0,2242.0,6164.0,7389.0,6260.0,4876.0,4776.0,765.0,162.0,23.0,3.0,0.0,0.0,0.0,0.0,0.0,0.0,0.0,0.0,0.0,0.0,0.0,0.0,0.0,0.0,0.0,0.0,0.0,0.0,0.0,0.0
14.0111458333,200343.0,32655.0,6.13514010106,772.0,64345.0,35.0,3.0,2266.0,6199.0,7278.0,6313.0,4784.0,4830.0,810.0,151.0,23.0,1.0,0.0,0.0,0.0,0.0,0.0,0.0,0.0,0.0,0.0,0.0,0.0,0.0,0.0,0.0,0.0,0.0,0.0,0.0,0.0,0.0
14.0153125,197072.0,32651.0,6.03571100426,774.0,64345.0,38.0,8.0,2299.0,6434.0,7487.0,6180.0,4600.0,4708.0,743.0,171.0,26.0,3.0,0.0,0.0,0.0,0.0,0.0,0.0,0.0,0.0,0.0,0.0,0.0,0.0,0.0,0.0,0.0,0.0,0.0,0.0,0.0,0.0
14.0194791667,202918.0,32659.0,6.21323371812,772.0,64345.0,35.0,12.0,2203.0,6110.0,7490.0,6117.0,4864.0,4929.0,741.0,174.0,25.0,6.0,0.0,0.0,0.0,0.0,0.0,0.0,0.0,0.0,0.0,0.0,0.0,0.0,0.0,0.0,0.0,0.0,0.0,0.0,0.0,0.0
14.0236458333,204469.0,32662.0,6.2601494091,772.0,64348.0,39.0,6.0,2151.0,6193.0,7362.0,6330.0,4715.0,4926.0,767.0,180.0,32.0,6.0,0.0,0.0,0.0,0.0,0.0,0.0,0.0,0.0,0.0,0.0,0.0,0.0,0.0,0.0,0.0,0.0,0.0,0.0,0.0,0.0
14.0278125,198054.0,32653.0,6.06541512265,771.0,64345.0,39.0,3.0,2255.0,6452.0,7419.0,6215.0,4614.0,4731.0,772.0,168.0,24.0,3.0,0.0,0.0,0.0,0.0,0.0,0.0,0.0,0.0,0.0,0.0,0.0,0.0,0.0,0.0,0.0,0.0,0.0,0.0,0.0,0.0
14.0319791667,198068.0,32653.0,6.06584387346,772.0,64348.0,35.0,6.0,2229.0,6190.0,7355.0,6454.0,4709.0,4803.0,741.0,147.0,21.0,4.0,0.0,0.0,0.0,0.0,0.0,0.0,0.0,0.0,0.0,0.0,0.0,0.0,0.0,0.0,0.0,0.0,0.0,0.0,0.0,0.0
14.0361458333,197861.0,32654.0,6.05931891958,767.0,64347.0,33.0,8.0,2266.0,6295.0,7561.0,6363.0,4568.0,4673.0,708.0,182.0,34.0,4.0,0.0,0.0,0.0,0.0,0.0,0.0,0.0,0.0,0.0,0.0,0.0,0.0,0.0,0.0,0.0,0.0,0.0,0.0,0.0,0.0
14.0403125,197084.0,32658.0,6.03478473881,772.0,64339.0,36.0,8.0,2302.0,6360.0,7366.0,6370.0,4656.0,4711.0,686.0,171.0,33.0,3.0,0.0,0.0,0.0,0.0,0.0,0.0,0.0,0.0,0.0,0.0,0.0,0.0,0.0,0.0,0.0,0.0,0.0,0.0,0.0,0.0
14.0444791667,204620.0,32658.0,6.2655398371,769.0,64345.0,38.0,7.0,2058.0,6126.0,7431.0,6392.0,4676.0,4991.0,771.0,184.0,24.0,5.0,0.0,0.0,0.0,0.0,0.0,0.0,0.0,0.0,0.0,0.0,0.0,0.0,0.0,0.0,0.0,0.0,0.0,0.0,0.0,0.0
14.0486458333,202373.0,32649.0,6.19844405648,772.0,64348.0,39.0,3.0,2108.0,6055.0,7471.0,6356.0,4774.0,4940.0,746.0,174.0,21.0,4.0,0.0,0.0,0.0,0.0,0.0,0.0,0.0,0.0,0.0,0.0,0.0,0.0,0.0,0.0,0.0,0.0,0.0,0.0,0.0,0.0
14.0528125,205615.0,32652.0,6.29716403283,767.0,64344.0,31.0,15.0,2096.0,6079.0,7262.0,6525.0,4606.0,5027.0,861.0,178.0,15.0,3.0,0.0,0.0,0.0,0.0,0.0,0.0,0.0,0.0,0.0,0.0,0.0,0.0,0.0,0.0,0.0,0.0,0.0,0.0,0.0,0.0
14.0569791667,201949.0,32645.0,6.18621534691,767.0,64344.0,41.0,3.0,2171.0,6111.0,7325.0,6449.0,4704.0,4932.0,748.0,181.0,22.0,2.0,0.0,0.0,0.0,0.0,0.0,0.0,0.0,0.0,0.0,0.0,0.0,0.0,0.0,0.0,0.0,0.0,0.0,0.0,0.0,0.0
14.0611458333,202325.0,32643.0,6.19811291854,772.0,64344.0,35.0,15.0,2161.0,5999.0,7275.0,6424.0,4834.0,5028.0,745.0,149.0,28.0,0.0,0.0,0.0,0.0,0.0,0.0,0.0,0.0,0.0,0.0,0.0,0.0,0.0,0.0,0.0,0.0,0.0,0.0,0.0,0.0,0.0
14.0653125,205603.0,32648.0,6.29756799804,767.0,64348.0,35.0,9.0,2104.0,5971.0,7330.0,6289.0,4883.0,5091.0,782.0,179.0,16.0,3.0,0.0,0.0,0.0,0.0,0.0,0.0,0.0,0.0,0.0,0.0,0.0,0.0,0.0,0.0,0.0,0.0,0.0,0.0,0.0,0.0
14.0694791667,206563.0,32652.0,6.32619747642,767.0,64344.0,38.0,12.0,2201.0,6129.0,7295.0,6145.0,4876.0,5029.0,766.0,170.0,32.0,9.0,0.0,0.0,0.0,0.0,0.0,0.0,0.0,0.0,0.0,0.0,0.0,0.0,0.0,0.0,0.0,0.0,0.0,0.0,0.0,0.0
14.0736458333,208008.0,32654.0,6.37006186072,767.0,64347.0,36.0,12.0,2030.0,6008.0,7370.0,6345.0,4817.0,5077.0,796.0,176.0,28.0,7.0,0.0,0.0,0.0,0.0,0.0,0.0,0.0,0.0,0.0,0.0,0.0,0.0,0.0,0.0,0.0,0.0,0.0,0.0,0.0,0.0
14.0778125,204726.0,32645.0,6.27128197274,767.0,64348.0,36.0,8.0,2083.0,6086.0,7284.0,6278.0,4890.0,5088.0,759.0,143.0,29.0,5.0,0.0,0.0,0.0,0.0,0.0,0.0,0.0,0.0,0.0,0.0,0.0,0.0,0.0,0.0,0.0,0.0,0.0,0.0,0.0,0.0
14.0819791667,206556.0,32644.0,6.32753339052,766.0,64348.0,36.0,3.0,2126.0,5842.0,7297.0,6504.0,4835.0,5071.0,767.0,172.0,23.0,7.0,0.0,0.0,0.0,0.0,0.0,0.0,0.0,0.0,0.0,0.0,0.0,0.0,0.0,0.0,0.0,0.0,0.0,0.0,0.0,0.0
14.0861458333,204386.0,32644.0,6.26105869379,764.0,64348.0,36.0,6.0,2165.0,6096.0,7341.0,6266.0,4796.0,4991.0,786.0,173.0,28.0,2.0,0.0,0.0,0.0,0.0,0.0,0.0,0.0,0.0,0.0,0.0,0.0,0.0,0.0,0.0,0.0,0.0,0.0,0.0,0.0,0.0
14.0903125,205289.0,32638.0,6.28987683069,764.0,64344.0,36.0,12.0,2174.0,6087.0,7279.0,6263.0,4843.0,4999.0,795.0,159.0,37.0,2.0,0.0,0.0,0.0,0.0,0.0,0.0,0.0,0.0,0.0,0.0,0.0,0.0,0.0,0.0,0.0,0.0,0.0,0.0,0.0,0.0
14.0944791667,203446.0,32635.0,6.23398192125,767.0,64348.0,38.0,6.0,2125.0,6192.0,7311.0,6222.0,4868.0,4953.0,756.0,182.0,23.0,3.0,0.0,0.0,0.0,0.0,0.0,0.0,0.0,0.0,0.0,0.0,0.0,0.0,0.0,0.0,0.0,0.0,0.0,0.0,0.0,0.0
14.0986458333,205275.0,32635.0,6.29002604566,762.0,64344.0,35.0,7.0,2102.0,6023.0,7250.0,6306.0,4963.0,5001.0,808.0,154.0,24.0,4.0,0.0,0.0,0.0,0.0,0.0,0.0,0.0,0.0,0.0,0.0,0.0,0.0,0.0,0.0,0.0,0.0,0.0,0.0,0.0,0.0
14.1028125,200141.0,32638.0,6.13214657761,761.0,64348.0,39.0,4.0,2157.0,6301.0,7536.0,6090.0,4743.0,4851.0,762.0,172.0,25.0,1.0,0.0,0.0,0.0,0.0,0.0,0.0,0.0,0.0,0.0,0.0,0.0,0.0,0.0,0.0,0.0,0.0,0.0,0.0,0.0,0.0
14.1069791667,199839.0,32635.0,6.12345641183,762.0,64344.0,39.0,4.0,2321.0,6179.0,7380.0,6305.0,4652.0,4897.0,709.0,153.0,34.0,5.0,0.0,0.0,0.0,0.0,0.0,0.0,0.0,0.0,0.0,0.0,0.0,0.0,0.0,0.0,0.0,0.0,0.0,0.0,0.0,0.0
14.1111458333,200753.0,32624.0,6.15353727317,762.0,64344.0,38.0,7.0,2207.0,6261.0,7452.0,6075.0,4819.0,4844.0,788.0,145.0,29.0,4.0,0.0,0.0,0.0,0.0,0.0,0.0,0.0,0.0,0.0,0.0,0.0,0.0,0.0,0.0,0.0,0.0,0.0,0.0,0.0,0.0
14.1153125,204413.0,32626.0,6.26534052596,762.0,64348.0,38.0,6.0,2156.0,6185.0,7286.0,6310.0,4684.0,5025.0,777.0,169.0,30.0,4.0,0.0,0.0,0.0,0.0,0.0,0.0,0.0,0.0,0.0,0.0,0.0,0.0,0.0,0.0,0.0,0.0,0.0,0.0,0.0,0.0
14.1194791667,205263.0,32637.0,6.28927291111,762.0,64347.0,38.0,6.0,2168.0,5953.0,7433.0,6171.0,4840.0,5095.0,791.0,156.0,27.0,3.0,0.0,0.0,0.0,0.0,0.0,0.0,0.0,0.0,0.0,0.0,0.0,0.0,0.0,0.0,0.0,0.0,0.0,0.0,0.0,0.0
14.1236458333,204151.0,32638.0,6.25500949813,761.0,64351.0,35.0,4.0,2150.0,6163.0,7366.0,6206.0,4846.0,4929.0,775.0,168.0,29.0,6.0,0.0,0.0,0.0,0.0,0.0,0.0,0.0,0.0,0.0,0.0,0.0,0.0,0.0,0.0,0.0,0.0,0.0,0.0,0.0,0.0
14.1278125,202525.0,32625.0,6.20766283525,762.0,64345.0,38.0,4.0,2238.0,6089.0,7334.0,6424.0,4723.0,4849.0,764.0,168.0,29.0,7.0,0.0,0.0,0.0,0.0,0.0,0.0,0.0,0.0,0.0,0.0,0.0,0.0,0.0,0.0,0.0,0.0,0.0,0.0,0.0,0.0
14.1319791667,204025.0,32632.0,6.25229835744,761.0,64348.0,38.0,3.0,2079.0,6163.0,7339.0,6370.0,4739.0,4971.0,750.0,196.0,21.0,4.0,0.0,0.0,0.0,0.0,0.0,0.0,0.0,0.0,0.0,0.0,0.0,0.0,0.0,0.0,0.0,0.0,0.0,0.0,0.0,0.0
14.1361458333,205812.0,32627.0,6.30802709412,761.0,64348.0,35.0,3.0,2192.0,5984.0,7310.0,6204.0,4919.0,5071.0,737.0,179.0,24.0,7.0,0.0,0.0,0.0,0.0,0.0,0.0,0.0,0.0,0.0,0.0,0.0,0.0,0.0,0.0,0.0,0.0,0.0,0.0,0.0,0.0
14.1403125,209949.0,32628.0,6.43462670099,761.0,64346.0,35.0,15.0,2037.0,6009.0,7162.0,6202.0,5039.0,5147.0,831.0,169.0,27.0,5.0,0.0,0.0,0.0,0.0,0.0,0.0,0.0,0.0,0.0,0.0,0.0,0.0,0.0,0.0,0.0,0.0,0.0,0.0,0.0,0.0
14.1444791667,209289.0,32632.0,6.413612405,759.0,64344.0,33.0,12.0,2172.0,6003.0,7299.0,6092.0,4942.0,5069.0,829.0,192.0,30.0,4.0,0.0,0.0,0.0,0.0,0.0,0.0,0.0,0.0,0.0,0.0,0.0,0.0,0.0,0.0,0.0,0.0,0.0,0.0,0.0,0.0
14.1486458333,206540.0,32626.0,6.33053392999,759.0,64348.0,39.0,6.0,2150.0,5870.0,7345.0,6297.0,4969.0,4987.0,799.0,173.0,36.0,0.0,0.0,0.0,0.0,0.0,0.0,0.0,0.0,0.0,0.0,0.0,0.0,0.0,0.0,0.0,0.0,0.0,0.0,0.0,0.0,0.0
14.1528125,204874.0,32624.0,6.27985532124,759.0,64352.0,32.0,7.0,2105.0,6098.0,7344.0,6116.0,4949.0,5060.0,757.0,170.0,19.0,6.0,0.0,0.0,0.0,0.0,0.0,0.0,0.0,0.0,0.0,0.0,0.0,0.0,0.0,0.0,0.0,0.0,0.0,0.0,0.0,0.0
14.1569791667,206448.0,32629.0,6.32713230562,759.0,64345.0,36.0,8.0,2094.0,5988.0,7270.0,6228.0,5006.0,5054.0,809.0,146.0,30.0,4.0,0.0,0.0,0.0,0.0,0.0,0.0,0.0,0.0,0.0,0.0,0.0,0.0,0.0,0.0,0.0,0.0,0.0,0.0,0.0,0.0
14.1611458333,206635.0,32632.0,6.33228119637,756.0,64345.0,38.0,6.0,2047.0,6137.0,7181.0,6272.0,4883.0,5144.0,756.0,182.0,30.0,0.0,0.0,0.0,0.0,0.0,0.0,0.0,0.0,0.0,0.0,0.0,0.0,0.0,0.0,0.0,0.0,0.0,0.0,0.0,0.0,0.0
14.1653125,208665.0,32622.0,6.3964502483,759.0,64348.0,39.0,3.0,2008.0,5949.0,7364.0,6141.0,4904.0,5252.0,815.0,162.0,25.0,2.0,0.0,0.0,0.0,0.0,0.0,0.0,0.0,0.0,0.0,0.0,0.0,0.0,0.0,0.0,0.0,0.0,0.0,0.0,0.0,0.0
14.1694791667,205092.0,32615.0,6.28827226736,758.0,64344.0,39.0,6.0,2106.0,5950.0,7249.0,6241.0,5008.0,5084.0,808.0,148.0,19.0,2.0,0.0,0.0,0.0,0.0,0.0,0.0,0.0,0.0,0.0,0.0,0.0,0.0,0.0,0.0,0.0,0.0,0.0,0.0,0.0,0.0
14.1736458333,204925.0,32618.0,6.28257403887,756.0,64345.0,40.0,3.0,2065.0,6017.0,7334.0,6246.0,4835.0,5166.0,775.0,159.0,19.0,2.0,0.0,0.0,0.0,0.0,0.0,0.0,0.0,0.0,0.0,0.0,0.0,0.0,0.0,0.0,0.0,0.0,0.0,0.0,0.0,0.0
14.1778125,208918.0,32621.0,6.40440207228,756.0,64347.0,39.0,7.0,2003.0,5916.0,7117.0,6352.0,4964.0,5288.0,804.0,150.0,25.0,2.0,0.0,0.0,0.0,0.0,0.0,0.0,0.0,0.0,0.0,0.0,0.0,0.0,0.0,0.0,0.0,0.0,0.0,0.0,0.0,0.0
14.1819791667,208642.0,32609.0,6.39829494925,754.0,64344.0,35.0,15.0,2058.0,5888.0,7133.0,6238.0,5036.0,5283.0,808.0,139.0,21.0,5.0,0.0,0.0,0.0,0.0,0.0,0.0,0.0,0.0,0.0,0.0,0.0,0.0,0.0,0.0,0.0,0.0,0.0,0.0,0.0,0.0
14.1861458333,207785.0,32615.0,6.37084163728,756.0,64347.0,35.0,12.0,1994.0,5771.0,7393.0,6253.0,5017.0,5222.0,788.0,148.0,28.0,1.0,0.0,0.0,0.0,0.0,0.0,0.0,0.0,0.0,0.0,0.0,0.0,0.0,0.0,0.0,0.0,0.0,0.0,0.0,0.0,0.0
14.1903125,206123.0,32612.0,6.32046485956,753.0,64348.0,38.0,9.0,2120.0,5857.0,7245.0,6376.0,4898.0,5144.0,794.0,157.0,16.0,5.0,0.0,0.0,0.0,0.0,0.0,0.0,0.0,0.0,0.0,0.0,0.0,0.0,0.0,0.0,0.0,0.0,0.0,0.0,0.0,0.0
14.1944791667,208864.0,32610.0,6.40490647041,751.0,64351.0,39.0,3.0,1963.0,5872.0,7290.0,6443.0,4930.0,5092.0,834.0,147.0,34.0,5.0,0.0,0.0,0.0,0.0,0.0,0.0,0.0,0.0,0.0,0.0,0.0,0.0,0.0,0.0,0.0,0.0,0.0,0.0,0.0,0.0
14.1986458333,208913.0,32609.0,6.40660553835,750.0,64344.0,38.0,11.0,1955.0,5739.0,7265.0,6457.0,5004.0,5180.0,819.0,166.0,24.0,0.0,0.0,0.0,0.0,0.0,0.0,0.0,0.0,0.0,0.0,0.0,0.0,0.0,0.0,0.0,0.0,0.0,0.0,0.0,0.0,0.0
14.2028125,209166.0,32603.0,6.41554458179,750.0,64350.0,38.0,7.0,1986.0,5822.0,7350.0,6423.0,4851.0,5133.0,837.0,172.0,25.0,4.0,0.0,0.0,0.0,0.0,0.0,0.0,0.0,0.0,0.0,0.0,0.0,0.0,0.0,0.0,0.0,0.0,0.0,0.0,0.0,0.0
14.2069791667,206241.0,32608.0,6.32485893032,750.0,64345.0,35.0,4.0,2043.0,5827.0,7399.0,6350.0,4943.0,5094.0,752.0,170.0,27.0,3.0,0.0,0.0,0.0,0.0,0.0,0.0,0.0,0.0,0.0,0.0,0.0,0.0,0.0,0.0,0.0,0.0,0.0,0.0,0.0,0.0
14.2111458333,207254.0,32591.0,6.35924028106,750.0,64345.0,38.0,7.0,1974.0,5946.0,7238.0,6310.0,4909.0,5251.0,781.0,158.0,23.0,1.0,0.0,0.0,0.0,0.0,0.0,0.0,0.0,0.0,0.0,0.0,0.0,0.0,0.0,0.0,0.0,0.0,0.0,0.0,0.0,0.0
14.2153125,206907.0,32603.0,6.34625647947,750.0,64348.0,35.0,7.0,2073.0,5989.0,7265.0,6335.0,4867.0,5038.0,827.0,189.0,17.0,3.0,0.0,0.0,0.0,0.0,0.0,0.0,0.0,0.0,0.0,0.0,0.0,0.0,0.0,0.0,0.0,0.0,0.0,0.0,0.0,0.0
14.2194791667,205767.0,32593.0,6.31322676648,750.0,64352.0,38.0,6.0,2041.0,5949.0,7355.0,6491.0,4633.0,5108.0,823.0,171.0,20.0,2.0,0.0,0.0,0.0,0.0,0.0,0.0,0.0,0.0,0.0,0.0,0.0,0.0,0.0,0.0,0.0,0.0,0.0,0.0,0.0,0.0
14.2236458333,211226.0,32602.0,6.47892767315,743.0,64352.0,38.0,1.0,2024.0,5914.0,7018.0,6243.0,5012.0,5382.0,817.0,168.0,23.0,1.0,0.0,0.0,0.0,0.0,0.0,0.0,0.0,0.0,0.0,0.0,0.0,0.0,0.0,0.0,0.0,0.0,0.0,0.0,0.0,0.0
14.2278125,212213.0,32595.0,6.51059978524,750.0,64345.0,35.0,8.0,2009.0,5803.0,7065.0,6444.0,4889.0,5352.0,847.0,151.0,31.0,4.0,0.0,0.0,0.0,0.0,0.0,0.0,0.0,0.0,0.0,0.0,0.0,0.0,0.0,0.0,0.0,0.0,0.0,0.0,0.0,0.0
14.2319791667,206781.0,32587.0,6.34550587658,748.0,64345.0,35.0,7.0,2013.0,5937.0,7156.0,6359.0,4933.0,5250.0,774.0,139.0,21.0,5.0,0.0,0.0,0.0,0.0,0.0,0.0,0.0,0.0,0.0,0.0,0.0,0.0,0.0,0.0,0.0,0.0,0.0,0.0,0.0,0.0
14.2361458333,212221.0,32602.0,6.50944727317,746.0,64348.0,38.0,8.0,1936.0,5783.0,7139.0,6554.0,4909.0,5253.0,822.0,173.0,25.0,8.0,0.0,0.0,0.0,0.0,0.0,0.0,0.0,0.0,0.0,0.0,0.0,0.0,0.0,0.0,0.0,0.0,0.0,0.0,0.0,0.0
14.2403125,209830.0,32599.0,6.43670051229,748.0,64343.0,38.0,8.0,2057.0,5918.0,7080.0,6534.0,4802.0,5223.0,757.0,190.0,35.0,3.0,0.0,0.0,0.0,0.0,0.0,0.0,0.0,0.0,0.0,0.0,0.0,0.0,0.0,0.0,0.0,0.0,0.0,0.0,0.0,0.0
14.2444791667,210144.0,32609.0,6.44435585268,746.0,64344.0,35.0,14.0,1956.0,5908.0,7146.0,6536.0,4817.0,5251.0,805.0,150.0,34.0,6.0,0.0,0.0,0.0,0.0,0.0,0.0,0.0,0.0,0.0,0.0,0.0,0.0,0.0,0.0,0.0,0.0,0.0,0.0,0.0,0.0
14.2486458333,210167.0,32601.0,6.44664274102,748.0,64344.0,38.0,7.0,1995.0,5895.0,7120.0,6490.0,4875.0,5169.0,852.0,178.0,25.0,2.0,0.0,0.0,0.0,0.0,0.0,0.0,0.0,0.0,0.0,0.0,0.0,0.0,0.0,0.0,0.0,0.0,0.0,0.0,0.0,0.0
14.2528125,207100.0,32597.0,6.35334539988,746.0,64344.0,38.0,3.0,1962.0,5788.0,7366.0,6499.0,4725.0,5282.0,808.0,148.0,15.0,4.0,0.0,0.0,0.0,0.0,0.0,0.0,0.0,0.0,0.0,0.0,0.0,0.0,0.0,0.0,0.0,0.0,0.0,0.0,0.0,0.0
14.2569791667,212169.0,32602.0,6.507852279,743.0,64353.0,32.0,7.0,1902.0,6031.0,6951.0,6457.0,4863.0,5355.0,859.0,152.0,28.0,4.0,0.0,0.0,0.0,0.0,0.0,0.0,0.0,0.0,0.0,0.0,0.0,0.0,0.0,0.0,0.0,0.0,0.0,0.0,0.0,0.0
14.2611458333,211464.0,32599.0,6.48682474923,745.0,64344.0,39.0,7.0,1963.0,5808.0,7042.0,6511.0,4857.0,5419.0,819.0,151.0,26.0,3.0,0.0,0.0,0.0,0.0,0.0,0.0,0.0,0.0,0.0,0.0,0.0,0.0,0.0,0.0,0.0,0.0,0.0,0.0,0.0,0.0
14.2653125,215143.0,32593.0,6.60089589789,748.0,64344.0,40.0,7.0,1920.0,5819.0,7126.0,6480.0,4818.0,5375.0,834.0,176.0,38.0,7.0,0.0,0.0,0.0,0.0,0.0,0.0,0.0,0.0,0.0,0.0,0.0,0.0,0.0,0.0,0.0,0.0,0.0,0.0,0.0,0.0
14.2694791667,209069.0,32583.0,6.4165055397,745.0,64348.0,38.0,3.0,1957.0,5717.0,7034.0,6571.0,4985.0,5369.0,797.0,129.0,21.0,3.0,0.0,0.0,0.0,0.0,0.0,0.0,0.0,0.0,0.0,0.0,0.0,0.0,0.0,0.0,0.0,0.0,0.0,0.0,0.0,0.0
14.2736458333,210995.0,32596.0,6.47303350104,743.0,64344.0,38.0,7.0,2010.0,5973.0,7171.0,6574.0,4674.0,5129.0,858.0,159.0,39.0,9.0,0.0,0.0,0.0,0.0,0.0,0.0,0.0,0.0,0.0,0.0,0.0,0.0,0.0,0.0,0.0,0.0,0.0,0.0,0.0,0.0
14.2778125,213078.0,32590.0,6.53814053391,741.0,64343.0,39.0,65534.0,2025.0,5860.0,6923.0,6605.0,4815.0,5319.0,838.0,170.0,26.0,9.0,0.0,0.0,0.0,0.0,0.0,0.0,0.0,0.0,0.0,0.0,0.0,0.0,0.0,0.0,0.0,0.0,0.0,0.0,0.0,0.0
14.2819791667,210048.0,32587.0,6.44576057937,741.0,64344.0,39.0,8.0,1975.0,5874.0,7067.0,6466.0,4864.0,5349.0,814.0,149.0,26.0,3.0,0.0,0.0,0.0,0.0,0.0,0.0,0.0,0.0,0.0,0.0,0.0,0.0,0.0,0.0,0.0,0.0,0.0,0.0,0.0,0.0
14.2861458333,219383.0,32589.0,6.73181134739,743.0,64348.0,33.0,7.0,1971.0,5511.0,6986.0,6427.0,5054.0,5566.0,849.0,186.0,34.0,5.0,0.0,0.0,0.0,0.0,0.0,0.0,0.0,0.0,0.0,0.0,0.0,0.0,0.0,0.0,0.0,0.0,0.0,0.0,0.0,0.0
14.2903125,214724.0,32578.0,6.59107373074,741.0,64351.0,35.0,7.0,1977.0,5680.0,7082.0,6460.0,4778.0,5562.0,845.0,165.0,25.0,4.0,0.0,0.0,0.0,0.0,0.0,0.0,0.0,0.0,0.0,0.0,0.0,0.0,0.0,0.0,0.0,0.0,0.0,0.0,0.0,0.0
14.2944791667,222277.0,32585.0,6.82145158815,738.0,64344.0,39.0,7.0,1866.0,5497.0,6850.0,6382.0,5210.0,5680.0,900.0,165.0,26.0,9.0,0.0,0.0,0.0,0.0,0.0,0.0,0.0,0.0,0.0,0.0,0.0,0.0,0.0,0.0,0.0,0.0,0.0,0.0,0.0,0.0
14.2986458333,220867.0,32591.0,6.77693228192,738.0,64344.0,35.0,8.0,1834.0,5611.0,6846.0,6533.0,5027.0,5627.0,902.0,177.0,29.0,5.0,0.0,0.0,0.0,0.0,0.0,0.0,0.0,0.0,0.0,0.0,0.0,0.0,0.0,0.0,0.0,0.0,0.0,0.0,0.0,0.0
14.3028125,218248.0,32573.0,6.70027323243,740.0,64345.0,35.0,8.0,1903.0,5636.0,6934.0,6384.0,4987.0,5696.0,844.0,153.0,30.0,6.0,0.0,0.0,0.0,0.0,0.0,0.0,0.0,0.0,0.0,0.0,0.0,0.0,0.0,0.0,0.0,0.0,0.0,0.0,0.0,0.0
14.3069791667,218877.0,32584.0,6.71731524675,738.0,64349.0,33.0,3.0,1929.0,5545.0,6880.0,6427.0,5031.0,5731.0,860.0,149.0,26.0,6.0,0.0,0.0,0.0,0.0,0.0,0.0,0.0,0.0,0.0,0.0,0.0,0.0,0.0,0.0,0.0,0.0,0.0,0.0,0.0,0.0
14.3111458333,220283.0,32571.0,6.7631635504,740.0,64348.0,35.0,6.0,1923.0,5507.0,6704.0,6478.0,5030.0,5901.0,839.0,162.0,26.0,1.0,0.0,0.0,0.0,0.0,0.0,0.0,0.0,0.0,0.0,0.0,0.0,0.0,0.0,0.0,0.0,0.0,0.0,0.0,0.0,0.0
14.3153125,218866.0,32581.0,6.71759614499,740.0,64348.0,38.0,11.0,1923.0,5614.0,6784.0,6447.0,5035.0,5743.0,852.0,154.0,22.0,7.0,0.0,0.0,0.0,0.0,0.0,0.0,0.0,0.0,0.0,0.0,0.0,0.0,0.0,0.0,0.0,0.0,0.0,0.0,0.0,0.0
14.3194791667,225139.0,32580.0,6.91034376918,737.0,64345.0,38.0,7.0,1884.0,5371.0,6756.0,6360.0,5212.0,5901.0,903.0,157.0,27.0,9.0,0.0,0.0,0.0,0.0,0.0,0.0,0.0,0.0,0.0,0.0,0.0,0.0,0.0,0.0,0.0,0.0,0.0,0.0,0.0,0.0
14.3236458333,223787.0,32590.0,6.86673826327,737.0,64344.0,39.0,7.0,1809.0,5413.0,6805.0,6419.0,5062.0,5996.0,899.0,167.0,15.0,5.0,0.0,0.0,0.0,0.0,0.0,0.0,0.0,0.0,0.0,0.0,0.0,0.0,0.0,0.0,0.0,0.0,0.0,0.0,0.0,0.0
14.3278125,221333.0,32569.0,6.79581810924,737.0,64348.0,35.0,4.0,1847.0,5511.0,6653.0,6549.0,5162.0,5771.0,894.0,154.0,23.0,5.0,0.0,0.0,0.0,0.0,0.0,0.0,0.0,0.0,0.0,0.0,0.0,0.0,0.0,0.0,0.0,0.0,0.0,0.0,0.0,0.0
14.3319791667,224451.0,32566.0,6.89218817171,737.0,64344.0,35.0,9.0,1755.0,5477.0,6771.0,6426.0,5056.0,5977.0,906.0,175.0,19.0,4.0,0.0,0.0,0.0,0.0,0.0,0.0,0.0,0.0,0.0,0.0,0.0,0.0,0.0,0.0,0.0,0.0,0.0,0.0,0.0,0.0
14.3361458333,225223.0,32568.0,6.91546917219,737.0,64345.0,33.0,7.0,1842.0,5383.0,6666.0,6539.0,5068.0,5988.0,879.0,168.0,30.0,5.0,0.0,0.0,0.0,0.0,0.0,0.0,0.0,0.0,0.0,0.0,0.0,0.0,0.0,0.0,0.0,0.0,0.0,0.0,0.0,0.0
14.3403125,225981.0,32575.0,6.93725249424,735.0,64344.0,39.0,7.0,1886.0,5363.0,6655.0,6481.0,5157.0,5868.0,977.0,154.0,28.0,6.0,0.0,0.0,0.0,0.0,0.0,0.0,0.0,0.0,0.0,0.0,0.0,0.0,0.0,0.0,0.0,0.0,0.0,0.0,0.0,0.0
14.3444791667,225552.0,32576.0,6.92387033399,737.0,64342.0,44.0,65535.0,1781.0,5386.0,6639.0,6402.0,5186.0,6137.0,864.0,156.0,19.0,6.0,0.0,0.0,0.0,0.0,0.0,0.0,0.0,0.0,0.0,0.0,0.0,0.0,0.0,0.0,0.0,0.0,0.0,0.0,0.0,0.0
14.3486458333,223347.0,32571.0,6.85723496362,737.0,64344.0,36.0,11.0,1873.0,5397.0,6731.0,6498.0,5090.0,5887.0,912.0,153.0,24.0,6.0,0.0,0.0,0.0,0.0,0.0,0.0,0.0,0.0,0.0,0.0,0.0,0.0,0.0,0.0,0.0,0.0,0.0,0.0,0.0,0.0
14.3528125,227986.0,32571.0,6.99966227626,737.0,64350.0,35.0,4.0,1768.0,5270.0,6454.0,6482.0,5327.0,6215.0,879.0,146.0,26.0,4.0,0.0,0.0,0.0,0.0,0.0,0.0,0.0,0.0,0.0,0.0,0.0,0.0,0.0,0.0,0.0,0.0,0.0,0.0,0.0,0.0
14.3569791667,228290.0,32568.0,7.00964136576,737.0,64344.0,39.0,3.0,1777.0,5220.0,6477.0,6405.0,5310.0,6280.0,942.0,136.0,21.0,0.0,0.0,0.0,0.0,0.0,0.0,0.0,0.0,0.0,0.0,0.0,0.0,0.0,0.0,0.0,0.0,0.0,0.0,0.0,0.0,0.0
14.3611458333,233457.0,32567.0,7.16851414008,735.0,64345.0,36.0,12.0,1690.0,5025.0,6330.0,6321.0,5611.0,6486.0,945.0,141.0,16.0,2.0,0.0,0.0,0.0,0.0,0.0,0.0,0.0,0.0,0.0,0.0,0.0,0.0,0.0,0.0,0.0,0.0,0.0,0.0,0.0,0.0
14.3653125,235738.0,32569.0,7.23810985907,737.0,64344.0,39.0,3.0,1658.0,5120.0,6333.0,6274.0,5615.0,6416.0,963.0,158.0,30.0,2.0,0.0,0.0,0.0,0.0,0.0,0.0,0.0,0.0,0.0,0.0,0.0,0.0,0.0,0.0,0.0,0.0,0.0,0.0,0.0,0.0
14.3694791667,236967.0,32567.0,7.27629195198,733.0,64345.0,39.0,0.0,1768.0,5015.0,6236.0,6218.0,5470.0,6668.0,1042.0,131.0,19.0,0.0,0.0,0.0,0.0,0.0,0.0,0.0,0.0,0.0,0.0,0.0,0.0,0.0,0.0,0.0,0.0,0.0,0.0,0.0,0.0,0.0
14.3736458333,243093.0,32553.0,7.4676066722,733.0,64348.0,38.0,6.0,1668.0,4915.0,6151.0,6007.0,5889.0,6691.0,1040.0,163.0,27.0,2.0,0.0,0.0,0.0,0.0,0.0,0.0,0.0,0.0,0.0,0.0,0.0,0.0,0.0,0.0,0.0,0.0,0.0,0.0,0.0,0.0
14.3778125,243399.0,32565.0,7.47425149701,733.0,64344.0,38.0,7.0,1699.0,4947.0,5992.0,6169.0,5776.0,6756.0,1052.0,148.0,18.0,8.0,0.0,0.0,0.0,0.0,0.0,0.0,0.0,0.0,0.0,0.0,0.0,0.0,0.0,0.0,0.0,0.0,0.0,0.0,0.0,0.0
14.3819791667,252074.0,32562.0,7.74135495363,730.0,64343.0,39.0,7.0,1680.0,4838.0,5670.0,5988.0,6087.0,7009.0,1099.0,145.0,40.0,6.0,0.0,0.0,0.0,0.0,0.0,0.0,0.0,0.0,0.0,0.0,0.0,0.0,0.0,0.0,0.0,0.0,0.0,0.0,0.0,0.0
14.3861458333,249958.0,32568.0,7.67495701302,732.0,64344.0,38.0,8.0,1629.0,4738.0,5646.0,5922.0,6364.0,7020.0,1091.0,135.0,19.0,4.0,0.0,0.0,0.0,0.0,0.0,0.0,0.0,0.0,0.0,0.0,0.0,0.0,0.0,0.0,0.0,0.0,0.0,0.0,0.0,0.0
14.3903125,255909.0,32559.0,7.85985441813,733.0,64344.0,35.0,7.0,1660.0,4665.0,5542.0,5952.0,6350.0,7029.0,1173.0,149.0,31.0,8.0,0.0,0.0,0.0,0.0,0.0,0.0,0.0,0.0,0.0,0.0,0.0,0.0,0.0,0.0,0.0,0.0,0.0,0.0,0.0,0.0
14.3944791667,253448.0,32558.0,7.78450764789,730.0,64345.0,39.0,4.0,1635.0,4654.0,5445.0,5968.0,6606.0,6918.0,1152.0,151.0,27.0,2.0,0.0,0.0,0.0,0.0,0.0,0.0,0.0,0.0,0.0,0.0,0.0,0.0,0.0,0.0,0.0,0.0,0.0,0.0,0.0,0.0
14.3986458333,253999.0,32550.0,7.80334869432,730.0,64344.0,39.0,6.0,1672.0,4701.0,5515.0,5805.0,6581.0,6936.0,1147.0,158.0,34.0,1.0,0.0,0.0,0.0,0.0,0.0,0.0,0.0,0.0,0.0,0.0,0.0,0.0,0.0,0.0,0.0,0.0,0.0,0.0,0.0,0.0
14.4028125,259108.0,32551.0,7.96006267089,730.0,64345.0,39.0,6.0,1643.0,4512.0,5386.0,5768.0,6646.0,7218.0,1202.0,153.0,16.0,7.0,0.0,0.0,0.0,0.0,0.0,0.0,0.0,0.0,0.0,0.0,0.0,0.0,0.0,0.0,0.0,0.0,0.0,0.0,0.0,0.0
14.4069791667,258637.0,32551.0,7.94559306934,732.0,64348.0,35.0,12.0,1654.0,4489.0,5302.0,5854.0,6682.0,7207.0,1187.0,151.0,21.0,4.0,0.0,0.0,0.0,0.0,0.0,0.0,0.0,0.0,0.0,0.0,0.0,0.0,0.0,0.0,0.0,0.0,0.0,0.0,0.0,0.0
14.4111458333,262817.0,32550.0,8.07425499232,732.0,64344.0,39.0,7.0,1627.0,4427.0,5085.0,5773.0,6895.0,7407.0,1150.0,149.0,34.0,3.0,0.0,0.0,0.0,0.0,0.0,0.0,0.0,0.0,0.0,0.0,0.0,0.0,0.0,0.0,0.0,0.0,0.0,0.0,0.0,0.0
14.4153125,267916.0,32556.0,8.22938935987,730.0,64344.0,39.0,8.0,1562.0,4234.0,5071.0,5535.0,7317.0,7400.0,1256.0,155.0,18.0,8.0,0.0,0.0,0.0,0.0,0.0,0.0,0.0,0.0,0.0,0.0,0.0,0.0,0.0,0.0,0.0,0.0,0.0,0.0,0.0,0.0
14.4194791667,271286.0,32553.0,8.33367124382,727.0,64343.0,36.0,7.0,1646.0,4256.0,4931.0,5454.0,7237.0,7519.0,1324.0,147.0,36.0,3.0,0.0,0.0,0.0,0.0,0.0,0.0,0.0,0.0,0.0,0.0,0.0,0.0,0.0,0.0,0.0,0.0,0.0,0.0,0.0,0.0
14.4236458333,271582.0,32551.0,8.34327670425,730.0,64344.0,38.0,8.0,1558.0,4160.0,4887.0,5278.0,7613.0,7605.0,1266.0,160.0,23.0,1.0,0.0,0.0,0.0,0.0,0.0,0.0,0.0,0.0,0.0,0.0,0.0,0.0,0.0,0.0,0.0,0.0,0.0,0.0,0.0,0.0
14.4278125,276834.0,32550.0,8.50488479263,730.0,64347.0,39.0,7.0,1562.0,4166.0,4602.0,5344.0,7661.0,7636.0,1402.0,143.0,32.0,2.0,0.0,0.0,0.0,0.0,0.0,0.0,0.0,0.0,0.0,0.0,0.0,0.0,0.0,0.0,0.0,0.0,0.0,0.0,0.0,0.0
14.4319791667,274553.0,32554.0,8.43377157953,730.0,64344.0,35.0,9.0,1595.0,4269.0,4610.0,5248.0,7767.0,7539.0,1339.0,156.0,27.0,4.0,0.0,0.0,0.0,0.0,0.0,0.0,0.0,0.0,0.0,0.0,0.0,0.0,0.0,0.0,0.0,0.0,0.0,0.0,0.0,0.0
14.4361458333,273917.0,32550.0,8.4152688172,730.0,64344.0,39.0,6.0,1557.0,4229.0,4620.0,5152.0,7920.0,7638.0,1272.0,126.0,29.0,7.0,0.0,0.0,0.0,0.0,0.0,0.0,0.0,0.0,0.0,0.0,0.0,0.0,0.0,0.0,0.0,0.0,0.0,0.0,0.0,0.0
14.4403125,276077.0,32554.0,8.48058610309,729.0,64340.0,39.0,8.0,1612.0,4185.0,4526.0,5174.0,7960.0,7518.0,1402.0,154.0,19.0,4.0,0.0,0.0,0.0,0.0,0.0,0.0,0.0,0.0,0.0,0.0,0.0,0.0,0.0,0.0,0.0,0.0,0.0,0.0,0.0,0.0
14.4444791667,277264.0,32557.0,8.51626378352,725.0,64344.0,35.0,7.0,1647.0,4212.0,4450.0,5024.0,8145.0,7535.0,1351.0,156.0,34.0,3.0,0.0,0.0,0.0,0.0,0.0,0.0,0.0,0.0,0.0,0.0,0.0,0.0,0.0,0.0,0.0,0.0,0.0,0.0,0.0,0.0
14.4486458333,275278.0,32539.0,8.45994037924,725.0,64344.0,38.0,12.0,1629.0,4148.0,4461.0,5184.0,8160.0,7406.0,1383.0,136.0,27.0,5.0,0.0,0.0,0.0,0.0,0.0,0.0,0.0,0.0,0.0,0.0,0.0,0.0,0.0,0.0,0.0,0.0,0.0,0.0,0.0,0.0
14.4528125,280317.0,32545.0,8.61321247503,727.0,64344.0,39.0,6.0,1655.0,4039.0,4425.0,5071.0,8175.0,7653.0,1313.0,170.0,38.0,6.0,0.0,0.0,0.0,0.0,0.0,0.0,0.0,0.0,0.0,0.0,0.0,0.0,0.0,0.0,0.0,0.0,0.0,0.0,0.0,0.0
14.4569791667,281986.0,32545.0,8.66449531418,725.0,64344.0,35.0,8.0,1650.0,4028.0,4287.0,5060.0,8255.0,7648.0,1416.0,171.0,25.0,5.0,0.0,0.0,0.0,0.0,0.0,0.0,0.0,0.0,0.0,0.0,0.0,0.0,0.0,0.0,0.0,0.0,0.0,0.0,0.0,0.0
14.4611458333,278503.0,32541.0,8.55852616699,724.0,64348.0,38.0,8.0,1622.0,4139.0,4340.0,5019.0,8297.0,7572.0,1367.0,154.0,27.0,4.0,0.0,0.0,0.0,0.0,0.0,0.0,0.0,0.0,0.0,0.0,0.0,0.0,0.0,0.0,0.0,0.0,0.0,0.0,0.0,0.0
14.4653125,275571.0,32535.0,8.46998616874,725.0,64344.0,38.0,7.0,1725.0,4065.0,4261.0,5088.0,8461.0,7386.0,1382.0,140.0,26.0,1.0,0.0,0.0,0.0,0.0,0.0,0.0,0.0,0.0,0.0,0.0,0.0,0.0,0.0,0.0,0.0,0.0,0.0,0.0,0.0,0.0
14.4694791667,280821.0,32547.0,8.62816849479,725.0,64344.0,39.0,3.0,1733.0,4131.0,4207.0,4837.0,8500.0,7564.0,1378.0,155.0,38.0,4.0,0.0,0.0,0.0,0.0,0.0,0.0,0.0,0.0,0.0,0.0,0.0,0.0,0.0,0.0,0.0,0.0,0.0,0.0,0.0,0.0
14.4736458333,277940.0,32539.0,8.54174990012,725.0,64344.0,36.0,7.0,1790.0,4174.0,4211.0,4794.0,8627.0,7340.0,1416.0,161.0,20.0,6.0,0.0,0.0,0.0,0.0,0.0,0.0,0.0,0.0,0.0,0.0,0.0,0.0,0.0,0.0,0.0,0.0,0.0,0.0,0.0,0.0
14.4778125,280176.0,32553.0,8.60676435352,727.0,64344.0,35.0,7.0,1629.0,4148.0,4166.0,4960.0,8612.0,7451.0,1405.0,147.0,28.0,7.0,0.0,0.0,0.0,0.0,0.0,0.0,0.0,0.0,0.0,0.0,0.0,0.0,0.0,0.0,0.0,0.0,0.0,0.0,0.0,0.0
14.4819791667,284739.0,32546.0,8.74881705893,729.0,64344.0,38.0,7.0,1640.0,4103.0,4144.0,4803.0,8532.0,7617.0,1499.0,185.0,21.0,2.0,0.0,0.0,0.0,0.0,0.0,0.0,0.0,0.0,0.0,0.0,0.0,0.0,0.0,0.0,0.0,0.0,0.0,0.0,0.0,0.0
14.4861458333,280092.0,32540.0,8.60762138906,729.0,64351.0,35.0,6.0,1756.0,4050.0,4197.0,4796.0,8648.0,7505.0,1396.0,161.0,29.0,2.0,0.0,0.0,0.0,0.0,0.0,0.0,0.0,0.0,0.0,0.0,0.0,0.0,0.0,0.0,0.0,0.0,0.0,0.0,0.0,0.0
14.4903125,283353.0,32545.0,8.70649869412,727.0,64353.0,36.0,7.0,1621.0,4023.0,4141.0,4980.0,8577.0,7603.0,1398.0,166.0,29.0,7.0,0.0,0.0,0.0,0.0,0.0,0.0,0.0,0.0,0.0,0.0,0.0,0.0,0.0,0.0,0.0,0.0,0.0,0.0,0.0,0.0
14.4944791667,282126.0,32539.0,8.67039552537,730.0,64344.0,38.0,7.0,1672.0,4162.0,3978.0,4850.0,8714.0,7554.0,1422.0,155.0,28.0,4.0,0.0,0.0,0.0,0.0,0.0,0.0,0.0,0.0,0.0,0.0,0.0,0.0,0.0,0.0,0.0,0.0,0.0,0.0,0.0,0.0
14.4986458333,286293.0,32543.0,8.79737577974,725.0,64344.0,38.0,8.0,1716.0,3977.0,4184.0,4771.0,8594.0,7596.0,1510.0,152.0,35.0,8.0,0.0,0.0,0.0,0.0,0.0,0.0,0.0,0.0,0.0,0.0,0.0,0.0,0.0,0.0,0.0,0.0,0.0,0.0,0.0,0.0
14.5028125,280871.0,32536.0,8.63262232604,727.0,64345.0,35.0,15.0,1712.0,4161.0,3945.0,4907.0,8691.0,7515.0,1415.0,161.0,28.0,1.0,0.0,0.0,0.0,0.0,0.0,0.0,0.0,0.0,0.0,0.0,0.0,0.0,0.0,0.0,0.0,0.0,0.0,0.0,0.0,0.0
14.5069791667,286471.0,32541.0,8.80338649703,729.0,64344.0,38.0,7.0,1717.0,3963.0,4040.0,4859.0,8722.0,7514.0,1521.0,169.0,29.0,7.0,0.0,0.0,0.0,0.0,0.0,0.0,0.0,0.0,0.0,0.0,0.0,0.0,0.0,0.0,0.0,0.0,0.0,0.0,0.0,0.0
14.5111458333,285190.0,32544.0,8.76321288102,724.0,64344.0,35.0,9.0,1684.0,4002.0,4030.0,4802.0,8738.0,7637.0,1458.0,161.0,26.0,6.0,0.0,0.0,0.0,0.0,0.0,0.0,0.0,0.0,0.0,0.0,0.0,0.0,0.0,0.0,0.0,0.0,0.0,0.0,0.0,0.0
14.5153125,282635.0,32546.0,8.68417009771,730.0,64342.0,38.0,7.0,1605.0,4059.0,4162.0,4817.0,8727.0,7541.0,1455.0,152.0,23.0,5.0,0.0,0.0,0.0,0.0,0.0,0.0,0.0,0.0,0.0,0.0,0.0,0.0,0.0,0.0,0.0,0.0,0.0,0.0,0.0,0.0
14.5194791667,283858.0,32544.0,8.72228367748,729.0,64344.0,36.0,12.0,1695.0,4024.0,4109.0,4764.0,8628.0,7615.0,1540.0,148.0,19.0,2.0,0.0,0.0,0.0,0.0,0.0,0.0,0.0,0.0,0.0,0.0,0.0,0.0,0.0,0.0,0.0,0.0,0.0,0.0,0.0,0.0
14.5236458333,284384.0,32541.0,8.73925202053,727.0,64344.0,38.0,9.0,1710.0,4056.0,4070.0,4747.0,8850.0,7338.0,1579.0,162.0,26.0,3.0,0.0,0.0,0.0,0.0,0.0,0.0,0.0,0.0,0.0,0.0,0.0,0.0,0.0,0.0,0.0,0.0,0.0,0.0,0.0,0.0
14.5278125,287152.0,32549.0,8.82214507358,730.0,64345.0,35.0,8.0,1630.0,3998.0,4099.0,4707.0,8818.0,7585.0,1513.0,169.0,21.0,9.0,0.0,0.0,0.0,0.0,0.0,0.0,0.0,0.0,0.0,0.0,0.0,0.0,0.0,0.0,0.0,0.0,0.0,0.0,0.0,0.0
14.5319791667,287061.0,32549.0,8.81934928876,727.0,64339.0,43.0,8.0,1679.0,4057.0,3930.0,4796.0,8765.0,7591.0,1530.0,175.0,19.0,7.0,0.0,0.0,0.0,0.0,0.0,0.0,0.0,0.0,0.0,0.0,0.0,0.0,0.0,0.0,0.0,0.0,0.0,0.0,0.0,0.0
14.5361458333,286339.0,32555.0,8.79554599908,730.0,64342.0,39.0,15.0,1747.0,4083.0,4068.0,4664.0,8681.0,7598.0,1518.0,158.0,31.0,7.0,0.0,0.0,0.0,0.0,0.0,0.0,0.0,0.0,0.0,0.0,0.0,0.0,0.0,0.0,0.0,0.0,0.0,0.0,0.0,0.0
14.5403125,286057.0,32546.0,8.78931358692,730.0,64344.0,38.0,12.0,1674.0,4063.0,4091.0,4747.0,8653.0,7664.0,1454.0,157.0,36.0,7.0,0.0,0.0,0.0,0.0,0.0,0.0,0.0,0.0,0.0,0.0,0.0,0.0,0.0,0.0,0.0,0.0,0.0,0.0,0.0,0.0
14.5444791667,281987.0,32551.0,8.66292894228,725.0,64344.0,36.0,7.0,1654.0,4073.0,4105.0,4926.0,8702.0,7454.0,1434.0,168.0,35.0,0.0,0.0,0.0,0.0,0.0,0.0,0.0,0.0,0.0,0.0,0.0,0.0,0.0,0.0,0.0,0.0,0.0,0.0,0.0,0.0,0.0
14.5486458333,287209.0,32543.0,8.82552315398,730.0,64342.0,35.0,8.0,1673.0,3995.0,4083.0,4784.0,8691.0,7653.0,1450.0,172.0,33.0,9.0,0.0,0.0,0.0,0.0,0.0,0.0,0.0,0.0,0.0,0.0,0.0,0.0,0.0,0.0,0.0,0.0,0.0,0.0,0.0,0.0
14.5528125,283361.0,32544.0,8.70701204523,730.0,64345.0,38.0,7.0,1669.0,4073.0,4166.0,4707.0,8734.0,7523.0,1480.0,165.0,23.0,4.0,0.0,0.0,0.0,0.0,0.0,0.0,0.0,0.0,0.0,0.0,0.0,0.0,0.0,0.0,0.0,0.0,0.0,0.0,0.0,0.0
14.5569791667,283983.0,32547.0,8.72532030602,730.0,64344.0,36.0,7.0,1653.0,4127.0,4152.0,4878.0,8557.0,7536.0,1437.0,160.0,41.0,6.0,0.0,0.0,0.0,0.0,0.0,0.0,0.0,0.0,0.0,0.0,0.0,0.0,0.0,0.0,0.0,0.0,0.0,0.0,0.0,0.0
14.5611458333,281844.0,32545.0,8.66013212475,730.0,64343.0,39.0,9.0,1629.0,3948.0,4172.0,4964.0,8620.0,7606.0,1423.0,161.0,19.0,3.0,0.0,0.0,0.0,0.0,0.0,0.0,0.0,0.0,0.0,0.0,0.0,0.0,0.0,0.0,0.0,0.0,0.0,0.0,0.0,0.0
14.5653125,283494.0,32543.0,8.71136649971,732.0,64344.0,38.0,9.0,1699.0,4030.0,4160.0,4938.0,8504.0,7466.0,1559.0,161.0,23.0,3.0,0.0,0.0,0.0,0.0,0.0,0.0,0.0,0.0,0.0,0.0,0.0,0.0,0.0,0.0,0.0,0.0,0.0,0.0,0.0,0.0
14.5694791667,283635.0,32552.0,8.71328950602,730.0,64345.0,38.0,7.0,1683.0,3901.0,4191.0,4840.0,8699.0,7606.0,1449.0,150.0,29.0,4.0,0.0,0.0,0.0,0.0,0.0,0.0,0.0,0.0,0.0,0.0,0.0,0.0,0.0,0.0,0.0,0.0,0.0,0.0,0.0,0.0
14.5736458333,283338.0,32558.0,8.70256158241,733.0,64344.0,39.0,1.0,1702.0,3996.0,4123.0,4808.0,8707.0,7570.0,1481.0,138.0,28.0,5.0,0.0,0.0,0.0,0.0,0.0,0.0,0.0,0.0,0.0,0.0,0.0,0.0,0.0,0.0,0.0,0.0,0.0,0.0,0.0,0.0
14.5778125,282485.0,32550.0,8.67849462366,730.0,64344.0,36.0,12.0,1688.0,4019.0,4129.0,4944.0,8696.0,7400.0,1470.0,169.0,34.0,1.0,0.0,0.0,0.0,0.0,0.0,0.0,0.0,0.0,0.0,0.0,0.0,0.0,0.0,0.0,0.0,0.0,0.0,0.0,0.0,0.0
14.5819791667,284951.0,32557.0,8.75237276162,733.0,64348.0,38.0,7.0,1706.0,4057.0,4127.0,4876.0,8588.0,7501.0,1499.0,163.0,33.0,7.0,0.0,0.0,0.0,0.0,0.0,0.0,0.0,0.0,0.0,0.0,0.0,0.0,0.0,0.0,0.0,0.0,0.0,0.0,0.0,0.0
14.5861458333,285425.0,32563.0,8.76531646347,733.0,64347.0,35.0,12.0,1646.0,4087.0,4245.0,4808.0,8358.0,7712.0,1502.0,173.0,31.0,1.0,0.0,0.0,0.0,0.0,0.0,0.0,0.0,0.0,0.0,0.0,0.0,0.0,0.0,0.0,0.0,0.0,0.0,0.0,0.0,0.0
14.5903125,281358.0,32548.0,8.6444021138,733.0,64345.0,35.0,9.0,1712.0,4126.0,4154.0,4683.0,8712.0,7545.0,1432.0,156.0,25.0,3.0,0.0,0.0,0.0,0.0,0.0,0.0,0.0,0.0,0.0,0.0,0.0,0.0,0.0,0.0,0.0,0.0,0.0,0.0,0.0,0.0
14.5944791667,286228.0,32560.0,8.79078624079,737.0,64344.0,38.0,7.0,1631.0,4058.0,4133.0,4798.0,8673.0,7561.0,1521.0,137.0,42.0,6.0,0.0,0.0,0.0,0.0,0.0,0.0,0.0,0.0,0.0,0.0,0.0,0.0,0.0,0.0,0.0,0.0,0.0,0.0,0.0,0.0
14.5986458333,285512.0,32556.0,8.76987344883,735.0,64344.0,38.0,8.0,1610.0,4002.0,4143.0,4798.0,8546.0,7788.0,1484.0,158.0,27.0,0.0,0.0,0.0,0.0,0.0,0.0,0.0,0.0,0.0,0.0,0.0,0.0,0.0,0.0,0.0,0.0,0.0,0.0,0.0,0.0,0.0
14.6028125,286989.0,32558.0,8.81469992014,737.0,64344.0,39.0,6.0,1632.0,3901.0,4284.0,4902.0,8362.0,7785.0,1487.0,172.0,28.0,5.0,0.0,0.0,0.0,0.0,0.0,0.0,0.0,0.0,0.0,0.0,0.0,0.0,0.0,0.0,0.0,0.0,0.0,0.0,0.0,0.0
14.6069791667,288316.0,32573.0,8.85137997728,737.0,64344.0,39.0,6.0,1552.0,3992.0,4214.0,4890.0,8440.0,7745.0,1550.0,155.0,28.0,7.0,0.0,0.0,0.0,0.0,0.0,0.0,0.0,0.0,0.0,0.0,0.0,0.0,0.0,0.0,0.0,0.0,0.0,0.0,0.0,0.0
14.6111458333,288582.0,32575.0,8.85900230238,740.0,64342.0,39.0,12.0,1573.0,3914.0,4252.0,4951.0,8361.0,7740.0,1609.0,141.0,28.0,6.0,0.0,0.0,0.0,0.0,0.0,0.0,0.0,0.0,0.0,0.0,0.0,0.0,0.0,0.0,0.0,0.0,0.0,0.0,0.0,0.0
14.6153125,287760.0,32557.0,8.83865220997,737.0,64344.0,39.0,7.0,1588.0,4000.0,4234.0,4803.0,8528.0,7667.0,1537.0,164.0,29.0,7.0,0.0,0.0,0.0,0.0,0.0,0.0,0.0,0.0,0.0,0.0,0.0,0.0,0.0,0.0,0.0,0.0,0.0,0.0,0.0,0.0
14.6194791667,287458.0,32579.0,8.82341385555,738.0,64344.0,36.0,12.0,1522.0,3868.0,4147.0,5082.0,8495.0,7774.0,1507.0,149.0,32.0,3.0,0.0,0.0,0.0,0.0,0.0,0.0,0.0,0.0,0.0,0.0,0.0,0.0,0.0,0.0,0.0,0.0,0.0,0.0,0.0,0.0
14.6236458333,291662.0,32581.0,8.95190448421,741.0,64342.0,39.0,11.0,1578.0,3912.0,4205.0,4815.0,8596.0,7725.0,1522.0,181.0,36.0,11.0,0.0,0.0,0.0,0.0,0.0,0.0,0.0,0.0,0.0,0.0,0.0,0.0,0.0,0.0,0.0,0.0,0.0,0.0,0.0,0.0
14.6278125,287709.0,32569.0,8.83382971537,741.0,64344.0,36.0,12.0,1579.0,3967.0,4307.0,4958.0,8250.0,7817.0,1493.0,147.0,47.0,4.0,0.0,0.0,0.0,0.0,0.0,0.0,0.0,0.0,0.0,0.0,0.0,0.0,0.0,0.0,0.0,0.0,0.0,0.0,0.0,0.0
14.6319791667,288252.0,32592.0,8.8442562592,741.0,64344.0,36.0,9.0,1596.0,4092.0,4226.0,4785.0,8441.0,7733.0,1499.0,185.0,27.0,8.0,0.0,0.0,0.0,0.0,0.0,0.0,0.0,0.0,0.0,0.0,0.0,0.0,0.0,0.0,0.0,0.0,0.0,0.0,0.0,0.0
14.6361458333,285771.0,32582.0,8.77082438156,738.0,64344.0,33.0,14.0,1599.0,3959.0,4216.0,4861.0,8574.0,7650.0,1557.0,135.0,27.0,4.0,0.0,0.0,0.0,0.0,0.0,0.0,0.0,0.0,0.0,0.0,0.0,0.0,0.0,0.0,0.0,0.0,0.0,0.0,0.0,0.0
14.6403125,288238.0,32580.0,8.84708410068,740.0,64344.0,39.0,7.0,1536.0,4018.0,4264.0,4875.0,8402.0,7781.0,1493.0,171.0,35.0,5.0,0.0,0.0,0.0,0.0,0.0,0.0,0.0,0.0,0.0,0.0,0.0,0.0,0.0,0.0,0.0,0.0,0.0,0.0,0.0,0.0
14.6444791667,287399.0,32590.0,8.8186253452,745.0,64344.0,38.0,7.0,1538.0,3989.0,4221.0,4926.0,8482.0,7729.0,1510.0,165.0,22.0,8.0,0.0,0.0,0.0,0.0,0.0,0.0,0.0,0.0,0.0,0.0,0.0,0.0,0.0,0.0,0.0,0.0,0.0,0.0,0.0,0.0
14.6486458333,288653.0,32594.0,8.85601644474,741.0,64345.0,38.0,9.0,1472.0,4031.0,4343.0,4958.0,8197.0,7932.0,1476.0,140.0,32.0,13.0,0.0,0.0,0.0,0.0,0.0,0.0,0.0,0.0,0.0,0.0,0.0,0.0,0.0,0.0,0.0,0.0,0.0,0.0,0.0,0.0
14.6528125,289148.0,32588.0,8.87283662698,746.0,64344.0,36.0,12.0,1517.0,3998.0,4405.0,5101.0,8012.0,7804.0,1541.0,160.0,42.0,8.0,0.0,0.0,0.0,0.0,0.0,0.0,0.0,0.0,0.0,0.0,0.0,0.0,0.0,0.0,0.0,0.0,0.0,0.0,0.0,0.0
14.6569791667,285193.0,32589.0,8.75120439412,743.0,64344.0,38.0,7.0,1495.0,4037.0,4418.0,5100.0,8042.0,7824.0,1474.0,162.0,36.0,1.0,0.0,0.0,0.0,0.0,0.0,0.0,0.0,0.0,0.0,0.0,0.0,0.0,0.0,0.0,0.0,0.0,0.0,0.0,0.0,0.0
14.6611458333,286186.0,32593.0,8.78059706072,746.0,64345.0,35.0,6.0,1547.0,3984.0,4445.0,5084.0,7994.0,7896.0,1449.0,155.0,28.0,11.0,0.0,0.0,0.0,0.0,0.0,0.0,0.0,0.0,0.0,0.0,0.0,0.0,0.0,0.0,0.0,0.0,0.0,0.0,0.0,0.0
14.6653125,285765.0,32590.0,8.76848726603,748.0,64347.0,38.0,7.0,1492.0,4017.0,4462.0,5082.0,8044.0,7779.0,1510.0,170.0,33.0,1.0,0.0,0.0,0.0,0.0,0.0,0.0,0.0,0.0,0.0,0.0,0.0,0.0,0.0,0.0,0.0,0.0,0.0,0.0,0.0,0.0
14.6694791667,283250.0,32600.0,8.68865030675,748.0,64344.0,36.0,3.0,1553.0,4012.0,4461.0,5055.0,8028.0,7859.0,1435.0,174.0,22.0,1.0,0.0,0.0,0.0,0.0,0.0,0.0,0.0,0.0,0.0,0.0,0.0,0.0,0.0,0.0,0.0,0.0,0.0,0.0,0.0,0.0
14.6736458333,284048.0,32605.0,8.71179266984,750.0,64348.0,38.0,7.0,1545.0,3902.0,4545.0,5202.0,7879.0,7893.0,1452.0,156.0,27.0,4.0,0.0,0.0,0.0,0.0,0.0,0.0,0.0,0.0,0.0,0.0,0.0,0.0,0.0,0.0,0.0,0.0,0.0,0.0,0.0,0.0
14.6778125,284421.0,32599.0,8.72483818522,750.0,64346.0,39.0,7.0,1487.0,3873.0,4660.0,5211.0,7814.0,7900.0,1471.0,155.0,21.0,7.0,0.0,0.0,0.0,0.0,0.0,0.0,0.0,0.0,0.0,0.0,0.0,0.0,0.0,0.0,0.0,0.0,0.0,0.0,0.0,0.0
14.6819791667,286611.0,32605.0,8.79040024536,750.0,64344.0,38.0,7.0,1539.0,4107.0,4504.0,5102.0,7848.0,7828.0,1453.0,178.0,36.0,10.0,0.0,0.0,0.0,0.0,0.0,0.0,0.0,0.0,0.0,0.0,0.0,0.0,0.0,0.0,0.0,0.0,0.0,0.0,0.0,0.0
14.6861458333,280803.0,32596.0,8.61464596883,751.0,64345.0,35.0,1.0,1476.0,4069.0,4767.0,5314.0,7631.0,7726.0,1411.0,164.0,32.0,6.0,0.0,0.0,0.0,0.0,0.0,0.0,0.0,0.0,0.0,0.0,0.0,0.0,0.0,0.0,0.0,0.0,0.0,0.0,0.0,0.0
14.6903125,281379.0,32600.0,8.63125766871,748.0,64343.0,37.0,7.0,1441.0,3997.0,4835.0,5282.0,7633.0,7785.0,1429.0,166.0,28.0,4.0,0.0,0.0,0.0,0.0,0.0,0.0,0.0,0.0,0.0,0.0,0.0,0.0,0.0,0.0,0.0,0.0,0.0,0.0,0.0,0.0
14.6944791667,282710.0,32600.0,8.67208588957,754.0,64344.0,35.0,14.0,1489.0,4062.0,4728.0,5302.0,7586.0,7744.0,1475.0,183.0,27.0,4.0,0.0,0.0,0.0,0.0,0.0,0.0,0.0,0.0,0.0,0.0,0.0,0.0,0.0,0.0,0.0,0.0,0.0,0.0,0.0,0.0
14.6986458333,274979.0,32609.0,8.43261062897,754.0,64344.0,35.0,15.0,1519.0,4133.0,5023.0,5412.0,7250.0,7724.0,1363.0,158.0,24.0,3.0,0.0,0.0,0.0,0.0,0.0,0.0,0.0,0.0,0.0,0.0,0.0,0.0,0.0,0.0,0.0,0.0,0.0,0.0,0.0,0.0
14.7028125,279402.0,32612.0,8.56745983074,756.0,64344.0,38.0,7.0,1491.0,4024.0,5163.0,5493.0,7067.0,7679.0,1488.0,171.0,32.0,4.0,0.0,0.0,0.0,0.0,0.0,0.0,0.0,0.0,0.0,0.0,0.0,0.0,0.0,0.0,0.0,0.0,0.0,0.0,0.0,0.0
14.7069791667,274823.0,32619.0,8.42524295656,759.0,64348.0,35.0,12.0,1503.0,4219.0,5084.0,5515.0,6977.0,7712.0,1445.0,142.0,14.0,8.0,0.0,0.0,0.0,0.0,0.0,0.0,0.0,0.0,0.0,0.0,0.0,0.0,0.0,0.0,0.0,0.0,0.0,0.0,0.0,0.0
14.7111458333,270808.0,32621.0,8.30164617884,759.0,64344.0,38.0,8.0,1411.0,4218.0,5411.0,5736.0,6721.0,7595.0,1346.0,152.0,25.0,6.0,0.0,0.0,0.0,0.0,0.0,0.0,0.0,0.0,0.0,0.0,0.0,0.0,0.0,0.0,0.0,0.0,0.0,0.0,0.0,0.0
14.7153125,265437.0,32626.0,8.13575062833,756.0,64344.0,39.0,6.0,1522.0,4453.0,5446.0,5791.0,6588.0,7331.0,1305.0,157.0,26.0,7.0,0.0,0.0,0.0,0.0,0.0,0.0,0.0,0.0,0.0,0.0,0.0,0.0,0.0,0.0,0.0,0.0,0.0,0.0,0.0,0.0
14.7194791667,262117.0,32618.0,8.03596173892,759.0,64344.0,39.0,7.0,1539.0,4373.0,5674.0,5921.0,6383.0,7284.0,1258.0,158.0,19.0,9.0,0.0,0.0,0.0,0.0,0.0,0.0,0.0,0.0,0.0,0.0,0.0,0.0,0.0,0.0,0.0,0.0,0.0,0.0,0.0,0.0
14.7236458333,258830.0,32628.0,7.93275714111,759.0,64344.0,38.0,3.0,1526.0,4468.0,5711.0,5813.0,6555.0,7165.0,1204.0,162.0,19.0,5.0,0.0,0.0,0.0,0.0,0.0,0.0,0.0,0.0,0.0,0.0,0.0,0.0,0.0,0.0,0.0,0.0,0.0,0.0,0.0,0.0
14.7278125,259455.0,32629.0,7.95166876092,759.0,64344.0,35.0,8.0,1472.0,4379.0,5700.0,5941.0,6429.0,7312.0,1241.0,130.0,23.0,2.0,0.0,0.0,0.0,0.0,0.0,0.0,0.0,0.0,0.0,0.0,0.0,0.0,0.0,0.0,0.0,0.0,0.0,0.0,0.0,0.0
14.7319791667,260814.0,32623.0,7.99478895258,761.0,64351.0,36.0,3.0,1511.0,4372.0,5617.0,5916.0,6437.0,7374.0,1231.0,136.0,27.0,2.0,0.0,0.0,0.0,0.0,0.0,0.0,0.0,0.0,0.0,0.0,0.0,0.0,0.0,0.0,0.0,0.0,0.0,0.0,0.0,0.0
14.7361458333,256736.0,32637.0,7.86640929007,762.0,64343.0,38.0,6.0,1537.0,4526.0,5927.0,6069.0,6188.0,7027.0,1154.0,173.0,24.0,12.0,0.0,0.0,0.0,0.0,0.0,0.0,0.0,0.0,0.0,0.0,0.0,0.0,0.0,0.0,0.0,0.0,0.0,0.0,0.0,0.0
14.7403125,259532.0,32637.0,7.95207892882,762.0,64345.0,35.0,9.0,1508.0,4488.0,5690.0,5978.0,6359.0,7181.0,1221.0,191.0,21.0,0.0,0.0,0.0,0.0,0.0,0.0,0.0,0.0,0.0,0.0,0.0,0.0,0.0,0.0,0.0,0.0,0.0,0.0,0.0,0.0,0.0
14.7444791667,252218.0,32634.0,7.72868787155,762.0,64344.0,36.0,8.0,1491.0,4576.0,6033.0,6144.0,6001.0,7093.0,1123.0,138.0,33.0,2.0,0.0,0.0,0.0,0.0,0.0,0.0,0.0,0.0,0.0,0.0,0.0,0.0,0.0,0.0,0.0,0.0,0.0,0.0,0.0,0.0
14.7486458333,248620.0,32621.0,7.62147083167,762.0,64346.0,38.0,3.0,1553.0,4628.0,6244.0,6238.0,5833.0,6803.0,1131.0,156.0,32.0,3.0,0.0,0.0,0.0,0.0,0.0,0.0,0.0,0.0,0.0,0.0,0.0,0.0,0.0,0.0,0.0,0.0,0.0,0.0,0.0,0.0
14.7528125,206153.0,27200.0,7.57915441176,762.0,64346.0,35.0,7.0,1286.0,3899.0,5145.0,5201.0,4811.0,5758.0,965.0,123.0,10.0,2.0,0.0,0.0,0.0,0.0,0.0,0.0,0.0,0.0,0.0,0.0,0.0,0.0,0.0,0.0,0.0,0.0,0.0,0.0,0.0,0.0
14.7646990741,240033.0,32637.0,7.35462818274,764.0,64342.0,41.0,4.0,1577.0,4897.0,6422.0,6283.0,5831.0,6417.0,1031.0,140.0,32.0,7.0,0.0,0.0,0.0,0.0,0.0,0.0,0.0,0.0,0.0,0.0,0.0,0.0,0.0,0.0,0.0,0.0,0.0,0.0,0.0,0.0
14.7688657407,235528.0,32643.0,7.21526820452,766.0,64347.0,32.0,7.0,1654.0,4976.0,6512.0,6340.0,5677.0,6274.0,1031.0,151.0,27.0,1.0,0.0,0.0,0.0,0.0,0.0,0.0,0.0,0.0,0.0,0.0,0.0,0.0,0.0,0.0,0.0,0.0,0.0,0.0,0.0,0.0
14.7730324074,237052.0,32638.0,7.26306758993,769.0,64345.0,39.0,4.0,1604.0,4976.0,6520.0,6507.0,5512.0,6267.0,1068.0,152.0,27.0,5.0,0.0,0.0,0.0,0.0,0.0,0.0,0.0,0.0,0.0,0.0,0.0,0.0,0.0,0.0,0.0,0.0,0.0,0.0,0.0,0.0
14.7771990741,230662.0,32643.0,7.06620102319,766.0,64345.0,36.0,6.0,1670.0,5198.0,6664.0,6602.0,5332.0,6000.0,973.0,177.0,18.0,9.0,0.0,0.0,0.0,0.0,0.0,0.0,0.0,0.0,0.0,0.0,0.0,0.0,0.0,0.0,0.0,0.0,0.0,0.0,0.0,0.0
14.7813657407,233393.0,32642.0,7.15008271552,767.0,64344.0,35.0,12.0,1722.0,5185.0,6700.0,6266.0,5352.0,6195.0,1022.0,172.0,24.0,4.0,0.0,0.0,0.0,0.0,0.0,0.0,0.0,0.0,0.0,0.0,0.0,0.0,0.0,0.0,0.0,0.0,0.0,0.0,0.0,0.0
14.7855324074,228594.0,32650.0,7.00134762634,769.0,64344.0,39.0,4.0,1747.0,5192.0,6887.0,6455.0,5308.0,5894.0,960.0,167.0,36.0,4.0,0.0,0.0,0.0,0.0,0.0,0.0,0.0,0.0,0.0,0.0,0.0,0.0,0.0,0.0,0.0,0.0,0.0,0.0,0.0,0.0
14.7896990741,220469.0,32647.0,6.75311667228,766.0,64350.0,36.0,7.0,1768.0,5433.0,7104.0,6505.0,5185.0,5557.0,882.0,181.0,28.0,4.0,0.0,0.0,0.0,0.0,0.0,0.0,0.0,0.0,0.0,0.0,0.0,0.0,0.0,0.0,0.0,0.0,0.0,0.0,0.0,0.0
14.7938657407,217690.0,32654.0,6.66656458627,771.0,64345.0,41.0,3.0,1780.0,5388.0,7191.0,6476.0,5186.0,5588.0,873.0,146.0,22.0,4.0,0.0,0.0,0.0,0.0,0.0,0.0,0.0,0.0,0.0,0.0,0.0,0.0,0.0,0.0,0.0,0.0,0.0,0.0,0.0,0.0
14.7980324074,216172.0,32665.0,6.61784784938,772.0,64344.0,38.0,7.0,1859.0,5632.0,7262.0,6296.0,5116.0,5467.0,832.0,161.0,37.0,3.0,0.0,0.0,0.0,0.0,0.0,0.0,0.0,0.0,0.0,0.0,0.0,0.0,0.0,0.0,0.0,0.0,0.0,0.0,0.0,0.0
14.8021990741,216111.0,32650.0,6.61901990812,769.0,64343.0,35.0,15.0,1945.0,5671.0,7090.0,6373.0,5110.0,5406.0,860.0,162.0,23.0,10.0,0.0,0.0,0.0,0.0,0.0,0.0,0.0,0.0,0.0,0.0,0.0,0.0,0.0,0.0,0.0,0.0,0.0,0.0,0.0,0.0
14.8063657407,210242.0,32661.0,6.43709623098,772.0,64348.0,38.0,8.0,1959.0,5936.0,7275.0,6441.0,4811.0,5242.0,803.0,155.0,31.0,8.0,0.0,0.0,0.0,0.0,0.0,0.0,0.0,0.0,0.0,0.0,0.0,0.0,0.0,0.0,0.0,0.0,0.0,0.0,0.0,0.0
14.8105324074,210319.0,32660.0,6.43965094917,767.0,64344.0,39.0,7.0,1964.0,5845.0,7345.0,6324.0,4967.0,5179.0,833.0,174.0,26.0,3.0,0.0,0.0,0.0,0.0,0.0,0.0,0.0,0.0,0.0,0.0,0.0,0.0,0.0,0.0,0.0,0.0,0.0,0.0,0.0,0.0
14.8146990741,205530.0,32662.0,6.29263364154,772.0,64348.0,35.0,9.0,2078.0,5996.0,7325.0,6395.0,4865.0,5030.0,783.0,152.0,36.0,2.0,0.0,0.0,0.0,0.0,0.0,0.0,0.0,0.0,0.0,0.0,0.0,0.0,0.0,0.0,0.0,0.0,0.0,0.0,0.0,0.0
14.8188657407,206935.0,32667.0,6.33468025836,774.0,64345.0,39.0,3.0,2116.0,5961.0,7193.0,6407.0,4926.0,5049.0,820.0,171.0,20.0,4.0,0.0,0.0,0.0,0.0,0.0,0.0,0.0,0.0,0.0,0.0,0.0,0.0,0.0,0.0,0.0,0.0,0.0,0.0,0.0,0.0
14.8230324074,206121.0,32672.0,6.30879652302,772.0,64348.0,35.0,3.0,2076.0,5961.0,7318.0,6361.0,4998.0,4942.0,824.0,163.0,25.0,4.0,0.0,0.0,0.0,0.0,0.0,0.0,0.0,0.0,0.0,0.0,0.0,0.0,0.0,0.0,0.0,0.0,0.0,0.0,0.0,0.0
14.8271990741,203806.0,32659.0,6.24042377293,774.0,64345.0,36.0,11.0,2193.0,6122.0,7382.0,6154.0,4960.0,4870.0,782.0,157.0,34.0,5.0,0.0,0.0,0.0,0.0,0.0,0.0,0.0,0.0,0.0,0.0,0.0,0.0,0.0,0.0,0.0,0.0,0.0,0.0,0.0,0.0
14.8313657407,206126.0,32662.0,6.31088114629,774.0,64344.0,31.0,10.0,2101.0,6002.0,7428.0,6201.0,5014.0,4910.0,796.0,173.0,33.0,4.0,0.0,0.0,0.0,0.0,0.0,0.0,0.0,0.0,0.0,0.0,0.0,0.0,0.0,0.0,0.0,0.0,0.0,0.0,0.0,0.0
14.8355324074,207983.0,32662.0,6.36773620721,774.0,64350.0,38.0,8.0,2052.0,5885.0,7265.0,6172.0,5246.0,5071.0,797.0,141.0,25.0,8.0,0.0,0.0,0.0,0.0,0.0,0.0,0.0,0.0,0.0,0.0,0.0,0.0,0.0,0.0,0.0,0.0,0.0,0.0,0.0,0.0
14.8396990741,202927.0,32669.0,6.21160733417,774.0,64348.0,35.0,12.0,2146.0,6069.0,7445.0,6332.0,4762.0,4965.0,748.0,177.0,20.0,5.0,0.0,0.0,0.0,0.0,0.0,0.0,0.0,0.0,0.0,0.0,0.0,0.0,0.0,0.0,0.0,0.0,0.0,0.0,0.0,0.0
14.8438657407,206318.0,32661.0,6.31695294082,774.0,64344.0,35.0,11.0,2188.0,6092.0,7315.0,6125.0,5041.0,4930.0,741.0,182.0,43.0,4.0,0.0,0.0,0.0,0.0,0.0,0.0,0.0,0.0,0.0,0.0,0.0,0.0,0.0,0.0,0.0,0.0,0.0,0.0,0.0,0.0
14.8480324074,205546.0,32661.0,6.2933161875,774.0,64344.0,35.0,6.0,2124.0,6162.0,7336.0,6186.0,4940.0,4914.0,781.0,185.0,27.0,6.0,0.0,0.0,0.0,0.0,0.0,0.0,0.0,0.0,0.0,0.0,0.0,0.0,0.0,0.0,0.0,0.0,0.0,0.0,0.0,0.0
14.8521990741,205780.0,32655.0,6.30163834022,774.0,64347.0,35.0,1.0,2146.0,5942.0,7471.0,6096.0,4934.0,5067.0,807.0,165.0,26.0,1.0,0.0,0.0,0.0,0.0,0.0,0.0,0.0,0.0,0.0,0.0,0.0,0.0,0.0,0.0,0.0,0.0,0.0,0.0,0.0,0.0
14.8563657407,206853.0,32651.0,6.33527303911,774.0,64348.0,35.0,8.0,2054.0,5983.0,7409.0,6145.0,5030.0,4991.0,845.0,168.0,24.0,2.0,0.0,0.0,0.0,0.0,0.0,0.0,0.0,0.0,0.0,0.0,0.0,0.0,0.0,0.0,0.0,0.0,0.0,0.0,0.0,0.0
14.8605324074,207033.0,32665.0,6.33806826879,774.0,64344.0,37.0,7.0,2040.0,6035.0,7161.0,6285.0,5126.0,5035.0,793.0,164.0,20.0,6.0,0.0,0.0,0.0,0.0,0.0,0.0,0.0,0.0,0.0,0.0,0.0,0.0,0.0,0.0,0.0,0.0,0.0,0.0,0.0,0.0
14.8646990741,206763.0,32673.0,6.3282526857,774.0,64348.0,35.0,3.0,2121.0,5899.0,7360.0,6214.0,5115.0,5011.0,754.0,159.0,34.0,6.0,0.0,0.0,0.0,0.0,0.0,0.0,0.0,0.0,0.0,0.0,0.0,0.0,0.0,0.0,0.0,0.0,0.0,0.0,0.0,0.0
14.8688657407,207195.0,32662.0,6.34361031168,775.0,64344.0,35.0,8.0,2090.0,5953.0,7201.0,6264.0,5137.0,5045.0,783.0,157.0,26.0,6.0,0.0,0.0,0.0,0.0,0.0,0.0,0.0,0.0,0.0,0.0,0.0,0.0,0.0,0.0,0.0,0.0,0.0,0.0,0.0,0.0
14.8730324074,206631.0,32661.0,6.32653623588,774.0,64348.0,38.0,6.0,2105.0,6033.0,7389.0,6175.0,4978.0,4943.0,837.0,169.0,28.0,4.0,0.0,0.0,0.0,0.0,0.0,0.0,0.0,0.0,0.0,0.0,0.0,0.0,0.0,0.0,0.0,0.0,0.0,0.0,0.0,0.0
14.8771990741,213102.0,32666.0,6.52366374824,775.0,64345.0,39.0,4.0,2016.0,5804.0,7073.0,6260.0,5268.0,5215.0,813.0,184.0,29.0,4.0,0.0,0.0,0.0,0.0,0.0,0.0,0.0,0.0,0.0,0.0,0.0,0.0,0.0,0.0,0.0,0.0,0.0,0.0,0.0,0.0
14.8813657407,211143.0,32667.0,6.46349527046,774.0,64345.0,35.0,1.0,1917.0,5743.0,7254.0,6275.0,5198.0,5271.0,836.0,147.0,23.0,3.0,0.0,0.0,0.0,0.0,0.0,0.0,0.0,0.0,0.0,0.0,0.0,0.0,0.0,0.0,0.0,0.0,0.0,0.0,0.0,0.0
14.8855324074,208928.0,32663.0,6.39647307351,774.0,64344.0,38.0,8.0,2035.0,5776.0,7376.0,6072.0,5102.0,5294.0,834.0,162.0,12.0,0.0,0.0,0.0,0.0,0.0,0.0,0.0,0.0,0.0,0.0,0.0,0.0,0.0,0.0,0.0,0.0,0.0,0.0,0.0,0.0,0.0
14.8896990741,209617.0,32671.0,6.41599583729,774.0,64348.0,35.0,7.0,1980.0,5827.0,7345.0,6319.0,5008.0,5173.0,823.0,171.0,21.0,4.0,0.0,0.0,0.0,0.0,0.0,0.0,0.0,0.0,0.0,0.0,0.0,0.0,0.0,0.0,0.0,0.0,0.0,0.0,0.0,0.0
14.8938657407,212687.0,32665.0,6.51115873259,771.0,64344.0,35.0,12.0,1995.0,5685.0,7339.0,6311.0,5077.0,5178.0,875.0,176.0,24.0,5.0,0.0,0.0,0.0,0.0,0.0,0.0,0.0,0.0,0.0,0.0,0.0,0.0,0.0,0.0,0.0,0.0,0.0,0.0,0.0,0.0
14.8980324074,205630.0,32671.0,6.29396100517,774.0,64344.0,35.0,7.0,2094.0,6018.0,7372.0,6189.0,5010.0,5006.0,780.0,178.0,20.0,4.0,0.0,0.0,0.0,0.0,0.0,0.0,0.0,0.0,0.0,0.0,0.0,0.0,0.0,0.0,0.0,0.0,0.0,0.0,0.0,0.0
14.9021990741,209545.0,32663.0,6.4153629489,774.0,64347.0,38.0,6.0,1983.0,5885.0,7246.0,6212.0,5312.0,5042.0,780.0,167.0,31.0,4.0,1.0,0.0,0.0,0.0,0.0,0.0,0.0,0.0,0.0,0.0,0.0,0.0,0.0,0.0,0.0,0.0,0.0,0.0,0.0,0.0
14.9063657407,208201.0,32666.0,6.37363007408,774.0,64344.0,36.0,7.0,2099.0,5767.0,7257.0,6308.0,5274.0,5011.0,754.0,155.0,33.0,8.0,0.0,0.0,0.0,0.0,0.0,0.0,0.0,0.0,0.0,0.0,0.0,0.0,0.0,0.0,0.0,0.0,0.0,0.0,0.0,0.0
14.9105324074,209075.0,32660.0,6.40156154317,774.0,64344.0,35.0,0.0,2055.0,5931.0,7212.0,6308.0,5152.0,5050.0,744.0,154.0,47.0,7.0,0.0,0.0,0.0,0.0,0.0,0.0,0.0,0.0,0.0,0.0,0.0,0.0,0.0,0.0,0.0,0.0,0.0,0.0,0.0,0.0
14.9146990741,203257.0,32668.0,6.22189910616,774.0,64350.0,38.0,12.0,2143.0,5905.0,7458.0,6201.0,4960.0,5102.0,737.0,131.0,28.0,3.0,0.0,0.0,0.0,0.0,0.0,0.0,0.0,0.0,0.0,0.0,0.0,0.0,0.0,0.0,0.0,0.0,0.0,0.0,0.0,0.0
14.9188657407,201662.0,32663.0,6.1740195328,774.0,64347.0,35.0,7.0,2089.0,5892.0,7451.0,6251.0,5079.0,4994.0,762.0,125.0,17.0,3.0,0.0,0.0,0.0,0.0,0.0,0.0,0.0,0.0,0.0,0.0,0.0,0.0,0.0,0.0,0.0,0.0,0.0,0.0,0.0,0.0
14.9230324074,202875.0,32665.0,6.21077606,774.0,64351.0,35.0,7.0,2058.0,5943.0,7320.0,6339.0,5107.0,4993.0,757.0,123.0,18.0,7.0,0.0,0.0,0.0,0.0,0.0,0.0,0.0,0.0,0.0,0.0,0.0,0.0,0.0,0.0,0.0,0.0,0.0,0.0,0.0,0.0
14.9271990741,199939.0,32666.0,6.12070654503,774.0,64345.0,38.0,65535.0,2112.0,6091.0,7388.0,6344.0,4948.0,4896.0,720.0,139.0,26.0,2.0,0.0,0.0,0.0,0.0,0.0,0.0,0.0,0.0,0.0,0.0,0.0,0.0,0.0,0.0,0.0,0.0,0.0,0.0,0.0,0.0
14.9313657407,205084.0,32673.0,6.2768646895,774.0,64347.0,35.0,8.0,2116.0,6082.0,7235.0,6299.0,4953.0,5030.0,760.0,169.0,26.0,3.0,0.0,0.0,0.0,0.0,0.0,0.0,0.0,0.0,0.0,0.0,0.0,0.0,0.0,0.0,0.0,0.0,0.0,0.0,0.0,0.0
14.9355324074,205270.0,32666.0,6.28390375314,774.0,64344.0,39.0,12.0,2150.0,5946.0,7438.0,6186.0,4937.0,5063.0,747.0,167.0,28.0,4.0,0.0,0.0,0.0,0.0,0.0,0.0,0.0,0.0,0.0,0.0,0.0,0.0,0.0,0.0,0.0,0.0,0.0,0.0,0.0,0.0
14.9396990741,204454.0,32670.0,6.25815733088,774.0,64348.0,39.0,6.0,2106.0,6076.0,7447.0,6249.0,4869.0,4925.0,789.0,184.0,21.0,4.0,0.0,0.0,0.0,0.0,0.0,0.0,0.0,0.0,0.0,0.0,0.0,0.0,0.0,0.0,0.0,0.0,0.0,0.0,0.0,0.0
14.9438657407,204554.0,32669.0,6.26140989929,774.0,64345.0,32.0,9.0,2096.0,6098.0,7342.0,6311.0,4914.0,4915.0,792.0,168.0,31.0,2.0,0.0,0.0,0.0,0.0,0.0,0.0,0.0,0.0,0.0,0.0,0.0,0.0,0.0,0.0,0.0,0.0,0.0,0.0,0.0,0.0
14.9480324074,209563.0,32663.0,6.41591403117,767.0,64359.0,35.0,6.0,2100.0,5901.0,7297.0,6265.0,4985.0,5098.0,814.0,164.0,31.0,8.0,0.0,0.0,0.0,0.0,0.0,0.0,0.0,0.0,0.0,0.0,0.0,0.0,0.0,0.0,0.0,0.0,0.0,0.0,0.0,0.0
14.9521990741,206644.0,32673.0,6.32461053469,774.0,64347.0,35.0,4.0,2067.0,6098.0,7285.0,6208.0,4999.0,5026.0,787.0,173.0,25.0,5.0,0.0,0.0,0.0,0.0,0.0,0.0,0.0,0.0,0.0,0.0,0.0,0.0,0.0,0.0,0.0,0.0,0.0,0.0,0.0,0.0
14.9563657407,207027.0,32665.0,6.33788458595,774.0,64344.0,39.0,12.0,2001.0,5901.0,7383.0,6322.0,5038.0,5006.0,809.0,179.0,26.0,0.0,0.0,0.0,0.0,0.0,0.0,0.0,0.0,0.0,0.0,0.0,0.0,0.0,0.0,0.0,0.0,0.0,0.0,0.0,0.0,0.0
14.9605324074,207651.0,32663.0,6.35737684842,774.0,64345.0,39.0,7.0,2142.0,6001.0,7361.0,6118.0,4975.0,5026.0,830.0,179.0,29.0,2.0,0.0,0.0,0.0,0.0,0.0,0.0,0.0,0.0,0.0,0.0,0.0,0.0,0.0,0.0,0.0,0.0,0.0,0.0,0.0,0.0
14.9646990741,204696.0,32666.0,6.26633196596,774.0,64342.0,40.0,7.0,2057.0,6084.0,7266.0,6322.0,4961.0,5030.0,775.0,138.0,27.0,6.0,0.0,0.0,0.0,0.0,0.0,0.0,0.0,0.0,0.0,0.0,0.0,0.0,0.0,0.0,0.0,0.0,0.0,0.0,0.0,0.0
14.9688657407,208383.0,32657.0,6.38095967174,774.0,64350.0,38.0,9.0,2154.0,5861.0,7337.0,6224.0,4919.0,5161.0,786.0,188.0,24.0,3.0,0.0,0.0,0.0,0.0,0.0,0.0,0.0,0.0,0.0,0.0,0.0,0.0,0.0,0.0,0.0,0.0,0.0,0.0,0.0,0.0
14.9730324074,209843.0,32658.0,6.42547002266,772.0,64350.0,39.0,6.0,2048.0,5837.0,7167.0,6348.0,5137.0,5077.0,847.0,168.0,26.0,3.0,0.0,0.0,0.0,0.0,0.0,0.0,0.0,0.0,0.0,0.0,0.0,0.0,0.0,0.0,0.0,0.0,0.0,0.0,0.0,0.0
14.9771990741,204287.0,32664.0,6.25419421994,774.0,64343.0,36.0,7.0,2043.0,5925.0,7429.0,6316.0,5020.0,4934.0,817.0,163.0,14.0,3.0,0.0,0.0,0.0,0.0,0.0,0.0,0.0,0.0,0.0,0.0,0.0,0.0,0.0,0.0,0.0,0.0,0.0,0.0,0.0,0.0
14.9813657407,204381.0,32660.0,6.25783833435,771.0,64345.0,38.0,3.0,2109.0,5987.0,7177.0,6434.0,5004.0,4986.0,775.0,164.0,23.0,1.0,0.0,0.0,0.0,0.0,0.0,0.0,0.0,0.0,0.0,0.0,0.0,0.0,0.0,0.0,0.0,0.0,0.0,0.0,0.0,0.0
14.9855324074,204092.0,32657.0,6.24956364639,769.0,64347.0,35.0,4.0,2137.0,6088.0,7226.0,6400.0,4960.0,4878.0,755.0,179.0,32.0,2.0,0.0,0.0,0.0,0.0,0.0,0.0,0.0,0.0,0.0,0.0,0.0,0.0,0.0,0.0,0.0,0.0,0.0,0.0,0.0,0.0
14.9896990741,201023.0,32674.0,6.15238415866,772.0,64345.0,39.0,3.0,2207.0,6111.0,7424.0,6304.0,4874.0,4819.0,727.0,178.0,28.0,2.0,0.0,0.0,0.0,0.0,0.0,0.0,0.0,0.0,0.0,0.0,0.0,0.0,0.0,0.0,0.0,0.0,0.0,0.0,0.0,0.0
14.9938657407,205829.0,32654.0,6.30333190421,767.0,64347.0,35.0,7.0,2091.0,6017.0,7214.0,6416.0,4881.0,5038.0,800.0,172.0,23.0,2.0,0.0,0.0,0.0,0.0,0.0,0.0,0.0,0.0,0.0,0.0,0.0,0.0,0.0,0.0,0.0,0.0,0.0,0.0,0.0,0.0
14.9980324074,205285.0,32655.0,6.28647986526,772.0,64344.0,35.0,15.0,2113.0,5847.0,7303.0,6382.0,4947.0,5083.0,806.0,153.0,20.0,1.0,0.0,0.0,0.0,0.0,0.0,0.0,0.0,0.0,0.0,0.0,0.0,0.0,0.0,0.0,0.0,0.0,0.0,0.0,0.0,0.0
15.0021990741,207994.0,32652.0,6.37002327576,767.0,64347.0,36.0,7.0,2052.0,5906.0,7416.0,6188.0,4951.0,5145.0,800.0,162.0,28.0,4.0,0.0,0.0,0.0,0.0,0.0,0.0,0.0,0.0,0.0,0.0,0.0,0.0,0.0,0.0,0.0,0.0,0.0,0.0,0.0,0.0
15.0063657407,208167.0,32659.0,6.37395511191,772.0,64344.0,39.0,7.0,2021.0,5893.0,7265.0,6448.0,5028.0,5032.0,770.0,161.0,33.0,8.0,0.0,0.0,0.0,0.0,0.0,0.0,0.0,0.0,0.0,0.0,0.0,0.0,0.0,0.0,0.0,0.0,0.0,0.0,0.0,0.0
15.0105324074,212141.0,32662.0,6.49504010777,772.0,64348.0,39.0,3.0,2055.0,5779.0,7179.0,6189.0,5038.0,5400.0,831.0,168.0,21.0,2.0,0.0,0.0,0.0,0.0,0.0,0.0,0.0,0.0,0.0,0.0,0.0,0.0,0.0,0.0,0.0,0.0,0.0,0.0,0.0,0.0
15.0146990741,207749.0,32658.0,6.36135097067,767.0,64350.0,36.0,8.0,2050.0,5899.0,7317.0,6376.0,4928.0,5045.0,835.0,186.0,21.0,1.0,0.0,0.0,0.0,0.0,0.0,0.0,0.0,0.0,0.0,0.0,0.0,0.0,0.0,0.0,0.0,0.0,0.0,0.0,0.0,0.0
15.0188657407,206121.0,32652.0,6.31266078648,772.0,64345.0,39.0,8.0,2095.0,5967.0,7311.0,6447.0,4818.0,4979.0,842.0,160.0,32.0,1.0,0.0,0.0,0.0,0.0,0.0,0.0,0.0,0.0,0.0,0.0,0.0,0.0,0.0,0.0,0.0,0.0,0.0,0.0,0.0,0.0
15.0230324074,204584.0,32656.0,6.2648211661,767.0,64345.0,38.0,6.0,2149.0,5916.0,7342.0,6422.0,4995.0,4866.0,761.0,164.0,38.0,3.0,0.0,0.0,0.0,0.0,0.0,0.0,0.0,0.0,0.0,0.0,0.0,0.0,0.0,0.0,0.0,0.0,0.0,0.0,0.0,0.0
15.0271990741,204338.0,32653.0,6.25786298349,767.0,64348.0,35.0,3.0,2036.0,5934.0,7334.0,6394.0,4978.0,5046.0,749.0,157.0,22.0,3.0,0.0,0.0,0.0,0.0,0.0,0.0,0.0,0.0,0.0,0.0,0.0,0.0,0.0,0.0,0.0,0.0,0.0,0.0,0.0,0.0
15.0313657407,204622.0,32662.0,6.26483375176,767.0,64351.0,35.0,7.0,2049.0,5950.0,7390.0,6571.0,4807.0,4943.0,746.0,171.0,29.0,6.0,0.0,0.0,0.0,0.0,0.0,0.0,0.0,0.0,0.0,0.0,0.0,0.0,0.0,0.0,0.0,0.0,0.0,0.0,0.0,0.0
15.0355324074,205753.0,32647.0,6.30235549974,767.0,64349.0,35.0,9.0,2040.0,5889.0,7442.0,6317.0,4996.0,4974.0,797.0,159.0,31.0,2.0,0.0,0.0,0.0,0.0,0.0,0.0,0.0,0.0,0.0,0.0,0.0,0.0,0.0,0.0,0.0,0.0,0.0,0.0,0.0,0.0
15.0396990741,211433.0,32650.0,6.47574272588,767.0,64355.0,35.0,12.0,2135.0,5787.0,7135.0,6254.0,5177.0,5131.0,831.0,164.0,27.0,9.0,0.0,0.0,0.0,0.0,0.0,0.0,0.0,0.0,0.0,0.0,0.0,0.0,0.0,0.0,0.0,0.0,0.0,0.0,0.0,0.0
15.0438657407,207221.0,32656.0,6.34557202352,769.0,64344.0,39.0,3.0,1946.0,5895.0,7279.0,6374.0,5055.0,5144.0,788.0,150.0,21.0,4.0,0.0,0.0,0.0,0.0,0.0,0.0,0.0,0.0,0.0,0.0,0.0,0.0,0.0,0.0,0.0,0.0,0.0,0.0,0.0,0.0
15.0480324074,209761.0,32646.0,6.42532010047,766.0,64344.0,38.0,7.0,2033.0,5909.0,7258.0,6234.0,5064.0,5139.0,804.0,175.0,23.0,7.0,0.0,0.0,0.0,0.0,0.0,0.0,0.0,0.0,0.0,0.0,0.0,0.0,0.0,0.0,0.0,0.0,0.0,0.0,0.0,0.0
15.0521990741,212982.0,32651.0,6.52298551346,766.0,64350.0,34.0,11.0,1996.0,5654.0,7346.0,6303.0,5020.0,5346.0,772.0,178.0,28.0,8.0,0.0,0.0,0.0,0.0,0.0,0.0,0.0,0.0,0.0,0.0,0.0,0.0,0.0,0.0,0.0,0.0,0.0,0.0,0.0,0.0
15.0563657407,209521.0,32647.0,6.41777192391,767.0,64347.0,35.0,7.0,1988.0,5785.0,7270.0,6385.0,5013.0,5184.0,841.0,156.0,21.0,4.0,0.0,0.0,0.0,0.0,0.0,0.0,0.0,0.0,0.0,0.0,0.0,0.0,0.0,0.0,0.0,0.0,0.0,0.0,0.0,0.0
15.0605324074,212201.0,32647.0,6.49986216191,767.0,64345.0,33.0,12.0,1965.0,5747.0,7307.0,6276.0,5096.0,5241.0,810.0,169.0,30.0,6.0,0.0,0.0,0.0,0.0,0.0,0.0,0.0,0.0,0.0,0.0,0.0,0.0,0.0,0.0,0.0,0.0,0.0,0.0,0.0,0.0
15.0646990741,210037.0,32652.0,6.43259218425,766.0,64344.0,39.0,6.0,2074.0,5739.0,7165.0,6330.0,5197.0,5122.0,827.0,171.0,25.0,2.0,0.0,0.0,0.0,0.0,0.0,0.0,0.0,0.0,0.0,0.0,0.0,0.0,0.0,0.0,0.0,0.0,0.0,0.0,0.0,0.0
15.0688657407,211762.0,32634.0,6.48899920328,762.0,64343.0,38.0,12.0,2024.0,5840.0,7183.0,6241.0,4986.0,5305.0,867.0,162.0,23.0,3.0,0.0,0.0,0.0,0.0,0.0,0.0,0.0,0.0,0.0,0.0,0.0,0.0,0.0,0.0,0.0,0.0,0.0,0.0,0.0,0.0
15.0730324074,210580.0,32635.0,6.45258158419,764.0,64344.0,38.0,6.0,1988.0,5682.0,7241.0,6406.0,5151.0,5102.0,875.0,170.0,16.0,4.0,0.0,0.0,0.0,0.0,0.0,0.0,0.0,0.0,0.0,0.0,0.0,0.0,0.0,0.0,0.0,0.0,0.0,0.0,0.0,0.0
15.0771990741,208702.0,32639.0,6.39425227489,764.0,64344.0,38.0,3.0,1942.0,5988.0,7407.0,6173.0,4955.0,5179.0,802.0,161.0,27.0,5.0,0.0,0.0,0.0,0.0,0.0,0.0,0.0,0.0,0.0,0.0,0.0,0.0,0.0,0.0,0.0,0.0,0.0,0.0,0.0,0.0
15.0813657407,209563.0,32638.0,6.42082848214,767.0,64345.0,35.0,4.0,1985.0,5803.0,7340.0,6424.0,4941.0,5145.0,792.0,173.0,30.0,5.0,0.0,0.0,0.0,0.0,0.0,0.0,0.0,0.0,0.0,0.0,0.0,0.0,0.0,0.0,0.0,0.0,0.0,0.0,0.0,0.0
15.0855324074,212405.0,32639.0,6.50770550568,762.0,64343.0,38.0,1.0,1949.0,5789.0,7234.0,6349.0,5030.0,5247.0,826.0,180.0,34.0,1.0,0.0,0.0,0.0,0.0,0.0,0.0,0.0,0.0,0.0,0.0,0.0,0.0,0.0,0.0,0.0,0.0,0.0,0.0,0.0,0.0
15.0896990741,210741.0,32624.0,6.4596922511,762.0,64345.0,38.0,6.0,2032.0,5931.0,7173.0,6344.0,5010.0,5093.0,822.0,181.0,32.0,6.0,0.0,0.0,0.0,0.0,0.0,0.0,0.0,0.0,0.0,0.0,0.0,0.0,0.0,0.0,0.0,0.0,0.0,0.0,0.0,0.0
15.0938657407,202307.0,32642.0,6.19775136327,764.0,64347.0,39.0,3.0,2038.0,6149.0,7513.0,6361.0,4879.0,4757.0,739.0,164.0,34.0,8.0,0.0,0.0,0.0,0.0,0.0,0.0,0.0,0.0,0.0,0.0,0.0,0.0,0.0,0.0,0.0,0.0,0.0,0.0,0.0,0.0
15.0980324074,204357.0,32639.0,6.26112932382,762.0,64350.0,35.0,6.0,2093.0,5973.0,7392.0,6388.0,4884.0,4966.0,739.0,174.0,23.0,7.0,0.0,0.0,0.0,0.0,0.0,0.0,0.0,0.0,0.0,0.0,0.0,0.0,0.0,0.0,0.0,0.0,0.0,0.0,0.0,0.0
15.1021990741,208178.0,32638.0,6.3783932839,762.0,64347.0,38.0,7.0,2012.0,5944.0,7181.0,6388.0,5072.0,5051.0,785.0,173.0,27.0,5.0,0.0,0.0,0.0,0.0,0.0,0.0,0.0,0.0,0.0,0.0,0.0,0.0,0.0,0.0,0.0,0.0,0.0,0.0,0.0,0.0
15.1063657407,206202.0,32638.0,6.31785035848,762.0,64340.0,39.0,3.0,2169.0,6014.0,7324.0,6185.0,4892.0,5054.0,789.0,181.0,29.0,1.0,0.0,0.0,0.0,0.0,0.0,0.0,0.0,0.0,0.0,0.0,0.0,0.0,0.0,0.0,0.0,0.0,0.0,0.0,0.0,0.0
15.1105324074,204885.0,32641.0,6.27692166294,762.0,64346.0,38.0,6.0,2037.0,6039.0,7279.0,6370.0,4909.0,5063.0,744.0,178.0,18.0,4.0,0.0,0.0,0.0,0.0,0.0,0.0,0.0,0.0,0.0,0.0,0.0,0.0,0.0,0.0,0.0,0.0,0.0,0.0,0.0,0.0
15.1146990741,209849.0,32632.0,6.43077347389,762.0,64345.0,39.0,8.0,1992.0,5865.0,7164.0,6374.0,5032.0,5190.0,815.0,175.0,22.0,3.0,0.0,0.0,0.0,0.0,0.0,0.0,0.0,0.0,0.0,0.0,0.0,0.0,0.0,0.0,0.0,0.0,0.0,0.0,0.0,0.0
15.1188657407,211038.0,32637.0,6.46621932163,762.0,64344.0,39.0,3.0,2021.0,5856.0,7253.0,6293.0,5016.0,5154.0,839.0,171.0,28.0,6.0,0.0,0.0,0.0,0.0,0.0,0.0,0.0,0.0,0.0,0.0,0.0,0.0,0.0,0.0,0.0,0.0,0.0,0.0,0.0,0.0
15.1230324074,213608.0,32639.0,6.54456325255,761.0,64344.0,39.0,6.0,1895.0,5792.0,7262.0,6341.0,5061.0,5287.0,775.0,182.0,38.0,6.0,0.0,0.0,0.0,0.0,0.0,0.0,0.0,0.0,0.0,0.0,0.0,0.0,0.0,0.0,0.0,0.0,0.0,0.0,0.0,0.0
15.1271990741,207003.0,32628.0,6.344336153,759.0,64344.0,36.0,7.0,2038.0,5873.0,7331.0,6421.0,4944.0,5009.0,818.0,165.0,24.0,5.0,0.0,0.0,0.0,0.0,0.0,0.0,0.0,0.0,0.0,0.0,0.0,0.0,0.0,0.0,0.0,0.0,0.0,0.0,0.0,0.0
15.1313657407,207632.0,32628.0,6.3636140738,759.0,64344.0,33.0,8.0,2020.0,5798.0,7331.0,6299.0,5021.0,5185.0,790.0,162.0,19.0,3.0,0.0,0.0,0.0,0.0,0.0,0.0,0.0,0.0,0.0,0.0,0.0,0.0,0.0,0.0,0.0,0.0,0.0,0.0,0.0,0.0
15.1355324074,206063.0,32623.0,6.31649449775,759.0,64344.0,32.0,17.0,2137.0,5767.0,7348.0,6362.0,5027.0,5006.0,789.0,154.0,29.0,4.0,0.0,0.0,0.0,0.0,0.0,0.0,0.0,0.0,0.0,0.0,0.0,0.0,0.0,0.0,0.0,0.0,0.0,0.0,0.0,0.0
15.1396990741,213883.0,32614.0,6.55801189673,756.0,64344.0,44.0,4.0,1982.0,5975.0,7232.0,6215.0,4911.0,5193.0,872.0,194.0,34.0,6.0,0.0,0.0,0.0,0.0,0.0,0.0,0.0,0.0,0.0,0.0,0.0,0.0,0.0,0.0,0.0,0.0,0.0,0.0,0.0,0.0
15.1438657407,209978.0,32623.0,6.43650185452,759.0,64348.0,39.0,7.0,2030.0,5946.0,7156.0,6398.0,4950.0,5131.0,808.0,165.0,31.0,8.0,0.0,0.0,0.0,0.0,0.0,0.0,0.0,0.0,0.0,0.0,0.0,0.0,0.0,0.0,0.0,0.0,0.0,0.0,0.0,0.0
15.1480324074,204933.0,32614.0,6.28358986938,756.0,64347.0,35.0,0.0,2074.0,5947.0,7333.0,6476.0,4810.0,5004.0,788.0,157.0,14.0,11.0,0.0,0.0,0.0,0.0,0.0,0.0,0.0,0.0,0.0,0.0,0.0,0.0,0.0,0.0,0.0,0.0,0.0,0.0,0.0,0.0
15.1521990741,201939.0,32615.0,6.19159895753,756.0,64344.0,38.0,7.0,2059.0,6025.0,7341.0,6536.0,4792.0,4939.0,729.0,169.0,22.0,3.0,0.0,0.0,0.0,0.0,0.0,0.0,0.0,0.0,0.0,0.0,0.0,0.0,0.0,0.0,0.0,0.0,0.0,0.0,0.0,0.0
15.1563657407,204858.0,32606.0,6.28283138073,759.0,64344.0,38.0,4.0,2029.0,5968.0,7359.0,6467.0,4778.0,5051.0,745.0,185.0,20.0,4.0,0.0,0.0,0.0,0.0,0.0,0.0,0.0,0.0,0.0,0.0,0.0,0.0,0.0,0.0,0.0,0.0,0.0,0.0,0.0,0.0
15.1605324074,207643.0,32620.0,6.36551195586,756.0,64344.0,31.0,15.0,2034.0,5905.0,7181.0,6514.0,4843.0,5155.0,789.0,170.0,27.0,2.0,0.0,0.0,0.0,0.0,0.0,0.0,0.0,0.0,0.0,0.0,0.0,0.0,0.0,0.0,0.0,0.0,0.0,0.0,0.0,0.0
15.1646990741,207165.0,32604.0,6.3539749724,754.0,64348.0,36.0,65535.0,2012.0,5921.0,7304.0,6461.0,4791.0,5118.0,814.0,149.0,29.0,5.0,0.0,0.0,0.0,0.0,0.0,0.0,0.0,0.0,0.0,0.0,0.0,0.0,0.0,0.0,0.0,0.0,0.0,0.0,0.0,0.0
15.1688657407,209683.0,32615.0,6.42903571976,756.0,64342.0,35.0,6.0,1922.0,5779.0,7402.0,6369.0,4905.0,5222.0,818.0,173.0,22.0,3.0,0.0,0.0,0.0,0.0,0.0,0.0,0.0,0.0,0.0,0.0,0.0,0.0,0.0,0.0,0.0,0.0,0.0,0.0,0.0,0.0
15.1730324074,210677.0,32611.0,6.46030480513,756.0,64344.0,35.0,3.0,1963.0,5793.0,7254.0,6426.0,4930.0,5207.0,842.0,170.0,20.0,6.0,0.0,0.0,0.0,0.0,0.0,0.0,0.0,0.0,0.0,0.0,0.0,0.0,0.0,0.0,0.0,0.0,0.0,0.0,0.0,0.0
15.1771990741,211622.0,32613.0,6.48888480054,751.0,64348.0,38.0,6.0,1916.0,5796.0,7267.0,6389.0,4931.0,5285.0,838.0,155.0,33.0,3.0,0.0,0.0,0.0,0.0,0.0,0.0,0.0,0.0,0.0,0.0,0.0,0.0,0.0,0.0,0.0,0.0,0.0,0.0,0.0,0.0
15.1813657407,215337.0,32604.0,6.60461906515,751.0,64348.0,35.0,8.0,1929.0,5683.0,7051.0,6518.0,4917.0,5448.0,879.0,142.0,29.0,8.0,0.0,0.0,0.0,0.0,0.0,0.0,0.0,0.0,0.0,0.0,0.0,0.0,0.0,0.0,0.0,0.0,0.0,0.0,0.0,0.0
15.1855324074,213815.0,32607.0,6.55733431472,751.0,64343.0,40.0,3.0,1892.0,5681.0,7165.0,6389.0,5023.0,5418.0,849.0,162.0,26.0,2.0,0.0,0.0,0.0,0.0,0.0,0.0,0.0,0.0,0.0,0.0,0.0,0.0,0.0,0.0,0.0,0.0,0.0,0.0,0.0,0.0
15.1896990741,212590.0,32592.0,6.52276632302,751.0,64344.0,35.0,12.0,1951.0,5660.0,7209.0,6444.0,4882.0,5424.0,848.0,149.0,17.0,8.0,0.0,0.0,0.0,0.0,0.0,0.0,0.0,0.0,0.0,0.0,0.0,0.0,0.0,0.0,0.0,0.0,0.0,0.0,0.0,0.0
15.1938657407,214358.0,32603.0,6.57479373064,751.0,64344.0,38.0,4.0,1879.0,5654.0,7164.0,6576.0,4867.0,5381.0,895.0,155.0,29.0,3.0,0.0,0.0,0.0,0.0,0.0,0.0,0.0,0.0,0.0,0.0,0.0,0.0,0.0,0.0,0.0,0.0,0.0,0.0,0.0,0.0
15.1980324074,213668.0,32606.0,6.55302705024,750.0,64346.0,32.0,11.0,1873.0,5700.0,7166.0,6399.0,4987.0,5449.0,856.0,150.0,21.0,5.0,0.0,0.0,0.0,0.0,0.0,0.0,0.0,0.0,0.0,0.0,0.0,0.0,0.0,0.0,0.0,0.0,0.0,0.0,0.0,0.0
15.2021990741,211521.0,32610.0,6.48638454462,750.0,64344.0,33.0,6.0,1985.0,5655.0,7255.0,6501.0,4897.0,5270.0,846.0,175.0,24.0,2.0,0.0,0.0,0.0,0.0,0.0,0.0,0.0,0.0,0.0,0.0,0.0,0.0,0.0,0.0,0.0,0.0,0.0,0.0,0.0,0.0
15.2063657407,213188.0,32609.0,6.53770431476,750.0,64348.0,39.0,7.0,1945.0,5676.0,7120.0,6584.0,4865.0,5305.0,932.0,158.0,23.0,1.0,0.0,0.0,0.0,0.0,0.0,0.0,0.0,0.0,0.0,0.0,0.0,0.0,0.0,0.0,0.0,0.0,0.0,0.0,0.0,0.0
15.2105324074,217999.0,32588.0,6.68954829999,745.0,64344.0,38.0,65535.0,1901.0,5613.0,7001.0,6416.0,4914.0,5658.0,902.0,151.0,30.0,2.0,0.0,0.0,0.0,0.0,0.0,0.0,0.0,0.0,0.0,0.0,0.0,0.0,0.0,0.0,0.0,0.0,0.0,0.0,0.0,0.0
15.2146990741,214834.0,32594.0,6.59121310671,748.0,64344.0,39.0,12.0,1954.0,5586.0,7156.0,6608.0,4817.0,5409.0,851.0,183.0,25.0,5.0,0.0,0.0,0.0,0.0,0.0,0.0,0.0,0.0,0.0,0.0,0.0,0.0,0.0,0.0,0.0,0.0,0.0,0.0,0.0,0.0
15.2188657407,215165.0,32588.0,6.60258377317,748.0,64356.0,36.0,6.0,1957.0,5651.0,7083.0,6437.0,4916.0,5482.0,862.0,166.0,34.0,0.0,0.0,0.0,0.0,0.0,0.0,0.0,0.0,0.0,0.0,0.0,0.0,0.0,0.0,0.0,0.0,0.0,0.0,0.0,0.0,0.0
15.2230324074,216025.0,32598.0,6.62694030309,748.0,64344.0,39.0,7.0,1795.0,5603.0,7177.0,6507.0,4933.0,5509.0,886.0,160.0,26.0,2.0,0.0,0.0,0.0,0.0,0.0,0.0,0.0,0.0,0.0,0.0,0.0,0.0,0.0,0.0,0.0,0.0,0.0,0.0,0.0,0.0
15.2271990741,219817.0,32602.0,6.74243911416,748.0,64351.0,33.0,8.0,1783.0,5451.0,7077.0,6585.0,5004.0,5573.0,940.0,156.0,30.0,3.0,0.0,0.0,0.0,0.0,0.0,0.0,0.0,0.0,0.0,0.0,0.0,0.0,0.0,0.0,0.0,0.0,0.0,0.0,0.0,0.0
15.2313657407,219980.0,32592.0,6.74950908198,750.0,64344.0,38.0,7.0,1777.0,5520.0,6982.0,6430.0,5095.0,5688.0,924.0,148.0,25.0,3.0,0.0,0.0,0.0,0.0,0.0,0.0,0.0,0.0,0.0,0.0,0.0,0.0,0.0,0.0,0.0,0.0,0.0,0.0,0.0,0.0
15.2355324074,220446.0,32596.0,6.7629770524,746.0,64347.0,35.0,1.0,1771.0,5478.0,6874.0,6549.0,5102.0,5746.0,899.0,153.0,19.0,5.0,0.0,0.0,0.0,0.0,0.0,0.0,0.0,0.0,0.0,0.0,0.0,0.0,0.0,0.0,0.0,0.0,0.0,0.0,0.0,0.0
15.2396990741,220653.0,32590.0,6.77057379564,746.0,64345.0,36.0,11.0,1788.0,5375.0,6999.0,6584.0,5060.0,5666.0,943.0,147.0,23.0,5.0,0.0,0.0,0.0,0.0,0.0,0.0,0.0,0.0,0.0,0.0,0.0,0.0,0.0,0.0,0.0,0.0,0.0,0.0,0.0,0.0
15.2438657407,218905.0,32579.0,6.71920562325,743.0,64344.0,39.0,4.0,1832.0,5519.0,6883.0,6705.0,4906.0,5661.0,879.0,164.0,26.0,4.0,0.0,0.0,0.0,0.0,0.0,0.0,0.0,0.0,0.0,0.0,0.0,0.0,0.0,0.0,0.0,0.0,0.0,0.0,0.0,0.0
15.2480324074,219498.0,32583.0,6.73658042538,741.0,64347.0,39.0,7.0,1908.0,5562.0,6810.0,6557.0,4979.0,5677.0,893.0,172.0,20.0,5.0,0.0,0.0,0.0,0.0,0.0,0.0,0.0,0.0,0.0,0.0,0.0,0.0,0.0,0.0,0.0,0.0,0.0,0.0,0.0,0.0
15.2521990741,219794.0,32594.0,6.74338835368,743.0,64344.0,35.0,12.0,1802.0,5640.0,6907.0,6527.0,4981.0,5607.0,928.0,174.0,26.0,2.0,0.0,0.0,0.0,0.0,0.0,0.0,0.0,0.0,0.0,0.0,0.0,0.0,0.0,0.0,0.0,0.0,0.0,0.0,0.0,0.0
15.2563657407,219457.0,32582.0,6.73552881959,746.0,64348.0,35.0,6.0,1838.0,5501.0,6940.0,6505.0,5001.0,5714.0,898.0,153.0,32.0,0.0,0.0,0.0,0.0,0.0,0.0,0.0,0.0,0.0,0.0,0.0,0.0,0.0,0.0,0.0,0.0,0.0,0.0,0.0,0.0,0.0
15.2605324074,219904.0,32584.0,6.74883378345,746.0,64348.0,36.0,8.0,1839.0,5616.0,6864.0,6504.0,4980.0,5683.0,898.0,171.0,26.0,3.0,0.0,0.0,0.0,0.0,0.0,0.0,0.0,0.0,0.0,0.0,0.0,0.0,0.0,0.0,0.0,0.0,0.0,0.0,0.0,0.0
15.2646990741,218697.0,32588.0,6.7109672272,741.0,64345.0,35.0,3.0,1753.0,5575.0,6937.0,6674.0,4871.0,5703.0,883.0,168.0,22.0,2.0,0.0,0.0,0.0,0.0,0.0,0.0,0.0,0.0,0.0,0.0,0.0,0.0,0.0,0.0,0.0,0.0,0.0,0.0,0.0,0.0
15.2688657407,223514.0,32592.0,6.85794059892,748.0,64345.0,38.0,7.0,1770.0,5504.0,6835.0,6609.0,5008.0,5727.0,942.0,163.0,24.0,10.0,0.0,0.0,0.0,0.0,0.0,0.0,0.0,0.0,0.0,0.0,0.0,0.0,0.0,0.0,0.0,0.0,0.0,0.0,0.0,0.0
15.2730324074,223173.0,32585.0,6.84894890287,741.0,64344.0,38.0,7.0,1796.0,5517.0,6820.0,6576.0,4998.0,5722.0,949.0,173.0,31.0,3.0,0.0,0.0,0.0,0.0,0.0,0.0,0.0,0.0,0.0,0.0,0.0,0.0,0.0,0.0,0.0,0.0,0.0,0.0,0.0,0.0
15.2771990741,226647.0,32575.0,6.95769762087,741.0,64345.0,38.0,8.0,1807.0,5377.0,6903.0,6484.0,5061.0,5787.0,920.0,201.0,22.0,13.0,0.0,0.0,0.0,0.0,0.0,0.0,0.0,0.0,0.0,0.0,0.0,0.0,0.0,0.0,0.0,0.0,0.0,0.0,0.0,0.0
15.2813657407,223702.0,32579.0,6.86644771172,740.0,64344.0,38.0,4.0,1786.0,5344.0,6885.0,6517.0,5077.0,5865.0,895.0,185.0,22.0,3.0,0.0,0.0,0.0,0.0,0.0,0.0,0.0,0.0,0.0,0.0,0.0,0.0,0.0,0.0,0.0,0.0,0.0,0.0,0.0,0.0
15.2855324074,225402.0,32580.0,6.91841620626,741.0,64347.0,36.0,6.0,1786.0,5272.0,6741.0,6640.0,5135.0,5906.0,911.0,150.0,33.0,6.0,0.0,0.0,0.0,0.0,0.0,0.0,0.0,0.0,0.0,0.0,0.0,0.0,0.0,0.0,0.0,0.0,0.0,0.0,0.0,0.0
15.2896990741,223857.0,32584.0,6.87015099435,738.0,64344.0,38.0,10.0,1790.0,5243.0,6753.0,6557.0,5152.0,5964.0,976.0,128.0,20.0,1.0,0.0,0.0,0.0,0.0,0.0,0.0,0.0,0.0,0.0,0.0,0.0,0.0,0.0,0.0,0.0,0.0,0.0,0.0,0.0,0.0
15.2938657407,225015.0,32578.0,6.90696175333,741.0,64344.0,33.0,14.0,1741.0,5297.0,6709.0,6463.0,5226.0,6013.0,960.0,155.0,14.0,0.0,0.0,0.0,0.0,0.0,0.0,0.0,0.0,0.0,0.0,0.0,0.0,0.0,0.0,0.0,0.0,0.0,0.0,0.0,0.0,0.0
15.2980324074,226892.0,32583.0,6.96350857809,741.0,64351.0,36.0,6.0,1799.0,5282.0,6551.0,6569.0,5215.0,6038.0,948.0,154.0,25.0,2.0,0.0,0.0,0.0,0.0,0.0,0.0,0.0,0.0,0.0,0.0,0.0,0.0,0.0,0.0,0.0,0.0,0.0,0.0,0.0,0.0
15.3021990741,221394.0,32593.0,6.79268554598,741.0,64345.0,39.0,6.0,1870.0,5380.0,6803.0,6574.0,5036.0,5859.0,901.0,139.0,28.0,3.0,0.0,0.0,0.0,0.0,0.0,0.0,0.0,0.0,0.0,0.0,0.0,0.0,0.0,0.0,0.0,0.0,0.0,0.0,0.0,0.0
15.3063657407,224820.0,32575.0,6.90161166539,738.0,64347.0,39.0,7.0,1717.0,5350.0,6723.0,6654.0,5108.0,5935.0,892.0,161.0,33.0,2.0,0.0,0.0,0.0,0.0,0.0,0.0,0.0,0.0,0.0,0.0,0.0,0.0,0.0,0.0,0.0,0.0,0.0,0.0,0.0,0.0
15.3105324074,226666.0,32572.0,6.9589217733,741.0,64344.0,36.0,7.0,1788.0,5394.0,6574.0,6541.0,5289.0,5840.0,942.0,171.0,26.0,7.0,0.0,0.0,0.0,0.0,0.0,0.0,0.0,0.0,0.0,0.0,0.0,0.0,0.0,0.0,0.0,0.0,0.0,0.0,0.0,0.0
15.3146990741,224301.0,32576.0,6.88546782908,740.0,64348.0,39.0,3.0,1756.0,5423.0,6755.0,6534.0,5030.0,5973.0,939.0,135.0,25.0,6.0,0.0,0.0,0.0,0.0,0.0,0.0,0.0,0.0,0.0,0.0,0.0,0.0,0.0,0.0,0.0,0.0,0.0,0.0,0.0,0.0
15.3188657407,226985.0,32582.0,6.96657663741,740.0,64344.0,35.0,7.0,1637.0,5223.0,6717.0,6636.0,5265.0,5925.0,1014.0,144.0,17.0,4.0,0.0,0.0,0.0,0.0,0.0,0.0,0.0,0.0,0.0,0.0,0.0,0.0,0.0,0.0,0.0,0.0,0.0,0.0,0.0,0.0
15.3230324074,222220.0,32570.0,6.82284310715,737.0,64348.0,39.0,6.0,1849.0,5504.0,6702.0,6538.0,5031.0,5823.0,953.0,143.0,22.0,5.0,0.0,0.0,0.0,0.0,0.0,0.0,0.0,0.0,0.0,0.0,0.0,0.0,0.0,0.0,0.0,0.0,0.0,0.0,0.0,0.0
15.3271990741,225479.0,32560.0,6.92503071253,737.0,64344.0,36.0,65535.0,1776.0,5357.0,6657.0,6478.0,5230.0,5925.0,957.0,153.0,24.0,3.0,0.0,0.0,0.0,0.0,0.0,0.0,0.0,0.0,0.0,0.0,0.0,0.0,0.0,0.0,0.0,0.0,0.0,0.0,0.0,0.0
15.3313657407,222102.0,32567.0,6.81984831271,737.0,64348.0,39.0,6.0,1814.0,5416.0,6809.0,6509.0,5035.0,5873.0,925.0,166.0,20.0,0.0,0.0,0.0,0.0,0.0,0.0,0.0,0.0,0.0,0.0,0.0,0.0,0.0,0.0,0.0,0.0,0.0,0.0,0.0,0.0,0.0
15.3355324074,222442.0,32562.0,6.83133714145,737.0,64345.0,36.0,3.0,1836.0,5338.0,6950.0,6465.0,5080.0,5784.0,908.0,170.0,29.0,2.0,0.0,0.0,0.0,0.0,0.0,0.0,0.0,0.0,0.0,0.0,0.0,0.0,0.0,0.0,0.0,0.0,0.0,0.0,0.0,0.0
15.3396990741,224588.0,32563.0,6.89703037189,737.0,64344.0,39.0,8.0,1781.0,5406.0,6727.0,6620.0,5002.0,5908.0,927.0,159.0,28.0,5.0,0.0,0.0,0.0,0.0,0.0,0.0,0.0,0.0,0.0,0.0,0.0,0.0,0.0,0.0,0.0,0.0,0.0,0.0,0.0,0.0
15.3438657407,223137.0,32567.0,6.85162894955,737.0,64344.0,39.0,3.0,1762.0,5527.0,6799.0,6529.0,5013.0,5810.0,935.0,159.0,29.0,4.0,0.0,0.0,0.0,0.0,0.0,0.0,0.0,0.0,0.0,0.0,0.0,0.0,0.0,0.0,0.0,0.0,0.0,0.0,0.0,0.0
15.3480324074,222387.0,32559.0,6.83027734267,737.0,64344.0,35.0,8.0,1806.0,5491.0,6776.0,6500.0,5004.0,5884.0,905.0,168.0,23.0,2.0,0.0,0.0,0.0,0.0,0.0,0.0,0.0,0.0,0.0,0.0,0.0,0.0,0.0,0.0,0.0,0.0,0.0,0.0,0.0,0.0
15.3521990741,217985.0,32566.0,6.69363753608,737.0,64345.0,35.0,12.0,1848.0,5441.0,6858.0,6713.0,5023.0,5631.0,873.0,155.0,18.0,6.0,0.0,0.0,0.0,0.0,0.0,0.0,0.0,0.0,0.0,0.0,0.0,0.0,0.0,0.0,0.0,0.0,0.0,0.0,0.0,0.0
15.3563657407,218825.0,32571.0,6.71839980351,737.0,64348.0,35.0,8.0,1849.0,5609.0,7030.0,6623.0,4729.0,5633.0,913.0,144.0,33.0,8.0,0.0,0.0,0.0,0.0,0.0,0.0,0.0,0.0,0.0,0.0,0.0,0.0,0.0,0.0,0.0,0.0,0.0,0.0,0.0,0.0
15.3605324074,216422.0,32564.0,6.6460508537,737.0,64344.0,38.0,6.0,1915.0,5580.0,6757.0,6820.0,4754.0,5675.0,882.0,163.0,16.0,2.0,0.0,0.0,0.0,0.0,0.0,0.0,0.0,0.0,0.0,0.0,0.0,0.0,0.0,0.0,0.0,0.0,0.0,0.0,0.0,0.0
15.3646990741,217150.0,32560.0,6.66922604423,735.0,64348.0,39.0,7.0,1811.0,5544.0,6697.0,6757.0,5002.0,5714.0,862.0,158.0,14.0,1.0,0.0,0.0,0.0,0.0,0.0,0.0,0.0,0.0,0.0,0.0,0.0,0.0,0.0,0.0,0.0,0.0,0.0,0.0,0.0,0.0
15.3688657407,223293.0,32568.0,6.85620854827,735.0,64344.0,39.0,3.0,1756.0,5295.0,6833.0,6657.0,5197.0,5678.0,947.0,180.0,23.0,2.0,0.0,0.0,0.0,0.0,0.0,0.0,0.0,0.0,0.0,0.0,0.0,0.0,0.0,0.0,0.0,0.0,0.0,0.0,0.0,0.0
15.3730324074,220311.0,32562.0,6.76589275843,737.0,64348.0,38.0,7.0,1848.0,5487.0,6850.0,6637.0,4950.0,5692.0,900.0,170.0,23.0,5.0,0.0,0.0,0.0,0.0,0.0,0.0,0.0,0.0,0.0,0.0,0.0,0.0,0.0,0.0,0.0,0.0,0.0,0.0,0.0,0.0
15.3771990741,218295.0,32562.0,6.7039800995,735.0,64344.0,35.0,14.0,1858.0,5567.0,6834.0,6535.0,4891.0,5834.0,854.0,173.0,16.0,0.0,0.0,0.0,0.0,0.0,0.0,0.0,0.0,0.0,0.0,0.0,0.0,0.0,0.0,0.0,0.0,0.0,0.0,0.0,0.0,0.0
15.3813657407,221658.0,32564.0,6.80684191131,735.0,64347.0,33.0,14.0,1846.0,5390.0,6872.0,6661.0,4891.0,5791.0,920.0,169.0,18.0,6.0,0.0,0.0,0.0,0.0,0.0,0.0,0.0,0.0,0.0,0.0,0.0,0.0,0.0,0.0,0.0,0.0,0.0,0.0,0.0,0.0
15.3855324074,221690.0,32561.0,6.80845182888,735.0,64344.0,38.0,14.0,1775.0,5418.0,6824.0,6642.0,5027.0,5788.0,903.0,158.0,19.0,7.0,0.0,0.0,0.0,0.0,0.0,0.0,0.0,0.0,0.0,0.0,0.0,0.0,0.0,0.0,0.0,0.0,0.0,0.0,0.0,0.0
15.3896990741,220406.0,32569.0,6.76735546071,732.0,64344.0,33.0,14.0,1824.0,5552.0,6951.0,6438.0,4954.0,5735.0,917.0,174.0,22.0,2.0,0.0,0.0,0.0,0.0,0.0,0.0,0.0,0.0,0.0,0.0,0.0,0.0,0.0,0.0,0.0,0.0,0.0,0.0,0.0,0.0
15.3938657407,218977.0,32562.0,6.72492475892,733.0,64344.0,39.0,11.0,1855.0,5589.0,6824.0,6515.0,4950.0,5744.0,908.0,153.0,22.0,2.0,0.0,0.0,0.0,0.0,0.0,0.0,0.0,0.0,0.0,0.0,0.0,0.0,0.0,0.0,0.0,0.0,0.0,0.0,0.0,0.0
15.3980324074,218444.0,32553.0,6.71041071483,733.0,64344.0,41.0,3.0,1829.0,5546.0,6731.0,6559.0,5056.0,5823.0,841.0,144.0,21.0,3.0,0.0,0.0,0.0,0.0,0.0,0.0,0.0,0.0,0.0,0.0,0.0,0.0,0.0,0.0,0.0,0.0,0.0,0.0,0.0,0.0
15.4021990741,223360.0,32562.0,6.85952951293,733.0,64344.0,38.0,7.0,1765.0,5340.0,6856.0,6623.0,4999.0,5846.0,960.0,142.0,27.0,4.0,0.0,0.0,0.0,0.0,0.0,0.0,0.0,0.0,0.0,0.0,0.0,0.0,0.0,0.0,0.0,0.0,0.0,0.0,0.0,0.0
15.4063657407,217980.0,32553.0,6.69615703622,733.0,64347.0,38.0,11.0,1976.0,5372.0,6868.0,6526.0,5034.0,5743.0,857.0,152.0,23.0,2.0,0.0,0.0,0.0,0.0,0.0,0.0,0.0,0.0,0.0,0.0,0.0,0.0,0.0,0.0,0.0,0.0,0.0,0.0,0.0,0.0
15.4105324074,224051.0,32558.0,6.88159592113,733.0,64344.0,35.0,7.0,1793.0,5433.0,6643.0,6663.0,4999.0,5888.0,974.0,138.0,19.0,8.0,0.0,0.0,0.0,0.0,0.0,0.0,0.0,0.0,0.0,0.0,0.0,0.0,0.0,0.0,0.0,0.0,0.0,0.0,0.0,0.0
15.4146990741,222378.0,32550.0,6.83188940092,730.0,64345.0,36.0,7.0,1785.0,5358.0,6776.0,6673.0,5101.0,5738.0,936.0,148.0,33.0,2.0,0.0,0.0,0.0,0.0,0.0,0.0,0.0,0.0,0.0,0.0,0.0,0.0,0.0,0.0,0.0,0.0,0.0,0.0,0.0,0.0
15.4188657407,228755.0,32548.0,7.02823522183,733.0,64345.0,36.0,4.0,1728.0,5209.0,6653.0,6600.0,5076.0,6106.0,1005.0,139.0,29.0,3.0,0.0,0.0,0.0,0.0,0.0,0.0,0.0,0.0,0.0,0.0,0.0,0.0,0.0,0.0,0.0,0.0,0.0,0.0,0.0,0.0
15.4230324074,230623.0,32561.0,7.08279843985,730.0,64348.0,35.0,4.0,1792.0,5221.0,6567.0,6385.0,5235.0,6169.0,1010.0,158.0,19.0,5.0,0.0,0.0,0.0,0.0,0.0,0.0,0.0,0.0,0.0,0.0,0.0,0.0,0.0,0.0,0.0,0.0,0.0,0.0,0.0,0.0
15.4271990741,232456.0,32550.0,7.14150537634,735.0,64343.0,48.0,3.0,1692.0,5078.0,6375.0,6475.0,5329.0,6495.0,954.0,126.0,24.0,2.0,0.0,0.0,0.0,0.0,0.0,0.0,0.0,0.0,0.0,0.0,0.0,0.0,0.0,0.0,0.0,0.0,0.0,0.0,0.0,0.0
15.4313657407,238239.0,32554.0,7.31827118019,727.0,64344.0,39.0,7.0,1640.0,4977.0,6189.0,6451.0,5519.0,6591.0,1011.0,151.0,23.0,2.0,0.0,0.0,0.0,0.0,0.0,0.0,0.0,0.0,0.0,0.0,0.0,0.0,0.0,0.0,0.0,0.0,0.0,0.0,0.0,0.0
15.4355324074,240275.0,32552.0,7.38126689604,729.0,64348.0,39.0,7.0,1614.0,4905.0,6253.0,6308.0,5660.0,6594.0,1046.0,139.0,31.0,2.0,0.0,0.0,0.0,0.0,0.0,0.0,0.0,0.0,0.0,0.0,0.0,0.0,0.0,0.0,0.0,0.0,0.0,0.0,0.0,0.0
15.4396990741,240658.0,32556.0,7.3921243396,730.0,64344.0,38.0,7.0,1605.0,4992.0,6323.0,6409.0,5447.0,6523.0,1057.0,166.0,29.0,5.0,0.0,0.0,0.0,0.0,0.0,0.0,0.0,0.0,0.0,0.0,0.0,0.0,0.0,0.0,0.0,0.0,0.0,0.0,0.0,0.0
15.4438657407,242697.0,32553.0,7.45544189476,729.0,64343.0,38.0,65535.0,1625.0,4911.0,6123.0,6357.0,5696.0,6573.0,1073.0,165.0,25.0,5.0,0.0,0.0,0.0,0.0,0.0,0.0,0.0,0.0,0.0,0.0,0.0,0.0,0.0,0.0,0.0,0.0,0.0,0.0,0.0,0.0
15.4480324074,247167.0,32553.0,7.59275642798,722.0,64344.0,35.0,12.0,1605.0,4789.0,5885.0,6236.0,5890.0,6827.0,1141.0,164.0,14.0,2.0,0.0,0.0,0.0,0.0,0.0,0.0,0.0,0.0,0.0,0.0,0.0,0.0,0.0,0.0,0.0,0.0,0.0,0.0,0.0,0.0
15.4521990741,248378.0,32549.0,7.63089495837,725.0,64344.0,39.0,7.0,1586.0,4846.0,5820.0,6159.0,5913.0,6919.0,1135.0,148.0,19.0,4.0,0.0,0.0,0.0,0.0,0.0,0.0,0.0,0.0,0.0,0.0,0.0,0.0,0.0,0.0,0.0,0.0,0.0,0.0,0.0,0.0
15.4563657407,245595.0,32546.0,7.54608861304,729.0,64343.0,39.0,3.0,1681.0,4765.0,6009.0,6197.0,5863.0,6730.0,1119.0,155.0,25.0,2.0,0.0,0.0,0.0,0.0,0.0,0.0,0.0,0.0,0.0,0.0,0.0,0.0,0.0,0.0,0.0,0.0,0.0,0.0,0.0,0.0
15.4605324074,255017.0,32544.0,7.83606809243,722.0,64344.0,38.0,7.0,1546.0,4681.0,5690.0,6023.0,6082.0,7148.0,1202.0,145.0,22.0,5.0,0.0,0.0,0.0,0.0,0.0,0.0,0.0,0.0,0.0,0.0,0.0,0.0,0.0,0.0,0.0,0.0,0.0,0.0,0.0,0.0
15.4646990741,254023.0,32552.0,7.80360653723,729.0,64344.0,38.0,7.0,1496.0,4655.0,5748.0,6050.0,6097.0,7114.0,1222.0,155.0,14.0,1.0,0.0,0.0,0.0,0.0,0.0,0.0,0.0,0.0,0.0,0.0,0.0,0.0,0.0,0.0,0.0,0.0,0.0,0.0,0.0,0.0
15.4688657407,254594.0,32543.0,7.82331069662,725.0,64345.0,38.0,7.0,1613.0,4510.0,5476.0,6099.0,6376.0,7133.0,1170.0,146.0,18.0,2.0,0.0,0.0,0.0,0.0,0.0,0.0,0.0,0.0,0.0,0.0,0.0,0.0,0.0,0.0,0.0,0.0,0.0,0.0,0.0,0.0
15.4730324074,257468.0,32540.0,7.91235402581,725.0,64345.0,39.0,7.0,1601.0,4526.0,5531.0,5934.0,6394.0,7171.0,1203.0,155.0,20.0,5.0,0.0,0.0,0.0,0.0,0.0,0.0,0.0,0.0,0.0,0.0,0.0,0.0,0.0,0.0,0.0,0.0,0.0,0.0,0.0,0.0
15.4771990741,256936.0,32543.0,7.8952770181,727.0,64344.0,39.0,6.0,1529.0,4568.0,5466.0,5921.0,6575.0,7170.0,1150.0,133.0,22.0,9.0,0.0,0.0,0.0,0.0,0.0,0.0,0.0,0.0,0.0,0.0,0.0,0.0,0.0,0.0,0.0,0.0,0.0,0.0,0.0,0.0
15.4813657407,261521.0,32542.0,8.03641447975,725.0,64344.0,39.0,6.0,1556.0,4433.0,5382.0,6083.0,6333.0,7318.0,1247.0,162.0,25.0,3.0,0.0,0.0,0.0,0.0,0.0,0.0,0.0,0.0,0.0,0.0,0.0,0.0,0.0,0.0,0.0,0.0,0.0,0.0,0.0,0.0
15.4855324074,258627.0,32546.0,7.94650648313,725.0,64344.0,39.0,6.0,1549.0,4387.0,5450.0,6047.0,6512.0,7225.0,1196.0,158.0,20.0,2.0,0.0,0.0,0.0,0.0,0.0,0.0,0.0,0.0,0.0,0.0,0.0,0.0,0.0,0.0,0.0,0.0,0.0,0.0,0.0,0.0
15.4896990741,259069.0,32542.0,7.96106569971,730.0,64348.0,40.0,9.0,1512.0,4467.0,5497.0,5938.0,6496.0,7245.0,1214.0,145.0,26.0,2.0,0.0,0.0,0.0,0.0,0.0,0.0,0.0,0.0,0.0,0.0,0.0,0.0,0.0,0.0,0.0,0.0,0.0,0.0,0.0,0.0
15.4938657407,260261.0,32554.0,7.99474718929,725.0,64345.0,35.0,7.0,1572.0,4523.0,5535.0,5827.0,6432.0,7241.0,1245.0,148.0,25.0,6.0,0.0,0.0,0.0,0.0,0.0,0.0,0.0,0.0,0.0,0.0,0.0,0.0,0.0,0.0,0.0,0.0,0.0,0.0,0.0,0.0
15.4980324074,256221.0,32546.0,7.87258034782,729.0,64344.0,35.0,7.0,1610.0,4555.0,5551.0,6043.0,6329.0,7076.0,1194.0,158.0,27.0,3.0,0.0,0.0,0.0,0.0,0.0,0.0,0.0,0.0,0.0,0.0,0.0,0.0,0.0,0.0,0.0,0.0,0.0,0.0,0.0,0.0
15.5021990741,254003.0,32541.0,7.80562982084,725.0,64344.0,38.0,7.0,1558.0,4657.0,5555.0,6065.0,6317.0,7083.0,1118.0,158.0,27.0,3.0,0.0,0.0,0.0,0.0,0.0,0.0,0.0,0.0,0.0,0.0,0.0,0.0,0.0,0.0,0.0,0.0,0.0,0.0,0.0,0.0
15.5063657407,251036.0,32549.0,7.71255645335,727.0,64344.0,36.0,6.0,1653.0,4674.0,5831.0,6051.0,6020.0,6994.0,1150.0,149.0,22.0,5.0,0.0,0.0,0.0,0.0,0.0,0.0,0.0,0.0,0.0,0.0,0.0,0.0,0.0,0.0,0.0,0.0,0.0,0.0,0.0,0.0
15.5105324074,251333.0,32552.0,7.72096952568,724.0,64345.0,35.0,12.0,1606.0,4565.0,5854.0,6209.0,5998.0,7008.0,1128.0,157.0,23.0,4.0,0.0,0.0,0.0,0.0,0.0,0.0,0.0,0.0,0.0,0.0,0.0,0.0,0.0,0.0,0.0,0.0,0.0,0.0,0.0,0.0
15.5146990741,249833.0,32549.0,7.67559679253,725.0,64347.0,35.0,7.0,1613.0,4729.0,5790.0,6125.0,6022.0,6987.0,1101.0,156.0,22.0,4.0,0.0,0.0,0.0,0.0,0.0,0.0,0.0,0.0,0.0,0.0,0.0,0.0,0.0,0.0,0.0,0.0,0.0,0.0,0.0,0.0
15.5188657407,248934.0,32543.0,7.64938696494,725.0,64344.0,35.0,8.0,1529.0,4754.0,5704.0,6121.0,6272.0,6888.0,1107.0,151.0,12.0,5.0,0.0,0.0,0.0,0.0,0.0,0.0,0.0,0.0,0.0,0.0,0.0,0.0,0.0,0.0,0.0,0.0,0.0,0.0,0.0,0.0
15.5230324074,247257.0,32542.0,7.59808862393,725.0,64344.0,38.0,7.0,1577.0,4837.0,5778.0,6116.0,6024.0,6922.0,1141.0,127.0,18.0,2.0,0.0,0.0,0.0,0.0,0.0,0.0,0.0,0.0,0.0,0.0,0.0,0.0,0.0,0.0,0.0,0.0,0.0,0.0,0.0,0.0
15.5271990741,247757.0,32541.0,7.61368734827,729.0,64343.0,39.0,6.0,1633.0,4689.0,5862.0,6132.0,6086.0,6869.0,1097.0,149.0,20.0,4.0,0.0,0.0,0.0,0.0,0.0,0.0,0.0,0.0,0.0,0.0,0.0,0.0,0.0,0.0,0.0,0.0,0.0,0.0,0.0,0.0
15.5313657407,248184.0,32551.0,7.62446622224,725.0,64342.0,39.0,6.0,1649.0,4788.0,5776.0,6033.0,6052.0,6968.0,1122.0,144.0,17.0,2.0,0.0,0.0,0.0,0.0,0.0,0.0,0.0,0.0,0.0,0.0,0.0,0.0,0.0,0.0,0.0,0.0,0.0,0.0,0.0,0.0
15.5355324074,249150.0,32550.0,7.65437788018,725.0,64344.0,35.0,7.0,1621.0,4562.0,5868.0,6111.0,6145.0,6963.0,1105.0,157.0,17.0,1.0,0.0,0.0,0.0,0.0,0.0,0.0,0.0,0.0,0.0,0.0,0.0,0.0,0.0,0.0,0.0,0.0,0.0,0.0,0.0,0.0
15.5396990741,247433.0,32542.0,7.60349701924,724.0,64345.0,35.0,12.0,1579.0,4699.0,5863.0,6190.0,6037.0,6946.0,1057.0,147.0,20.0,4.0,0.0,0.0,0.0,0.0,0.0,0.0,0.0,0.0,0.0,0.0,0.0,0.0,0.0,0.0,0.0,0.0,0.0,0.0,0.0,0.0
15.5438657407,249028.0,32543.0,7.65227545094,724.0,64345.0,38.0,7.0,1564.0,4642.0,5945.0,6180.0,6036.0,6874.0,1129.0,147.0,21.0,5.0,0.0,0.0,0.0,0.0,0.0,0.0,0.0,0.0,0.0,0.0,0.0,0.0,0.0,0.0,0.0,0.0,0.0,0.0,0.0,0.0
15.5480324074,248877.0,32540.0,7.648340504,724.0,64351.0,35.0,8.0,1647.0,4629.0,5878.0,6151.0,6052.0,6905.0,1097.0,157.0,18.0,6.0,0.0,0.0,0.0,0.0,0.0,0.0,0.0,0.0,0.0,0.0,0.0,0.0,0.0,0.0,0.0,0.0,0.0,0.0,0.0,0.0
15.5521990741,254616.0,32542.0,7.8242271526,724.0,64350.0,39.0,7.0,1539.0,4600.0,5628.0,6132.0,6187.0,7102.0,1177.0,148.0,27.0,2.0,0.0,0.0,0.0,0.0,0.0,0.0,0.0,0.0,0.0,0.0,0.0,0.0,0.0,0.0,0.0,0.0,0.0,0.0,0.0,0.0
15.5563657407,255054.0,32536.0,7.83913203836,722.0,64344.0,36.0,11.0,1574.0,4612.0,5675.0,5943.0,6357.0,7013.0,1181.0,146.0,30.0,5.0,0.0,0.0,0.0,0.0,0.0,0.0,0.0,0.0,0.0,0.0,0.0,0.0,0.0,0.0,0.0,0.0,0.0,0.0,0.0,0.0
15.5605324074,258517.0,32540.0,7.94459127228,724.0,64345.0,39.0,4.0,1592.0,4489.0,5534.0,6004.0,6314.0,7175.0,1238.0,171.0,22.0,1.0,0.0,0.0,0.0,0.0,0.0,0.0,0.0,0.0,0.0,0.0,0.0,0.0,0.0,0.0,0.0,0.0,0.0,0.0,0.0,0.0
15.5646990741,260997.0,32532.0,8.02277757285,724.0,64344.0,33.0,12.0,1498.0,4467.0,5345.0,5936.0,6596.0,7271.0,1236.0,160.0,21.0,2.0,0.0,0.0,0.0,0.0,0.0,0.0,0.0,0.0,0.0,0.0,0.0,0.0,0.0,0.0,0.0,0.0,0.0,0.0,0.0,0.0
15.5688657407,258965.0,32557.0,7.95420339712,724.0,64345.0,35.0,12.0,1581.0,4549.0,5192.0,5968.0,6624.0,7286.0,1187.0,145.0,24.0,1.0,0.0,0.0,0.0,0.0,0.0,0.0,0.0,0.0,0.0,0.0,0.0,0.0,0.0,0.0,0.0,0.0,0.0,0.0,0.0,0.0
15.5730324074,265702.0,32541.0,8.16514550874,724.0,64347.0,35.0,12.0,1558.0,4504.0,5163.0,5648.0,6711.0,7524.0,1252.0,151.0,25.0,5.0,0.0,0.0,0.0,0.0,0.0,0.0,0.0,0.0,0.0,0.0,0.0,0.0,0.0,0.0,0.0,0.0,0.0,0.0,0.0,0.0
15.5771990741,265181.0,32541.0,8.14913493746,722.0,64353.0,35.0,6.0,1648.0,4365.0,5252.0,5792.0,6695.0,7305.0,1282.0,167.0,31.0,4.0,0.0,0.0,0.0,0.0,0.0,0.0,0.0,0.0,0.0,0.0,0.0,0.0,0.0,0.0,0.0,0.0,0.0,0.0,0.0,0.0
15.5813657407,270904.0,32541.0,8.32500537783,725.0,64344.0,39.0,8.0,1444.0,4336.0,5170.0,5731.0,6729.0,7583.0,1345.0,176.0,24.0,3.0,0.0,0.0,0.0,0.0,0.0,0.0,0.0,0.0,0.0,0.0,0.0,0.0,0.0,0.0,0.0,0.0,0.0,0.0,0.0,0.0
15.5855324074,266277.0,32553.0,8.17979909686,722.0,64344.0,38.0,65535.0,1531.0,4359.0,5185.0,5677.0,6787.0,7585.0,1246.0,162.0,19.0,2.0,0.0,0.0,0.0,0.0,0.0,0.0,0.0,0.0,0.0,0.0,0.0,0.0,0.0,0.0,0.0,0.0,0.0,0.0,0.0,0.0
15.5896990741,268456.0,32546.0,8.24850980151,722.0,64344.0,39.0,7.0,1500.0,4332.0,5166.0,5738.0,6917.0,7411.0,1285.0,159.0,32.0,6.0,0.0,0.0,0.0,0.0,0.0,0.0,0.0,0.0,0.0,0.0,0.0,0.0,0.0,0.0,0.0,0.0,0.0,0.0,0.0,0.0
15.5938657407,268864.0,32553.0,8.25926949897,725.0,64344.0,35.0,19.0,1542.0,4212.0,5160.0,5855.0,6766.0,7501.0,1326.0,164.0,24.0,3.0,0.0,0.0,0.0,0.0,0.0,0.0,0.0,0.0,0.0,0.0,0.0,0.0,0.0,0.0,0.0,0.0,0.0,0.0,0.0,0.0
15.5980324074,265788.0,32541.0,8.16778832857,722.0,64344.0,39.0,8.0,1563.0,4292.0,5162.0,5825.0,6910.0,7311.0,1276.0,175.0,26.0,1.0,0.0,0.0,0.0,0.0,0.0,0.0,0.0,0.0,0.0,0.0,0.0,0.0,0.0,0.0,0.0,0.0,0.0,0.0,0.0,0.0
15.6021990741,264006.0,32539.0,8.11352530809,724.0,64344.0,39.0,8.0,1477.0,4454.0,5252.0,5838.0,6728.0,7358.0,1234.0,171.0,25.0,2.0,0.0,0.0,0.0,0.0,0.0,0.0,0.0,0.0,0.0,0.0,0.0,0.0,0.0,0.0,0.0,0.0,0.0,0.0,0.0,0.0
15.6063657407,261511.0,32538.0,8.03709508882,724.0,64348.0,35.0,11.0,1506.0,4401.0,5495.0,5932.0,6503.0,7246.0,1265.0,166.0,22.0,2.0,0.0,0.0,0.0,0.0,0.0,0.0,0.0,0.0,0.0,0.0,0.0,0.0,0.0,0.0,0.0,0.0,0.0,0.0,0.0,0.0
15.6105324074,262291.0,32537.0,8.06131481083,724.0,64344.0,36.0,11.0,1506.0,4505.0,5455.0,5867.0,6518.0,7252.0,1242.0,154.0,32.0,6.0,0.0,0.0,0.0,0.0,0.0,0.0,0.0,0.0,0.0,0.0,0.0,0.0,0.0,0.0,0.0,0.0,0.0,0.0,0.0,0.0
15.6146990741,261502.0,32543.0,8.03558368927,722.0,64342.0,38.0,12.0,1556.0,4416.0,5379.0,6070.0,6452.0,7248.0,1232.0,157.0,27.0,6.0,0.0,0.0,0.0,0.0,0.0,0.0,0.0,0.0,0.0,0.0,0.0,0.0,0.0,0.0,0.0,0.0,0.0,0.0,0.0,0.0
15.6188657407,264644.0,32544.0,8.13188298918,724.0,64344.0,35.0,7.0,1457.0,4410.0,5289.0,5818.0,6674.0,7480.0,1242.0,148.0,20.0,6.0,0.0,0.0,0.0,0.0,0.0,0.0,0.0,0.0,0.0,0.0,0.0,0.0,0.0,0.0,0.0,0.0,0.0,0.0,0.0,0.0
15.6230324074,269124.0,32540.0,8.27055931162,724.0,64347.0,38.0,9.0,1525.0,4252.0,5094.0,5715.0,7010.0,7460.0,1276.0,177.0,29.0,2.0,0.0,0.0,0.0,0.0,0.0,0.0,0.0,0.0,0.0,0.0,0.0,0.0,0.0,0.0,0.0,0.0,0.0,0.0,0.0,0.0
15.6271990741,264251.0,32535.0,8.12205317351,725.0,64343.0,38.0,9.0,1545.0,4369.0,5319.0,5697.0,6817.0,7351.0,1261.0,146.0,24.0,6.0,0.0,0.0,0.0,0.0,0.0,0.0,0.0,0.0,0.0,0.0,0.0,0.0,0.0,0.0,0.0,0.0,0.0,0.0,0.0,0.0
15.6313657407,269594.0,32539.0,8.28525769077,724.0,64344.0,35.0,8.0,1534.0,4224.0,5019.0,5677.0,7206.0,7440.0,1244.0,156.0,30.0,9.0,0.0,0.0,0.0,0.0,0.0,0.0,0.0,0.0,0.0,0.0,0.0,0.0,0.0,0.0,0.0,0.0,0.0,0.0,0.0,0.0
15.6355324074,269998.0,32537.0,8.29818360636,724.0,64344.0,39.0,1.0,1540.0,4236.0,5123.0,5665.0,6897.0,7547.0,1355.0,144.0,26.0,4.0,0.0,0.0,0.0,0.0,0.0,0.0,0.0,0.0,0.0,0.0,0.0,0.0,0.0,0.0,0.0,0.0,0.0,0.0,0.0,0.0
15.6396990741,269064.0,32542.0,8.26820723987,725.0,64348.0,39.0,4.0,1529.0,4248.0,5100.0,5704.0,6867.0,7658.0,1254.0,148.0,31.0,3.0,0.0,0.0,0.0,0.0,0.0,0.0,0.0,0.0,0.0,0.0,0.0,0.0,0.0,0.0,0.0,0.0,0.0,0.0,0.0,0.0
15.6438657407,268846.0,32554.0,8.25846286171,730.0,64344.0,36.0,6.0,1501.0,4246.0,5058.0,5649.0,7132.0,7485.0,1301.0,158.0,22.0,2.0,0.0,0.0,0.0,0.0,0.0,0.0,0.0,0.0,0.0,0.0,0.0,0.0,0.0,0.0,0.0,0.0,0.0,0.0,0.0,0.0
15.6480324074,270689.0,32539.0,8.31890961615,724.0,64345.0,39.0,11.0,1554.0,4329.0,5022.0,5535.0,6962.0,7595.0,1354.0,169.0,16.0,3.0,0.0,0.0,0.0,0.0,0.0,0.0,0.0,0.0,0.0,0.0,0.0,0.0,0.0,0.0,0.0,0.0,0.0,0.0,0.0,0.0
15.6521990741,268469.0,32539.0,8.25068379483,724.0,64345.0,35.0,6.0,1449.0,4225.0,5278.0,5702.0,6866.0,7563.0,1273.0,152.0,27.0,4.0,0.0,0.0,0.0,0.0,0.0,0.0,0.0,0.0,0.0,0.0,0.0,0.0,0.0,0.0,0.0,0.0,0.0,0.0,0.0,0.0
15.6563657407,266169.0,32536.0,8.18075362675,725.0,64353.0,36.0,7.0,1552.0,4331.0,5259.0,5542.0,6928.0,7492.0,1255.0,142.0,34.0,1.0,0.0,0.0,0.0,0.0,0.0,0.0,0.0,0.0,0.0,0.0,0.0,0.0,0.0,0.0,0.0,0.0,0.0,0.0,0.0,0.0
15.6605324074,265059.0,32536.0,8.14663757069,724.0,64350.0,35.0,7.0,1488.0,4267.0,5320.0,5878.0,6668.0,7487.0,1262.0,141.0,18.0,7.0,0.0,0.0,0.0,0.0,0.0,0.0,0.0,0.0,0.0,0.0,0.0,0.0,0.0,0.0,0.0,0.0,0.0,0.0,0.0,0.0
15.6646990741,265812.0,32541.0,8.16852585968,725.0,64346.0,38.0,9.0,1543.0,4256.0,5348.0,5687.0,6848.0,7403.0,1263.0,166.0,24.0,3.0,0.0,0.0,0.0,0.0,0.0,0.0,0.0,0.0,0.0,0.0,0.0,0.0,0.0,0.0,0.0,0.0,0.0,0.0,0.0,0.0
15.6688657407,266999.0,32553.0,8.20197831229,725.0,64344.0,38.0,4.0,1559.0,4365.0,5251.0,5813.0,6728.0,7327.0,1305.0,167.0,34.0,4.0,0.0,0.0,0.0,0.0,0.0,0.0,0.0,0.0,0.0,0.0,0.0,0.0,0.0,0.0,0.0,0.0,0.0,0.0,0.0,0.0
15.6730324074,266149.0,32546.0,8.17762551466,724.0,64347.0,35.0,3.0,1500.0,4277.0,5326.0,5805.0,6730.0,7421.0,1314.0,147.0,21.0,5.0,0.0,0.0,0.0,0.0,0.0,0.0,0.0,0.0,0.0,0.0,0.0,0.0,0.0,0.0,0.0,0.0,0.0,0.0,0.0,0.0
15.6771990741,258800.0,32550.0,7.95084485407,729.0,64344.0,39.0,6.0,1571.0,4344.0,5560.0,5908.0,6507.0,7296.0,1201.0,137.0,23.0,3.0,0.0,0.0,0.0,0.0,0.0,0.0,0.0,0.0,0.0,0.0,0.0,0.0,0.0,0.0,0.0,0.0,0.0,0.0,0.0,0.0
15.6813657407,258705.0,32562.0,7.94499723604,729.0,64345.0,35.0,8.0,1582.0,4489.0,5638.0,6001.0,6357.0,7133.0,1170.0,152.0,27.0,13.0,0.0,0.0,0.0,0.0,0.0,0.0,0.0,0.0,0.0,0.0,0.0,0.0,0.0,0.0,0.0,0.0,0.0,0.0,0.0,0.0
15.6855324074,257387.0,32559.0,7.90524893271,727.0,64344.0,36.0,8.0,1566.0,4445.0,5589.0,5991.0,6403.0,7209.0,1189.0,140.0,21.0,6.0,0.0,0.0,0.0,0.0,0.0,0.0,0.0,0.0,0.0,0.0,0.0,0.0,0.0,0.0,0.0,0.0,0.0,0.0,0.0,0.0
15.6896990741,254745.0,32542.0,7.82819126052,725.0,64344.0,39.0,7.0,1562.0,4629.0,5668.0,5945.0,6275.0,7138.0,1153.0,138.0,30.0,4.0,0.0,0.0,0.0,0.0,0.0,0.0,0.0,0.0,0.0,0.0,0.0,0.0,0.0,0.0,0.0,0.0,0.0,0.0,0.0,0.0
15.6938657407,250614.0,32552.0,7.69888178914,725.0,64345.0,35.0,7.0,1584.0,4636.0,5771.0,6019.0,6257.0,7015.0,1112.0,131.0,22.0,5.0,0.0,0.0,0.0,0.0,0.0,0.0,0.0,0.0,0.0,0.0,0.0,0.0,0.0,0.0,0.0,0.0,0.0,0.0,0.0,0.0
15.6980324074,254868.0,32539.0,7.832693076,729.0,64344.0,39.0,7.0,1526.0,4624.0,5874.0,6034.0,6147.0,6970.0,1161.0,162.0,34.0,7.0,0.0,0.0,0.0,0.0,0.0,0.0,0.0,0.0,0.0,0.0,0.0,0.0,0.0,0.0,0.0,0.0,0.0,0.0,0.0,0.0
15.7021990741,248182.0,32551.0,7.62440478019,727.0,64347.0,38.0,9.0,1573.0,4768.0,5933.0,6109.0,5967.0,6891.0,1131.0,158.0,20.0,1.0,0.0,0.0,0.0,0.0,0.0,0.0,0.0,0.0,0.0,0.0,0.0,0.0,0.0,0.0,0.0,0.0,0.0,0.0,0.0,0.0
15.7063657407,251683.0,32561.0,7.72958447222,727.0,64344.0,35.0,11.0,1551.0,4647.0,5930.0,6158.0,5986.0,6976.0,1107.0,174.0,29.0,3.0,0.0,0.0,0.0,0.0,0.0,0.0,0.0,0.0,0.0,0.0,0.0,0.0,0.0,0.0,0.0,0.0,0.0,0.0,0.0,0.0
15.7105324074,247313.0,32555.0,7.59677468899,729.0,64344.0,39.0,7.0,1646.0,4969.0,5802.0,6107.0,5983.0,6725.0,1153.0,136.0,27.0,7.0,0.0,0.0,0.0,0.0,0.0,0.0,0.0,0.0,0.0,0.0,0.0,0.0,0.0,0.0,0.0,0.0,0.0,0.0,0.0,0.0
15.7146990741,251847.0,32556.0,7.73580906745,729.0,64347.0,35.0,14.0,1557.0,4653.0,5903.0,6243.0,5764.0,7099.0,1161.0,150.0,21.0,5.0,0.0,0.0,0.0,0.0,0.0,0.0,0.0,0.0,0.0,0.0,0.0,0.0,0.0,0.0,0.0,0.0,0.0,0.0,0.0,0.0
15.7188657407,250188.0,32559.0,7.68414263337,725.0,64344.0,38.0,6.0,1580.0,4720.0,5846.0,6112.0,6170.0,6838.0,1088.0,174.0,26.0,5.0,0.0,0.0,0.0,0.0,0.0,0.0,0.0,0.0,0.0,0.0,0.0,0.0,0.0,0.0,0.0,0.0,0.0,0.0,0.0,0.0
15.7230324074,242010.0,32548.0,7.4354799066,730.0,64344.0,36.0,9.0,1661.0,4938.0,6068.0,6230.0,5746.0,6672.0,1044.0,167.0,19.0,3.0,0.0,0.0,0.0,0.0,0.0,0.0,0.0,0.0,0.0,0.0,0.0,0.0,0.0,0.0,0.0,0.0,0.0,0.0,0.0,0.0
15.7271990741,242417.0,32542.0,7.44935775306,732.0,64346.0,35.0,12.0,1614.0,4901.0,6184.0,6287.0,5716.0,6572.0,1077.0,163.0,23.0,5.0,0.0,0.0,0.0,0.0,0.0,0.0,0.0,0.0,0.0,0.0,0.0,0.0,0.0,0.0,0.0,0.0,0.0,0.0,0.0,0.0
15.7313657407,242086.0,32548.0,7.4378149195,733.0,64348.0,38.0,12.0,1623.0,4818.0,6282.0,6226.0,5679.0,6716.0,1022.0,156.0,19.0,7.0,0.0,0.0,0.0,0.0,0.0,0.0,0.0,0.0,0.0,0.0,0.0,0.0,0.0,0.0,0.0,0.0,0.0,0.0,0.0,0.0
15.7355324074,243832.0,32549.0,7.49122860917,730.0,64348.0,38.0,7.0,1623.0,4830.0,6127.0,6249.0,5779.0,6640.0,1114.0,163.0,23.0,1.0,0.0,0.0,0.0,0.0,0.0,0.0,0.0,0.0,0.0,0.0,0.0,0.0,0.0,0.0,0.0,0.0,0.0,0.0,0.0,0.0
15.7396990741,242294.0,32563.0,7.44077634125,730.0,64345.0,38.0,9.0,1607.0,4848.0,6301.0,6331.0,5602.0,6573.0,1100.0,178.0,23.0,0.0,0.0,0.0,0.0,0.0,0.0,0.0,0.0,0.0,0.0,0.0,0.0,0.0,0.0,0.0,0.0,0.0,0.0,0.0,0.0,0.0
15.7438657407,244675.0,32560.0,7.51458845209,730.0,64345.0,35.0,8.0,1647.0,4651.0,6104.0,6218.0,5876.0,6814.0,1084.0,149.0,13.0,4.0,0.0,0.0,0.0,0.0,0.0,0.0,0.0,0.0,0.0,0.0,0.0,0.0,0.0,0.0,0.0,0.0,0.0,0.0,0.0,0.0
15.7480324074,245223.0,32551.0,7.53350127492,730.0,64344.0,39.0,7.0,1602.0,4781.0,6175.0,6255.0,5732.0,6666.0,1162.0,157.0,16.0,5.0,0.0,0.0,0.0,0.0,0.0,0.0,0.0,0.0,0.0,0.0,0.0,0.0,0.0,0.0,0.0,0.0,0.0,0.0,0.0,0.0
15.7521990741,199612.0,27134.0,7.35652686666,725.0,64342.0,36.0,1.0,1318.0,4180.0,5264.0,5312.0,4601.0,5420.0,872.0,147.0,18.0,2.0,0.0,0.0,0.0,0.0,0.0,0.0,0.0,0.0,0.0,0.0,0.0,0.0,0.0,0.0,0.0,0.0,0.0,0.0,0.0,0.0
15.7640740741,226796.0,32565.0,6.96440964225,730.0,64344.0,35.0,10.0,1814.0,5200.0,6604.0,6587.0,5165.0,6059.0,976.0,130.0,27.0,3.0,0.0,0.0,0.0,0.0,0.0,0.0,0.0,0.0,0.0,0.0,0.0,0.0,0.0,0.0,0.0,0.0,0.0,0.0,0.0,0.0
15.7682407407,223256.0,32564.0,6.85591450682,730.0,64344.0,39.0,3.0,1806.0,5430.0,6717.0,6546.0,5108.0,5866.0,889.0,173.0,27.0,2.0,0.0,0.0,0.0,0.0,0.0,0.0,0.0,0.0,0.0,0.0,0.0,0.0,0.0,0.0,0.0,0.0,0.0,0.0,0.0,0.0
15.7724074074,218837.0,32553.0,6.72248333487,733.0,64343.0,41.0,8.0,1820.0,5421.0,6872.0,6640.0,4999.0,5724.0,910.0,146.0,18.0,3.0,0.0,0.0,0.0,0.0,0.0,0.0,0.0,0.0,0.0,0.0,0.0,0.0,0.0,0.0,0.0,0.0,0.0,0.0,0.0,0.0
15.7765740741,223248.0,32557.0,6.85714285714,730.0,64345.0,38.0,7.0,1794.0,5390.0,6915.0,6563.0,5014.0,5696.0,992.0,167.0,20.0,6.0,0.0,0.0,0.0,0.0,0.0,0.0,0.0,0.0,0.0,0.0,0.0,0.0,0.0,0.0,0.0,0.0,0.0,0.0,0.0,0.0
15.7807407407,217165.0,32562.0,6.66927707143,733.0,64345.0,38.0,6.0,1890.0,5407.0,7021.0,6727.0,4829.0,5633.0,876.0,149.0,25.0,5.0,0.0,0.0,0.0,0.0,0.0,0.0,0.0,0.0,0.0,0.0,0.0,0.0,0.0,0.0,0.0,0.0,0.0,0.0,0.0,0.0
15.7849074074,219125.0,32561.0,6.72967660698,733.0,64344.0,38.0,4.0,1855.0,5437.0,6964.0,6664.0,4864.0,5691.0,912.0,142.0,26.0,6.0,0.0,0.0,0.0,0.0,0.0,0.0,0.0,0.0,0.0,0.0,0.0,0.0,0.0,0.0,0.0,0.0,0.0,0.0,0.0,0.0
15.7890740741,214065.0,32562.0,6.57407407407,733.0,64347.0,38.0,7.0,1908.0,5565.0,7146.0,6582.0,4843.0,5427.0,918.0,148.0,23.0,2.0,0.0,0.0,0.0,0.0,0.0,0.0,0.0,0.0,0.0,0.0,0.0,0.0,0.0,0.0,0.0,0.0,0.0,0.0,0.0,0.0
15.7932407407,212097.0,32566.0,6.51283547258,733.0,64348.0,39.0,6.0,1901.0,5645.0,7238.0,6608.0,4751.0,5361.0,881.0,156.0,22.0,3.0,0.0,0.0,0.0,0.0,0.0,0.0,0.0,0.0,0.0,0.0,0.0,0.0,0.0,0.0,0.0,0.0,0.0,0.0,0.0,0.0
15.7974074074,213978.0,32566.0,6.57059509918,735.0,64345.0,38.0,3.0,1921.0,5646.0,6946.0,6644.0,4915.0,5444.0,885.0,137.0,22.0,6.0,0.0,0.0,0.0,0.0,0.0,0.0,0.0,0.0,0.0,0.0,0.0,0.0,0.0,0.0,0.0,0.0,0.0,0.0,0.0,0.0
15.8015740741,213521.0,32557.0,6.55837454311,733.0,64348.0,36.0,6.0,1913.0,5699.0,7053.0,6455.0,4929.0,5497.0,832.0,149.0,26.0,4.0,0.0,0.0,0.0,0.0,0.0,0.0,0.0,0.0,0.0,0.0,0.0,0.0,0.0,0.0,0.0,0.0,0.0,0.0,0.0,0.0
15.8057407407,209908.0,32565.0,6.44581606019,733.0,64345.0,39.0,7.0,1946.0,5738.0,7021.0,6752.0,4796.0,5287.0,859.0,144.0,17.0,5.0,0.0,0.0,0.0,0.0,0.0,0.0,0.0,0.0,0.0,0.0,0.0,0.0,0.0,0.0,0.0,0.0,0.0,0.0,0.0,0.0
15.8099074074,209702.0,32571.0,6.43830401277,733.0,64343.0,38.0,65535.0,1961.0,5742.0,7148.0,6576.0,4790.0,5335.0,832.0,170.0,17.0,0.0,0.0,0.0,0.0,0.0,0.0,0.0,0.0,0.0,0.0,0.0,0.0,0.0,0.0,0.0,0.0,0.0,0.0,0.0,0.0,0.0
15.8140740741,206263.0,32556.0,6.33563705615,733.0,64351.0,38.0,7.0,2009.0,5923.0,7082.0,6628.0,4836.0,5135.0,741.0,174.0,25.0,3.0,0.0,0.0,0.0,0.0,0.0,0.0,0.0,0.0,0.0,0.0,0.0,0.0,0.0,0.0,0.0,0.0,0.0,0.0,0.0,0.0
15.8182407407,206415.0,32566.0,6.33835902475,732.0,64347.0,35.0,3.0,1941.0,5807.0,7268.0,6730.0,4600.0,5243.0,814.0,142.0,16.0,5.0,0.0,0.0,0.0,0.0,0.0,0.0,0.0,0.0,0.0,0.0,0.0,0.0,0.0,0.0,0.0,0.0,0.0,0.0,0.0,0.0
15.8224074074,207465.0,32565.0,6.3707968678,732.0,64344.0,35.0,15.0,2135.0,5869.0,7068.0,6667.0,4663.0,5152.0,817.0,167.0,21.0,6.0,0.0,0.0,0.0,0.0,0.0,0.0,0.0,0.0,0.0,0.0,0.0,0.0,0.0,0.0,0.0,0.0,0.0,0.0,0.0,0.0
15.8265740741,208698.0,32560.0,6.40964373464,730.0,64348.0,35.0,11.0,1992.0,5816.0,7119.0,6633.0,4784.0,5208.0,820.0,157.0,29.0,2.0,0.0,0.0,0.0,0.0,0.0,0.0,0.0,0.0,0.0,0.0,0.0,0.0,0.0,0.0,0.0,0.0,0.0,0.0,0.0,0.0
15.8307407407,208876.0,32568.0,6.41353475804,735.0,64348.0,39.0,12.0,2005.0,5754.0,7095.0,6699.0,4753.0,5215.0,871.0,156.0,18.0,2.0,0.0,0.0,0.0,0.0,0.0,0.0,0.0,0.0,0.0,0.0,0.0,0.0,0.0,0.0,0.0,0.0,0.0,0.0,0.0,0.0
15.8349074074,203795.0,32553.0,6.26040610696,733.0,64345.0,38.0,9.0,2051.0,5937.0,7357.0,6676.0,4555.0,4982.0,803.0,162.0,27.0,3.0,0.0,0.0,0.0,0.0,0.0,0.0,0.0,0.0,0.0,0.0,0.0,0.0,0.0,0.0,0.0,0.0,0.0,0.0,0.0,0.0
15.8390740741,209435.0,32570.0,6.4303039607,733.0,64344.0,38.0,6.0,1997.0,5837.0,7189.0,6601.0,4690.0,5209.0,853.0,161.0,32.0,1.0,0.0,0.0,0.0,0.0,0.0,0.0,0.0,0.0,0.0,0.0,0.0,0.0,0.0,0.0,0.0,0.0,0.0,0.0,0.0,0.0
15.8432407407,209919.0,32566.0,6.44595590493,733.0,64344.0,39.0,3.0,1984.0,5665.0,7265.0,6635.0,4736.0,5277.0,803.0,173.0,24.0,4.0,0.0,0.0,0.0,0.0,0.0,0.0,0.0,0.0,0.0,0.0,0.0,0.0,0.0,0.0,0.0,0.0,0.0,0.0,0.0,0.0
15.8474074074,208424.0,32563.0,6.40063876178,730.0,64348.0,38.0,9.0,1944.0,5744.0,7338.0,6585.0,4696.0,5264.0,804.0,163.0,21.0,4.0,0.0,0.0,0.0,0.0,0.0,0.0,0.0,0.0,0.0,0.0,0.0,0.0,0.0,0.0,0.0,0.0,0.0,0.0,0.0,0.0
15.8515740741,207453.0,32564.0,6.37062400197,732.0,64344.0,33.0,15.0,2010.0,5893.0,7160.0,6600.0,4759.0,5127.0,809.0,182.0,23.0,1.0,0.0,0.0,0.0,0.0,0.0,0.0,0.0,0.0,0.0,0.0,0.0,0.0,0.0,0.0,0.0,0.0,0.0,0.0,0.0,0.0
15.8557407407,205670.0,32560.0,6.31664619165,733.0,64348.0,39.0,1.0,2019.0,5806.0,7186.0,6857.0,4564.0,5149.0,802.0,147.0,28.0,2.0,0.0,0.0,0.0,0.0,0.0,0.0,0.0,0.0,0.0,0.0,0.0,0.0,0.0,0.0,0.0,0.0,0.0,0.0,0.0,0.0
15.8599074074,203773.0,32564.0,6.25761577202,735.0,64344.0,39.0,6.0,2098.0,5965.0,7110.0,6721.0,4630.0,5049.0,815.0,158.0,15.0,3.0,0.0,0.0,0.0,0.0,0.0,0.0,0.0,0.0,0.0,0.0,0.0,0.0,0.0,0.0,0.0,0.0,0.0,0.0,0.0,0.0
15.8640740741,205177.0,32563.0,6.30092436201,735.0,64345.0,35.0,7.0,2032.0,5855.0,7227.0,6623.0,4725.0,5140.0,778.0,158.0,24.0,1.0,0.0,0.0,0.0,0.0,0.0,0.0,0.0,0.0,0.0,0.0,0.0,0.0,0.0,0.0,0.0,0.0,0.0,0.0,0.0,0.0
15.8682407407,203826.0,32561.0,6.2598200301,733.0,64348.0,38.0,7.0,2081.0,6040.0,7315.0,6441.0,4606.0,5106.0,776.0,175.0,20.0,1.0,0.0,0.0,0.0,0.0,0.0,0.0,0.0,0.0,0.0,0.0,0.0,0.0,0.0,0.0,0.0,0.0,0.0,0.0,0.0,0.0
15.8724074074,204068.0,32570.0,6.26552041756,732.0,64348.0,38.0,7.0,2095.0,5996.0,7204.0,6704.0,4546.0,5040.0,803.0,147.0,33.0,2.0,0.0,0.0,0.0,0.0,0.0,0.0,0.0,0.0,0.0,0.0,0.0,0.0,0.0,0.0,0.0,0.0,0.0,0.0,0.0,0.0
15.8765740741,200079.0,32566.0,6.1438002825,730.0,64345.0,39.0,6.0,2105.0,6055.0,7454.0,6527.0,4556.0,4933.0,746.0,169.0,19.0,2.0,0.0,0.0,0.0,0.0,0.0,0.0,0.0,0.0,0.0,0.0,0.0,0.0,0.0,0.0,0.0,0.0,0.0,0.0,0.0,0.0
15.8807407407,206987.0,32561.0,6.35689935813,730.0,64350.0,39.0,7.0,2036.0,5959.0,7252.0,6509.0,4749.0,5076.0,762.0,182.0,31.0,5.0,0.0,0.0,0.0,0.0,0.0,0.0,0.0,0.0,0.0,0.0,0.0,0.0,0.0,0.0,0.0,0.0,0.0,0.0,0.0,0.0
15.8849074074,199220.0,32560.0,6.11855036855,733.0,64345.0,33.0,8.0,2071.0,6162.0,7367.0,6613.0,4506.0,4933.0,725.0,160.0,19.0,4.0,0.0,0.0,0.0,0.0,0.0,0.0,0.0,0.0,0.0,0.0,0.0,0.0,0.0,0.0,0.0,0.0,0.0,0.0,0.0,0.0
15.8890740741,208593.0,32560.0,6.40641891892,733.0,64348.0,36.0,7.0,2061.0,5933.0,7108.0,6445.0,4679.0,5355.0,782.0,175.0,18.0,4.0,0.0,0.0,0.0,0.0,0.0,0.0,0.0,0.0,0.0,0.0,0.0,0.0,0.0,0.0,0.0,0.0,0.0,0.0,0.0,0.0
15.8932407407,202383.0,32563.0,6.21512145687,733.0,64344.0,35.0,12.0,2166.0,5959.0,7234.0,6601.0,4684.0,5000.0,724.0,167.0,25.0,2.0,1.0,0.0,0.0,0.0,0.0,0.0,0.0,0.0,0.0,0.0,0.0,0.0,0.0,0.0,0.0,0.0,0.0,0.0,0.0,0.0
15.8974074074,203282.0,32569.0,6.24157941601,733.0,64348.0,38.0,6.0,2115.0,5976.0,7225.0,6524.0,4773.0,5013.0,761.0,149.0,31.0,2.0,0.0,0.0,0.0,0.0,0.0,0.0,0.0,0.0,0.0,0.0,0.0,0.0,0.0,0.0,0.0,0.0,0.0,0.0,0.0,0.0
15.9015740741,200378.0,32567.0,6.15279270427,732.0,64344.0,40.0,6.0,2149.0,6108.0,7343.0,6550.0,4599.0,4917.0,721.0,140.0,34.0,6.0,0.0,0.0,0.0,0.0,0.0,0.0,0.0,0.0,0.0,0.0,0.0,0.0,0.0,0.0,0.0,0.0,0.0,0.0,0.0,0.0
15.9057407407,195809.0,32566.0,6.01268193822,733.0,64348.0,34.0,17.0,2182.0,6029.0,7536.0,6577.0,4464.0,4905.0,719.0,137.0,15.0,2.0,0.0,0.0,0.0,0.0,0.0,0.0,0.0,0.0,0.0,0.0,0.0,0.0,0.0,0.0,0.0,0.0,0.0,0.0,0.0,0.0
15.9099074074,196014.0,32547.0,6.02249055212,730.0,64344.0,35.0,12.0,2143.0,6192.0,7443.0,6508.0,4525.0,4876.0,704.0,128.0,25.0,3.0,0.0,0.0,0.0,0.0,0.0,0.0,0.0,0.0,0.0,0.0,0.0,0.0,0.0,0.0,0.0,0.0,0.0,0.0,0.0,0.0
15.9140740741,195517.0,32535.0,6.00943599201,732.0,64345.0,39.0,3.0,2137.0,6157.0,7336.0,6592.0,4536.0,4942.0,684.0,133.0,16.0,2.0,0.0,0.0,0.0,0.0,0.0,0.0,0.0,0.0,0.0,0.0,0.0,0.0,0.0,0.0,0.0,0.0,0.0,0.0,0.0,0.0
15.9182407407,200663.0,32552.0,6.16438314082,732.0,64344.0,39.0,3.0,2063.0,5999.0,7336.0,6522.0,4696.0,5013.0,771.0,129.0,21.0,2.0,0.0,0.0,0.0,0.0,0.0,0.0,0.0,0.0,0.0,0.0,0.0,0.0,0.0,0.0,0.0,0.0,0.0,0.0,0.0,0.0
15.9224074074,203998.0,32551.0,6.26702712666,732.0,64345.0,36.0,4.0,2034.0,5844.0,7169.0,6692.0,4773.0,5101.0,780.0,134.0,19.0,5.0,0.0,0.0,0.0,0.0,0.0,0.0,0.0,0.0,0.0,0.0,0.0,0.0,0.0,0.0,0.0,0.0,0.0,0.0,0.0,0.0
15.9265740741,205440.0,32559.0,6.30977609877,730.0,64344.0,35.0,9.0,1984.0,5976.0,7236.0,6688.0,4516.0,5228.0,752.0,141.0,34.0,4.0,0.0,0.0,0.0,0.0,0.0,0.0,0.0,0.0,0.0,0.0,0.0,0.0,0.0,0.0,0.0,0.0,0.0,0.0,0.0,0.0
15.9307407407,207016.0,32562.0,6.35759474234,730.0,64345.0,35.0,9.0,2007.0,5758.0,7235.0,6623.0,4715.0,5251.0,789.0,160.0,24.0,0.0,0.0,0.0,0.0,0.0,0.0,0.0,0.0,0.0,0.0,0.0,0.0,0.0,0.0,0.0,0.0,0.0,0.0,0.0,0.0,0.0
15.9349074074,206618.0,32550.0,6.34771121352,730.0,64344.0,35.0,7.0,2063.0,5852.0,7317.0,6543.0,4617.0,5183.0,769.0,170.0,36.0,0.0,0.0,0.0,0.0,0.0,0.0,0.0,0.0,0.0,0.0,0.0,0.0,0.0,0.0,0.0,0.0,0.0,0.0,0.0,0.0,0.0
15.9390740741,208497.0,32561.0,6.40327385523,730.0,64348.0,38.0,3.0,1949.0,5807.0,7257.0,6652.0,4656.0,5232.0,829.0,150.0,23.0,6.0,0.0,0.0,0.0,0.0,0.0,0.0,0.0,0.0,0.0,0.0,0.0,0.0,0.0,0.0,0.0,0.0,0.0,0.0,0.0,0.0
15.9432407407,205592.0,32550.0,6.31619047619,730.0,64344.0,39.0,3.0,2016.0,5784.0,7350.0,6633.0,4672.0,5069.0,861.0,142.0,19.0,4.0,0.0,0.0,0.0,0.0,0.0,0.0,0.0,0.0,0.0,0.0,0.0,0.0,0.0,0.0,0.0,0.0,0.0,0.0,0.0,0.0
15.9474074074,207593.0,32554.0,6.37688148922,725.0,64345.0,36.0,6.0,2027.0,5867.0,7039.0,6722.0,4711.0,5202.0,799.0,153.0,33.0,1.0,0.0,0.0,0.0,0.0,0.0,0.0,0.0,0.0,0.0,0.0,0.0,0.0,0.0,0.0,0.0,0.0,0.0,0.0,0.0,0.0
15.9515740741,207278.0,32556.0,6.36681410493,729.0,64347.0,35.0,6.0,1997.0,5698.0,7374.0,6534.0,4789.0,5169.0,814.0,149.0,32.0,0.0,0.0,0.0,0.0,0.0,0.0,0.0,0.0,0.0,0.0,0.0,0.0,0.0,0.0,0.0,0.0,0.0,0.0,0.0,0.0,0.0
15.9557407407,209044.0,32551.0,6.42204540567,729.0,64347.0,31.0,9.0,1970.0,5934.0,7133.0,6625.0,4615.0,5229.0,859.0,157.0,25.0,4.0,0.0,0.0,0.0,0.0,0.0,0.0,0.0,0.0,0.0,0.0,0.0,0.0,0.0,0.0,0.0,0.0,0.0,0.0,0.0,0.0
15.9599074074,205389.0,32566.0,6.30685377387,729.0,64345.0,38.0,6.0,1957.0,5919.0,7301.0,6603.0,4669.0,5111.0,827.0,161.0,16.0,2.0,0.0,0.0,0.0,0.0,0.0,0.0,0.0,0.0,0.0,0.0,0.0,0.0,0.0,0.0,0.0,0.0,0.0,0.0,0.0,0.0
15.9640740741,207090.0,32561.0,6.36006265164,725.0,64342.0,38.0,7.0,2003.0,5834.0,7042.0,6739.0,4717.0,5239.0,812.0,156.0,17.0,2.0,0.0,0.0,0.0,0.0,0.0,0.0,0.0,0.0,0.0,0.0,0.0,0.0,0.0,0.0,0.0,0.0,0.0,0.0,0.0,0.0
15.9682407407,207004.0,32545.0,6.36054693501,730.0,64347.0,32.0,12.0,1990.0,5970.0,7071.0,6621.0,4693.0,5185.0,831.0,164.0,18.0,2.0,0.0,0.0,0.0,0.0,0.0,0.0,0.0,0.0,0.0,0.0,0.0,0.0,0.0,0.0,0.0,0.0,0.0,0.0,0.0,0.0
15.9724074074,208028.0,32549.0,6.39122553688,725.0,64345.0,38.0,6.0,2024.0,5860.0,7028.0,6590.0,4763.0,5288.0,830.0,139.0,26.0,1.0,0.0,0.0,0.0,0.0,0.0,0.0,0.0,0.0,0.0,0.0,0.0,0.0,0.0,0.0,0.0,0.0,0.0,0.0,0.0,0.0
15.9765740741,208573.0,32550.0,6.40777265745,724.0,64343.0,40.0,65535.0,1975.0,5837.0,7028.0,6560.0,4849.0,5314.0,807.0,162.0,17.0,1.0,0.0,0.0,0.0,0.0,0.0,0.0,0.0,0.0,0.0,0.0,0.0,0.0,0.0,0.0,0.0,0.0,0.0,0.0,0.0,0.0
15.9807407407,208705.0,32547.0,6.41241896335,724.0,64344.0,38.0,11.0,2044.0,5633.0,7080.0,6616.0,4798.0,5432.0,781.0,138.0,24.0,1.0,0.0,0.0,0.0,0.0,0.0,0.0,0.0,0.0,0.0,0.0,0.0,0.0,0.0,0.0,0.0,0.0,0.0,0.0,0.0,0.0
15.9849074074,211445.0,32552.0,6.49560702875,724.0,64345.0,35.0,7.0,1895.0,5823.0,7159.0,6418.0,4804.0,5420.0,849.0,164.0,18.0,2.0,0.0,0.0,0.0,0.0,0.0,0.0,0.0,0.0,0.0,0.0,0.0,0.0,0.0,0.0,0.0,0.0,0.0,0.0,0.0,0.0
15.9890740741,209003.0,32553.0,6.42039136178,724.0,64345.0,35.0,12.0,1980.0,5893.0,7103.0,6484.0,4757.0,5303.0,870.0,141.0,19.0,3.0,0.0,0.0,0.0,0.0,0.0,0.0,0.0,0.0,0.0,0.0,0.0,0.0,0.0,0.0,0.0,0.0,0.0,0.0,0.0,0.0
15.9932407407,208976.0,32543.0,6.42153458501,730.0,64344.0,38.0,7.0,1984.0,5844.0,7158.0,6614.0,4581.0,5321.0,870.0,147.0,22.0,2.0,0.0,0.0,0.0,0.0,0.0,0.0,0.0,0.0,0.0,0.0,0.0,0.0,0.0,0.0,0.0,0.0,0.0,0.0,0.0,0.0
15.9974074074,212815.0,32544.0,6.53930063913,724.0,64344.0,39.0,6.0,1900.0,5881.0,6973.0,6581.0,4783.0,5383.0,849.0,164.0,24.0,6.0,0.0,0.0,0.0,0.0,0.0,0.0,0.0,0.0,0.0,0.0,0.0,0.0,0.0,0.0,0.0,0.0,0.0,0.0,0.0,0.0
16.0015740741,211237.0,32539.0,6.49180982821,722.0,64345.0,39.0,7.0,1993.0,5851.0,6927.0,6623.0,4798.0,5314.0,853.0,142.0,35.0,3.0,0.0,0.0,0.0,0.0,0.0,0.0,0.0,0.0,0.0,0.0,0.0,0.0,0.0,0.0,0.0,0.0,0.0,0.0,0.0,0.0
16.0057407407,216793.0,32536.0,6.66317310057,722.0,64345.0,39.0,4.0,1906.0,5625.0,6876.0,6668.0,4763.0,5656.0,851.0,159.0,27.0,5.0,0.0,0.0,0.0,0.0,0.0,0.0,0.0,0.0,0.0,0.0,0.0,0.0,0.0,0.0,0.0,0.0,0.0,0.0,0.0,0.0
16.0099074074,215241.0,32542.0,6.61425235081,720.0,64350.0,39.0,3.0,1864.0,5513.0,7000.0,6562.0,4937.0,5684.0,806.0,151.0,22.0,3.0,0.0,0.0,0.0,0.0,0.0,0.0,0.0,0.0,0.0,0.0,0.0,0.0,0.0,0.0,0.0,0.0,0.0,0.0,0.0,0.0
16.0140740741,219811.0,32532.0,6.75676257224,722.0,64344.0,35.0,15.0,1805.0,5461.0,6777.0,6611.0,5030.0,5716.0,967.0,149.0,15.0,1.0,0.0,0.0,0.0,0.0,0.0,0.0,0.0,0.0,0.0,0.0,0.0,0.0,0.0,0.0,0.0,0.0,0.0,0.0,0.0,0.0
16.0182407407,222379.0,32532.0,6.83570023362,722.0,64344.0,39.0,9.0,1747.0,5461.0,6811.0,6604.0,5062.0,5712.0,936.0,167.0,30.0,2.0,0.0,0.0,0.0,0.0,0.0,0.0,0.0,0.0,0.0,0.0,0.0,0.0,0.0,0.0,0.0,0.0,0.0,0.0,0.0,0.0
16.0224074074,220399.0,32540.0,6.77317148125,722.0,64344.0,35.0,3.0,1795.0,5567.0,6758.0,6475.0,5039.0,5852.0,872.0,156.0,24.0,2.0,0.0,0.0,0.0,0.0,0.0,0.0,0.0,0.0,0.0,0.0,0.0,0.0,0.0,0.0,0.0,0.0,0.0,0.0,0.0,0.0
16.0265740741,219025.0,32548.0,6.7292921224,722.0,64347.0,35.0,11.0,1875.0,5487.0,6867.0,6553.0,4983.0,5752.0,843.0,154.0,30.0,4.0,0.0,0.0,0.0,0.0,0.0,0.0,0.0,0.0,0.0,0.0,0.0,0.0,0.0,0.0,0.0,0.0,0.0,0.0,0.0,0.0
16.0307407407,218102.0,32534.0,6.70381754472,722.0,64348.0,38.0,7.0,1869.0,5440.0,6687.0,6686.0,5064.0,5750.0,861.0,161.0,15.0,1.0,0.0,0.0,0.0,0.0,0.0,0.0,0.0,0.0,0.0,0.0,0.0,0.0,0.0,0.0,0.0,0.0,0.0,0.0,0.0,0.0
16.0349074074,220827.0,32544.0,6.78549041298,722.0,64344.0,35.0,8.0,1900.0,5427.0,6814.0,6599.0,4932.0,5729.0,945.0,177.0,21.0,0.0,0.0,0.0,0.0,0.0,0.0,0.0,0.0,0.0,0.0,0.0,0.0,0.0,0.0,0.0,0.0,0.0,0.0,0.0,0.0,0.0
16.0390740741,215197.0,32539.0,6.61350994192,720.0,64348.0,38.0,7.0,1924.0,5697.0,6884.0,6681.0,4752.0,5513.0,885.0,184.0,17.0,2.0,0.0,0.0,0.0,0.0,0.0,0.0,0.0,0.0,0.0,0.0,0.0,0.0,0.0,0.0,0.0,0.0,0.0,0.0,0.0,0.0
16.0432407407,215042.0,32533.0,6.60996526604,722.0,64344.0,35.0,15.0,1888.0,5646.0,6978.0,6648.0,4772.0,5563.0,858.0,150.0,24.0,6.0,0.0,0.0,0.0,0.0,0.0,0.0,0.0,0.0,0.0,0.0,0.0,0.0,0.0,0.0,0.0,0.0,0.0,0.0,0.0,0.0
16.0474074074,209808.0,32526.0,6.45047039292,722.0,64344.0,38.0,6.0,1956.0,5766.0,7027.0,6597.0,4786.0,5380.0,852.0,143.0,16.0,3.0,0.0,0.0,0.0,0.0,0.0,0.0,0.0,0.0,0.0,0.0,0.0,0.0,0.0,0.0,0.0,0.0,0.0,0.0,0.0,0.0
16.0515740741,216147.0,32528.0,6.64495204132,717.0,64353.0,35.0,7.0,1905.0,5639.0,6944.0,6577.0,4863.0,5571.0,833.0,156.0,36.0,4.0,0.0,0.0,0.0,0.0,0.0,0.0,0.0,0.0,0.0,0.0,0.0,0.0,0.0,0.0,0.0,0.0,0.0,0.0,0.0,0.0
16.0557407407,218284.0,32532.0,6.70982417312,717.0,64344.0,35.0,14.0,1853.0,5496.0,6826.0,6594.0,5009.0,5689.0,890.0,150.0,22.0,3.0,0.0,0.0,0.0,0.0,0.0,0.0,0.0,0.0,0.0,0.0,0.0,0.0,0.0,0.0,0.0,0.0,0.0,0.0,0.0,0.0
16.0599074074,212901.0,32531.0,6.544557499,720.0,64345.0,33.0,14.0,1892.0,5537.0,6952.0,6693.0,4856.0,5570.0,888.0,125.0,18.0,0.0,0.0,0.0,0.0,0.0,0.0,0.0,0.0,0.0,0.0,0.0,0.0,0.0,0.0,0.0,0.0,0.0,0.0,0.0,0.0,0.0
16.0640740741,214546.0,32520.0,6.59735547355,719.0,64344.0,39.0,11.0,1949.0,5646.0,6922.0,6476.0,4852.0,5610.0,898.0,153.0,12.0,2.0,0.0,0.0,0.0,0.0,0.0,0.0,0.0,0.0,0.0,0.0,0.0,0.0,0.0,0.0,0.0,0.0,0.0,0.0,0.0,0.0
16.0682407407,218167.0,32521.0,6.70849604871,716.0,64344.0,38.0,7.0,1841.0,5541.0,6771.0,6759.0,4868.0,5671.0,900.0,140.0,24.0,6.0,0.0,0.0,0.0,0.0,0.0,0.0,0.0,0.0,0.0,0.0,0.0,0.0,0.0,0.0,0.0,0.0,0.0,0.0,0.0,0.0
16.0724074074,211155.0,32523.0,6.49248224334,719.0,64345.0,39.0,3.0,1970.0,5693.0,6915.0,6794.0,4765.0,5344.0,874.0,143.0,21.0,4.0,0.0,0.0,0.0,0.0,0.0,0.0,0.0,0.0,0.0,0.0,0.0,0.0,0.0,0.0,0.0,0.0,0.0,0.0,0.0,0.0
16.0765740741,211793.0,32522.0,6.51229936658,719.0,64344.0,39.0,7.0,1951.0,5725.0,6888.0,6611.0,4843.0,5450.0,889.0,151.0,14.0,0.0,0.0,0.0,0.0,0.0,0.0,0.0,0.0,0.0,0.0,0.0,0.0,0.0,0.0,0.0,0.0,0.0,0.0,0.0,0.0,0.0
16.0807407407,213777.0,32508.0,6.5761351052,716.0,64345.0,39.0,3.0,1941.0,5661.0,6994.0,6612.0,4824.0,5448.0,820.0,179.0,25.0,4.0,0.0,0.0,0.0,0.0,0.0,0.0,0.0,0.0,0.0,0.0,0.0,0.0,0.0,0.0,0.0,0.0,0.0,0.0,0.0,0.0
16.0849074074,212249.0,32497.0,6.53134135459,716.0,64344.0,39.0,7.0,1872.0,5651.0,6909.0,6745.0,4889.0,5436.0,823.0,143.0,25.0,4.0,0.0,0.0,0.0,0.0,0.0,0.0,0.0,0.0,0.0,0.0,0.0,0.0,0.0,0.0,0.0,0.0,0.0,0.0,0.0,0.0
16.0890740741,212573.0,32547.0,6.53126248195,716.0,64348.0,31.0,15.0,1946.0,5585.0,6896.0,6791.0,4858.0,5428.0,872.0,150.0,20.0,1.0,0.0,0.0,0.0,0.0,0.0,0.0,0.0,0.0,0.0,0.0,0.0,0.0,0.0,0.0,0.0,0.0,0.0,0.0,0.0,0.0
16.0932407407,213030.0,32521.0,6.55053657637,716.0,64345.0,35.0,3.0,1896.0,5520.0,7033.0,6589.0,4910.0,5562.0,857.0,132.0,21.0,1.0,0.0,0.0,0.0,0.0,0.0,0.0,0.0,0.0,0.0,0.0,0.0,0.0,0.0,0.0,0.0,0.0,0.0,0.0,0.0,0.0
16.0974074074,217234.0,32524.0,6.67919075145,716.0,64344.0,36.0,9.0,1810.0,5556.0,6753.0,6701.0,4957.0,5704.0,882.0,135.0,24.0,2.0,0.0,0.0,0.0,0.0,0.0,0.0,0.0,0.0,0.0,0.0,0.0,0.0,0.0,0.0,0.0,0.0,0.0,0.0,0.0,0.0
16.1015740741,218596.0,32522.0,6.72148084374,717.0,64344.0,35.0,9.0,1772.0,5504.0,6798.0,6668.0,5015.0,5678.0,914.0,151.0,21.0,1.0,0.0,0.0,0.0,0.0,0.0,0.0,0.0,0.0,0.0,0.0,0.0,0.0,0.0,0.0,0.0,0.0,0.0,0.0,0.0,0.0
16.1057407407,219691.0,32529.0,6.7536967014,716.0,64345.0,36.0,6.0,1834.0,5523.0,6940.0,6428.0,5016.0,5695.0,906.0,160.0,22.0,5.0,0.0,0.0,0.0,0.0,0.0,0.0,0.0,0.0,0.0,0.0,0.0,0.0,0.0,0.0,0.0,0.0,0.0,0.0,0.0,0.0
16.1099074074,218452.0,32533.0,6.71478191375,711.0,64344.0,35.0,7.0,1830.0,5490.0,6847.0,6573.0,5072.0,5653.0,887.0,154.0,25.0,2.0,0.0,0.0,0.0,0.0,0.0,0.0,0.0,0.0,0.0,0.0,0.0,0.0,0.0,0.0,0.0,0.0,0.0,0.0,0.0,0.0
16.1140740741,215545.0,32511.0,6.62990987666,716.0,64348.0,36.0,7.0,1887.0,5577.0,6812.0,6694.0,4962.0,5517.0,868.0,174.0,19.0,1.0,0.0,0.0,0.0,0.0,0.0,0.0,0.0,0.0,0.0,0.0,0.0,0.0,0.0,0.0,0.0,0.0,0.0,0.0,0.0,0.0
16.1182407407,215828.0,32520.0,6.63677736777,716.0,64348.0,38.0,6.0,1863.0,5596.0,6878.0,6731.0,4840.0,5551.0,875.0,163.0,18.0,5.0,0.0,0.0,0.0,0.0,0.0,0.0,0.0,0.0,0.0,0.0,0.0,0.0,0.0,0.0,0.0,0.0,0.0,0.0,0.0,0.0
16.1224074074,214282.0,32509.0,6.59146697838,711.0,64345.0,38.0,9.0,1919.0,5606.0,6860.0,6715.0,4800.0,5586.0,834.0,169.0,18.0,2.0,0.0,0.0,0.0,0.0,0.0,0.0,0.0,0.0,0.0,0.0,0.0,0.0,0.0,0.0,0.0,0.0,0.0,0.0,0.0,0.0
16.1265740741,212333.0,32519.0,6.52950582736,709.0,64340.0,39.0,6.0,1993.0,5697.0,6918.0,6714.0,4731.0,5400.0,887.0,152.0,26.0,1.0,0.0,0.0,0.0,0.0,0.0,0.0,0.0,0.0,0.0,0.0,0.0,0.0,0.0,0.0,0.0,0.0,0.0,0.0,0.0,0.0
16.1307407407,213359.0,32516.0,6.56166195104,712.0,64344.0,35.0,3.0,1881.0,5671.0,6986.0,6717.0,4740.0,5480.0,855.0,157.0,28.0,1.0,0.0,0.0,0.0,0.0,0.0,0.0,0.0,0.0,0.0,0.0,0.0,0.0,0.0,0.0,0.0,0.0,0.0,0.0,0.0,0.0
16.1349074074,214176.0,32515.0,6.58699061971,714.0,64348.0,38.0,9.0,1950.0,5596.0,6912.0,6701.0,4782.0,5548.0,829.0,173.0,22.0,2.0,0.0,0.0,0.0,0.0,0.0,0.0,0.0,0.0,0.0,0.0,0.0,0.0,0.0,0.0,0.0,0.0,0.0,0.0,0.0,0.0
16.1390740741,211751.0,32508.0,6.51381198474,711.0,64348.0,38.0,14.0,2019.0,5643.0,6900.0,6713.0,4748.0,5463.0,848.0,152.0,19.0,3.0,0.0,0.0,0.0,0.0,0.0,0.0,0.0,0.0,0.0,0.0,0.0,0.0,0.0,0.0,0.0,0.0,0.0,0.0,0.0,0.0
16.1432407407,214043.0,32516.0,6.5826977488,709.0,64344.0,35.0,11.0,1998.0,5569.0,6879.0,6603.0,4866.0,5574.0,840.0,166.0,21.0,0.0,0.0,0.0,0.0,0.0,0.0,0.0,0.0,0.0,0.0,0.0,0.0,0.0,0.0,0.0,0.0,0.0,0.0,0.0,0.0,0.0
16.1474074074,213387.0,32513.0,6.56312859472,709.0,64344.0,35.0,6.0,1916.0,5645.0,6835.0,6702.0,4782.0,5597.0,879.0,139.0,17.0,1.0,0.0,0.0,0.0,0.0,0.0,0.0,0.0,0.0,0.0,0.0,0.0,0.0,0.0,0.0,0.0,0.0,0.0,0.0,0.0,0.0
16.1515740741,215931.0,32507.0,6.64260005537,711.0,64342.0,39.0,8.0,1869.0,5781.0,6895.0,6628.0,4779.0,5524.0,827.0,166.0,28.0,10.0,0.0,0.0,0.0,0.0,0.0,0.0,0.0,0.0,0.0,0.0,0.0,0.0,0.0,0.0,0.0,0.0,0.0,0.0,0.0,0.0
16.1557407407,213163.0,32501.0,6.55865973355,709.0,64345.0,36.0,7.0,1900.0,5703.0,6880.0,6665.0,4802.0,5511.0,868.0,148.0,23.0,1.0,0.0,0.0,0.0,0.0,0.0,0.0,0.0,0.0,0.0,0.0,0.0,0.0,0.0,0.0,0.0,0.0,0.0,0.0,0.0,0.0
16.1599074074,215504.0,32507.0,6.62946442305,709.0,64343.0,39.0,6.0,1837.0,5628.0,6796.0,6647.0,4900.0,5704.0,828.0,141.0,23.0,3.0,0.0,0.0,0.0,0.0,0.0,0.0,0.0,0.0,0.0,0.0,0.0,0.0,0.0,0.0,0.0,0.0,0.0,0.0,0.0,0.0
16.1640740741,219810.0,32513.0,6.76068034325,709.0,64350.0,38.0,7.0,1900.0,5426.0,6656.0,6636.0,5012.0,5818.0,892.0,148.0,24.0,1.0,0.0,0.0,0.0,0.0,0.0,0.0,0.0,0.0,0.0,0.0,0.0,0.0,0.0,0.0,0.0,0.0,0.0,0.0,0.0,0.0
16.1682407407,218478.0,32503.0,6.72177952804,709.0,64348.0,35.0,3.0,1937.0,5540.0,6723.0,6593.0,4922.0,5709.0,891.0,163.0,23.0,2.0,0.0,0.0,0.0,0.0,0.0,0.0,0.0,0.0,0.0,0.0,0.0,0.0,0.0,0.0,0.0,0.0,0.0,0.0,0.0,0.0
16.1724074074,220370.0,32495.0,6.78165871673,709.0,64345.0,33.0,7.0,1889.0,5394.0,6792.0,6644.0,4840.0,5884.0,871.0,152.0,24.0,5.0,0.0,0.0,0.0,0.0,0.0,0.0,0.0,0.0,0.0,0.0,0.0,0.0,0.0,0.0,0.0,0.0,0.0,0.0,0.0,0.0
16.1765740741,214234.0,32505.0,6.59080141517,709.0,64348.0,35.0,11.0,1935.0,5612.0,6891.0,6720.0,4647.0,5684.0,847.0,143.0,24.0,2.0,0.0,0.0,0.0,0.0,0.0,0.0,0.0,0.0,0.0,0.0,0.0,0.0,0.0,0.0,0.0,0.0,0.0,0.0,0.0,0.0
16.1807407407,216396.0,32496.0,6.65915805022,708.0,64344.0,39.0,7.0,1853.0,5630.0,6797.0,6607.0,4853.0,5751.0,831.0,152.0,16.0,6.0,0.0,0.0,0.0,0.0,0.0,0.0,0.0,0.0,0.0,0.0,0.0,0.0,0.0,0.0,0.0,0.0,0.0,0.0,0.0,0.0
16.1849074074,218328.0,32505.0,6.71675126904,708.0,64347.0,39.0,3.0,1955.0,5526.0,6669.0,6732.0,4839.0,5752.0,830.0,178.0,18.0,6.0,0.0,0.0,0.0,0.0,0.0,0.0,0.0,0.0,0.0,0.0,0.0,0.0,0.0,0.0,0.0,0.0,0.0,0.0,0.0,0.0
16.1890740741,208311.0,32506.0,6.4083861441,706.0,64345.0,36.0,6.0,1974.0,5835.0,6866.0,6824.0,4629.0,5388.0,834.0,140.0,12.0,4.0,0.0,0.0,0.0,0.0,0.0,0.0,0.0,0.0,0.0,0.0,0.0,0.0,0.0,0.0,0.0,0.0,0.0,0.0,0.0,0.0
16.1932407407,208237.0,32497.0,6.40788380466,708.0,64345.0,39.0,4.0,1956.0,5849.0,6842.0,6746.0,4715.0,5422.0,804.0,150.0,11.0,2.0,0.0,0.0,0.0,0.0,0.0,0.0,0.0,0.0,0.0,0.0,0.0,0.0,0.0,0.0,0.0,0.0,0.0,0.0,0.0,0.0
16.1974074074,212184.0,32497.0,6.52934116995,708.0,64347.0,39.0,3.0,2020.0,5696.0,6760.0,6854.0,4652.0,5521.0,808.0,163.0,17.0,6.0,0.0,0.0,0.0,0.0,0.0,0.0,0.0,0.0,0.0,0.0,0.0,0.0,0.0,0.0,0.0,0.0,0.0,0.0,0.0,0.0
16.2015740741,207575.0,32493.0,6.38829901825,704.0,64344.0,40.0,7.0,1986.0,5791.0,7062.0,6867.0,4576.0,5238.0,775.0,168.0,27.0,3.0,0.0,0.0,0.0,0.0,0.0,0.0,0.0,0.0,0.0,0.0,0.0,0.0,0.0,0.0,0.0,0.0,0.0,0.0,0.0,0.0
16.2057407407,207913.0,32495.0,6.39830743191,708.0,64348.0,33.0,8.0,1982.0,5821.0,6926.0,6792.0,4702.0,5238.0,859.0,160.0,15.0,0.0,0.0,0.0,0.0,0.0,0.0,0.0,0.0,0.0,0.0,0.0,0.0,0.0,0.0,0.0,0.0,0.0,0.0,0.0,0.0,0.0
16.2099074074,207401.0,32488.0,6.38392637281,704.0,64345.0,35.0,12.0,1995.0,5813.0,7042.0,6702.0,4547.0,5410.0,810.0,155.0,13.0,1.0,0.0,0.0,0.0,0.0,0.0,0.0,0.0,0.0,0.0,0.0,0.0,0.0,0.0,0.0,0.0,0.0,0.0,0.0,0.0,0.0
16.2140740741,209065.0,32488.0,6.43514528441,704.0,64342.0,39.0,3.0,1970.0,5851.0,6949.0,6765.0,4678.0,5272.0,809.0,166.0,25.0,3.0,0.0,0.0,0.0,0.0,0.0,0.0,0.0,0.0,0.0,0.0,0.0,0.0,0.0,0.0,0.0,0.0,0.0,0.0,0.0,0.0
16.2182407407,206362.0,32489.0,6.35174982302,706.0,64344.0,39.0,7.0,1983.0,5914.0,7072.0,6850.0,4387.0,5302.0,806.0,154.0,16.0,5.0,0.0,0.0,0.0,0.0,0.0,0.0,0.0,0.0,0.0,0.0,0.0,0.0,0.0,0.0,0.0,0.0,0.0,0.0,0.0,0.0
16.2224074074,206960.0,32492.0,6.36956789364,704.0,64348.0,35.0,11.0,2075.0,5806.0,6885.0,6806.0,4598.0,5383.0,774.0,135.0,30.0,0.0,0.0,0.0,0.0,0.0,0.0,0.0,0.0,0.0,0.0,0.0,0.0,0.0,0.0,0.0,0.0,0.0,0.0,0.0,0.0,0.0
16.2265740741,208128.0,32488.0,6.40630386604,703.0,64343.0,38.0,3.0,2064.0,5836.0,6898.0,6786.0,4555.0,5379.0,794.0,146.0,28.0,2.0,0.0,0.0,0.0,0.0,0.0,0.0,0.0,0.0,0.0,0.0,0.0,0.0,0.0,0.0,0.0,0.0,0.0,0.0,0.0,0.0
16.2307407407,211947.0,32492.0,6.52305182814,703.0,64344.0,36.0,6.0,1948.0,5603.0,6920.0,6838.0,4696.0,5496.0,813.0,151.0,23.0,4.0,0.0,0.0,0.0,0.0,0.0,0.0,0.0,0.0,0.0,0.0,0.0,0.0,0.0,0.0,0.0,0.0,0.0,0.0,0.0,0.0
16.2349074074,210735.0,32497.0,6.48475243869,704.0,64344.0,38.0,6.0,1960.0,5737.0,6687.0,6920.0,4751.0,5459.0,816.0,143.0,22.0,2.0,0.0,0.0,0.0,0.0,0.0,0.0,0.0,0.0,0.0,0.0,0.0,0.0,0.0,0.0,0.0,0.0,0.0,0.0,0.0,0.0
16.2390740741,212702.0,32486.0,6.54749738349,699.0,64343.0,44.0,4.0,1943.0,5660.0,6897.0,6786.0,4619.0,5572.0,820.0,167.0,20.0,2.0,0.0,0.0,0.0,0.0,0.0,0.0,0.0,0.0,0.0,0.0,0.0,0.0,0.0,0.0,0.0,0.0,0.0,0.0,0.0,0.0
16.2432407407,218861.0,32480.0,6.73833128079,704.0,64344.0,39.0,7.0,1891.0,5509.0,6634.0,6605.0,4960.0,5860.0,845.0,154.0,18.0,4.0,0.0,0.0,0.0,0.0,0.0,0.0,0.0,0.0,0.0,0.0,0.0,0.0,0.0,0.0,0.0,0.0,0.0,0.0,0.0,0.0
16.2474074074,214821.0,32486.0,6.61272548175,704.0,64344.0,36.0,3.0,1985.0,5669.0,6646.0,6749.0,4688.0,5708.0,869.0,157.0,13.0,2.0,0.0,0.0,0.0,0.0,0.0,0.0,0.0,0.0,0.0,0.0,0.0,0.0,0.0,0.0,0.0,0.0,0.0,0.0,0.0,0.0
16.2515740741,220805.0,32492.0,6.79567278099,703.0,64347.0,38.0,6.0,1845.0,5433.0,6580.0,6699.0,5059.0,5804.0,917.0,123.0,26.0,6.0,0.0,0.0,0.0,0.0,0.0,0.0,0.0,0.0,0.0,0.0,0.0,0.0,0.0,0.0,0.0,0.0,0.0,0.0,0.0,0.0
16.2557407407,220149.0,32473.0,6.77944754103,698.0,64344.0,39.0,0.0,1920.0,5493.0,6500.0,6618.0,5008.0,5891.0,871.0,147.0,22.0,3.0,0.0,0.0,0.0,0.0,0.0,0.0,0.0,0.0,0.0,0.0,0.0,0.0,0.0,0.0,0.0,0.0,0.0,0.0,0.0,0.0
16.2599074074,216014.0,32474.0,6.6519061403,698.0,64351.0,35.0,3.0,1934.0,5640.0,6619.0,6738.0,4841.0,5666.0,855.0,154.0,26.0,1.0,0.0,0.0,0.0,0.0,0.0,0.0,0.0,0.0,0.0,0.0,0.0,0.0,0.0,0.0,0.0,0.0,0.0,0.0,0.0,0.0
16.2640740741,212916.0,32486.0,6.55408483654,698.0,64348.0,35.0,12.0,1889.0,5752.0,6710.0,6796.0,4744.0,5552.0,879.0,150.0,12.0,2.0,0.0,0.0,0.0,0.0,0.0,0.0,0.0,0.0,0.0,0.0,0.0,0.0,0.0,0.0,0.0,0.0,0.0,0.0,0.0,0.0
16.2682407407,207144.0,32473.0,6.37896098297,699.0,64345.0,36.0,12.0,2044.0,5822.0,6807.0,6903.0,4496.0,5434.0,810.0,140.0,16.0,1.0,0.0,0.0,0.0,0.0,0.0,0.0,0.0,0.0,0.0,0.0,0.0,0.0,0.0,0.0,0.0,0.0,0.0,0.0,0.0,0.0
16.2724074074,215594.0,32483.0,6.63713326971,698.0,64347.0,35.0,7.0,1916.0,5668.0,6751.0,6606.0,4772.0,5749.0,845.0,156.0,18.0,2.0,0.0,0.0,0.0,0.0,0.0,0.0,0.0,0.0,0.0,0.0,0.0,0.0,0.0,0.0,0.0,0.0,0.0,0.0,0.0,0.0
16.2765740741,211007.0,32499.0,6.49272285301,698.0,64351.0,38.0,7.0,2043.0,5711.0,6714.0,6837.0,4707.0,5483.0,837.0,147.0,17.0,3.0,0.0,0.0,0.0,0.0,0.0,0.0,0.0,0.0,0.0,0.0,0.0,0.0,0.0,0.0,0.0,0.0,0.0,0.0,0.0,0.0
16.2807407407,215225.0,32479.0,6.62658948859,698.0,64347.0,39.0,7.0,1919.0,5671.0,6837.0,6776.0,4611.0,5611.0,858.0,171.0,21.0,4.0,0.0,0.0,0.0,0.0,0.0,0.0,0.0,0.0,0.0,0.0,0.0,0.0,0.0,0.0,0.0,0.0,0.0,0.0,0.0,0.0
16.2849074074,218123.0,32483.0,6.71498937906,698.0,64348.0,35.0,8.0,2007.0,5617.0,6703.0,6675.0,4660.0,5745.0,878.0,172.0,20.0,6.0,0.0,0.0,0.0,0.0,0.0,0.0,0.0,0.0,0.0,0.0,0.0,0.0,0.0,0.0,0.0,0.0,0.0,0.0,0.0,0.0
16.2890740741,217159.0,32484.0,6.68510651398,698.0,64344.0,38.0,7.0,1970.0,5629.0,6643.0,6733.0,4778.0,5682.0,862.0,154.0,29.0,4.0,0.0,0.0,0.0,0.0,0.0,0.0,0.0,0.0,0.0,0.0,0.0,0.0,0.0,0.0,0.0,0.0,0.0,0.0,0.0,0.0
16.2932407407,215510.0,32482.0,6.63475155471,698.0,64355.0,38.0,8.0,1936.0,5592.0,6767.0,6636.0,4816.0,5701.0,865.0,148.0,19.0,2.0,0.0,0.0,0.0,0.0,0.0,0.0,0.0,0.0,0.0,0.0,0.0,0.0,0.0,0.0,0.0,0.0,0.0,0.0,0.0,0.0
16.2974074074,214175.0,32472.0,6.5956824341,698.0,64345.0,40.0,65535.0,1922.0,5487.0,6744.0,6814.0,4865.0,5616.0,864.0,140.0,20.0,0.0,0.0,0.0,0.0,0.0,0.0,0.0,0.0,0.0,0.0,0.0,0.0,0.0,0.0,0.0,0.0,0.0,0.0,0.0,0.0,0.0
16.3015740741,216452.0,32475.0,6.66518860662,698.0,64343.0,38.0,65535.0,1954.0,5510.0,6595.0,6750.0,4942.0,5681.0,874.0,149.0,18.0,2.0,0.0,0.0,0.0,0.0,0.0,0.0,0.0,0.0,0.0,0.0,0.0,0.0,0.0,0.0,0.0,0.0,0.0,0.0,0.0,0.0
16.3057407407,217788.0,32471.0,6.70715407594,693.0,64344.0,35.0,12.0,1803.0,5608.0,6648.0,6737.0,4824.0,5834.0,838.0,152.0,27.0,0.0,0.0,0.0,0.0,0.0,0.0,0.0,0.0,0.0,0.0,0.0,0.0,0.0,0.0,0.0,0.0,0.0,0.0,0.0,0.0,0.0
16.3099074074,218939.0,32479.0,6.74094029989,696.0,64342.0,38.0,7.0,1964.0,5477.0,6591.0,6590.0,5014.0,5769.0,907.0,145.0,19.0,3.0,0.0,0.0,0.0,0.0,0.0,0.0,0.0,0.0,0.0,0.0,0.0,0.0,0.0,0.0,0.0,0.0,0.0,0.0,0.0,0.0
16.3140740741,222079.0,32473.0,6.83888153235,696.0,64345.0,35.0,8.0,1783.0,5383.0,6446.0,6607.0,5192.0,6058.0,834.0,151.0,18.0,1.0,0.0,0.0,0.0,0.0,0.0,0.0,0.0,0.0,0.0,0.0,0.0,0.0,0.0,0.0,0.0,0.0,0.0,0.0,0.0,0.0
16.3182407407,225391.0,32476.0,6.94023278729,696.0,64345.0,36.0,12.0,1936.0,5325.0,6491.0,6633.0,5029.0,5928.0,937.0,160.0,33.0,4.0,0.0,0.0,0.0,0.0,0.0,0.0,0.0,0.0,0.0,0.0,0.0,0.0,0.0,0.0,0.0,0.0,0.0,0.0,0.0,0.0
16.3224074074,229610.0,32466.0,7.07232181359,695.0,64339.0,44.0,7.0,1730.0,5108.0,6311.0,6738.0,5334.0,6101.0,959.0,156.0,27.0,2.0,0.0,0.0,0.0,0.0,0.0,0.0,0.0,0.0,0.0,0.0,0.0,0.0,0.0,0.0,0.0,0.0,0.0,0.0,0.0,0.0
16.3265740741,230521.0,32471.0,7.09928859598,698.0,64344.0,39.0,3.0,1792.0,5117.0,6304.0,6471.0,5324.0,6358.0,925.0,157.0,23.0,0.0,0.0,0.0,0.0,0.0,0.0,0.0,0.0,0.0,0.0,0.0,0.0,0.0,0.0,0.0,0.0,0.0,0.0,0.0,0.0,0.0
16.3307407407,232143.0,32459.0,7.15188391509,695.0,64344.0,39.0,8.0,1734.0,5147.0,6234.0,6510.0,5385.0,6290.0,983.0,150.0,23.0,3.0,0.0,0.0,0.0,0.0,0.0,0.0,0.0,0.0,0.0,0.0,0.0,0.0,0.0,0.0,0.0,0.0,0.0,0.0,0.0,0.0
16.3349074074,238526.0,32463.0,7.34762652866,695.0,64344.0,38.0,65535.0,1703.0,4998.0,5914.0,6465.0,5552.0,6642.0,1017.0,151.0,19.0,2.0,0.0,0.0,0.0,0.0,0.0,0.0,0.0,0.0,0.0,0.0,0.0,0.0,0.0,0.0,0.0,0.0,0.0,0.0,0.0,0.0
16.3390740741,238095.0,32467.0,7.33344626852,693.0,64344.0,39.0,7.0,1771.0,5019.0,5794.0,6204.0,5866.0,6681.0,975.0,140.0,13.0,4.0,0.0,0.0,0.0,0.0,0.0,0.0,0.0,0.0,0.0,0.0,0.0,0.0,0.0,0.0,0.0,0.0,0.0,0.0,0.0,0.0
16.3432407407,250652.0,32463.0,7.72115947386,693.0,64345.0,35.0,8.0,1666.0,4808.0,5656.0,6083.0,5967.0,6948.0,1147.0,156.0,28.0,4.0,0.0,0.0,0.0,0.0,0.0,0.0,0.0,0.0,0.0,0.0,0.0,0.0,0.0,0.0,0.0,0.0,0.0,0.0,0.0,0.0
16.3474074074,252001.0,32465.0,7.76223625443,691.0,64352.0,36.0,6.0,1690.0,4723.0,5547.0,6070.0,6116.0,6986.0,1132.0,174.0,24.0,3.0,0.0,0.0,0.0,0.0,0.0,0.0,0.0,0.0,0.0,0.0,0.0,0.0,0.0,0.0,0.0,0.0,0.0,0.0,0.0,0.0
16.3515740741,248384.0,32452.0,7.65388882041,690.0,64344.0,35.0,7.0,1646.0,4696.0,5502.0,6305.0,6095.0,6973.0,1051.0,165.0,15.0,4.0,0.0,0.0,0.0,0.0,0.0,0.0,0.0,0.0,0.0,0.0,0.0,0.0,0.0,0.0,0.0,0.0,0.0,0.0,0.0,0.0
16.3557407407,251530.0,32469.0,7.74677384582,690.0,64344.0,38.0,6.0,1600.0,4680.0,5529.0,6044.0,6336.0,7038.0,1080.0,129.0,23.0,10.0,0.0,0.0,0.0,0.0,0.0,0.0,0.0,0.0,0.0,0.0,0.0,0.0,0.0,0.0,0.0,0.0,0.0,0.0,0.0,0.0
16.3599074074,255259.0,32463.0,7.86307488525,690.0,64344.0,38.0,7.0,1634.0,4567.0,5238.0,5880.0,6649.0,7155.0,1184.0,140.0,15.0,1.0,0.0,0.0,0.0,0.0,0.0,0.0,0.0,0.0,0.0,0.0,0.0,0.0,0.0,0.0,0.0,0.0,0.0,0.0,0.0,0.0
16.3640740741,263250.0,32457.0,8.11073112118,690.0,64344.0,35.0,7.0,1683.0,4402.0,4992.0,5796.0,6886.0,7308.0,1199.0,151.0,36.0,4.0,0.0,0.0,0.0,0.0,0.0,0.0,0.0,0.0,0.0,0.0,0.0,0.0,0.0,0.0,0.0,0.0,0.0,0.0,0.0,0.0
16.3682407407,262825.0,32466.0,8.09539210251,690.0,64344.0,38.0,7.0,1624.0,4551.0,4909.0,5736.0,7067.0,7199.0,1165.0,178.0,34.0,3.0,0.0,0.0,0.0,0.0,0.0,0.0,0.0,0.0,0.0,0.0,0.0,0.0,0.0,0.0,0.0,0.0,0.0,0.0,0.0,0.0
16.3724074074,267734.0,32458.0,8.24862899747,690.0,64347.0,35.0,12.0,1623.0,4462.0,4978.0,5491.0,7073.0,7377.0,1251.0,163.0,31.0,9.0,0.0,0.0,0.0,0.0,0.0,0.0,0.0,0.0,0.0,0.0,0.0,0.0,0.0,0.0,0.0,0.0,0.0,0.0,0.0,0.0
16.3765740741,268189.0,32449.0,8.26493882708,691.0,64343.0,40.0,9.0,1579.0,4313.0,4834.0,5732.0,7086.0,7450.0,1261.0,159.0,32.0,3.0,0.0,0.0,0.0,0.0,0.0,0.0,0.0,0.0,0.0,0.0,0.0,0.0,0.0,0.0,0.0,0.0,0.0,0.0,0.0,0.0
16.3807407407,268264.0,32455.0,8.2657217686,690.0,64345.0,35.0,6.0,1555.0,4208.0,4824.0,5540.0,7381.0,7553.0,1226.0,139.0,25.0,4.0,0.0,0.0,0.0,0.0,0.0,0.0,0.0,0.0,0.0,0.0,0.0,0.0,0.0,0.0,0.0,0.0,0.0,0.0,0.0,0.0
16.3849074074,271983.0,32453.0,8.38082765846,690.0,64344.0,40.0,4.0,1532.0,4191.0,4624.0,5490.0,7613.0,7552.0,1280.0,141.0,22.0,8.0,0.0,0.0,0.0,0.0,0.0,0.0,0.0,0.0,0.0,0.0,0.0,0.0,0.0,0.0,0.0,0.0,0.0,0.0,0.0,0.0
16.3890740741,273924.0,32453.0,8.44063722922,695.0,64342.0,39.0,3.0,1581.0,4260.0,4548.0,5308.0,7705.0,7500.0,1365.0,161.0,21.0,4.0,0.0,0.0,0.0,0.0,0.0,0.0,0.0,0.0,0.0,0.0,0.0,0.0,0.0,0.0,0.0,0.0,0.0,0.0,0.0,0.0
16.3932407407,273619.0,32456.0,8.43045969929,688.0,64345.0,35.0,12.0,1564.0,4117.0,4603.0,5466.0,7692.0,7496.0,1340.0,142.0,33.0,3.0,0.0,0.0,0.0,0.0,0.0,0.0,0.0,0.0,0.0,0.0,0.0,0.0,0.0,0.0,0.0,0.0,0.0,0.0,0.0,0.0
16.3974074074,272087.0,32447.0,8.38558264246,686.0,64347.0,39.0,6.0,1690.0,4257.0,4407.0,5246.0,7928.0,7429.0,1298.0,166.0,24.0,2.0,0.0,0.0,0.0,0.0,0.0,0.0,0.0,0.0,0.0,0.0,0.0,0.0,0.0,0.0,0.0,0.0,0.0,0.0,0.0,0.0
16.4015740741,276730.0,32456.0,8.52631254622,683.0,64344.0,36.0,9.0,1538.0,4078.0,4414.0,5228.0,8046.0,7609.0,1361.0,161.0,19.0,2.0,0.0,0.0,0.0,0.0,0.0,0.0,0.0,0.0,0.0,0.0,0.0,0.0,0.0,0.0,0.0,0.0,0.0,0.0,0.0,0.0
16.4057407407,277824.0,32453.0,8.56081101901,688.0,64344.0,39.0,9.0,1621.0,4114.0,4275.0,5288.0,7961.0,7616.0,1401.0,145.0,30.0,2.0,0.0,0.0,0.0,0.0,0.0,0.0,0.0,0.0,0.0,0.0,0.0,0.0,0.0,0.0,0.0,0.0,0.0,0.0,0.0,0.0
16.4099074074,275448.0,32453.0,8.48759744862,686.0,64351.0,35.0,8.0,1636.0,4142.0,4409.0,5224.0,8013.0,7489.0,1364.0,139.0,34.0,3.0,0.0,0.0,0.0,0.0,0.0,0.0,0.0,0.0,0.0,0.0,0.0,0.0,0.0,0.0,0.0,0.0,0.0,0.0,0.0,0.0
16.4140740741,273620.0,32459.0,8.42971132814,686.0,64344.0,39.0,8.0,1583.0,4158.0,4407.0,5292.0,7975.0,7546.0,1331.0,147.0,17.0,3.0,0.0,0.0,0.0,0.0,0.0,0.0,0.0,0.0,0.0,0.0,0.0,0.0,0.0,0.0,0.0,0.0,0.0,0.0,0.0,0.0
16.4182407407,279833.0,32447.0,8.62431041391,683.0,64355.0,39.0,7.0,1644.0,4007.0,4305.0,5160.0,8110.0,7594.0,1447.0,149.0,28.0,3.0,0.0,0.0,0.0,0.0,0.0,0.0,0.0,0.0,0.0,0.0,0.0,0.0,0.0,0.0,0.0,0.0,0.0,0.0,0.0,0.0
16.4224074074,279729.0,32447.0,8.62110518692,686.0,64347.0,39.0,7.0,1565.0,3917.0,4258.0,5254.0,8289.0,7614.0,1357.0,164.0,25.0,4.0,0.0,0.0,0.0,0.0,0.0,0.0,0.0,0.0,0.0,0.0,0.0,0.0,0.0,0.0,0.0,0.0,0.0,0.0,0.0,0.0
16.4265740741,278163.0,32449.0,8.57231347653,683.0,64343.0,39.0,11.0,1630.0,4069.0,4199.0,5218.0,8323.0,7374.0,1469.0,137.0,25.0,5.0,0.0,0.0,0.0,0.0,0.0,0.0,0.0,0.0,0.0,0.0,0.0,0.0,0.0,0.0,0.0,0.0,0.0,0.0,0.0,0.0
16.4307407407,279261.0,32442.0,8.6080081376,682.0,64345.0,33.0,7.0,1637.0,4055.0,4293.0,5097.0,8193.0,7551.0,1431.0,152.0,32.0,1.0,0.0,0.0,0.0,0.0,0.0,0.0,0.0,0.0,0.0,0.0,0.0,0.0,0.0,0.0,0.0,0.0,0.0,0.0,0.0,0.0
16.4349074074,278147.0,32446.0,8.57261295691,683.0,64344.0,38.0,8.0,1593.0,4027.0,4366.0,5063.0,8174.0,7682.0,1372.0,140.0,27.0,2.0,0.0,0.0,0.0,0.0,0.0,0.0,0.0,0.0,0.0,0.0,0.0,0.0,0.0,0.0,0.0,0.0,0.0,0.0,0.0,0.0
16.4390740741,281584.0,32442.0,8.67961284754,683.0,64343.0,35.0,7.0,1621.0,3952.0,4180.0,5076.0,8419.0,7551.0,1448.0,166.0,28.0,1.0,0.0,0.0,0.0,0.0,0.0,0.0,0.0,0.0,0.0,0.0,0.0,0.0,0.0,0.0,0.0,0.0,0.0,0.0,0.0,0.0
16.4432407407,280919.0,32453.0,8.65617970604,683.0,64342.0,36.0,14.0,1602.0,3957.0,4193.0,5030.0,8537.0,7516.0,1430.0,159.0,27.0,2.0,0.0,0.0,0.0,0.0,0.0,0.0,0.0,0.0,0.0,0.0,0.0,0.0,0.0,0.0,0.0,0.0,0.0,0.0,0.0,0.0
16.4474074074,280900.0,32449.0,8.65666122223,683.0,64344.0,35.0,12.0,1664.0,3982.0,4135.0,4934.0,8652.0,7421.0,1477.0,156.0,27.0,1.0,0.0,0.0,0.0,0.0,0.0,0.0,0.0,0.0,0.0,0.0,0.0,0.0,0.0,0.0,0.0,0.0,0.0,0.0,0.0,0.0
16.4515740741,281590.0,32443.0,8.67953025306,685.0,64344.0,39.0,12.0,1578.0,4110.0,4108.0,4898.0,8487.0,7657.0,1432.0,142.0,28.0,3.0,0.0,0.0,0.0,0.0,0.0,0.0,0.0,0.0,0.0,0.0,0.0,0.0,0.0,0.0,0.0,0.0,0.0,0.0,0.0,0.0
16.4557407407,285808.0,32447.0,8.80845686812,683.0,64343.0,35.0,3.0,1579.0,4010.0,3951.0,4870.0,8634.0,7696.0,1536.0,144.0,24.0,3.0,0.0,0.0,0.0,0.0,0.0,0.0,0.0,0.0,0.0,0.0,0.0,0.0,0.0,0.0,0.0,0.0,0.0,0.0,0.0,0.0
16.4599074074,286610.0,32441.0,8.83480780494,683.0,64345.0,39.0,12.0,1666.0,3936.0,3891.0,5061.0,8625.0,7545.0,1523.0,149.0,38.0,7.0,0.0,0.0,0.0,0.0,0.0,0.0,0.0,0.0,0.0,0.0,0.0,0.0,0.0,0.0,0.0,0.0,0.0,0.0,0.0,0.0
16.4640740741,280630.0,32442.0,8.65020652241,683.0,64339.0,41.0,0.0,1740.0,4050.0,4014.0,4864.0,8709.0,7428.0,1465.0,138.0,30.0,4.0,0.0,0.0,0.0,0.0,0.0,0.0,0.0,0.0,0.0,0.0,0.0,0.0,0.0,0.0,0.0,0.0,0.0,0.0,0.0,0.0
16.4682407407,284020.0,32445.0,8.75389120049,683.0,64339.0,44.0,8.0,1751.0,4046.0,4009.0,4807.0,8635.0,7462.0,1544.0,158.0,29.0,4.0,0.0,0.0,0.0,0.0,0.0,0.0,0.0,0.0,0.0,0.0,0.0,0.0,0.0,0.0,0.0,0.0,0.0,0.0,0.0,0.0
16.4724074074,281008.0,32447.0,8.66052331494,683.0,64345.0,39.0,9.0,1623.0,4070.0,4105.0,4808.0,8757.0,7411.0,1498.0,148.0,27.0,0.0,0.0,0.0,0.0,0.0,0.0,0.0,0.0,0.0,0.0,0.0,0.0,0.0,0.0,0.0,0.0,0.0,0.0,0.0,0.0,0.0
16.4765740741,284254.0,32443.0,8.76164349783,683.0,64344.0,39.0,6.0,1687.0,4128.0,3947.0,4752.0,8803.0,7383.0,1551.0,155.0,34.0,3.0,0.0,0.0,0.0,0.0,0.0,0.0,0.0,0.0,0.0,0.0,0.0,0.0,0.0,0.0,0.0,0.0,0.0,0.0,0.0,0.0
16.4807407407,282465.0,32448.0,8.70515902367,683.0,64344.0,38.0,8.0,1774.0,3981.0,4018.0,4738.0,8777.0,7490.0,1488.0,150.0,31.0,1.0,0.0,0.0,0.0,0.0,0.0,0.0,0.0,0.0,0.0,0.0,0.0,0.0,0.0,0.0,0.0,0.0,0.0,0.0,0.0,0.0
16.4849074074,286406.0,32453.0,8.82525498413,683.0,64351.0,33.0,7.0,1717.0,3940.0,3831.0,4861.0,8918.0,7441.0,1548.0,161.0,32.0,4.0,0.0,0.0,0.0,0.0,0.0,0.0,0.0,0.0,0.0,0.0,0.0,0.0,0.0,0.0,0.0,0.0,0.0,0.0,0.0,0.0
16.4890740741,281025.0,32451.0,8.65997966164,683.0,64342.0,38.0,3.0,1683.0,3945.0,4002.0,4935.0,8841.0,7413.0,1451.0,154.0,25.0,2.0,0.0,0.0,0.0,0.0,0.0,0.0,0.0,0.0,0.0,0.0,0.0,0.0,0.0,0.0,0.0,0.0,0.0,0.0,0.0,0.0
16.4932407407,282512.0,32439.0,8.70902308949,685.0,64345.0,39.0,9.0,1799.0,4160.0,3902.0,4711.0,8823.0,7286.0,1575.0,145.0,38.0,0.0,0.0,0.0,0.0,0.0,0.0,0.0,0.0,0.0,0.0,0.0,0.0,0.0,0.0,0.0,0.0,0.0,0.0,0.0,0.0,0.0
16.4974074074,283459.0,32448.0,8.73579265286,683.0,64344.0,36.0,14.0,1683.0,4063.0,3800.0,4793.0,8960.0,7495.0,1475.0,152.0,22.0,5.0,0.0,0.0,0.0,0.0,0.0,0.0,0.0,0.0,0.0,0.0,0.0,0.0,0.0,0.0,0.0,0.0,0.0,0.0,0.0,0.0
16.5015740741,284861.0,32436.0,8.78224811937,683.0,64348.0,39.0,6.0,1641.0,4095.0,3819.0,4834.0,8870.0,7423.0,1564.0,163.0,26.0,1.0,0.0,0.0,0.0,0.0,0.0,0.0,0.0,0.0,0.0,0.0,0.0,0.0,0.0,0.0,0.0,0.0,0.0,0.0,0.0,0.0
16.5057407407,285378.0,32445.0,8.79574664817,683.0,64348.0,36.0,7.0,1770.0,4028.0,3823.0,4752.0,8831.0,7473.0,1577.0,163.0,28.0,0.0,0.0,0.0,0.0,0.0,0.0,0.0,0.0,0.0,0.0,0.0,0.0,0.0,0.0,0.0,0.0,0.0,0.0,0.0,0.0,0.0
16.5099074074,284411.0,32434.0,8.76891533576,685.0,64343.0,38.0,9.0,1667.0,4011.0,3940.0,4810.0,8800.0,7428.0,1603.0,153.0,21.0,1.0,0.0,0.0,0.0,0.0,0.0,0.0,0.0,0.0,0.0,0.0,0.0,0.0,0.0,0.0,0.0,0.0,0.0,0.0,0.0,0.0
16.5140740741,287749.0,32457.0,8.86554518286,685.0,64343.0,38.0,7.0,1676.0,4053.0,3866.0,4873.0,8609.0,7613.0,1574.0,155.0,33.0,5.0,0.0,0.0,0.0,0.0,0.0,0.0,0.0,0.0,0.0,0.0,0.0,0.0,0.0,0.0,0.0,0.0,0.0,0.0,0.0,0.0
16.5182407407,284990.0,32456.0,8.78081094405,685.0,64344.0,35.0,9.0,1599.0,4120.0,3951.0,4890.0,8674.0,7485.0,1544.0,162.0,27.0,4.0,0.0,0.0,0.0,0.0,0.0,0.0,0.0,0.0,0.0,0.0,0.0,0.0,0.0,0.0,0.0,0.0,0.0,0.0,0.0,0.0
16.5224074074,285465.0,32453.0,8.79625920562,683.0,64344.0,33.0,12.0,1651.0,3941.0,3920.0,4935.0,8787.0,7476.0,1543.0,175.0,23.0,2.0,0.0,0.0,0.0,0.0,0.0,0.0,0.0,0.0,0.0,0.0,0.0,0.0,0.0,0.0,0.0,0.0,0.0,0.0,0.0,0.0
16.5265740741,286225.0,32452.0,8.81994946382,685.0,64343.0,35.0,11.0,1687.0,4037.0,3898.0,4798.0,8736.0,7502.0,1598.0,173.0,22.0,1.0,0.0,0.0,0.0,0.0,0.0,0.0,0.0,0.0,0.0,0.0,0.0,0.0,0.0,0.0,0.0,0.0,0.0,0.0,0.0,0.0
16.5307407407,288014.0,32444.0,8.87726544199,686.0,64343.0,36.0,12.0,1744.0,4064.0,3921.0,4715.0,8812.0,7372.0,1614.0,156.0,36.0,10.0,0.0,0.0,0.0,0.0,0.0,0.0,0.0,0.0,0.0,0.0,0.0,0.0,0.0,0.0,0.0,0.0,0.0,0.0,0.0,0.0
16.5349074074,289095.0,32453.0,8.9081132715,685.0,64347.0,35.0,7.0,1716.0,4007.0,3846.0,4755.0,8835.0,7467.0,1634.0,153.0,32.0,8.0,0.0,0.0,0.0,0.0,0.0,0.0,0.0,0.0,0.0,0.0,0.0,0.0,0.0,0.0,0.0,0.0,0.0,0.0,0.0,0.0
16.5390740741,288806.0,32452.0,8.89948231234,683.0,64343.0,39.0,6.0,1685.0,4102.0,3818.0,4805.0,8771.0,7398.0,1672.0,167.0,28.0,6.0,0.0,0.0,0.0,0.0,0.0,0.0,0.0,0.0,0.0,0.0,0.0,0.0,0.0,0.0,0.0,0.0,0.0,0.0,0.0,0.0
16.5432407407,288099.0,32452.0,8.87769628991,686.0,64344.0,39.0,6.0,1681.0,4061.0,3809.0,4775.0,8891.0,7417.0,1618.0,162.0,34.0,4.0,0.0,0.0,0.0,0.0,0.0,0.0,0.0,0.0,0.0,0.0,0.0,0.0,0.0,0.0,0.0,0.0,0.0,0.0,0.0,0.0
16.5474074074,280286.0,32448.0,8.63800542406,685.0,64344.0,36.0,8.0,1745.0,4182.0,3916.0,4604.0,9030.0,7317.0,1488.0,134.0,30.0,2.0,0.0,0.0,0.0,0.0,0.0,0.0,0.0,0.0,0.0,0.0,0.0,0.0,0.0,0.0,0.0,0.0,0.0,0.0,0.0,0.0
16.5515740741,284028.0,32455.0,8.75144045602,690.0,64344.0,38.0,12.0,1751.0,4014.0,3887.0,4724.0,8942.0,7451.0,1502.0,153.0,25.0,6.0,0.0,0.0,0.0,0.0,0.0,0.0,0.0,0.0,0.0,0.0,0.0,0.0,0.0,0.0,0.0,0.0,0.0,0.0,0.0,0.0
16.5557407407,285378.0,32449.0,8.79466239329,686.0,64344.0,39.0,9.0,1735.0,4156.0,3819.0,4706.0,8953.0,7326.0,1550.0,167.0,30.0,7.0,0.0,0.0,0.0,0.0,0.0,0.0,0.0,0.0,0.0,0.0,0.0,0.0,0.0,0.0,0.0,0.0,0.0,0.0,0.0,0.0
16.5599074074,286707.0,32447.0,8.83616358985,690.0,64344.0,39.0,7.0,1639.0,4011.0,3964.0,4740.0,8830.0,7465.0,1610.0,162.0,22.0,4.0,0.0,0.0,0.0,0.0,0.0,0.0,0.0,0.0,0.0,0.0,0.0,0.0,0.0,0.0,0.0,0.0,0.0,0.0,0.0,0.0
16.5640740741,280487.0,32451.0,8.6434008197,688.0,64343.0,36.0,9.0,1699.0,4125.0,3931.0,4857.0,8960.0,7169.0,1547.0,130.0,28.0,5.0,0.0,0.0,0.0,0.0,0.0,0.0,0.0,0.0,0.0,0.0,0.0,0.0,0.0,0.0,0.0,0.0,0.0,0.0,0.0,0.0
16.5682407407,283542.0,32449.0,8.7380812968,690.0,64344.0,38.0,6.0,1752.0,4074.0,3766.0,4866.0,8971.0,7256.0,1595.0,132.0,34.0,3.0,0.0,0.0,0.0,0.0,0.0,0.0,0.0,0.0,0.0,0.0,0.0,0.0,0.0,0.0,0.0,0.0,0.0,0.0,0.0,0.0
16.5724074074,282039.0,32458.0,8.68935239386,690.0,64343.0,38.0,9.0,1797.0,4249.0,3789.0,4729.0,8840.0,7326.0,1546.0,157.0,20.0,5.0,0.0,0.0,0.0,0.0,0.0,0.0,0.0,0.0,0.0,0.0,0.0,0.0,0.0,0.0,0.0,0.0,0.0,0.0,0.0,0.0
16.5765740741,286534.0,32456.0,8.82838304166,690.0,64339.0,41.0,3.0,1767.0,4108.0,3901.0,4708.0,8910.0,7208.0,1656.0,157.0,34.0,7.0,0.0,0.0,0.0,0.0,0.0,0.0,0.0,0.0,0.0,0.0,0.0,0.0,0.0,0.0,0.0,0.0,0.0,0.0,0.0,0.0
16.5807407407,287992.0,32455.0,8.87357880142,690.0,64344.0,39.0,8.0,1737.0,4102.0,3717.0,4770.0,8878.0,7397.0,1661.0,160.0,30.0,3.0,0.0,0.0,0.0,0.0,0.0,0.0,0.0,0.0,0.0,0.0,0.0,0.0,0.0,0.0,0.0,0.0,0.0,0.0,0.0,0.0
16.5849074074,287282.0,32460.0,8.85033887862,693.0,64344.0,38.0,7.0,1659.0,4092.0,3875.0,4754.0,8887.0,7343.0,1650.0,165.0,35.0,0.0,0.0,0.0,0.0,0.0,0.0,0.0,0.0,0.0,0.0,0.0,0.0,0.0,0.0,0.0,0.0,0.0,0.0,0.0,0.0,0.0
16.5890740741,291200.0,32457.0,8.97187047478,691.0,64355.0,35.0,7.0,1754.0,3946.0,3873.0,4697.0,8814.0,7510.0,1665.0,152.0,37.0,9.0,0.0,0.0,0.0,0.0,0.0,0.0,0.0,0.0,0.0,0.0,0.0,0.0,0.0,0.0,0.0,0.0,0.0,0.0,0.0,0.0
16.5932407407,286027.0,32457.0,8.81249037188,691.0,64344.0,39.0,8.0,1685.0,4033.0,3829.0,4770.0,8869.0,7449.0,1647.0,160.0,13.0,2.0,0.0,0.0,0.0,0.0,0.0,0.0,0.0,0.0,0.0,0.0,0.0,0.0,0.0,0.0,0.0,0.0,0.0,0.0,0.0,0.0
16.5974074074,289142.0,32470.0,8.90489682784,695.0,64343.0,39.0,3.0,1688.0,3964.0,3843.0,4829.0,8940.0,7418.0,1584.0,154.0,42.0,8.0,0.0,0.0,0.0,0.0,0.0,0.0,0.0,0.0,0.0,0.0,0.0,0.0,0.0,0.0,0.0,0.0,0.0,0.0,0.0,0.0
16.6015740741,286817.0,32463.0,8.8351969935,690.0,64340.0,39.0,7.0,1736.0,4015.0,3807.0,4783.0,8943.0,7442.0,1541.0,144.0,50.0,2.0,0.0,0.0,0.0,0.0,0.0,0.0,0.0,0.0,0.0,0.0,0.0,0.0,0.0,0.0,0.0,0.0,0.0,0.0,0.0,0.0
16.6057407407,284860.0,32466.0,8.77410213762,695.0,64342.0,35.0,12.0,1718.0,4190.0,3809.0,4677.0,8901.0,7482.0,1500.0,151.0,31.0,7.0,0.0,0.0,0.0,0.0,0.0,0.0,0.0,0.0,0.0,0.0,0.0,0.0,0.0,0.0,0.0,0.0,0.0,0.0,0.0,0.0
16.6099074074,283854.0,32475.0,8.74069284065,691.0,64343.0,35.0,11.0,1707.0,4114.0,4016.0,4717.0,8835.0,7339.0,1559.0,156.0,26.0,6.0,0.0,0.0,0.0,0.0,0.0,0.0,0.0,0.0,0.0,0.0,0.0,0.0,0.0,0.0,0.0,0.0,0.0,0.0,0.0,0.0
16.6140740741,287019.0,32469.0,8.83978564169,696.0,64347.0,35.0,3.0,1730.0,4081.0,3933.0,4604.0,8874.0,7488.0,1544.0,183.0,27.0,5.0,0.0,0.0,0.0,0.0,0.0,0.0,0.0,0.0,0.0,0.0,0.0,0.0,0.0,0.0,0.0,0.0,0.0,0.0,0.0,0.0
16.6182407407,285994.0,32464.0,8.80957368162,698.0,64343.0,38.0,8.0,1659.0,4072.0,4025.0,4808.0,8648.0,7491.0,1566.0,162.0,26.0,7.0,0.0,0.0,0.0,0.0,0.0,0.0,0.0,0.0,0.0,0.0,0.0,0.0,0.0,0.0,0.0,0.0,0.0,0.0,0.0,0.0
16.6224074074,289062.0,32473.0,8.90161056878,698.0,64344.0,38.0,16.0,1629.0,4022.0,3970.0,4719.0,8768.0,7507.0,1684.0,142.0,25.0,7.0,0.0,0.0,0.0,0.0,0.0,0.0,0.0,0.0,0.0,0.0,0.0,0.0,0.0,0.0,0.0,0.0,0.0,0.0,0.0,0.0
16.6265740741,284790.0,32476.0,8.76924498091,698.0,64344.0,38.0,7.0,1672.0,3966.0,4010.0,4787.0,8687.0,7640.0,1537.0,155.0,22.0,0.0,0.0,0.0,0.0,0.0,0.0,0.0,0.0,0.0,0.0,0.0,0.0,0.0,0.0,0.0,0.0,0.0,0.0,0.0,0.0,0.0
16.6307407407,284161.0,32477.0,8.74960741448,698.0,64343.0,39.0,9.0,1624.0,3941.0,4086.0,4856.0,8818.0,7460.0,1516.0,140.0,31.0,5.0,0.0,0.0,0.0,0.0,0.0,0.0,0.0,0.0,0.0,0.0,0.0,0.0,0.0,0.0,0.0,0.0,0.0,0.0,0.0,0.0
16.6349074074,284845.0,32473.0,8.7717488375,698.0,64344.0,39.0,8.0,1653.0,3989.0,4008.0,4844.0,8767.0,7470.0,1552.0,161.0,28.0,1.0,0.0,0.0,0.0,0.0,0.0,0.0,0.0,0.0,0.0,0.0,0.0,0.0,0.0,0.0,0.0,0.0,0.0,0.0,0.0,0.0
16.6390740741,287342.0,32477.0,8.84755365335,698.0,64337.0,44.0,8.0,1618.0,3990.0,3996.0,4744.0,8794.0,7561.0,1585.0,162.0,23.0,4.0,0.0,0.0,0.0,0.0,0.0,0.0,0.0,0.0,0.0,0.0,0.0,0.0,0.0,0.0,0.0,0.0,0.0,0.0,0.0,0.0
16.6432407407,283157.0,32486.0,8.7162777812,698.0,64343.0,38.0,7.0,1715.0,3941.0,4018.0,4931.0,8704.0,7446.0,1553.0,157.0,19.0,2.0,0.0,0.0,0.0,0.0,0.0,0.0,0.0,0.0,0.0,0.0,0.0,0.0,0.0,0.0,0.0,0.0,0.0,0.0,0.0,0.0
16.6474074074,283046.0,32480.0,8.71447044335,699.0,64344.0,38.0,12.0,1700.0,4078.0,4058.0,4963.0,8399.0,7594.0,1499.0,160.0,26.0,3.0,0.0,0.0,0.0,0.0,0.0,0.0,0.0,0.0,0.0,0.0,0.0,0.0,0.0,0.0,0.0,0.0,0.0,0.0,0.0,0.0
16.6515740741,286639.0,32487.0,8.82319081479,704.0,64344.0,44.0,7.0,1621.0,3869.0,4053.0,5032.0,8621.0,7620.0,1467.0,163.0,33.0,8.0,0.0,0.0,0.0,0.0,0.0,0.0,0.0,0.0,0.0,0.0,0.0,0.0,0.0,0.0,0.0,0.0,0.0,0.0,0.0,0.0
16.6557407407,283624.0,32486.0,8.73065320446,704.0,64344.0,38.0,14.0,1595.0,4032.0,4130.0,4923.0,8443.0,7684.0,1507.0,142.0,30.0,0.0,0.0,0.0,0.0,0.0,0.0,0.0,0.0,0.0,0.0,0.0,0.0,0.0,0.0,0.0,0.0,0.0,0.0,0.0,0.0,0.0
16.6599074074,285133.0,32488.0,8.77656365427,704.0,64344.0,38.0,7.0,1572.0,3993.0,4150.0,5026.0,8356.0,7736.0,1465.0,152.0,33.0,5.0,0.0,0.0,0.0,0.0,0.0,0.0,0.0,0.0,0.0,0.0,0.0,0.0,0.0,0.0,0.0,0.0,0.0,0.0,0.0,0.0
16.6640740741,281872.0,32500.0,8.67298461538,704.0,64344.0,39.0,7.0,1543.0,4184.0,4188.0,5056.0,8372.0,7518.0,1446.0,153.0,35.0,5.0,0.0,0.0,0.0,0.0,0.0,0.0,0.0,0.0,0.0,0.0,0.0,0.0,0.0,0.0,0.0,0.0,0.0,0.0,0.0,0.0
16.6682407407,281769.0,32495.0,8.6711494076,708.0,64344.0,38.0,7.0,1538.0,4011.0,4265.0,5133.0,8263.0,7640.0,1468.0,151.0,23.0,3.0,0.0,0.0,0.0,0.0,0.0,0.0,0.0,0.0,0.0,0.0,0.0,0.0,0.0,0.0,0.0,0.0,0.0,0.0,0.0,0.0
16.6724074074,285710.0,32494.0,8.7927001908,708.0,64344.0,36.0,6.0,1501.0,3990.0,4378.0,5127.0,8061.0,7760.0,1464.0,173.0,34.0,6.0,0.0,0.0,0.0,0.0,0.0,0.0,0.0,0.0,0.0,0.0,0.0,0.0,0.0,0.0,0.0,0.0,0.0,0.0,0.0,0.0
16.6765740741,285175.0,32503.0,8.77380549488,704.0,64344.0,35.0,8.0,1470.0,3927.0,4346.0,5139.0,8280.0,7642.0,1498.0,161.0,39.0,1.0,0.0,0.0,0.0,0.0,0.0,0.0,0.0,0.0,0.0,0.0,0.0,0.0,0.0,0.0,0.0,0.0,0.0,0.0,0.0,0.0
16.6807407407,282978.0,32502.0,8.70647960126,709.0,64345.0,39.0,12.0,1572.0,4016.0,4239.0,5073.0,8256.0,7679.0,1497.0,141.0,24.0,5.0,0.0,0.0,0.0,0.0,0.0,0.0,0.0,0.0,0.0,0.0,0.0,0.0,0.0,0.0,0.0,0.0,0.0,0.0,0.0,0.0
16.6849074074,284051.0,32504.0,8.73895520551,709.0,64343.0,35.0,11.0,1554.0,4025.0,4185.0,4996.0,8379.0,7732.0,1444.0,150.0,38.0,1.0,0.0,0.0,0.0,0.0,0.0,0.0,0.0,0.0,0.0,0.0,0.0,0.0,0.0,0.0,0.0,0.0,0.0,0.0,0.0,0.0
16.6890740741,279863.0,32500.0,8.61116923077,709.0,64339.0,39.0,8.0,1565.0,4035.0,4336.0,5059.0,8307.0,7625.0,1397.0,147.0,24.0,5.0,0.0,0.0,0.0,0.0,0.0,0.0,0.0,0.0,0.0,0.0,0.0,0.0,0.0,0.0,0.0,0.0,0.0,0.0,0.0,0.0
16.6932407407,279867.0,32502.0,8.61076241462,709.0,64344.0,35.0,7.0,1528.0,4073.0,4429.0,5134.0,8140.0,7560.0,1461.0,148.0,26.0,3.0,0.0,0.0,0.0,0.0,0.0,0.0,0.0,0.0,0.0,0.0,0.0,0.0,0.0,0.0,0.0,0.0,0.0,0.0,0.0,0.0
16.6974074074,278714.0,32504.0,8.57476002953,716.0,64348.0,39.0,6.0,1559.0,4056.0,4465.0,5294.0,7939.0,7601.0,1413.0,142.0,30.0,5.0,0.0,0.0,0.0,0.0,0.0,0.0,0.0,0.0,0.0,0.0,0.0,0.0,0.0,0.0,0.0,0.0,0.0,0.0,0.0,0.0
16.7015740741,277944.0,32510.0,8.54949246386,711.0,64348.0,32.0,10.0,1549.0,4172.0,4548.0,5329.0,7666.0,7675.0,1391.0,142.0,32.0,6.0,0.0,0.0,0.0,0.0,0.0,0.0,0.0,0.0,0.0,0.0,0.0,0.0,0.0,0.0,0.0,0.0,0.0,0.0,0.0,0.0
16.7057407407,281748.0,32504.0,8.6681023874,709.0,64344.0,43.0,7.0,1589.0,4068.0,4476.0,5260.0,7665.0,7804.0,1436.0,177.0,25.0,4.0,0.0,0.0,0.0,0.0,0.0,0.0,0.0,0.0,0.0,0.0,0.0,0.0,0.0,0.0,0.0,0.0,0.0,0.0,0.0,0.0
16.7099074074,280295.0,32516.0,8.62021773896,712.0,64344.0,38.0,3.0,1530.0,4069.0,4499.0,5511.0,7604.0,7630.0,1484.0,157.0,27.0,5.0,0.0,0.0,0.0,0.0,0.0,0.0,0.0,0.0,0.0,0.0,0.0,0.0,0.0,0.0,0.0,0.0,0.0,0.0,0.0,0.0
16.7140740741,279829.0,32510.0,8.60747462319,716.0,64348.0,36.0,7.0,1508.0,4101.0,4586.0,5295.0,7648.0,7732.0,1444.0,171.0,24.0,1.0,0.0,0.0,0.0,0.0,0.0,0.0,0.0,0.0,0.0,0.0,0.0,0.0,0.0,0.0,0.0,0.0,0.0,0.0,0.0,0.0
16.7182407407,277575.0,32523.0,8.53472926852,716.0,64348.0,36.0,3.0,1548.0,3967.0,4796.0,5438.0,7483.0,7702.0,1397.0,164.0,25.0,3.0,0.0,0.0,0.0,0.0,0.0,0.0,0.0,0.0,0.0,0.0,0.0,0.0,0.0,0.0,0.0,0.0,0.0,0.0,0.0,0.0
16.7224074074,268335.0,32524.0,8.25036895831,716.0,64342.0,39.0,4.0,1591.0,4261.0,4885.0,5588.0,7266.0,7482.0,1269.0,159.0,20.0,3.0,0.0,0.0,0.0,0.0,0.0,0.0,0.0,0.0,0.0,0.0,0.0,0.0,0.0,0.0,0.0,0.0,0.0,0.0,0.0,0.0
16.7265740741,272603.0,32501.0,8.38752653764,716.0,64344.0,35.0,8.0,1545.0,4317.0,4811.0,5594.0,7162.0,7595.0,1272.0,168.0,27.0,10.0,0.0,0.0,0.0,0.0,0.0,0.0,0.0,0.0,0.0,0.0,0.0,0.0,0.0,0.0,0.0,0.0,0.0,0.0,0.0,0.0
16.7307407407,269938.0,32519.0,8.30093176297,716.0,64348.0,39.0,7.0,1506.0,4260.0,4895.0,5560.0,7260.0,7525.0,1358.0,131.0,22.0,2.0,0.0,0.0,0.0,0.0,0.0,0.0,0.0,0.0,0.0,0.0,0.0,0.0,0.0,0.0,0.0,0.0,0.0,0.0,0.0,0.0
16.7349074074,263762.0,32515.0,8.11200984161,717.0,64344.0,38.0,6.0,1596.0,4356.0,4987.0,5802.0,6986.0,7360.0,1259.0,152.0,14.0,3.0,0.0,0.0,0.0,0.0,0.0,0.0,0.0,0.0,0.0,0.0,0.0,0.0,0.0,0.0,0.0,0.0,0.0,0.0,0.0,0.0
16.7390740741,267182.0,32515.0,8.2171920652,717.0,64345.0,36.0,9.0,1572.0,4330.0,5076.0,5661.0,6799.0,7595.0,1320.0,140.0,21.0,1.0,0.0,0.0,0.0,0.0,0.0,0.0,0.0,0.0,0.0,0.0,0.0,0.0,0.0,0.0,0.0,0.0,0.0,0.0,0.0,0.0
16.7432407407,262918.0,32523.0,8.08406358577,720.0,64347.0,39.0,8.0,1597.0,4452.0,5149.0,5876.0,6659.0,7356.0,1260.0,149.0,20.0,5.0,0.0,0.0,0.0,0.0,0.0,0.0,0.0,0.0,0.0,0.0,0.0,0.0,0.0,0.0,0.0,0.0,0.0,0.0,0.0,0.0
16.7474074074,262456.0,32520.0,8.07060270603,720.0,64347.0,39.0,7.0,1523.0,4476.0,5202.0,5976.0,6599.0,7330.0,1223.0,164.0,23.0,4.0,0.0,0.0,0.0,0.0,0.0,0.0,0.0,0.0,0.0,0.0,0.0,0.0,0.0,0.0,0.0,0.0,0.0,0.0,0.0,0.0
16.7515740741,218281.0,27108.0,8.05227239191,717.0,64345.0,36.0,6.0,1372.0,3787.0,4353.0,4971.0,5378.0,6058.0,1022.0,135.0,28.0,4.0,0.0,0.0,0.0,0.0,0.0,0.0,0.0,0.0,0.0,0.0,0.0,0.0,0.0,0.0,0.0,0.0,0.0,0.0,0.0,0.0
16.7634259259,251892.0,32538.0,7.74147151023,722.0,64344.0,35.0,11.0,1510.0,4514.0,5561.0,6388.0,6170.0,7092.0,1156.0,128.0,17.0,2.0,0.0,0.0,0.0,0.0,0.0,0.0,0.0,0.0,0.0,0.0,0.0,0.0,0.0,0.0,0.0,0.0,0.0,0.0,0.0,0.0
16.7675925926,250801.0,32529.0,7.71007408774,722.0,64344.0,39.0,7.0,1532.0,4755.0,5713.0,6235.0,5948.0,7019.0,1154.0,147.0,25.0,1.0,0.0,0.0,0.0,0.0,0.0,0.0,0.0,0.0,0.0,0.0,0.0,0.0,0.0,0.0,0.0,0.0,0.0,0.0,0.0,0.0
16.7717592593,249055.0,32536.0,7.6547516597,722.0,64344.0,39.0,3.0,1661.0,4759.0,5654.0,6323.0,5830.0,7028.0,1097.0,161.0,21.0,2.0,0.0,0.0,0.0,0.0,0.0,0.0,0.0,0.0,0.0,0.0,0.0,0.0,0.0,0.0,0.0,0.0,0.0,0.0,0.0,0.0
16.7759259259,241841.0,32542.0,7.43165755024,722.0,64345.0,35.0,8.0,1693.0,4799.0,5935.0,6373.0,5712.0,6820.0,1062.0,132.0,13.0,3.0,0.0,0.0,0.0,0.0,0.0,0.0,0.0,0.0,0.0,0.0,0.0,0.0,0.0,0.0,0.0,0.0,0.0,0.0,0.0,0.0
16.7800925926,241030.0,32531.0,7.40924041683,724.0,64348.0,35.0,8.0,1685.0,4914.0,5860.0,6501.0,5689.0,6663.0,1056.0,135.0,26.0,2.0,0.0,0.0,0.0,0.0,0.0,0.0,0.0,0.0,0.0,0.0,0.0,0.0,0.0,0.0,0.0,0.0,0.0,0.0,0.0,0.0
16.7842592593,240986.0,32526.0,7.40902662485,725.0,64350.0,39.0,7.0,1696.0,4946.0,6068.0,6346.0,5527.0,6706.0,1053.0,166.0,15.0,3.0,0.0,0.0,0.0,0.0,0.0,0.0,0.0,0.0,0.0,0.0,0.0,0.0,0.0,0.0,0.0,0.0,0.0,0.0,0.0,0.0
16.7884259259,238852.0,32541.0,7.34003257429,722.0,64345.0,39.0,3.0,1754.0,4942.0,6219.0,6500.0,5368.0,6531.0,1031.0,169.0,21.0,6.0,0.0,0.0,0.0,0.0,0.0,0.0,0.0,0.0,0.0,0.0,0.0,0.0,0.0,0.0,0.0,0.0,0.0,0.0,0.0,0.0
16.7925925926,242793.0,32554.0,7.45816182343,729.0,64344.0,39.0,6.0,1658.0,4875.0,6035.0,6466.0,5678.0,6558.0,1097.0,155.0,28.0,4.0,0.0,0.0,0.0,0.0,0.0,0.0,0.0,0.0,0.0,0.0,0.0,0.0,0.0,0.0,0.0,0.0,0.0,0.0,0.0,0.0
16.7967592593,231481.0,32544.0,7.11286258604,725.0,64347.0,39.0,7.0,1698.0,5073.0,6420.0,6554.0,5365.0,6323.0,948.0,136.0,21.0,6.0,0.0,0.0,0.0,0.0,0.0,0.0,0.0,0.0,0.0,0.0,0.0,0.0,0.0,0.0,0.0,0.0,0.0,0.0,0.0,0.0
16.8009259259,236777.0,32546.0,7.27514901985,727.0,64344.0,39.0,7.0,1710.0,5245.0,6252.0,6469.0,5236.0,6418.0,1004.0,175.0,33.0,4.0,0.0,0.0,0.0,0.0,0.0,0.0,0.0,0.0,0.0,0.0,0.0,0.0,0.0,0.0,0.0,0.0,0.0,0.0,0.0,0.0
16.8050925926,226655.0,32546.0,6.96414305905,729.0,64345.0,33.0,8.0,1827.0,5195.0,6482.0,6832.0,5098.0,5984.0,939.0,160.0,24.0,5.0,0.0,0.0,0.0,0.0,0.0,0.0,0.0,0.0,0.0,0.0,0.0,0.0,0.0,0.0,0.0,0.0,0.0,0.0,0.0,0.0
16.8092592593,229086.0,32540.0,7.04013521819,730.0,64344.0,39.0,7.0,1796.0,5360.0,6413.0,6559.0,5175.0,6130.0,914.0,153.0,32.0,8.0,0.0,0.0,0.0,0.0,0.0,0.0,0.0,0.0,0.0,0.0,0.0,0.0,0.0,0.0,0.0,0.0,0.0,0.0,0.0,0.0
16.8134259259,222595.0,32541.0,6.84044743554,730.0,64345.0,38.0,7.0,1827.0,5313.0,6583.0,6759.0,5097.0,5857.0,939.0,140.0,24.0,2.0,0.0,0.0,0.0,0.0,0.0,0.0,0.0,0.0,0.0,0.0,0.0,0.0,0.0,0.0,0.0,0.0,0.0,0.0,0.0,0.0
16.8175925926,224614.0,32552.0,6.90015974441,730.0,64342.0,39.0,8.0,1888.0,5290.0,6562.0,6590.0,5072.0,6088.0,896.0,138.0,22.0,6.0,0.0,0.0,0.0,0.0,0.0,0.0,0.0,0.0,0.0,0.0,0.0,0.0,0.0,0.0,0.0,0.0,0.0,0.0,0.0,0.0
16.8217592593,223309.0,32547.0,6.86112391311,730.0,64345.0,35.0,3.0,1829.0,5343.0,6629.0,6735.0,4931.0,6035.0,863.0,151.0,27.0,4.0,0.0,0.0,0.0,0.0,0.0,0.0,0.0,0.0,0.0,0.0,0.0,0.0,0.0,0.0,0.0,0.0,0.0,0.0,0.0,0.0
16.8259259259,226963.0,32554.0,6.97189285495,735.0,64348.0,39.0,4.0,1812.0,5393.0,6611.0,6593.0,4977.0,5983.0,983.0,176.0,23.0,3.0,0.0,0.0,0.0,0.0,0.0,0.0,0.0,0.0,0.0,0.0,0.0,0.0,0.0,0.0,0.0,0.0,0.0,0.0,0.0,0.0
16.8300925926,220452.0,32550.0,6.77271889401,730.0,64348.0,36.0,11.0,1865.0,5494.0,6729.0,6747.0,4854.0,5754.0,915.0,166.0,23.0,3.0,0.0,0.0,0.0,0.0,0.0,0.0,0.0,0.0,0.0,0.0,0.0,0.0,0.0,0.0,0.0,0.0,0.0,0.0,0.0,0.0
16.8342592593,216233.0,32550.0,6.64310291859,732.0,64344.0,39.0,6.0,1918.0,5543.0,6797.0,6770.0,4824.0,5682.0,830.0,166.0,14.0,6.0,0.0,0.0,0.0,0.0,0.0,0.0,0.0,0.0,0.0,0.0,0.0,0.0,0.0,0.0,0.0,0.0,0.0,0.0,0.0,0.0
16.8384259259,215346.0,32551.0,6.61564928881,735.0,64348.0,36.0,9.0,1941.0,5664.0,6745.0,6732.0,4814.0,5612.0,866.0,151.0,24.0,2.0,0.0,0.0,0.0,0.0,0.0,0.0,0.0,0.0,0.0,0.0,0.0,0.0,0.0,0.0,0.0,0.0,0.0,0.0,0.0,0.0
16.8425925926,223459.0,32558.0,6.86341298606,730.0,64348.0,36.0,6.0,1827.0,5247.0,6774.0,6870.0,4878.0,5849.0,917.0,164.0,27.0,5.0,0.0,0.0,0.0,0.0,0.0,0.0,0.0,0.0,0.0,0.0,0.0,0.0,0.0,0.0,0.0,0.0,0.0,0.0,0.0,0.0
16.8467592593,225166.0,32558.0,6.91584249647,733.0,64345.0,33.0,12.0,1828.0,5296.0,6599.0,6750.0,5051.0,5928.0,908.0,168.0,24.0,6.0,0.0,0.0,0.0,0.0,0.0,0.0,0.0,0.0,0.0,0.0,0.0,0.0,0.0,0.0,0.0,0.0,0.0,0.0,0.0,0.0
16.8509259259,219584.0,32553.0,6.74543052868,730.0,64346.0,38.0,11.0,1889.0,5502.0,6695.0,6685.0,4908.0,5806.0,896.0,143.0,27.0,2.0,0.0,0.0,0.0,0.0,0.0,0.0,0.0,0.0,0.0,0.0,0.0,0.0,0.0,0.0,0.0,0.0,0.0,0.0,0.0,0.0
16.8550925926,220447.0,32563.0,6.76986149925,733.0,64344.0,39.0,7.0,1822.0,5447.0,6692.0,6982.0,4731.0,5834.0,872.0,150.0,27.0,6.0,0.0,0.0,0.0,0.0,0.0,0.0,0.0,0.0,0.0,0.0,0.0,0.0,0.0,0.0,0.0,0.0,0.0,0.0,0.0,0.0
16.8592592593,220735.0,32554.0,6.78057995945,733.0,64347.0,35.0,8.0,1797.0,5379.0,6632.0,6839.0,5012.0,5849.0,859.0,164.0,22.0,1.0,0.0,0.0,0.0,0.0,0.0,0.0,0.0,0.0,0.0,0.0,0.0,0.0,0.0,0.0,0.0,0.0,0.0,0.0,0.0,0.0
16.8634259259,221624.0,32558.0,6.80705203022,735.0,64348.0,31.0,7.0,1792.0,5454.0,6729.0,6880.0,4785.0,5811.0,915.0,161.0,28.0,3.0,0.0,0.0,0.0,0.0,0.0,0.0,0.0,0.0,0.0,0.0,0.0,0.0,0.0,0.0,0.0,0.0,0.0,0.0,0.0,0.0
16.8675925926,223158.0,32566.0,6.85248418596,733.0,64350.0,35.0,7.0,1765.0,5392.0,6811.0,6734.0,4879.0,5894.0,895.0,160.0,33.0,3.0,0.0,0.0,0.0,0.0,0.0,0.0,0.0,0.0,0.0,0.0,0.0,0.0,0.0,0.0,0.0,0.0,0.0,0.0,0.0,0.0
16.8717592593,221781.0,32568.0,6.8097826087,735.0,64351.0,35.0,3.0,1841.0,5489.0,6668.0,6753.0,4867.0,5797.0,963.0,172.0,17.0,1.0,0.0,0.0,0.0,0.0,0.0,0.0,0.0,0.0,0.0,0.0,0.0,0.0,0.0,0.0,0.0,0.0,0.0,0.0,0.0,0.0
16.8759259259,225460.0,32573.0,6.92168360298,735.0,64345.0,35.0,9.0,1739.0,5310.0,6657.0,6763.0,5003.0,6003.0,904.0,167.0,22.0,5.0,0.0,0.0,0.0,0.0,0.0,0.0,0.0,0.0,0.0,0.0,0.0,0.0,0.0,0.0,0.0,0.0,0.0,0.0,0.0,0.0
16.8800925926,224375.0,32565.0,6.8900660218,730.0,64344.0,40.0,65535.0,1819.0,5345.0,6629.0,6705.0,5063.0,5861.0,962.0,151.0,27.0,3.0,0.0,0.0,0.0,0.0,0.0,0.0,0.0,0.0,0.0,0.0,0.0,0.0,0.0,0.0,0.0,0.0,0.0,0.0,0.0,0.0
16.8842592593,227112.0,32570.0,6.97304267731,737.0,64344.0,36.0,7.0,1776.0,5292.0,6602.0,6594.0,5180.0,5954.0,997.0,141.0,32.0,2.0,0.0,0.0,0.0,0.0,0.0,0.0,0.0,0.0,0.0,0.0,0.0,0.0,0.0,0.0,0.0,0.0,0.0,0.0,0.0,0.0
16.8884259259,222153.0,32564.0,6.82204274659,732.0,64347.0,36.0,65535.0,1861.0,5551.0,6731.0,6671.0,4833.0,5842.0,885.0,146.0,36.0,8.0,0.0,0.0,0.0,0.0,0.0,0.0,0.0,0.0,0.0,0.0,0.0,0.0,0.0,0.0,0.0,0.0,0.0,0.0,0.0,0.0
16.8925925926,222382.0,32556.0,6.83075316378,735.0,64344.0,39.0,4.0,1870.0,5434.0,6654.0,6708.0,5011.0,5801.0,882.0,159.0,31.0,6.0,0.0,0.0,0.0,0.0,0.0,0.0,0.0,0.0,0.0,0.0,0.0,0.0,0.0,0.0,0.0,0.0,0.0,0.0,0.0,0.0
16.8967592593,217885.0,32565.0,6.69077230155,733.0,64344.0,39.0,8.0,1812.0,5503.0,6717.0,6781.0,4946.0,5756.0,901.0,127.0,19.0,3.0,0.0,0.0,0.0,0.0,0.0,0.0,0.0,0.0,0.0,0.0,0.0,0.0,0.0,0.0,0.0,0.0,0.0,0.0,0.0,0.0
16.9009259259,219987.0,32559.0,6.75656500507,735.0,64353.0,35.0,0.0,1750.0,5351.0,6766.0,6776.0,4922.0,5934.0,922.0,121.0,15.0,2.0,0.0,0.0,0.0,0.0,0.0,0.0,0.0,0.0,0.0,0.0,0.0,0.0,0.0,0.0,0.0,0.0,0.0,0.0,0.0,0.0
16.9050925926,222043.0,32567.0,6.81803666288,735.0,64350.0,39.0,3.0,1770.0,5227.0,6506.0,6849.0,5119.0,6030.0,942.0,112.0,11.0,1.0,0.0,0.0,0.0,0.0,0.0,0.0,0.0,0.0,0.0,0.0,0.0,0.0,0.0,0.0,0.0,0.0,0.0,0.0,0.0,0.0
16.9092592593,220717.0,32567.0,6.77732060061,737.0,64344.0,31.0,19.0,1769.0,5401.0,6668.0,6847.0,4922.0,5923.0,880.0,134.0,17.0,6.0,0.0,0.0,0.0,0.0,0.0,0.0,0.0,0.0,0.0,0.0,0.0,0.0,0.0,0.0,0.0,0.0,0.0,0.0,0.0,0.0
16.9134259259,223691.0,32567.0,6.86864003439,735.0,64344.0,39.0,4.0,1759.0,5261.0,6589.0,6837.0,5002.0,6060.0,903.0,130.0,23.0,3.0,0.0,0.0,0.0,0.0,0.0,0.0,0.0,0.0,0.0,0.0,0.0,0.0,0.0,0.0,0.0,0.0,0.0,0.0,0.0,0.0
16.9175925926,226789.0,32561.0,6.96505021345,737.0,64348.0,36.0,8.0,1781.0,5255.0,6583.0,6632.0,5092.0,6135.0,898.0,154.0,28.0,3.0,0.0,0.0,0.0,0.0,0.0,0.0,0.0,0.0,0.0,0.0,0.0,0.0,0.0,0.0,0.0,0.0,0.0,0.0,0.0,0.0
16.9217592593,230907.0,32569.0,7.08977862384,737.0,64344.0,35.0,6.0,1783.0,5207.0,6496.0,6625.0,5074.0,6179.0,1011.0,169.0,22.0,3.0,0.0,0.0,0.0,0.0,0.0,0.0,0.0,0.0,0.0,0.0,0.0,0.0,0.0,0.0,0.0,0.0,0.0,0.0,0.0,0.0
16.9259259259,227573.0,32565.0,6.98826961462,735.0,64345.0,39.0,6.0,1810.0,5203.0,6673.0,6722.0,4969.0,6021.0,979.0,160.0,21.0,7.0,0.0,0.0,0.0,0.0,0.0,0.0,0.0,0.0,0.0,0.0,0.0,0.0,0.0,0.0,0.0,0.0,0.0,0.0,0.0,0.0
16.9300925926,227323.0,32564.0,6.98080702616,735.0,64348.0,38.0,7.0,1797.0,5261.0,6505.0,6761.0,4999.0,6054.0,1011.0,160.0,12.0,4.0,0.0,0.0,0.0,0.0,0.0,0.0,0.0,0.0,0.0,0.0,0.0,0.0,0.0,0.0,0.0,0.0,0.0,0.0,0.0,0.0
16.9342592593,231924.0,32573.0,7.12013016916,735.0,64344.0,35.0,7.0,1755.0,5274.0,6337.0,6718.0,5104.0,6170.0,1028.0,155.0,27.0,5.0,0.0,0.0,0.0,0.0,0.0,0.0,0.0,0.0,0.0,0.0,0.0,0.0,0.0,0.0,0.0,0.0,0.0,0.0,0.0,0.0
16.9384259259,227507.0,32561.0,6.98710113326,733.0,64344.0,46.0,65534.0,1726.0,5285.0,6509.0,6771.0,5119.0,6021.0,965.0,128.0,29.0,8.0,0.0,0.0,0.0,0.0,0.0,0.0,0.0,0.0,0.0,0.0,0.0,0.0,0.0,0.0,0.0,0.0,0.0,0.0,0.0,0.0
16.9425925926,226535.0,32566.0,6.95618129337,732.0,64342.0,35.0,12.0,1796.0,5259.0,6674.0,6628.0,5031.0,6071.0,908.0,170.0,26.0,3.0,0.0,0.0,0.0,0.0,0.0,0.0,0.0,0.0,0.0,0.0,0.0,0.0,0.0,0.0,0.0,0.0,0.0,0.0,0.0,0.0
16.9467592593,228185.0,32561.0,7.00792358957,733.0,64345.0,35.0,1.0,1652.0,5171.0,6627.0,6688.0,5178.0,6113.0,946.0,165.0,19.0,2.0,0.0,0.0,0.0,0.0,0.0,0.0,0.0,0.0,0.0,0.0,0.0,0.0,0.0,0.0,0.0,0.0,0.0,0.0,0.0,0.0
16.9509259259,229627.0,32553.0,7.05394280097,733.0,64344.0,39.0,6.0,1851.0,5245.0,6401.0,6595.0,5066.0,6206.0,1032.0,123.0,33.0,1.0,0.0,0.0,0.0,0.0,0.0,0.0,0.0,0.0,0.0,0.0,0.0,0.0,0.0,0.0,0.0,0.0,0.0,0.0,0.0,0.0
16.9550925926,231125.0,32564.0,7.0975617246,733.0,64344.0,35.0,7.0,1719.0,5237.0,6426.0,6497.0,5273.0,6218.0,1014.0,160.0,19.0,1.0,0.0,0.0,0.0,0.0,0.0,0.0,0.0,0.0,0.0,0.0,0.0,0.0,0.0,0.0,0.0,0.0,0.0,0.0,0.0,0.0
16.9592592593,234102.0,32564.0,7.18898169758,735.0,64344.0,39.0,3.0,1721.0,5018.0,6360.0,6601.0,5253.0,6422.0,1014.0,153.0,21.0,1.0,0.0,0.0,0.0,0.0,0.0,0.0,0.0,0.0,0.0,0.0,0.0,0.0,0.0,0.0,0.0,0.0,0.0,0.0,0.0,0.0
16.9634259259,228765.0,32560.0,7.02595208845,735.0,64344.0,33.0,9.0,1724.0,5167.0,6513.0,6761.0,5045.0,6216.0,964.0,143.0,25.0,2.0,0.0,0.0,0.0,0.0,0.0,0.0,0.0,0.0,0.0,0.0,0.0,0.0,0.0,0.0,0.0,0.0,0.0,0.0,0.0,0.0
16.9675925926,231896.0,32565.0,7.12101949946,735.0,64358.0,35.0,7.0,1718.0,5148.0,6454.0,6692.0,5144.0,6226.0,991.0,160.0,30.0,2.0,0.0,0.0,0.0,0.0,0.0,0.0,0.0,0.0,0.0,0.0,0.0,0.0,0.0,0.0,0.0,0.0,0.0,0.0,0.0,0.0
16.9717592593,229243.0,32567.0,7.03911935395,737.0,64344.0,39.0,7.0,1691.0,5151.0,6506.0,6748.0,5151.0,6206.0,940.0,145.0,25.0,4.0,0.0,0.0,0.0,0.0,0.0,0.0,0.0,0.0,0.0,0.0,0.0,0.0,0.0,0.0,0.0,0.0,0.0,0.0,0.0,0.0
16.9759259259,230037.0,32567.0,7.06349986182,725.0,64345.0,35.0,8.0,1717.0,5197.0,6430.0,6729.0,5127.0,6231.0,938.0,176.0,20.0,2.0,0.0,0.0,0.0,0.0,0.0,0.0,0.0,0.0,0.0,0.0,0.0,0.0,0.0,0.0,0.0,0.0,0.0,0.0,0.0,0.0
16.9800925926,226632.0,32566.0,6.95915985998,733.0,64345.0,35.0,14.0,1724.0,5308.0,6566.0,6838.0,4959.0,6011.0,988.0,141.0,28.0,3.0,0.0,0.0,0.0,0.0,0.0,0.0,0.0,0.0,0.0,0.0,0.0,0.0,0.0,0.0,0.0,0.0,0.0,0.0,0.0,0.0
16.9842592593,227458.0,32560.0,6.98581081081,732.0,64343.0,39.0,3.0,1788.0,5310.0,6620.0,6573.0,5175.0,5928.0,953.0,186.0,23.0,4.0,0.0,0.0,0.0,0.0,0.0,0.0,0.0,0.0,0.0,0.0,0.0,0.0,0.0,0.0,0.0,0.0,0.0,0.0,0.0,0.0
16.9884259259,230349.0,32562.0,7.07416620601,733.0,64348.0,39.0,7.0,1743.0,5071.0,6547.0,6714.0,5170.0,6144.0,987.0,156.0,28.0,2.0,0.0,0.0,0.0,0.0,0.0,0.0,0.0,0.0,0.0,0.0,0.0,0.0,0.0,0.0,0.0,0.0,0.0,0.0,0.0,0.0
16.9925925926,232162.0,32559.0,7.13050155103,733.0,64347.0,38.0,6.0,1767.0,5118.0,6334.0,6652.0,5177.0,6303.0,1034.0,154.0,20.0,0.0,0.0,0.0,0.0,0.0,0.0,0.0,0.0,0.0,0.0,0.0,0.0,0.0,0.0,0.0,0.0,0.0,0.0,0.0,0.0,0.0
16.9967592593,230103.0,32557.0,7.0676966551,733.0,64344.0,35.0,8.0,1782.0,5215.0,6368.0,6848.0,5111.0,6042.0,987.0,176.0,22.0,6.0,0.0,0.0,0.0,0.0,0.0,0.0,0.0,0.0,0.0,0.0,0.0,0.0,0.0,0.0,0.0,0.0,0.0,0.0,0.0,0.0
17.0009259259,231904.0,32565.0,7.12126516198,733.0,64348.0,38.0,8.0,1705.0,5272.0,6470.0,6579.0,5092.0,6223.0,1035.0,166.0,20.0,3.0,0.0,0.0,0.0,0.0,0.0,0.0,0.0,0.0,0.0,0.0,0.0,0.0,0.0,0.0,0.0,0.0,0.0,0.0,0.0,0.0
17.0050925926,230732.0,32572.0,7.08375291662,733.0,64348.0,35.0,11.0,1708.0,5190.0,6431.0,6776.0,5099.0,6227.0,949.0,159.0,30.0,3.0,0.0,0.0,0.0,0.0,0.0,0.0,0.0,0.0,0.0,0.0,0.0,0.0,0.0,0.0,0.0,0.0,0.0,0.0,0.0,0.0
17.0092592593,230674.0,32554.0,7.08588806291,730.0,64348.0,33.0,8.0,1749.0,5120.0,6465.0,6698.0,5039.0,6307.0,1006.0,152.0,15.0,3.0,0.0,0.0,0.0,0.0,0.0,0.0,0.0,0.0,0.0,0.0,0.0,0.0,0.0,0.0,0.0,0.0,0.0,0.0,0.0,0.0
17.0134259259,229310.0,32557.0,7.04333937402,733.0,64344.0,39.0,11.0,1740.0,5348.0,6379.0,6875.0,4923.0,6124.0,980.0,154.0,28.0,6.0,0.0,0.0,0.0,0.0,0.0,0.0,0.0,0.0,0.0,0.0,0.0,0.0,0.0,0.0,0.0,0.0,0.0,0.0,0.0,0.0
17.0175925926,229410.0,32571.0,7.04338214977,724.0,64344.0,39.0,7.0,1733.0,5146.0,6558.0,6743.0,5126.0,6078.0,1003.0,152.0,32.0,0.0,0.0,0.0,0.0,0.0,0.0,0.0,0.0,0.0,0.0,0.0,0.0,0.0,0.0,0.0,0.0,0.0,0.0,0.0,0.0,0.0
17.0217592593,233546.0,32560.0,7.17278869779,730.0,64344.0,39.0,7.0,1729.0,5270.0,6450.0,6650.0,4999.0,6217.0,1045.0,164.0,30.0,6.0,0.0,0.0,0.0,0.0,0.0,0.0,0.0,0.0,0.0,0.0,0.0,0.0,0.0,0.0,0.0,0.0,0.0,0.0,0.0,0.0
17.0259259259,227877.0,32549.0,7.00104457894,732.0,64344.0,33.0,15.0,1710.0,5171.0,6585.0,6694.0,5253.0,5998.0,951.0,160.0,22.0,5.0,0.0,0.0,0.0,0.0,0.0,0.0,0.0,0.0,0.0,0.0,0.0,0.0,0.0,0.0,0.0,0.0,0.0,0.0,0.0,0.0
17.0300925926,225831.0,32560.0,6.93584152334,730.0,64347.0,39.0,7.0,1732.0,5235.0,6570.0,6852.0,5054.0,5968.0,979.0,146.0,21.0,3.0,0.0,0.0,0.0,0.0,0.0,0.0,0.0,0.0,0.0,0.0,0.0,0.0,0.0,0.0,0.0,0.0,0.0,0.0,0.0,0.0
17.0342592593,224222.0,32559.0,6.88663656746,730.0,64344.0,35.0,11.0,1755.0,5364.0,6575.0,6847.0,4930.0,5970.0,935.0,162.0,18.0,3.0,0.0,0.0,0.0,0.0,0.0,0.0,0.0,0.0,0.0,0.0,0.0,0.0,0.0,0.0,0.0,0.0,0.0,0.0,0.0,0.0
17.0384259259,225866.0,32558.0,6.93734258861,730.0,64348.0,39.0,7.0,1721.0,5362.0,6704.0,6762.0,4766.0,6084.0,989.0,148.0,17.0,5.0,0.0,0.0,0.0,0.0,0.0,0.0,0.0,0.0,0.0,0.0,0.0,0.0,0.0,0.0,0.0,0.0,0.0,0.0,0.0,0.0
17.0425925926,228302.0,32554.0,7.01302451312,730.0,64344.0,36.0,11.0,1767.0,5170.0,6632.0,6723.0,4906.0,6175.0,1006.0,153.0,21.0,1.0,0.0,0.0,0.0,0.0,0.0,0.0,0.0,0.0,0.0,0.0,0.0,0.0,0.0,0.0,0.0,0.0,0.0,0.0,0.0,0.0
17.0467592593,223104.0,32545.0,6.85524658166,730.0,64344.0,36.0,11.0,1728.0,5330.0,6613.0,6871.0,4897.0,5994.0,948.0,150.0,12.0,2.0,0.0,0.0,0.0,0.0,0.0,0.0,0.0,0.0,0.0,0.0,0.0,0.0,0.0,0.0,0.0,0.0,0.0,0.0,0.0,0.0
17.0509259259,229605.0,32547.0,7.05456724122,727.0,64341.0,39.0,8.0,1771.0,5201.0,6476.0,6807.0,4996.0,6064.0,1044.0,168.0,16.0,4.0,0.0,0.0,0.0,0.0,0.0,0.0,0.0,0.0,0.0,0.0,0.0,0.0,0.0,0.0,0.0,0.0,0.0,0.0,0.0,0.0
17.0550925926,229319.0,32556.0,7.04383216611,729.0,64344.0,33.0,14.0,1710.0,5177.0,6553.0,6695.0,5118.0,6149.0,984.0,140.0,25.0,5.0,0.0,0.0,0.0,0.0,0.0,0.0,0.0,0.0,0.0,0.0,0.0,0.0,0.0,0.0,0.0,0.0,0.0,0.0,0.0,0.0
17.0592592593,230649.0,32546.0,7.08686167271,729.0,64348.0,35.0,11.0,1684.0,5125.0,6508.0,6619.0,5172.0,6281.0,986.0,149.0,20.0,2.0,0.0,0.0,0.0,0.0,0.0,0.0,0.0,0.0,0.0,0.0,0.0,0.0,0.0,0.0,0.0,0.0,0.0,0.0,0.0,0.0
17.0634259259,231301.0,32559.0,7.10405724992,729.0,64344.0,39.0,6.0,1679.0,5343.0,6387.0,6664.0,5134.0,6133.0,1021.0,169.0,28.0,1.0,0.0,0.0,0.0,0.0,0.0,0.0,0.0,0.0,0.0,0.0,0.0,0.0,0.0,0.0,0.0,0.0,0.0,0.0,0.0,0.0
17.0675925926,231841.0,32545.0,7.12370563835,725.0,64344.0,36.0,8.0,1712.0,5209.0,6514.0,6693.0,5102.0,6136.0,991.0,148.0,28.0,12.0,0.0,0.0,0.0,0.0,0.0,0.0,0.0,0.0,0.0,0.0,0.0,0.0,0.0,0.0,0.0,0.0,0.0,0.0,0.0,0.0
17.0717592593,235505.0,32553.0,7.2345098762,725.0,64345.0,41.0,3.0,1656.0,5187.0,6331.0,6696.0,5119.0,6360.0,1007.0,157.0,34.0,6.0,0.0,0.0,0.0,0.0,0.0,0.0,0.0,0.0,0.0,0.0,0.0,0.0,0.0,0.0,0.0,0.0,0.0,0.0,0.0,0.0
17.0759259259,233678.0,32550.0,7.17904761905,725.0,64347.0,35.0,7.0,1784.0,4980.0,6421.0,6666.0,5165.0,6302.0,1030.0,184.0,18.0,0.0,0.0,0.0,0.0,0.0,0.0,0.0,0.0,0.0,0.0,0.0,0.0,0.0,0.0,0.0,0.0,0.0,0.0,0.0,0.0,0.0
17.0800925926,231180.0,32541.0,7.10426846133,725.0,64342.0,39.0,12.0,1659.0,4928.0,6362.0,6780.0,5395.0,6273.0,992.0,136.0,13.0,3.0,0.0,0.0,0.0,0.0,0.0,0.0,0.0,0.0,0.0,0.0,0.0,0.0,0.0,0.0,0.0,0.0,0.0,0.0,0.0,0.0
17.0842592593,236157.0,32545.0,7.25632201567,725.0,64347.0,35.0,7.0,1765.0,4949.0,6358.0,6577.0,5263.0,6414.0,1033.0,155.0,27.0,4.0,0.0,0.0,0.0,0.0,0.0,0.0,0.0,0.0,0.0,0.0,0.0,0.0,0.0,0.0,0.0,0.0,0.0,0.0,0.0,0.0
17.0884259259,236839.0,32543.0,7.27772485634,725.0,64345.0,38.0,7.0,1687.0,5099.0,6246.0,6534.0,5365.0,6363.0,1062.0,159.0,23.0,5.0,0.0,0.0,0.0,0.0,0.0,0.0,0.0,0.0,0.0,0.0,0.0,0.0,0.0,0.0,0.0,0.0,0.0,0.0,0.0,0.0
17.0925925926,236832.0,32549.0,7.27616823866,725.0,64344.0,39.0,9.0,1638.0,5016.0,6348.0,6416.0,5408.0,6525.0,1011.0,166.0,20.0,1.0,0.0,0.0,0.0,0.0,0.0,0.0,0.0,0.0,0.0,0.0,0.0,0.0,0.0,0.0,0.0,0.0,0.0,0.0,0.0,0.0
17.0967592593,240201.0,32553.0,7.37876693392,725.0,64348.0,38.0,7.0,1655.0,4941.0,6376.0,6563.0,5252.0,6474.0,1089.0,169.0,29.0,5.0,0.0,0.0,0.0,0.0,0.0,0.0,0.0,0.0,0.0,0.0,0.0,0.0,0.0,0.0,0.0,0.0,0.0,0.0,0.0,0.0
17.1009259259,241340.0,32554.0,7.41352829145,725.0,64347.0,39.0,7.0,1620.0,4862.0,6123.0,6576.0,5563.0,6497.0,1130.0,162.0,19.0,2.0,0.0,0.0,0.0,0.0,0.0,0.0,0.0,0.0,0.0,0.0,0.0,0.0,0.0,0.0,0.0,0.0,0.0,0.0,0.0,0.0
17.1050925926,246411.0,32550.0,7.57023041475,724.0,64345.0,38.0,7.0,1706.0,4987.0,6042.0,6309.0,5357.0,6810.0,1134.0,174.0,24.0,7.0,0.0,0.0,0.0,0.0,0.0,0.0,0.0,0.0,0.0,0.0,0.0,0.0,0.0,0.0,0.0,0.0,0.0,0.0,0.0,0.0
17.1092592593,242158.0,32545.0,7.44071285912,724.0,64344.0,39.0,7.0,1646.0,4910.0,6226.0,6475.0,5326.0,6682.0,1085.0,167.0,25.0,3.0,0.0,0.0,0.0,0.0,0.0,0.0,0.0,0.0,0.0,0.0,0.0,0.0,0.0,0.0,0.0,0.0,0.0,0.0,0.0,0.0
17.1134259259,241634.0,32544.0,7.42484021632,722.0,64344.0,36.0,8.0,1700.0,4846.0,6150.0,6472.0,5415.0,6651.0,1129.0,165.0,15.0,1.0,0.0,0.0,0.0,0.0,0.0,0.0,0.0,0.0,0.0,0.0,0.0,0.0,0.0,0.0,0.0,0.0,0.0,0.0,0.0,0.0
17.1175925926,239680.0,32538.0,7.36615649395,722.0,64345.0,38.0,8.0,1646.0,4906.0,6179.0,6542.0,5553.0,6399.0,1137.0,154.0,19.0,3.0,0.0,0.0,0.0,0.0,0.0,0.0,0.0,0.0,0.0,0.0,0.0,0.0,0.0,0.0,0.0,0.0,0.0,0.0,0.0,0.0
17.1217592593,243673.0,32537.0,7.48910471156,722.0,64344.0,35.0,8.0,1621.0,4905.0,6000.0,6498.0,5559.0,6649.0,1120.0,158.0,23.0,4.0,0.0,0.0,0.0,0.0,0.0,0.0,0.0,0.0,0.0,0.0,0.0,0.0,0.0,0.0,0.0,0.0,0.0,0.0,0.0,0.0
17.1259259259,243013.0,32540.0,7.46813153042,722.0,64344.0,38.0,12.0,1579.0,4921.0,6188.0,6399.0,5435.0,6708.0,1139.0,145.0,24.0,2.0,0.0,0.0,0.0,0.0,0.0,0.0,0.0,0.0,0.0,0.0,0.0,0.0,0.0,0.0,0.0,0.0,0.0,0.0,0.0,0.0
17.1300925926,247117.0,32546.0,7.5928531924,722.0,64345.0,39.0,9.0,1581.0,4827.0,5975.0,6399.0,5619.0,6833.0,1129.0,154.0,23.0,6.0,0.0,0.0,0.0,0.0,0.0,0.0,0.0,0.0,0.0,0.0,0.0,0.0,0.0,0.0,0.0,0.0,0.0,0.0,0.0,0.0
17.1342592593,244884.0,32543.0,7.52493623821,722.0,64346.0,35.0,15.0,1674.0,4886.0,5929.0,6237.0,5779.0,6738.0,1120.0,156.0,22.0,2.0,0.0,0.0,0.0,0.0,0.0,0.0,0.0,0.0,0.0,0.0,0.0,0.0,0.0,0.0,0.0,0.0,0.0,0.0,0.0,0.0
17.1384259259,239280.0,32542.0,7.35295925266,720.0,64348.0,39.0,7.0,1701.0,4962.0,6113.0,6425.0,5545.0,6560.0,1065.0,151.0,14.0,6.0,0.0,0.0,0.0,0.0,0.0,0.0,0.0,0.0,0.0,0.0,0.0,0.0,0.0,0.0,0.0,0.0,0.0,0.0,0.0,0.0
17.1425925926,239674.0,32542.0,7.36506668306,722.0,64344.0,35.0,8.0,1672.0,4872.0,6089.0,6568.0,5524.0,6558.0,1084.0,156.0,18.0,1.0,0.0,0.0,0.0,0.0,0.0,0.0,0.0,0.0,0.0,0.0,0.0,0.0,0.0,0.0,0.0,0.0,0.0,0.0,0.0,0.0
17.1467592593,242770.0,32542.0,7.46020527319,722.0,64344.0,40.0,4.0,1690.0,4920.0,5941.0,6462.0,5597.0,6659.0,1077.0,172.0,22.0,2.0,0.0,0.0,0.0,0.0,0.0,0.0,0.0,0.0,0.0,0.0,0.0,0.0,0.0,0.0,0.0,0.0,0.0,0.0,0.0,0.0
17.1509259259,243644.0,32536.0,7.4884435702,722.0,64344.0,38.0,8.0,1674.0,4758.0,5959.0,6436.0,5687.0,6759.0,1093.0,149.0,18.0,3.0,0.0,0.0,0.0,0.0,0.0,0.0,0.0,0.0,0.0,0.0,0.0,0.0,0.0,0.0,0.0,0.0,0.0,0.0,0.0,0.0
17.1550925926,245264.0,32536.0,7.53823457094,720.0,64345.0,35.0,8.0,1606.0,4882.0,5961.0,6343.0,5724.0,6735.0,1104.0,150.0,26.0,5.0,0.0,0.0,0.0,0.0,0.0,0.0,0.0,0.0,0.0,0.0,0.0,0.0,0.0,0.0,0.0,0.0,0.0,0.0,0.0,0.0
17.1592592593,245876.0,32533.0,7.5577413703,722.0,64345.0,38.0,3.0,1664.0,4824.0,5950.0,6466.0,5603.0,6706.0,1119.0,172.0,24.0,5.0,0.0,0.0,0.0,0.0,0.0,0.0,0.0,0.0,0.0,0.0,0.0,0.0,0.0,0.0,0.0,0.0,0.0,0.0,0.0,0.0
17.1634259259,241561.0,32538.0,7.42396582457,720.0,64346.0,38.0,7.0,1706.0,4949.0,6064.0,6365.0,5466.0,6752.0,1059.0,149.0,26.0,2.0,0.0,0.0,0.0,0.0,0.0,0.0,0.0,0.0,0.0,0.0,0.0,0.0,0.0,0.0,0.0,0.0,0.0,0.0,0.0,0.0
17.1675925926,241801.0,32541.0,7.43065671,722.0,64344.0,39.0,7.0,1657.0,4905.0,6118.0,6523.0,5369.0,6692.0,1095.0,157.0,23.0,2.0,0.0,0.0,0.0,0.0,0.0,0.0,0.0,0.0,0.0,0.0,0.0,0.0,0.0,0.0,0.0,0.0,0.0,0.0,0.0,0.0
17.1717592593,242344.0,32537.0,7.44825890525,722.0,64344.0,39.0,6.0,1594.0,4878.0,5921.0,6546.0,5600.0,6729.0,1104.0,150.0,14.0,1.0,0.0,0.0,0.0,0.0,0.0,0.0,0.0,0.0,0.0,0.0,0.0,0.0,0.0,0.0,0.0,0.0,0.0,0.0,0.0,0.0
17.1759259259,240490.0,32535.0,7.39173198094,719.0,64344.0,39.0,3.0,1699.0,4962.0,6076.0,6534.0,5501.0,6543.0,1041.0,138.0,32.0,9.0,0.0,0.0,0.0,0.0,0.0,0.0,0.0,0.0,0.0,0.0,0.0,0.0,0.0,0.0,0.0,0.0,0.0,0.0,0.0,0.0
17.1800925926,242438.0,32534.0,7.45183500338,720.0,64344.0,35.0,7.0,1652.0,5062.0,6074.0,6425.0,5435.0,6535.0,1153.0,170.0,27.0,1.0,0.0,0.0,0.0,0.0,0.0,0.0,0.0,0.0,0.0,0.0,0.0,0.0,0.0,0.0,0.0,0.0,0.0,0.0,0.0,0.0
17.1842592593,243739.0,32525.0,7.49389700231,722.0,64344.0,39.0,6.0,1587.0,4959.0,6068.0,6405.0,5480.0,6674.0,1177.0,153.0,21.0,1.0,0.0,0.0,0.0,0.0,0.0,0.0,0.0,0.0,0.0,0.0,0.0,0.0,0.0,0.0,0.0,0.0,0.0,0.0,0.0,0.0
17.1884259259,237607.0,32529.0,7.30446678349,720.0,64345.0,36.0,6.0,1638.0,5019.0,6102.0,6492.0,5502.0,6540.0,1066.0,158.0,12.0,0.0,0.0,0.0,0.0,0.0,0.0,0.0,0.0,0.0,0.0,0.0,0.0,0.0,0.0,0.0,0.0,0.0,0.0,0.0,0.0,0.0
17.1925925926,236629.0,32527.0,7.27484858733,719.0,64348.0,36.0,9.0,1687.0,4927.0,6167.0,6776.0,5365.0,6404.0,1011.0,157.0,31.0,2.0,0.0,0.0,0.0,0.0,0.0,0.0,0.0,0.0,0.0,0.0,0.0,0.0,0.0,0.0,0.0,0.0,0.0,0.0,0.0,0.0
17.1967592593,243914.0,32532.0,7.49766383868,717.0,64348.0,39.0,6.0,1584.0,4846.0,6130.0,6532.0,5451.0,6659.0,1161.0,143.0,19.0,7.0,0.0,0.0,0.0,0.0,0.0,0.0,0.0,0.0,0.0,0.0,0.0,0.0,0.0,0.0,0.0,0.0,0.0,0.0,0.0,0.0
17.2009259259,244340.0,32525.0,7.51237509608,719.0,64344.0,38.0,15.0,1682.0,4914.0,5917.0,6520.0,5531.0,6691.0,1087.0,139.0,37.0,7.0,0.0,0.0,0.0,0.0,0.0,0.0,0.0,0.0,0.0,0.0,0.0,0.0,0.0,0.0,0.0,0.0,0.0,0.0,0.0,0.0
17.2050925926,243668.0,32524.0,7.49194441028,717.0,64344.0,39.0,7.0,1541.0,4824.0,6258.0,6394.0,5412.0,6805.0,1138.0,124.0,23.0,5.0,0.0,0.0,0.0,0.0,0.0,0.0,0.0,0.0,0.0,0.0,0.0,0.0,0.0,0.0,0.0,0.0,0.0,0.0,0.0,0.0
17.2092592593,243973.0,32531.0,7.49970797086,716.0,64344.0,38.0,8.0,1604.0,4797.0,6234.0,6311.0,5535.0,6752.0,1118.0,157.0,20.0,3.0,0.0,0.0,0.0,0.0,0.0,0.0,0.0,0.0,0.0,0.0,0.0,0.0,0.0,0.0,0.0,0.0,0.0,0.0,0.0,0.0
17.2134259259,242811.0,32532.0,7.4637587606,722.0,64344.0,39.0,7.0,1659.0,4841.0,5847.0,6579.0,5637.0,6731.0,1074.0,132.0,30.0,2.0,0.0,0.0,0.0,0.0,0.0,0.0,0.0,0.0,0.0,0.0,0.0,0.0,0.0,0.0,0.0,0.0,0.0,0.0,0.0,0.0
17.2175925926,248247.0,32523.0,7.63296743843,717.0,64345.0,35.0,8.0,1582.0,4845.0,5897.0,6376.0,5719.0,6734.0,1166.0,177.0,23.0,4.0,0.0,0.0,0.0,0.0,0.0,0.0,0.0,0.0,0.0,0.0,0.0,0.0,0.0,0.0,0.0,0.0,0.0,0.0,0.0,0.0
17.2217592593,245870.0,32527.0,7.5589510253,717.0,64344.0,35.0,6.0,1602.0,4822.0,5904.0,6434.0,5662.0,6836.0,1084.0,153.0,26.0,4.0,0.0,0.0,0.0,0.0,0.0,0.0,0.0,0.0,0.0,0.0,0.0,0.0,0.0,0.0,0.0,0.0,0.0,0.0,0.0,0.0
17.2259259259,246169.0,32527.0,7.56814338857,716.0,64345.0,35.0,8.0,1620.0,4765.0,5920.0,6411.0,5770.0,6682.0,1181.0,154.0,23.0,1.0,0.0,0.0,0.0,0.0,0.0,0.0,0.0,0.0,0.0,0.0,0.0,0.0,0.0,0.0,0.0,0.0,0.0,0.0,0.0,0.0
17.2300925926,245507.0,32511.0,7.55150564424,714.0,64344.0,35.0,7.0,1645.0,4885.0,5807.0,6448.0,5570.0,6834.0,1147.0,155.0,19.0,1.0,0.0,0.0,0.0,0.0,0.0,0.0,0.0,0.0,0.0,0.0,0.0,0.0,0.0,0.0,0.0,0.0,0.0,0.0,0.0,0.0
17.2342592593,248908.0,32518.0,7.65446829448,716.0,64344.0,38.0,7.0,1639.0,4676.0,5972.0,6304.0,5710.0,6879.0,1164.0,146.0,19.0,9.0,0.0,0.0,0.0,0.0,0.0,0.0,0.0,0.0,0.0,0.0,0.0,0.0,0.0,0.0,0.0,0.0,0.0,0.0,0.0,0.0
17.2384259259,242092.0,32515.0,7.44554820852,716.0,64344.0,38.0,12.0,1649.0,4924.0,5928.0,6388.0,5602.0,6746.0,1135.0,123.0,18.0,2.0,0.0,0.0,0.0,0.0,0.0,0.0,0.0,0.0,0.0,0.0,0.0,0.0,0.0,0.0,0.0,0.0,0.0,0.0,0.0,0.0
17.2425925926,243399.0,32521.0,7.48436394945,716.0,64345.0,32.0,12.0,1693.0,4861.0,5979.0,6381.0,5568.0,6758.0,1096.0,164.0,20.0,1.0,0.0,0.0,0.0,0.0,0.0,0.0,0.0,0.0,0.0,0.0,0.0,0.0,0.0,0.0,0.0,0.0,0.0,0.0,0.0,0.0
17.2467592593,250613.0,32512.0,7.70832308071,716.0,64344.0,36.0,15.0,1570.0,4805.0,5832.0,6170.0,5813.0,6977.0,1160.0,154.0,28.0,3.0,0.0,0.0,0.0,0.0,0.0,0.0,0.0,0.0,0.0,0.0,0.0,0.0,0.0,0.0,0.0,0.0,0.0,0.0,0.0,0.0
17.2509259259,247653.0,32521.0,7.61517173519,716.0,64344.0,35.0,8.0,1514.0,4677.0,5724.0,6330.0,6066.0,6953.0,1101.0,141.0,13.0,2.0,0.0,0.0,0.0,0.0,0.0,0.0,0.0,0.0,0.0,0.0,0.0,0.0,0.0,0.0,0.0,0.0,0.0,0.0,0.0,0.0
17.2550925926,247359.0,32513.0,7.60800295267,716.0,64345.0,35.0,9.0,1567.0,4685.0,5829.0,6294.0,5794.0,7070.0,1137.0,120.0,16.0,1.0,0.0,0.0,0.0,0.0,0.0,0.0,0.0,0.0,0.0,0.0,0.0,0.0,0.0,0.0,0.0,0.0,0.0,0.0,0.0,0.0
17.2592592593,252823.0,32506.0,7.77773334154,714.0,64345.0,33.0,10.0,1580.0,4703.0,5542.0,6345.0,6031.0,6903.0,1231.0,140.0,26.0,5.0,0.0,0.0,0.0,0.0,0.0,0.0,0.0,0.0,0.0,0.0,0.0,0.0,0.0,0.0,0.0,0.0,0.0,0.0,0.0,0.0
17.2634259259,247510.0,32483.0,7.61967798541,714.0,64345.0,39.0,7.0,1591.0,4686.0,5818.0,6393.0,5780.0,6917.0,1128.0,147.0,21.0,2.0,0.0,0.0,0.0,0.0,0.0,0.0,0.0,0.0,0.0,0.0,0.0,0.0,0.0,0.0,0.0,0.0,0.0,0.0,0.0,0.0
17.2675925926,250043.0,32529.0,7.68677180362,712.0,64345.0,35.0,9.0,1617.0,4721.0,5727.0,6413.0,5825.0,6869.0,1174.0,155.0,23.0,5.0,0.0,0.0,0.0,0.0,0.0,0.0,0.0,0.0,0.0,0.0,0.0,0.0,0.0,0.0,0.0,0.0,0.0,0.0,0.0,0.0
17.2717592593,252172.0,32533.0,7.75126794332,714.0,64343.0,39.0,3.0,1621.0,4664.0,5792.0,6335.0,5819.0,6902.0,1199.0,170.0,28.0,3.0,0.0,0.0,0.0,0.0,0.0,0.0,0.0,0.0,0.0,0.0,0.0,0.0,0.0,0.0,0.0,0.0,0.0,0.0,0.0,0.0
17.2759259259,253831.0,32517.0,7.80610142387,712.0,64344.0,39.0,7.0,1586.0,4677.0,5751.0,6183.0,5891.0,7042.0,1190.0,167.0,26.0,4.0,0.0,0.0,0.0,0.0,0.0,0.0,0.0,0.0,0.0,0.0,0.0,0.0,0.0,0.0,0.0,0.0,0.0,0.0,0.0,0.0
17.2800925926,244278.0,32530.0,7.50931447894,712.0,64345.0,39.0,7.0,1701.0,4818.0,5856.0,6401.0,5758.0,6739.0,1072.0,156.0,27.0,2.0,0.0,0.0,0.0,0.0,0.0,0.0,0.0,0.0,0.0,0.0,0.0,0.0,0.0,0.0,0.0,0.0,0.0,0.0,0.0,0.0
17.2842592593,250682.0,32538.0,7.70428422153,716.0,64348.0,38.0,12.0,1541.0,4788.0,5887.0,6444.0,5683.0,6774.0,1207.0,186.0,25.0,3.0,0.0,0.0,0.0,0.0,0.0,0.0,0.0,0.0,0.0,0.0,0.0,0.0,0.0,0.0,0.0,0.0,0.0,0.0,0.0,0.0
17.2884259259,253089.0,32512.0,7.78447957677,709.0,64343.0,39.0,7.0,1604.0,4805.0,5704.0,6233.0,5819.0,6925.0,1224.0,165.0,28.0,5.0,0.0,0.0,0.0,0.0,0.0,0.0,0.0,0.0,0.0,0.0,0.0,0.0,0.0,0.0,0.0,0.0,0.0,0.0,0.0,0.0
17.2925925926,252183.0,32519.0,7.75494326394,711.0,64344.0,39.0,11.0,1657.0,4567.0,5746.0,6357.0,5907.0,6919.0,1178.0,155.0,26.0,7.0,0.0,0.0,0.0,0.0,0.0,0.0,0.0,0.0,0.0,0.0,0.0,0.0,0.0,0.0,0.0,0.0,0.0,0.0,0.0,0.0
17.2967592593,252268.0,32521.0,7.75708004059,711.0,64344.0,35.0,7.0,1564.0,4728.0,5730.0,6342.0,5835.0,6958.0,1181.0,149.0,26.0,8.0,0.0,0.0,0.0,0.0,0.0,0.0,0.0,0.0,0.0,0.0,0.0,0.0,0.0,0.0,0.0,0.0,0.0,0.0,0.0,0.0
17.3009259259,255105.0,32519.0,7.84479842554,711.0,64345.0,35.0,10.0,1525.0,4521.0,5758.0,6131.0,6072.0,7149.0,1180.0,160.0,18.0,5.0,0.0,0.0,0.0,0.0,0.0,0.0,0.0,0.0,0.0,0.0,0.0,0.0,0.0,0.0,0.0,0.0,0.0,0.0,0.0,0.0
17.3050925926,253934.0,32512.0,7.81046998031,709.0,64344.0,39.0,7.0,1577.0,4514.0,5614.0,6202.0,6099.0,7179.0,1164.0,141.0,17.0,5.0,0.0,0.0,0.0,0.0,0.0,0.0,0.0,0.0,0.0,0.0,0.0,0.0,0.0,0.0,0.0,0.0,0.0,0.0,0.0,0.0
17.3092592593,255720.0,32517.0,7.86419411385,709.0,64344.0,38.0,6.0,1580.0,4588.0,5542.0,6206.0,6141.0,7037.0,1242.0,153.0,25.0,3.0,0.0,0.0,0.0,0.0,0.0,0.0,0.0,0.0,0.0,0.0,0.0,0.0,0.0,0.0,0.0,0.0,0.0,0.0,0.0,0.0
17.3134259259,252912.0,32520.0,7.77712177122,709.0,64347.0,35.0,10.0,1582.0,4654.0,5583.0,6289.0,5972.0,7082.0,1187.0,145.0,24.0,2.0,0.0,0.0,0.0,0.0,0.0,0.0,0.0,0.0,0.0,0.0,0.0,0.0,0.0,0.0,0.0,0.0,0.0,0.0,0.0,0.0
17.3175925926,251749.0,32521.0,7.74112112174,709.0,64343.0,38.0,7.0,1544.0,4617.0,5696.0,6277.0,6035.0,6985.0,1197.0,152.0,16.0,2.0,0.0,0.0,0.0,0.0,0.0,0.0,0.0,0.0,0.0,0.0,0.0,0.0,0.0,0.0,0.0,0.0,0.0,0.0,0.0,0.0
17.3217592593,250610.0,32520.0,7.70633456335,709.0,64347.0,36.0,6.0,1666.0,4740.0,5571.0,6144.0,6105.0,6984.0,1135.0,151.0,20.0,4.0,0.0,0.0,0.0,0.0,0.0,0.0,0.0,0.0,0.0,0.0,0.0,0.0,0.0,0.0,0.0,0.0,0.0,0.0,0.0,0.0
17.3259259259,255501.0,32523.0,7.85600959321,711.0,64348.0,33.0,9.0,1608.0,4463.0,5577.0,6235.0,6132.0,7138.0,1183.0,164.0,20.0,3.0,0.0,0.0,0.0,0.0,0.0,0.0,0.0,0.0,0.0,0.0,0.0,0.0,0.0,0.0,0.0,0.0,0.0,0.0,0.0,0.0
17.3300925926,249323.0,32504.0,7.67053285749,711.0,64344.0,38.0,8.0,1666.0,4737.0,5635.0,6209.0,5920.0,7012.0,1159.0,149.0,16.0,1.0,0.0,0.0,0.0,0.0,0.0,0.0,0.0,0.0,0.0,0.0,0.0,0.0,0.0,0.0,0.0,0.0,0.0,0.0,0.0,0.0
17.3342592593,250434.0,32517.0,7.70163299197,709.0,64348.0,38.0,7.0,1646.0,4602.0,5848.0,6200.0,5941.0,7001.0,1092.0,154.0,27.0,6.0,0.0,0.0,0.0,0.0,0.0,0.0,0.0,0.0,0.0,0.0,0.0,0.0,0.0,0.0,0.0,0.0,0.0,0.0,0.0,0.0
17.3384259259,252843.0,32518.0,7.77547819669,709.0,64347.0,39.0,7.0,1511.0,4673.0,5601.0,6296.0,6011.0,7107.0,1134.0,166.0,14.0,5.0,0.0,0.0,0.0,0.0,0.0,0.0,0.0,0.0,0.0,0.0,0.0,0.0,0.0,0.0,0.0,0.0,0.0,0.0,0.0,0.0
17.3425925926,246947.0,32517.0,7.59439677707,709.0,64345.0,39.0,6.0,1605.0,4659.0,5786.0,6445.0,5875.0,6877.0,1103.0,141.0,24.0,2.0,0.0,0.0,0.0,0.0,0.0,0.0,0.0,0.0,0.0,0.0,0.0,0.0,0.0,0.0,0.0,0.0,0.0,0.0,0.0,0.0
17.3467592593,252952.0,32506.0,7.78170183966,709.0,64344.0,36.0,12.0,1554.0,4742.0,5709.0,6238.0,5866.0,7013.0,1195.0,164.0,19.0,6.0,0.0,0.0,0.0,0.0,0.0,0.0,0.0,0.0,0.0,0.0,0.0,0.0,0.0,0.0,0.0,0.0,0.0,0.0,0.0,0.0
17.3509259259,252815.0,32507.0,7.77724797736,709.0,64345.0,38.0,7.0,1624.0,4693.0,5601.0,6168.0,6003.0,7088.0,1148.0,152.0,26.0,4.0,0.0,0.0,0.0,0.0,0.0,0.0,0.0,0.0,0.0,0.0,0.0,0.0,0.0,0.0,0.0,0.0,0.0,0.0,0.0,0.0
17.3550925926,252354.0,32505.0,7.76354407014,709.0,64344.0,35.0,11.0,1600.0,4640.0,5639.0,6243.0,5991.0,7089.0,1120.0,153.0,25.0,5.0,0.0,0.0,0.0,0.0,0.0,0.0,0.0,0.0,0.0,0.0,0.0,0.0,0.0,0.0,0.0,0.0,0.0,0.0,0.0,0.0
17.3592592593,253104.0,32519.0,7.78326516806,709.0,64348.0,35.0,7.0,1594.0,4624.0,5580.0,6092.0,6303.0,6996.0,1145.0,164.0,15.0,6.0,0.0,0.0,0.0,0.0,0.0,0.0,0.0,0.0,0.0,0.0,0.0,0.0,0.0,0.0,0.0,0.0,0.0,0.0,0.0,0.0
17.3634259259,252394.0,32507.0,7.76429692066,709.0,64348.0,35.0,7.0,1627.0,4548.0,5555.0,6264.0,6034.0,7185.0,1132.0,137.0,23.0,2.0,0.0,0.0,0.0,0.0,0.0,0.0,0.0,0.0,0.0,0.0,0.0,0.0,0.0,0.0,0.0,0.0,0.0,0.0,0.0,0.0
17.3675925926,255189.0,32506.0,7.85051990402,709.0,64344.0,35.0,8.0,1665.0,4673.0,5598.0,5954.0,6162.0,7104.0,1148.0,171.0,24.0,7.0,0.0,0.0,0.0,0.0,0.0,0.0,0.0,0.0,0.0,0.0,0.0,0.0,0.0,0.0,0.0,0.0,0.0,0.0,0.0,0.0
17.3717592593,254732.0,32507.0,7.8362198911,709.0,64344.0,39.0,14.0,1627.0,4484.0,5498.0,6183.0,6247.0,7122.0,1179.0,135.0,31.0,1.0,0.0,0.0,0.0,0.0,0.0,0.0,0.0,0.0,0.0,0.0,0.0,0.0,0.0,0.0,0.0,0.0,0.0,0.0,0.0,0.0
17.3759259259,255760.0,32508.0,7.86760182109,709.0,64344.0,38.0,12.0,1595.0,4574.0,5361.0,6186.0,6237.0,7184.0,1188.0,167.0,15.0,1.0,0.0,0.0,0.0,0.0,0.0,0.0,0.0,0.0,0.0,0.0,0.0,0.0,0.0,0.0,0.0,0.0,0.0,0.0,0.0,0.0
17.3800925926,256455.0,32496.0,7.891894387,708.0,64348.0,35.0,12.0,1630.0,4551.0,5482.0,6199.0,6128.0,7141.0,1180.0,146.0,33.0,6.0,0.0,0.0,0.0,0.0,0.0,0.0,0.0,0.0,0.0,0.0,0.0,0.0,0.0,0.0,0.0,0.0,0.0,0.0,0.0,0.0
17.3842592593,254363.0,32512.0,7.82366510827,709.0,64344.0,38.0,12.0,1577.0,4643.0,5558.0,6185.0,6041.0,7172.0,1149.0,161.0,23.0,3.0,0.0,0.0,0.0,0.0,0.0,0.0,0.0,0.0,0.0,0.0,0.0,0.0,0.0,0.0,0.0,0.0,0.0,0.0,0.0,0.0
17.3884259259,255056.0,32504.0,7.8469111494,709.0,64344.0,33.0,8.0,1530.0,4654.0,5559.0,6213.0,6042.0,7179.0,1153.0,138.0,29.0,7.0,0.0,0.0,0.0,0.0,0.0,0.0,0.0,0.0,0.0,0.0,0.0,0.0,0.0,0.0,0.0,0.0,0.0,0.0,0.0,0.0
17.3925925926,248295.0,32500.0,7.63984615385,706.0,64339.0,35.0,8.0,1631.0,4641.0,5651.0,6310.0,6027.0,6915.0,1182.0,127.0,14.0,2.0,0.0,0.0,0.0,0.0,0.0,0.0,0.0,0.0,0.0,0.0,0.0,0.0,0.0,0.0,0.0,0.0,0.0,0.0,0.0,0.0
17.3967592593,241818.0,32507.0,7.43895161042,708.0,64345.0,38.0,6.0,1668.0,4884.0,5819.0,6572.0,5640.0,6658.0,1108.0,134.0,22.0,2.0,0.0,0.0,0.0,0.0,0.0,0.0,0.0,0.0,0.0,0.0,0.0,0.0,0.0,0.0,0.0,0.0,0.0,0.0,0.0,0.0
17.4009259259,244483.0,32507.0,7.52093395269,708.0,64351.0,36.0,7.0,1690.0,4817.0,5809.0,6454.0,5677.0,6835.0,1041.0,149.0,34.0,1.0,0.0,0.0,0.0,0.0,0.0,0.0,0.0,0.0,0.0,0.0,0.0,0.0,0.0,0.0,0.0,0.0,0.0,0.0,0.0,0.0
17.4050925926,240948.0,32503.0,7.4131003292,704.0,64344.0,38.0,12.0,1729.0,4936.0,5886.0,6418.0,5717.0,6546.0,1083.0,170.0,16.0,2.0,0.0,0.0,0.0,0.0,0.0,0.0,0.0,0.0,0.0,0.0,0.0,0.0,0.0,0.0,0.0,0.0,0.0,0.0,0.0,0.0
17.4092592593,246270.0,32503.0,7.57683906101,708.0,64344.0,36.0,6.0,1600.0,4778.0,5894.0,6454.0,5648.0,6829.0,1119.0,157.0,20.0,4.0,0.0,0.0,0.0,0.0,0.0,0.0,0.0,0.0,0.0,0.0,0.0,0.0,0.0,0.0,0.0,0.0,0.0,0.0,0.0,0.0
17.4134259259,247857.0,32505.0,7.62519612367,708.0,64344.0,35.0,7.0,1706.0,4775.0,5665.0,6266.0,5848.0,6888.0,1197.0,144.0,15.0,1.0,0.0,0.0,0.0,0.0,0.0,0.0,0.0,0.0,0.0,0.0,0.0,0.0,0.0,0.0,0.0,0.0,0.0,0.0,0.0,0.0
17.4175925926,245035.0,32500.0,7.53953846154,704.0,64344.0,38.0,7.0,1676.0,4735.0,5966.0,6394.0,5631.0,6807.0,1106.0,164.0,19.0,2.0,0.0,0.0,0.0,0.0,0.0,0.0,0.0,0.0,0.0,0.0,0.0,0.0,0.0,0.0,0.0,0.0,0.0,0.0,0.0,0.0
17.4217592593,243305.0,32501.0,7.48607735147,708.0,64344.0,38.0,8.0,1640.0,4759.0,5831.0,6469.0,5710.0,6864.0,1086.0,120.0,20.0,2.0,0.0,0.0,0.0,0.0,0.0,0.0,0.0,0.0,0.0,0.0,0.0,0.0,0.0,0.0,0.0,0.0,0.0,0.0,0.0,0.0
17.4259259259,244439.0,32499.0,7.52143142866,704.0,64351.0,35.0,9.0,1632.0,4817.0,5755.0,6530.0,5737.0,6726.0,1131.0,152.0,18.0,1.0,0.0,0.0,0.0,0.0,0.0,0.0,0.0,0.0,0.0,0.0,0.0,0.0,0.0,0.0,0.0,0.0,0.0,0.0,0.0,0.0
17.4300925926,243306.0,32500.0,7.48633846154,704.0,64344.0,41.0,6.0,1672.0,4870.0,5942.0,6340.0,5659.0,6707.0,1167.0,122.0,15.0,6.0,0.0,0.0,0.0,0.0,0.0,0.0,0.0,0.0,0.0,0.0,0.0,0.0,0.0,0.0,0.0,0.0,0.0,0.0,0.0,0.0
17.4342592593,241211.0,32494.0,7.42324736874,704.0,64343.0,39.0,7.0,1661.0,4999.0,5880.0,6445.0,5604.0,6651.0,1082.0,148.0,22.0,2.0,0.0,0.0,0.0,0.0,0.0,0.0,0.0,0.0,0.0,0.0,0.0,0.0,0.0,0.0,0.0,0.0,0.0,0.0,0.0,0.0
17.4384259259,242977.0,32507.0,7.47460546959,704.0,64344.0,38.0,7.0,1616.0,4867.0,5973.0,6437.0,5654.0,6723.0,1062.0,149.0,20.0,6.0,0.0,0.0,0.0,0.0,0.0,0.0,0.0,0.0,0.0,0.0,0.0,0.0,0.0,0.0,0.0,0.0,0.0,0.0,0.0,0.0
17.4425925926,243572.0,32500.0,7.49452307692,704.0,64344.0,38.0,9.0,1660.0,4784.0,5884.0,6557.0,5691.0,6622.0,1117.0,162.0,21.0,2.0,0.0,0.0,0.0,0.0,0.0,0.0,0.0,0.0,0.0,0.0,0.0,0.0,0.0,0.0,0.0,0.0,0.0,0.0,0.0,0.0
17.4467592593,240045.0,32497.0,7.38668184756,703.0,64344.0,39.0,12.0,1697.0,4999.0,5943.0,6622.0,5390.0,6573.0,1096.0,154.0,19.0,4.0,0.0,0.0,0.0,0.0,0.0,0.0,0.0,0.0,0.0,0.0,0.0,0.0,0.0,0.0,0.0,0.0,0.0,0.0,0.0,0.0
17.4509259259,241988.0,32497.0,7.44647198203,704.0,64348.0,38.0,6.0,1695.0,4920.0,5940.0,6525.0,5468.0,6717.0,1048.0,148.0,34.0,2.0,0.0,0.0,0.0,0.0,0.0,0.0,0.0,0.0,0.0,0.0,0.0,0.0,0.0,0.0,0.0,0.0,0.0,0.0,0.0,0.0
17.4550925926,245770.0,32489.0,7.56471421096,704.0,64337.0,40.0,8.0,1595.0,4850.0,5694.0,6459.0,5730.0,6886.0,1098.0,160.0,16.0,1.0,0.0,0.0,0.0,0.0,0.0,0.0,0.0,0.0,0.0,0.0,0.0,0.0,0.0,0.0,0.0,0.0,0.0,0.0,0.0,0.0
17.4592592593,250030.0,32502.0,7.69275736878,704.0,64345.0,35.0,7.0,1622.0,4606.0,5720.0,6290.0,5937.0,7013.0,1165.0,117.0,30.0,2.0,0.0,0.0,0.0,0.0,0.0,0.0,0.0,0.0,0.0,0.0,0.0,0.0,0.0,0.0,0.0,0.0,0.0,0.0,0.0,0.0
17.4634259259,252673.0,32509.0,7.77240148882,704.0,64339.0,38.0,7.0,1677.0,4735.0,5581.0,6344.0,5727.0,7067.0,1199.0,153.0,18.0,8.0,0.0,0.0,0.0,0.0,0.0,0.0,0.0,0.0,0.0,0.0,0.0,0.0,0.0,0.0,0.0,0.0,0.0,0.0,0.0,0.0
17.4675925926,253978.0,32499.0,7.81494815225,704.0,64344.0,36.0,3.0,1639.0,4570.0,5640.0,6210.0,5923.0,7123.0,1215.0,158.0,19.0,2.0,0.0,0.0,0.0,0.0,0.0,0.0,0.0,0.0,0.0,0.0,0.0,0.0,0.0,0.0,0.0,0.0,0.0,0.0,0.0,0.0
17.4717592593,257416.0,32499.0,7.92073602265,703.0,64347.0,32.0,7.0,1587.0,4648.0,5430.0,6211.0,6119.0,7055.0,1248.0,169.0,29.0,3.0,0.0,0.0,0.0,0.0,0.0,0.0,0.0,0.0,0.0,0.0,0.0,0.0,0.0,0.0,0.0,0.0,0.0,0.0,0.0,0.0
17.4759259259,256924.0,32490.0,7.90778701139,703.0,64344.0,39.0,8.0,1505.0,4482.0,5527.0,6189.0,6269.0,7103.0,1235.0,158.0,19.0,3.0,0.0,0.0,0.0,0.0,0.0,0.0,0.0,0.0,0.0,0.0,0.0,0.0,0.0,0.0,0.0,0.0,0.0,0.0,0.0,0.0
17.4800925926,258166.0,32492.0,7.94552505232,703.0,64344.0,36.0,9.0,1522.0,4486.0,5438.0,6263.0,6173.0,7199.0,1232.0,149.0,27.0,3.0,0.0,0.0,0.0,0.0,0.0,0.0,0.0,0.0,0.0,0.0,0.0,0.0,0.0,0.0,0.0,0.0,0.0,0.0,0.0,0.0
17.4842592593,254748.0,32499.0,7.83864118896,704.0,64344.0,38.0,9.0,1668.0,4546.0,5417.0,6266.0,6162.0,7091.0,1169.0,151.0,23.0,6.0,0.0,0.0,0.0,0.0,0.0,0.0,0.0,0.0,0.0,0.0,0.0,0.0,0.0,0.0,0.0,0.0,0.0,0.0,0.0,0.0
17.4884259259,258882.0,32484.0,7.9695234577,704.0,64350.0,38.0,7.0,1591.0,4568.0,5355.0,6111.0,6225.0,7221.0,1214.0,166.0,32.0,1.0,0.0,0.0,0.0,0.0,0.0,0.0,0.0,0.0,0.0,0.0,0.0,0.0,0.0,0.0,0.0,0.0,0.0,0.0,0.0,0.0
17.4925925926,259045.0,32492.0,7.97257786532,706.0,64344.0,38.0,7.0,1565.0,4541.0,5354.0,6183.0,6267.0,7142.0,1252.0,158.0,25.0,5.0,0.0,0.0,0.0,0.0,0.0,0.0,0.0,0.0,0.0,0.0,0.0,0.0,0.0,0.0,0.0,0.0,0.0,0.0,0.0,0.0
17.4967592593,259037.0,32475.0,7.97650500385,703.0,64342.0,38.0,8.0,1551.0,4479.0,5335.0,6036.0,6360.0,7332.0,1199.0,162.0,20.0,1.0,0.0,0.0,0.0,0.0,0.0,0.0,0.0,0.0,0.0,0.0,0.0,0.0,0.0,0.0,0.0,0.0,0.0,0.0,0.0,0.0
17.5009259259,259919.0,32474.0,8.00391082096,699.0,64344.0,39.0,8.0,1571.0,4465.0,5237.0,5971.0,6511.0,7335.0,1218.0,140.0,23.0,3.0,0.0,0.0,0.0,0.0,0.0,0.0,0.0,0.0,0.0,0.0,0.0,0.0,0.0,0.0,0.0,0.0,0.0,0.0,0.0,0.0
17.5050925926,260439.0,32483.0,8.01770156697,703.0,64343.0,39.0,3.0,1543.0,4451.0,5260.0,5973.0,6481.0,7404.0,1198.0,150.0,20.0,3.0,0.0,0.0,0.0,0.0,0.0,0.0,0.0,0.0,0.0,0.0,0.0,0.0,0.0,0.0,0.0,0.0,0.0,0.0,0.0,0.0
17.5092592593,264747.0,32471.0,8.15333682363,699.0,64345.0,36.0,8.0,1531.0,4375.0,5130.0,5864.0,6612.0,7556.0,1228.0,150.0,19.0,6.0,0.0,0.0,0.0,0.0,0.0,0.0,0.0,0.0,0.0,0.0,0.0,0.0,0.0,0.0,0.0,0.0,0.0,0.0,0.0,0.0
17.5134259259,266337.0,32480.0,8.20003078818,698.0,64344.0,35.0,7.0,1546.0,4277.0,5004.0,5801.0,7012.0,7397.0,1268.0,144.0,26.0,5.0,0.0,0.0,0.0,0.0,0.0,0.0,0.0,0.0,0.0,0.0,0.0,0.0,0.0,0.0,0.0,0.0,0.0,0.0,0.0,0.0
17.5175925926,269454.0,32476.0,8.29701933736,699.0,64344.0,39.0,3.0,1524.0,4298.0,5020.0,5909.0,6731.0,7426.0,1386.0,144.0,35.0,3.0,0.0,0.0,0.0,0.0,0.0,0.0,0.0,0.0,0.0,0.0,0.0,0.0,0.0,0.0,0.0,0.0,0.0,0.0,0.0,0.0
17.5217592593,268552.0,32471.0,8.27051830864,699.0,64344.0,39.0,4.0,1559.0,4362.0,4907.0,5792.0,6741.0,7626.0,1291.0,172.0,19.0,2.0,0.0,0.0,0.0,0.0,0.0,0.0,0.0,0.0,0.0,0.0,0.0,0.0,0.0,0.0,0.0,0.0,0.0,0.0,0.0,0.0
17.5259259259,264137.0,32473.0,8.13404982601,704.0,64345.0,39.0,7.0,1620.0,4301.0,5032.0,5935.0,6784.0,7397.0,1225.0,144.0,31.0,4.0,0.0,0.0,0.0,0.0,0.0,0.0,0.0,0.0,0.0,0.0,0.0,0.0,0.0,0.0,0.0,0.0,0.0,0.0,0.0,0.0
17.5300925926,267092.0,32465.0,8.22707531187,699.0,64344.0,39.0,6.0,1613.0,4342.0,4863.0,5892.0,6770.0,7468.0,1346.0,147.0,22.0,2.0,0.0,0.0,0.0,0.0,0.0,0.0,0.0,0.0,0.0,0.0,0.0,0.0,0.0,0.0,0.0,0.0,0.0,0.0,0.0,0.0
17.5342592593,267531.0,32467.0,8.24008993747,698.0,64344.0,38.0,12.0,1531.0,4307.0,4948.0,5870.0,6813.0,7515.0,1322.0,130.0,27.0,4.0,0.0,0.0,0.0,0.0,0.0,0.0,0.0,0.0,0.0,0.0,0.0,0.0,0.0,0.0,0.0,0.0,0.0,0.0,0.0,0.0
17.5384259259,271930.0,32471.0,8.3745495981,698.0,64344.0,47.0,7.0,1453.0,4160.0,4849.0,5752.0,7071.0,7668.0,1348.0,150.0,16.0,4.0,0.0,0.0,0.0,0.0,0.0,0.0,0.0,0.0,0.0,0.0,0.0,0.0,0.0,0.0,0.0,0.0,0.0,0.0,0.0,0.0
17.5425925926,271261.0,32466.0,8.35523316701,704.0,64349.0,39.0,7.0,1528.0,4145.0,5092.0,5823.0,6851.0,7439.0,1399.0,149.0,37.0,3.0,0.0,0.0,0.0,0.0,0.0,0.0,0.0,0.0,0.0,0.0,0.0,0.0,0.0,0.0,0.0,0.0,0.0,0.0,0.0,0.0
17.5467592593,268970.0,32469.0,8.28390156765,699.0,64344.0,38.0,9.0,1486.0,4248.0,4951.0,5857.0,6814.0,7655.0,1280.0,152.0,23.0,3.0,0.0,0.0,0.0,0.0,0.0,0.0,0.0,0.0,0.0,0.0,0.0,0.0,0.0,0.0,0.0,0.0,0.0,0.0,0.0,0.0
17.5509259259,269492.0,32466.0,8.30074539518,698.0,64344.0,39.0,7.0,1501.0,4182.0,4967.0,5800.0,7014.0,7514.0,1291.0,173.0,21.0,3.0,0.0,0.0,0.0,0.0,0.0,0.0,0.0,0.0,0.0,0.0,0.0,0.0,0.0,0.0,0.0,0.0,0.0,0.0,0.0,0.0
17.5550925926,268039.0,32470.0,8.25497382199,699.0,64344.0,38.0,4.0,1498.0,4333.0,4897.0,5778.0,6952.0,7543.0,1295.0,144.0,30.0,0.0,0.0,0.0,0.0,0.0,0.0,0.0,0.0,0.0,0.0,0.0,0.0,0.0,0.0,0.0,0.0,0.0,0.0,0.0,0.0,0.0
17.5592592593,264392.0,32469.0,8.14290554067,699.0,64345.0,35.0,7.0,1518.0,4242.0,5089.0,5947.0,6861.0,7374.0,1280.0,133.0,20.0,5.0,0.0,0.0,0.0,0.0,0.0,0.0,0.0,0.0,0.0,0.0,0.0,0.0,0.0,0.0,0.0,0.0,0.0,0.0,0.0,0.0
17.5634259259,268112.0,32473.0,8.25645921227,696.0,64345.0,38.0,7.0,1568.0,4286.0,4891.0,5771.0,6978.0,7442.0,1370.0,147.0,18.0,2.0,0.0,0.0,0.0,0.0,0.0,0.0,0.0,0.0,0.0,0.0,0.0,0.0,0.0,0.0,0.0,0.0,0.0,0.0,0.0,0.0
17.5675925926,268270.0,32456.0,8.26565195958,698.0,64347.0,38.0,7.0,1539.0,4138.0,4940.0,5929.0,6783.0,7665.0,1306.0,137.0,14.0,5.0,0.0,0.0,0.0,0.0,0.0,0.0,0.0,0.0,0.0,0.0,0.0,0.0,0.0,0.0,0.0,0.0,0.0,0.0,0.0,0.0
17.5717592593,270916.0,32460.0,8.34614910659,698.0,64344.0,38.0,7.0,1494.0,4146.0,4845.0,5788.0,7085.0,7570.0,1382.0,122.0,24.0,4.0,0.0,0.0,0.0,0.0,0.0,0.0,0.0,0.0,0.0,0.0,0.0,0.0,0.0,0.0,0.0,0.0,0.0,0.0,0.0,0.0
17.5759259259,270606.0,32464.0,8.3355717102,698.0,64348.0,38.0,6.0,1524.0,4202.0,4924.0,5853.0,6887.0,7576.0,1302.0,161.0,32.0,3.0,0.0,0.0,0.0,0.0,0.0,0.0,0.0,0.0,0.0,0.0,0.0,0.0,0.0,0.0,0.0,0.0,0.0,0.0,0.0,0.0
17.5800925926,271320.0,32454.0,8.36014050656,698.0,64348.0,39.0,7.0,1481.0,4198.0,4947.0,5695.0,6980.0,7611.0,1360.0,160.0,20.0,2.0,0.0,0.0,0.0,0.0,0.0,0.0,0.0,0.0,0.0,0.0,0.0,0.0,0.0,0.0,0.0,0.0,0.0,0.0,0.0,0.0
17.5842592593,273535.0,32458.0,8.42735227063,696.0,64344.0,39.0,8.0,1539.0,4235.0,4906.0,5546.0,6991.0,7676.0,1370.0,164.0,29.0,2.0,0.0,0.0,0.0,0.0,0.0,0.0,0.0,0.0,0.0,0.0,0.0,0.0,0.0,0.0,0.0,0.0,0.0,0.0,0.0,0.0
17.5884259259,274690.0,32463.0,8.461633244,698.0,64342.0,39.0,1.0,1529.0,4140.0,4805.0,5821.0,6987.0,7556.0,1424.0,167.0,32.0,2.0,0.0,0.0,0.0,0.0,0.0,0.0,0.0,0.0,0.0,0.0,0.0,0.0,0.0,0.0,0.0,0.0,0.0,0.0,0.0,0.0
17.5925925926,275711.0,32461.0,8.49360771387,696.0,64343.0,39.0,7.0,1476.0,4147.0,4724.0,5803.0,7101.0,7597.0,1408.0,174.0,28.0,3.0,0.0,0.0,0.0,0.0,0.0,0.0,0.0,0.0,0.0,0.0,0.0,0.0,0.0,0.0,0.0,0.0,0.0,0.0,0.0,0.0
17.5967592593,276803.0,32467.0,8.52567222102,698.0,64344.0,39.0,6.0,1488.0,4105.0,4747.0,5885.0,6952.0,7667.0,1410.0,178.0,32.0,3.0,0.0,0.0,0.0,0.0,0.0,0.0,0.0,0.0,0.0,0.0,0.0,0.0,0.0,0.0,0.0,0.0,0.0,0.0,0.0,0.0
17.6009259259,271560.0,32460.0,8.36598890943,698.0,64344.0,35.0,8.0,1512.0,4126.0,4861.0,5826.0,6953.0,7634.0,1370.0,156.0,22.0,0.0,0.0,0.0,0.0,0.0,0.0,0.0,0.0,0.0,0.0,0.0,0.0,0.0,0.0,0.0,0.0,0.0,0.0,0.0,0.0,0.0
17.6050925926,271015.0,32475.0,8.34534257121,698.0,64339.0,39.0,4.0,1511.0,4179.0,4936.0,5817.0,6848.0,7652.0,1353.0,156.0,21.0,2.0,0.0,0.0,0.0,0.0,0.0,0.0,0.0,0.0,0.0,0.0,0.0,0.0,0.0,0.0,0.0,0.0,0.0,0.0,0.0,0.0
17.6092592593,269246.0,32469.0,8.29240198343,699.0,64345.0,39.0,6.0,1491.0,4288.0,4953.0,5909.0,6745.0,7605.0,1309.0,137.0,24.0,8.0,0.0,0.0,0.0,0.0,0.0,0.0,0.0,0.0,0.0,0.0,0.0,0.0,0.0,0.0,0.0,0.0,0.0,0.0,0.0,0.0
17.6134259259,269077.0,32471.0,8.28668658187,698.0,64346.0,38.0,8.0,1488.0,4279.0,4939.0,5870.0,6824.0,7549.0,1356.0,138.0,26.0,2.0,0.0,0.0,0.0,0.0,0.0,0.0,0.0,0.0,0.0,0.0,0.0,0.0,0.0,0.0,0.0,0.0,0.0,0.0,0.0,0.0
17.6175925926,275983.0,32467.0,8.50041580682,698.0,64344.0,39.0,3.0,1522.0,4125.0,4857.0,5680.0,6944.0,7738.0,1401.0,166.0,32.0,2.0,0.0,0.0,0.0,0.0,0.0,0.0,0.0,0.0,0.0,0.0,0.0,0.0,0.0,0.0,0.0,0.0,0.0,0.0,0.0,0.0
17.6217592593,273609.0,32473.0,8.42573830567,698.0,64345.0,39.0,8.0,1518.0,4271.0,4769.0,5814.0,6888.0,7668.0,1356.0,152.0,30.0,7.0,0.0,0.0,0.0,0.0,0.0,0.0,0.0,0.0,0.0,0.0,0.0,0.0,0.0,0.0,0.0,0.0,0.0,0.0,0.0,0.0
17.6259259259,274215.0,32473.0,8.44439996305,699.0,64342.0,40.0,4.0,1446.0,4121.0,4835.0,5886.0,6992.0,7619.0,1385.0,158.0,26.0,5.0,0.0,0.0,0.0,0.0,0.0,0.0,0.0,0.0,0.0,0.0,0.0,0.0,0.0,0.0,0.0,0.0,0.0,0.0,0.0,0.0
17.6300925926,271764.0,32475.0,8.36840646651,698.0,64340.0,43.0,7.0,1434.0,4194.0,4995.0,5809.0,6917.0,7618.0,1307.0,167.0,32.0,2.0,0.0,0.0,0.0,0.0,0.0,0.0,0.0,0.0,0.0,0.0,0.0,0.0,0.0,0.0,0.0,0.0,0.0,0.0,0.0,0.0
17.6342592593,269070.0,32481.0,8.28391983005,696.0,64343.0,38.0,4.0,1535.0,4212.0,5025.0,5794.0,6820.0,7565.0,1353.0,155.0,22.0,0.0,0.0,0.0,0.0,0.0,0.0,0.0,0.0,0.0,0.0,0.0,0.0,0.0,0.0,0.0,0.0,0.0,0.0,0.0,0.0,0.0
17.6384259259,266646.0,32460.0,8.2146025878,698.0,64345.0,39.0,7.0,1547.0,4292.0,5053.0,6000.0,6649.0,7379.0,1363.0,153.0,20.0,4.0,0.0,0.0,0.0,0.0,0.0,0.0,0.0,0.0,0.0,0.0,0.0,0.0,0.0,0.0,0.0,0.0,0.0,0.0,0.0,0.0
17.6425925926,270117.0,32459.0,8.32179056656,701.0,64344.0,36.0,12.0,1513.0,4161.0,4882.0,6016.0,6928.0,7456.0,1302.0,170.0,24.0,7.0,0.0,0.0,0.0,0.0,0.0,0.0,0.0,0.0,0.0,0.0,0.0,0.0,0.0,0.0,0.0,0.0,0.0,0.0,0.0,0.0
17.6467592593,271022.0,32462.0,8.3489002526,698.0,64344.0,39.0,9.0,1503.0,4270.0,4896.0,5764.0,6836.0,7633.0,1388.0,148.0,23.0,1.0,0.0,0.0,0.0,0.0,0.0,0.0,0.0,0.0,0.0,0.0,0.0,0.0,0.0,0.0,0.0,0.0,0.0,0.0,0.0,0.0
17.6509259259,269786.0,32464.0,8.31031296205,698.0,64344.0,38.0,7.0,1454.0,4250.0,4820.0,5898.0,6924.0,7573.0,1384.0,145.0,15.0,1.0,0.0,0.0,0.0,0.0,0.0,0.0,0.0,0.0,0.0,0.0,0.0,0.0,0.0,0.0,0.0,0.0,0.0,0.0,0.0,0.0
17.6550925926,263970.0,32455.0,8.13341549838,698.0,64345.0,38.0,6.0,1515.0,4380.0,5093.0,5933.0,6763.0,7353.0,1239.0,147.0,26.0,6.0,0.0,0.0,0.0,0.0,0.0,0.0,0.0,0.0,0.0,0.0,0.0,0.0,0.0,0.0,0.0,0.0,0.0,0.0,0.0,0.0
17.6592592593,265801.0,32461.0,8.18831828964,698.0,64345.0,39.0,8.0,1515.0,4363.0,4957.0,6011.0,6645.0,7541.0,1243.0,161.0,22.0,3.0,0.0,0.0,0.0,0.0,0.0,0.0,0.0,0.0,0.0,0.0,0.0,0.0,0.0,0.0,0.0,0.0,0.0,0.0,0.0,0.0
17.6634259259,260832.0,32469.0,8.03326249654,698.0,64347.0,35.0,8.0,1508.0,4494.0,5383.0,6045.0,6360.0,7219.0,1273.0,155.0,30.0,2.0,0.0,0.0,0.0,0.0,0.0,0.0,0.0,0.0,0.0,0.0,0.0,0.0,0.0,0.0,0.0,0.0,0.0,0.0,0.0,0.0
17.6675925926,256921.0,32468.0,7.91305285204,698.0,64348.0,38.0,7.0,1535.0,4483.0,5325.0,6149.0,6339.0,7283.0,1191.0,143.0,19.0,1.0,0.0,0.0,0.0,0.0,0.0,0.0,0.0,0.0,0.0,0.0,0.0,0.0,0.0,0.0,0.0,0.0,0.0,0.0,0.0,0.0
17.6717592593,257789.0,32468.0,7.93978686707,698.0,64345.0,38.0,8.0,1588.0,4565.0,5346.0,6175.0,6139.0,7227.0,1263.0,138.0,24.0,3.0,0.0,0.0,0.0,0.0,0.0,0.0,0.0,0.0,0.0,0.0,0.0,0.0,0.0,0.0,0.0,0.0,0.0,0.0,0.0,0.0
17.6759259259,258006.0,32468.0,7.94647037083,698.0,64347.0,39.0,3.0,1710.0,4588.0,5329.0,6124.0,6173.0,7099.0,1254.0,157.0,28.0,6.0,0.0,0.0,0.0,0.0,0.0,0.0,0.0,0.0,0.0,0.0,0.0,0.0,0.0,0.0,0.0,0.0,0.0,0.0,0.0,0.0
17.6800925926,256822.0,32470.0,7.90951647675,698.0,64347.0,39.0,6.0,1541.0,4550.0,5374.0,6297.0,6242.0,7076.0,1178.0,186.0,24.0,2.0,0.0,0.0,0.0,0.0,0.0,0.0,0.0,0.0,0.0,0.0,0.0,0.0,0.0,0.0,0.0,0.0,0.0,0.0,0.0,0.0
17.6842592593,258763.0,32471.0,7.96904930553,698.0,64344.0,38.0,12.0,1613.0,4485.0,5447.0,6126.0,6170.0,7205.0,1211.0,190.0,22.0,2.0,0.0,0.0,0.0,0.0,0.0,0.0,0.0,0.0,0.0,0.0,0.0,0.0,0.0,0.0,0.0,0.0,0.0,0.0,0.0,0.0
17.6884259259,257448.0,32471.0,7.92855163069,698.0,64345.0,35.0,12.0,1595.0,4524.0,5582.0,6218.0,6033.0,7077.0,1247.0,162.0,26.0,7.0,0.0,0.0,0.0,0.0,0.0,0.0,0.0,0.0,0.0,0.0,0.0,0.0,0.0,0.0,0.0,0.0,0.0,0.0,0.0,0.0
17.6925925926,255050.0,32475.0,7.85373364126,698.0,64344.0,39.0,6.0,1584.0,4584.0,5445.0,6316.0,6051.0,7145.0,1170.0,151.0,23.0,6.0,0.0,0.0,0.0,0.0,0.0,0.0,0.0,0.0,0.0,0.0,0.0,0.0,0.0,0.0,0.0,0.0,0.0,0.0,0.0,0.0
17.6967592593,255463.0,32471.0,7.86742015953,699.0,64344.0,43.0,6.0,1630.0,4607.0,5486.0,6255.0,6070.0,7014.0,1220.0,155.0,28.0,6.0,0.0,0.0,0.0,0.0,0.0,0.0,0.0,0.0,0.0,0.0,0.0,0.0,0.0,0.0,0.0,0.0,0.0,0.0,0.0,0.0
17.7009259259,249093.0,32472.0,7.67100886918,698.0,64344.0,35.0,7.0,1580.0,4653.0,5640.0,6470.0,5872.0,6953.0,1129.0,152.0,21.0,2.0,0.0,0.0,0.0,0.0,0.0,0.0,0.0,0.0,0.0,0.0,0.0,0.0,0.0,0.0,0.0,0.0,0.0,0.0,0.0,0.0
17.7050925926,250513.0,32471.0,7.71497644052,699.0,64343.0,39.0,7.0,1647.0,4729.0,5568.0,6192.0,5989.0,7021.0,1163.0,136.0,23.0,3.0,0.0,0.0,0.0,0.0,0.0,0.0,0.0,0.0,0.0,0.0,0.0,0.0,0.0,0.0,0.0,0.0,0.0,0.0,0.0,0.0
17.7092592593,255283.0,32463.0,7.86381418846,698.0,64348.0,39.0,9.0,1641.0,4675.0,5374.0,6411.0,5865.0,7100.0,1200.0,169.0,21.0,7.0,0.0,0.0,0.0,0.0,0.0,0.0,0.0,0.0,0.0,0.0,0.0,0.0,0.0,0.0,0.0,0.0,0.0,0.0,0.0,0.0
17.7134259259,254229.0,32468.0,7.83014044598,698.0,64344.0,38.0,7.0,1563.0,4627.0,5657.0,6292.0,5784.0,7132.0,1238.0,149.0,24.0,2.0,0.0,0.0,0.0,0.0,0.0,0.0,0.0,0.0,0.0,0.0,0.0,0.0,0.0,0.0,0.0,0.0,0.0,0.0,0.0,0.0
17.7175925926,252535.0,32478.0,7.77557115586,698.0,64347.0,39.0,6.0,1606.0,4695.0,5528.0,6346.0,5931.0,7005.0,1189.0,150.0,23.0,5.0,0.0,0.0,0.0,0.0,0.0,0.0,0.0,0.0,0.0,0.0,0.0,0.0,0.0,0.0,0.0,0.0,0.0,0.0,0.0,0.0
17.7217592593,255648.0,32482.0,7.87045132689,699.0,64343.0,39.0,9.0,1537.0,4694.0,5585.0,6250.0,5950.0,7015.0,1253.0,170.0,25.0,3.0,0.0,0.0,0.0,0.0,0.0,0.0,0.0,0.0,0.0,0.0,0.0,0.0,0.0,0.0,0.0,0.0,0.0,0.0,0.0,0.0
17.7259259259,255838.0,32481.0,7.87654320988,699.0,64344.0,36.0,8.0,1537.0,4544.0,5645.0,6285.0,5926.0,7126.0,1234.0,154.0,28.0,2.0,0.0,0.0,0.0,0.0,0.0,0.0,0.0,0.0,0.0,0.0,0.0,0.0,0.0,0.0,0.0,0.0,0.0,0.0,0.0,0.0
17.7300925926,249980.0,32486.0,7.69500707997,701.0,64344.0,35.0,8.0,1618.0,4688.0,5606.0,6404.0,5974.0,6896.0,1095.0,175.0,28.0,2.0,0.0,0.0,0.0,0.0,0.0,0.0,0.0,0.0,0.0,0.0,0.0,0.0,0.0,0.0,0.0,0.0,0.0,0.0,0.0,0.0
17.7342592593,250900.0,32476.0,7.7257051361,701.0,64345.0,38.0,8.0,1617.0,4582.0,5479.0,6378.0,6043.0,7084.0,1133.0,134.0,26.0,0.0,0.0,0.0,0.0,0.0,0.0,0.0,0.0,0.0,0.0,0.0,0.0,0.0,0.0,0.0,0.0,0.0,0.0,0.0,0.0,0.0
17.7384259259,249730.0,32472.0,7.69062576989,699.0,64345.0,39.0,4.0,1641.0,4628.0,5731.0,6316.0,5863.0,6952.0,1184.0,129.0,24.0,4.0,0.0,0.0,0.0,0.0,0.0,0.0,0.0,0.0,0.0,0.0,0.0,0.0,0.0,0.0,0.0,0.0,0.0,0.0,0.0,0.0
17.7425925926,247193.0,32478.0,7.6110905844,699.0,64344.0,38.0,7.0,1642.0,4713.0,5682.0,6367.0,5966.0,6808.0,1103.0,180.0,17.0,0.0,0.0,0.0,0.0,0.0,0.0,0.0,0.0,0.0,0.0,0.0,0.0,0.0,0.0,0.0,0.0,0.0,0.0,0.0,0.0,0.0
17.7467592593,251454.0,32477.0,7.74252547957,704.0,64344.0,35.0,7.0,1588.0,4612.0,5765.0,6288.0,5844.0,7035.0,1155.0,167.0,21.0,2.0,0.0,0.0,0.0,0.0,0.0,0.0,0.0,0.0,0.0,0.0,0.0,0.0,0.0,0.0,0.0,0.0,0.0,0.0,0.0,0.0
17.7509259259,205222.0,27056.0,7.58508279125,699.0,64345.0,35.0,14.0,1330.0,3940.0,4793.0,5344.0,4840.0,5739.0,927.0,128.0,15.0,0.0,0.0,0.0,0.0,0.0,0.0,0.0,0.0,0.0,0.0,0.0,0.0,0.0,0.0,0.0,0.0,0.0,0.0,0.0,0.0,0.0
