tDays,Energy,Count,EnergyPerCountFiltered,Temp,X,Y,Z,BIN_0,BIN_1,BIN_2,BIN_3,BIN_4,BIN_5,BIN_6,BIN_7,BIN_8,BIN_9,BIN_10,BIN_11,BIN_12,BIN_13,BIN_14,BIN_15,BIN_16,BIN_17,BIN_18,BIN_19,BIN_20,BIN_21,BIN_22,BIN_23,BIN_24,BIN_25,BIN_26,BIN_27,BIN_28,BIN_29
36.6331597222,336558.0,35277.0,9.540437112,649.0,64572.0,639.0,243.0,1812.0,4174.0,3062.0,6347.0,8145.0,9350.0,2137.0,223.0,27.0,0.0,0.0,0.0,0.0,0.0,0.0,0.0,0.0,0.0,0.0,0.0,0.0,0.0,0.0,0.0,0.0,0.0,0.0,0.0,0.0,0.0
36.6352430556,332898.0,35265.0,9.43989791578,650.0,64572.0,636.0,246.0,1835.0,4062.0,3074.0,6632.0,8000.0,9378.0,2054.0,204.0,26.0,0.0,0.0,0.0,0.0,0.0,0.0,0.0,0.0,0.0,0.0,0.0,0.0,0.0,0.0,0.0,0.0,0.0,0.0,0.0,0.0,0.0
36.6373263889,331461.0,35260.0,9.40048213273,650.0,64575.0,638.0,248.0,1793.0,4177.0,3132.0,6549.0,8019.0,9369.0,1992.0,196.0,31.0,2.0,0.0,0.0,0.0,0.0,0.0,0.0,0.0,0.0,0.0,0.0,0.0,0.0,0.0,0.0,0.0,0.0,0.0,0.0,0.0,0.0
36.6394097222,336555.0,35263.0,9.54413974988,652.0,64572.0,638.0,248.0,1748.0,4107.0,3014.0,6519.0,8121.0,9355.0,2160.0,219.0,20.0,0.0,0.0,0.0,0.0,0.0,0.0,0.0,0.0,0.0,0.0,0.0,0.0,0.0,0.0,0.0,0.0,0.0,0.0,0.0,0.0,0.0
36.6414930556,336296.0,35275.0,9.53355067328,653.0,64572.0,638.0,248.0,1832.0,4068.0,3154.0,6400.0,7924.0,9538.0,2135.0,202.0,20.0,2.0,0.0,0.0,0.0,0.0,0.0,0.0,0.0,0.0,0.0,0.0,0.0,0.0,0.0,0.0,0.0,0.0,0.0,0.0,0.0,0.0
36.6435763889,334083.0,35286.0,9.4678626084,652.0,64572.0,639.0,243.0,1812.0,4063.0,3088.0,6339.0,8353.0,9357.0,2045.0,204.0,23.0,2.0,0.0,0.0,0.0,0.0,0.0,0.0,0.0,0.0,0.0,0.0,0.0,0.0,0.0,0.0,0.0,0.0,0.0,0.0,0.0,0.0
36.6456597222,334040.0,35277.0,9.46905916036,646.0,64573.0,636.0,240.0,1853.0,4110.0,2983.0,6483.0,8214.0,9332.0,2060.0,217.0,25.0,0.0,0.0,0.0,0.0,0.0,0.0,0.0,0.0,0.0,0.0,0.0,0.0,0.0,0.0,0.0,0.0,0.0,0.0,0.0,0.0,0.0
36.6477430556,332745.0,35289.0,9.42914222562,652.0,64574.0,636.0,242.0,1866.0,4133.0,2934.0,6618.0,8136.0,9385.0,1974.0,215.0,24.0,4.0,0.0,0.0,0.0,0.0,0.0,0.0,0.0,0.0,0.0,0.0,0.0,0.0,0.0,0.0,0.0,0.0,0.0,0.0,0.0,0.0
36.6498263889,334206.0,35286.0,9.47134841013,653.0,64572.0,636.0,248.0,1925.0,4056.0,2923.0,6432.0,8176.0,9479.0,2069.0,213.0,13.0,0.0,0.0,0.0,0.0,0.0,0.0,0.0,0.0,0.0,0.0,0.0,0.0,0.0,0.0,0.0,0.0,0.0,0.0,0.0,0.0,0.0
36.6519097222,336066.0,35287.0,9.52379063111,652.0,64575.0,633.0,248.0,1847.0,3910.0,3012.0,6393.0,8350.0,9502.0,2030.0,224.0,19.0,0.0,0.0,0.0,0.0,0.0,0.0,0.0,0.0,0.0,0.0,0.0,0.0,0.0,0.0,0.0,0.0,0.0,0.0,0.0,0.0,0.0
36.6539930556,334937.0,35280.0,9.49367913832,652.0,64572.0,638.0,248.0,1772.0,3953.0,2966.0,6361.0,8639.0,9354.0,2008.0,199.0,26.0,2.0,0.0,0.0,0.0,0.0,0.0,0.0,0.0,0.0,0.0,0.0,0.0,0.0,0.0,0.0,0.0,0.0,0.0,0.0,0.0,0.0
36.6560763889,333479.0,35280.0,9.45235260771,652.0,64572.0,636.0,248.0,1703.0,3851.0,3108.0,6429.0,8734.0,9169.0,2091.0,168.0,27.0,0.0,0.0,0.0,0.0,0.0,0.0,0.0,0.0,0.0,0.0,0.0,0.0,0.0,0.0,0.0,0.0,0.0,0.0,0.0,0.0,0.0
36.6581597222,338480.0,35292.0,9.59084211719,653.0,64575.0,636.0,243.0,1697.0,3924.0,3108.0,6167.0,8843.0,9222.0,2082.0,211.0,35.0,3.0,0.0,0.0,0.0,0.0,0.0,0.0,0.0,0.0,0.0,0.0,0.0,0.0,0.0,0.0,0.0,0.0,0.0,0.0,0.0,0.0
36.6602430556,339610.0,35287.0,9.62422421855,653.0,64574.0,636.0,244.0,1628.0,3788.0,3073.0,6295.0,8888.0,9255.0,2124.0,207.0,26.0,3.0,0.0,0.0,0.0,0.0,0.0,0.0,0.0,0.0,0.0,0.0,0.0,0.0,0.0,0.0,0.0,0.0,0.0,0.0,0.0,0.0
36.6623263889,336342.0,35292.0,9.53026181571,652.0,64574.0,639.0,247.0,1687.0,3888.0,2975.0,6292.0,8993.0,9109.0,2126.0,200.0,22.0,0.0,0.0,0.0,0.0,0.0,0.0,0.0,0.0,0.0,0.0,0.0,0.0,0.0,0.0,0.0,0.0,0.0,0.0,0.0,0.0,0.0
36.6644097222,339074.0,35290.0,9.60821762539,652.0,64574.0,632.0,248.0,1790.0,3890.0,3010.0,6517.0,8389.0,9339.0,2111.0,201.0,38.0,5.0,0.0,0.0,0.0,0.0,0.0,0.0,0.0,0.0,0.0,0.0,0.0,0.0,0.0,0.0,0.0,0.0,0.0,0.0,0.0,0.0
36.6664930556,339991.0,35281.0,9.63665995862,653.0,64572.0,636.0,248.0,1749.0,3877.0,3041.0,6270.0,8631.0,9324.0,2146.0,206.0,36.0,1.0,0.0,0.0,0.0,0.0,0.0,0.0,0.0,0.0,0.0,0.0,0.0,0.0,0.0,0.0,0.0,0.0,0.0,0.0,0.0,0.0
36.6685763889,336642.0,35298.0,9.5371409145,653.0,64569.0,639.0,248.0,1796.0,3972.0,2993.0,6287.0,8770.0,9149.0,2082.0,215.0,32.0,2.0,0.0,0.0,0.0,0.0,0.0,0.0,0.0,0.0,0.0,0.0,0.0,0.0,0.0,0.0,0.0,0.0,0.0,0.0,0.0,0.0
36.6706597222,340937.0,35294.0,9.65991386638,652.0,64575.0,636.0,246.0,1785.0,3875.0,2885.0,6241.0,8895.0,9178.0,2196.0,200.0,37.0,2.0,0.0,0.0,0.0,0.0,0.0,0.0,0.0,0.0,0.0,0.0,0.0,0.0,0.0,0.0,0.0,0.0,0.0,0.0,0.0,0.0
36.6727430556,340586.0,35292.0,9.65051569761,656.0,64574.0,636.0,246.0,1741.0,3744.0,2849.0,6248.0,8989.0,9408.0,2082.0,203.0,24.0,4.0,0.0,0.0,0.0,0.0,0.0,0.0,0.0,0.0,0.0,0.0,0.0,0.0,0.0,0.0,0.0,0.0,0.0,0.0,0.0,0.0
36.6748263889,347520.0,35294.0,9.84643282144,655.0,64573.0,638.0,251.0,1691.0,3840.0,2728.0,6166.0,8811.0,9580.0,2250.0,192.0,29.0,7.0,0.0,0.0,0.0,0.0,0.0,0.0,0.0,0.0,0.0,0.0,0.0,0.0,0.0,0.0,0.0,0.0,0.0,0.0,0.0,0.0
36.6769097222,337602.0,35301.0,9.5635251126,653.0,64572.0,632.0,248.0,1844.0,3964.0,2817.0,6279.0,8793.0,9270.0,2106.0,197.0,29.0,2.0,0.0,0.0,0.0,0.0,0.0,0.0,0.0,0.0,0.0,0.0,0.0,0.0,0.0,0.0,0.0,0.0,0.0,0.0,0.0,0.0
36.6789930556,340058.0,35291.0,9.63582783146,655.0,64572.0,638.0,251.0,1799.0,3892.0,2903.0,6252.0,8625.0,9438.0,2151.0,208.0,21.0,2.0,0.0,0.0,0.0,0.0,0.0,0.0,0.0,0.0,0.0,0.0,0.0,0.0,0.0,0.0,0.0,0.0,0.0,0.0,0.0,0.0
36.6810763889,334826.0,35303.0,9.48434977197,656.0,64572.0,636.0,255.0,1775.0,3894.0,2952.0,6419.0,8771.0,9222.0,2063.0,180.0,22.0,5.0,0.0,0.0,0.0,0.0,0.0,0.0,0.0,0.0,0.0,0.0,0.0,0.0,0.0,0.0,0.0,0.0,0.0,0.0,0.0,0.0
36.6831597222,339437.0,35304.0,9.61468955359,655.0,64572.0,636.0,249.0,1735.0,3899.0,2923.0,6133.0,8929.0,9360.0,2092.0,204.0,27.0,2.0,0.0,0.0,0.0,0.0,0.0,0.0,0.0,0.0,0.0,0.0,0.0,0.0,0.0,0.0,0.0,0.0,0.0,0.0,0.0,0.0
36.6852430556,336331.0,35298.0,9.52833021701,656.0,64571.0,636.0,241.0,1795.0,3919.0,2896.0,6241.0,8773.0,9337.0,2137.0,186.0,14.0,0.0,0.0,0.0,0.0,0.0,0.0,0.0,0.0,0.0,0.0,0.0,0.0,0.0,0.0,0.0,0.0,0.0,0.0,0.0,0.0,0.0
36.6873263889,336342.0,35298.0,9.5286418494,656.0,64572.0,636.0,247.0,1730.0,3862.0,2936.0,6272.0,8906.0,9288.0,2098.0,189.0,15.0,2.0,0.0,0.0,0.0,0.0,0.0,0.0,0.0,0.0,0.0,0.0,0.0,0.0,0.0,0.0,0.0,0.0,0.0,0.0,0.0,0.0
36.6894097222,343788.0,35297.0,9.73986457773,653.0,64570.0,636.0,244.0,1673.0,3810.0,2865.0,6264.0,8893.0,9372.0,2185.0,194.0,37.0,4.0,0.0,0.0,0.0,0.0,0.0,0.0,0.0,0.0,0.0,0.0,0.0,0.0,0.0,0.0,0.0,0.0,0.0,0.0,0.0,0.0
36.6914930556,339080.0,35296.0,9.60675430644,656.0,64575.0,636.0,243.0,1819.0,3966.0,2857.0,6068.0,8953.0,9260.0,2153.0,187.0,31.0,2.0,0.0,0.0,0.0,0.0,0.0,0.0,0.0,0.0,0.0,0.0,0.0,0.0,0.0,0.0,0.0,0.0,0.0,0.0,0.0,0.0
36.6935763889,339061.0,35309.0,9.6026792036,653.0,64574.0,638.0,241.0,1821.0,3775.0,2891.0,6274.0,8911.0,9234.0,2188.0,192.0,22.0,1.0,0.0,0.0,0.0,0.0,0.0,0.0,0.0,0.0,0.0,0.0,0.0,0.0,0.0,0.0,0.0,0.0,0.0,0.0,0.0,0.0
36.6956597222,346286.0,35279.0,9.81564103291,653.0,64575.0,636.0,246.0,1710.0,3736.0,2719.0,6336.0,8749.0,9551.0,2250.0,197.0,28.0,3.0,0.0,0.0,0.0,0.0,0.0,0.0,0.0,0.0,0.0,0.0,0.0,0.0,0.0,0.0,0.0,0.0,0.0,0.0,0.0,0.0
36.6977430556,344811.0,35279.0,9.77383145781,656.0,64575.0,639.0,247.0,1675.0,3807.0,2874.0,6202.0,8670.0,9616.0,2208.0,199.0,26.0,2.0,0.0,0.0,0.0,0.0,0.0,0.0,0.0,0.0,0.0,0.0,0.0,0.0,0.0,0.0,0.0,0.0,0.0,0.0,0.0,0.0
36.6998263889,338860.0,35305.0,9.59807392721,653.0,64571.0,639.0,246.0,1760.0,3862.0,2977.0,6207.0,8911.0,9230.0,2120.0,206.0,31.0,1.0,0.0,0.0,0.0,0.0,0.0,0.0,0.0,0.0,0.0,0.0,0.0,0.0,0.0,0.0,0.0,0.0,0.0,0.0,0.0,0.0
36.7019097222,340641.0,35298.0,9.65043345232,656.0,64575.0,636.0,246.0,1656.0,3739.0,2965.0,6237.0,9059.0,9311.0,2097.0,199.0,33.0,2.0,0.0,0.0,0.0,0.0,0.0,0.0,0.0,0.0,0.0,0.0,0.0,0.0,0.0,0.0,0.0,0.0,0.0,0.0,0.0,0.0
36.7039930556,334769.0,35296.0,9.48461582049,656.0,64575.0,636.0,246.0,1741.0,3965.0,3062.0,6294.0,8718.0,9220.0,2082.0,188.0,24.0,2.0,0.0,0.0,0.0,0.0,0.0,0.0,0.0,0.0,0.0,0.0,0.0,0.0,0.0,0.0,0.0,0.0,0.0,0.0,0.0,0.0
36.7060763889,334956.0,35301.0,9.4885697289,658.0,64575.0,636.0,243.0,1764.0,3908.0,3080.0,6374.0,8676.0,9208.0,2055.0,210.0,25.0,1.0,0.0,0.0,0.0,0.0,0.0,0.0,0.0,0.0,0.0,0.0,0.0,0.0,0.0,0.0,0.0,0.0,0.0,0.0,0.0,0.0
36.7081597222,342289.0,35304.0,9.69547360073,653.0,64569.0,639.0,246.0,1668.0,4029.0,2920.0,6179.0,8667.0,9438.0,2136.0,241.0,24.0,2.0,0.0,0.0,0.0,0.0,0.0,0.0,0.0,0.0,0.0,0.0,0.0,0.0,0.0,0.0,0.0,0.0,0.0,0.0,0.0,0.0
36.7102430556,341660.0,35297.0,9.67957616795,656.0,64571.0,639.0,246.0,1694.0,3838.0,2923.0,6236.0,8819.0,9396.0,2164.0,196.0,28.0,3.0,0.0,0.0,0.0,0.0,0.0,0.0,0.0,0.0,0.0,0.0,0.0,0.0,0.0,0.0,0.0,0.0,0.0,0.0,0.0,0.0
36.7123263889,340199.0,35307.0,9.63545472569,656.0,64569.0,636.0,252.0,1793.0,3781.0,2941.0,6226.0,8794.0,9391.0,2161.0,198.0,19.0,3.0,0.0,0.0,0.0,0.0,0.0,0.0,0.0,0.0,0.0,0.0,0.0,0.0,0.0,0.0,0.0,0.0,0.0,0.0,0.0,0.0
36.7144097222,346953.0,35308.0,9.82646992183,656.0,64574.0,636.0,247.0,1776.0,3691.0,2759.0,6172.0,8792.0,9610.0,2282.0,203.0,23.0,0.0,0.0,0.0,0.0,0.0,0.0,0.0,0.0,0.0,0.0,0.0,0.0,0.0,0.0,0.0,0.0,0.0,0.0,0.0,0.0,0.0
36.7164930556,342423.0,35306.0,9.69871976435,659.0,64572.0,638.0,241.0,1755.0,3823.0,2780.0,6208.0,8936.0,9423.0,2150.0,198.0,31.0,2.0,0.0,0.0,0.0,0.0,0.0,0.0,0.0,0.0,0.0,0.0,0.0,0.0,0.0,0.0,0.0,0.0,0.0,0.0,0.0,0.0
36.7185763889,342713.0,35308.0,9.70638382236,655.0,64572.0,636.0,251.0,1732.0,3793.0,2974.0,6143.0,8850.0,9382.0,2184.0,225.0,25.0,0.0,0.0,0.0,0.0,0.0,0.0,0.0,0.0,0.0,0.0,0.0,0.0,0.0,0.0,0.0,0.0,0.0,0.0,0.0,0.0,0.0
36.7206597222,342171.0,35300.0,9.69322946176,658.0,64572.0,636.0,246.0,1709.0,3807.0,2906.0,6160.0,8833.0,9468.0,2214.0,177.0,24.0,2.0,0.0,0.0,0.0,0.0,0.0,0.0,0.0,0.0,0.0,0.0,0.0,0.0,0.0,0.0,0.0,0.0,0.0,0.0,0.0,0.0
36.7227430556,345041.0,35308.0,9.7723178883,655.0,64568.0,636.0,247.0,1807.0,3821.0,2908.0,6201.0,8573.0,9508.0,2247.0,213.0,26.0,4.0,0.0,0.0,0.0,0.0,0.0,0.0,0.0,0.0,0.0,0.0,0.0,0.0,0.0,0.0,0.0,0.0,0.0,0.0,0.0,0.0
36.7248263889,342364.0,35310.0,9.69595015576,655.0,64572.0,636.0,248.0,1756.0,3856.0,2798.0,6304.0,8754.0,9368.0,2251.0,202.0,20.0,1.0,0.0,0.0,0.0,0.0,0.0,0.0,0.0,0.0,0.0,0.0,0.0,0.0,0.0,0.0,0.0,0.0,0.0,0.0,0.0,0.0
36.7269097222,339107.0,35312.0,9.60316606253,656.0,64572.0,636.0,248.0,1784.0,3873.0,2929.0,6204.0,8704.0,9497.0,2103.0,193.0,24.0,1.0,0.0,0.0,0.0,0.0,0.0,0.0,0.0,0.0,0.0,0.0,0.0,0.0,0.0,0.0,0.0,0.0,0.0,0.0,0.0,0.0
36.7289930556,340818.0,35311.0,9.65189317776,655.0,64574.0,639.0,248.0,1869.0,3824.0,2971.0,6191.0,8640.0,9439.0,2138.0,205.0,32.0,2.0,0.0,0.0,0.0,0.0,0.0,0.0,0.0,0.0,0.0,0.0,0.0,0.0,0.0,0.0,0.0,0.0,0.0,0.0,0.0,0.0
36.7310763889,339791.0,35307.0,9.62389894355,653.0,64574.0,638.0,248.0,1858.0,3813.0,2921.0,6226.0,8686.0,9492.0,2085.0,190.0,33.0,3.0,0.0,0.0,0.0,0.0,0.0,0.0,0.0,0.0,0.0,0.0,0.0,0.0,0.0,0.0,0.0,0.0,0.0,0.0,0.0,0.0
36.7331597222,342405.0,35313.0,9.69628748619,656.0,64573.0,636.0,251.0,1796.0,3885.0,2852.0,6138.0,8845.0,9394.0,2151.0,221.0,29.0,2.0,0.0,0.0,0.0,0.0,0.0,0.0,0.0,0.0,0.0,0.0,0.0,0.0,0.0,0.0,0.0,0.0,0.0,0.0,0.0,0.0
36.7352430556,338289.0,35308.0,9.58108643933,653.0,64574.0,633.0,248.0,1698.0,4055.0,2989.0,6242.0,8721.0,9239.0,2118.0,218.0,25.0,3.0,0.0,0.0,0.0,0.0,0.0,0.0,0.0,0.0,0.0,0.0,0.0,0.0,0.0,0.0,0.0,0.0,0.0,0.0,0.0,0.0
36.7373263889,342195.0,35307.0,9.69198742459,656.0,64572.0,636.0,248.0,1811.0,3793.0,2977.0,6192.0,8532.0,9604.0,2172.0,202.0,22.0,2.0,0.0,0.0,0.0,0.0,0.0,0.0,0.0,0.0,0.0,0.0,0.0,0.0,0.0,0.0,0.0,0.0,0.0,0.0,0.0,0.0
36.7394097222,344183.0,35292.0,9.75243681288,656.0,64572.0,636.0,246.0,1731.0,3953.0,2739.0,6286.0,8625.0,9530.0,2194.0,196.0,34.0,4.0,0.0,0.0,0.0,0.0,0.0,0.0,0.0,0.0,0.0,0.0,0.0,0.0,0.0,0.0,0.0,0.0,0.0,0.0,0.0,0.0
36.7414930556,343496.0,35311.0,9.72773356744,656.0,64569.0,636.0,243.0,1776.0,3892.0,2826.0,6210.0,8623.0,9548.0,2204.0,205.0,25.0,2.0,0.0,0.0,0.0,0.0,0.0,0.0,0.0,0.0,0.0,0.0,0.0,0.0,0.0,0.0,0.0,0.0,0.0,0.0,0.0,0.0
36.7435763889,342261.0,35295.0,9.69715257119,656.0,64574.0,636.0,251.0,1836.0,3887.0,2793.0,6275.0,8637.0,9502.0,2117.0,216.0,25.0,7.0,0.0,0.0,0.0,0.0,0.0,0.0,0.0,0.0,0.0,0.0,0.0,0.0,0.0,0.0,0.0,0.0,0.0,0.0,0.0,0.0
36.7456597222,340533.0,35297.0,9.64764710882,655.0,64571.0,638.0,246.0,1697.0,3789.0,2782.0,6473.0,8697.0,9528.0,2130.0,174.0,23.0,4.0,0.0,0.0,0.0,0.0,0.0,0.0,0.0,0.0,0.0,0.0,0.0,0.0,0.0,0.0,0.0,0.0,0.0,0.0,0.0,0.0
36.7477430556,343301.0,35298.0,9.72579182957,656.0,64569.0,638.0,248.0,1720.0,3895.0,2807.0,6178.0,8775.0,9516.0,2161.0,223.0,21.0,2.0,0.0,0.0,0.0,0.0,0.0,0.0,0.0,0.0,0.0,0.0,0.0,0.0,0.0,0.0,0.0,0.0,0.0,0.0,0.0,0.0
36.7498263889,343648.0,35305.0,9.7336921116,653.0,64569.0,636.0,249.0,1779.0,3824.0,2852.0,6232.0,8727.0,9481.0,2160.0,212.0,37.0,1.0,0.0,0.0,0.0,0.0,0.0,0.0,0.0,0.0,0.0,0.0,0.0,0.0,0.0,0.0,0.0,0.0,0.0,0.0,0.0,0.0
36.7519097222,342635.0,35304.0,9.70527418989,656.0,64575.0,640.0,246.0,1755.0,3851.0,2794.0,6347.0,8716.0,9378.0,2225.0,217.0,19.0,2.0,0.0,0.0,0.0,0.0,0.0,0.0,0.0,0.0,0.0,0.0,0.0,0.0,0.0,0.0,0.0,0.0,0.0,0.0,0.0,0.0
36.7539930556,342221.0,35298.0,9.6951951952,655.0,64572.0,638.0,247.0,1720.0,3835.0,2923.0,6367.0,8542.0,9443.0,2239.0,210.0,18.0,1.0,0.0,0.0,0.0,0.0,0.0,0.0,0.0,0.0,0.0,0.0,0.0,0.0,0.0,0.0,0.0,0.0,0.0,0.0,0.0,0.0
36.7560763889,343749.0,35299.0,9.73820788124,653.0,64575.0,639.0,246.0,1721.0,3867.0,2873.0,6240.0,8685.0,9447.0,2247.0,186.0,29.0,4.0,0.0,0.0,0.0,0.0,0.0,0.0,0.0,0.0,0.0,0.0,0.0,0.0,0.0,0.0,0.0,0.0,0.0,0.0,0.0,0.0
36.7581597222,347183.0,35298.0,9.835769732,652.0,64574.0,636.0,252.0,1723.0,3805.0,2833.0,6154.0,8645.0,9688.0,2199.0,214.0,36.0,1.0,0.0,0.0,0.0,0.0,0.0,0.0,0.0,0.0,0.0,0.0,0.0,0.0,0.0,0.0,0.0,0.0,0.0,0.0,0.0,0.0
36.7602430556,347154.0,35307.0,9.83244115898,656.0,64572.0,639.0,247.0,1751.0,3916.0,2883.0,6072.0,8626.0,9539.0,2253.0,232.0,34.0,1.0,0.0,0.0,0.0,0.0,0.0,0.0,0.0,0.0,0.0,0.0,0.0,0.0,0.0,0.0,0.0,0.0,0.0,0.0,0.0,0.0
36.7623263889,344821.0,35297.0,9.76913052101,656.0,64568.0,639.0,243.0,1839.0,3715.0,2785.0,6192.0,8748.0,9631.0,2127.0,233.0,25.0,2.0,0.0,0.0,0.0,0.0,0.0,0.0,0.0,0.0,0.0,0.0,0.0,0.0,0.0,0.0,0.0,0.0,0.0,0.0,0.0,0.0
36.7644097222,341895.0,35293.0,9.68733176551,653.0,64572.0,636.0,241.0,1815.0,3969.0,2813.0,6207.0,8584.0,9493.0,2184.0,204.0,17.0,7.0,0.0,0.0,0.0,0.0,0.0,0.0,0.0,0.0,0.0,0.0,0.0,0.0,0.0,0.0,0.0,0.0,0.0,0.0,0.0,0.0
36.7664930556,343418.0,35298.0,9.72910646496,656.0,64572.0,636.0,248.0,1741.0,3910.0,2724.0,6225.0,8741.0,9634.0,2093.0,189.0,35.0,6.0,0.0,0.0,0.0,0.0,0.0,0.0,0.0,0.0,0.0,0.0,0.0,0.0,0.0,0.0,0.0,0.0,0.0,0.0,0.0,0.0
36.7685763889,341004.0,35303.0,9.65934906382,653.0,64575.0,636.0,240.0,1898.0,3946.0,2827.0,6135.0,8670.0,9428.0,2162.0,203.0,33.0,1.0,0.0,0.0,0.0,0.0,0.0,0.0,0.0,0.0,0.0,0.0,0.0,0.0,0.0,0.0,0.0,0.0,0.0,0.0,0.0,0.0
36.7706597222,341350.0,35291.0,9.672437732,652.0,64572.0,638.0,247.0,1723.0,3850.0,2940.0,6203.0,8703.0,9510.0,2129.0,204.0,28.0,1.0,0.0,0.0,0.0,0.0,0.0,0.0,0.0,0.0,0.0,0.0,0.0,0.0,0.0,0.0,0.0,0.0,0.0,0.0,0.0,0.0
36.7727430556,342740.0,35296.0,9.71044877607,655.0,64574.0,638.0,247.0,1790.0,3928.0,2834.0,6266.0,8480.0,9595.0,2182.0,186.0,31.0,4.0,0.0,0.0,0.0,0.0,0.0,0.0,0.0,0.0,0.0,0.0,0.0,0.0,0.0,0.0,0.0,0.0,0.0,0.0,0.0,0.0
36.7748263889,344494.0,35294.0,9.76069586899,653.0,64572.0,638.0,246.0,1795.0,3912.0,2813.0,6313.0,8455.0,9551.0,2207.0,213.0,31.0,4.0,0.0,0.0,0.0,0.0,0.0,0.0,0.0,0.0,0.0,0.0,0.0,0.0,0.0,0.0,0.0,0.0,0.0,0.0,0.0,0.0
36.7769097222,337950.0,35295.0,9.57501062473,653.0,64572.0,636.0,251.0,1781.0,3930.0,2826.0,6422.0,8467.0,9596.0,2048.0,202.0,23.0,0.0,0.0,0.0,0.0,0.0,0.0,0.0,0.0,0.0,0.0,0.0,0.0,0.0,0.0,0.0,0.0,0.0,0.0,0.0,0.0,0.0
36.7789930556,337612.0,35284.0,9.56841627933,652.0,64572.0,639.0,246.0,1859.0,3928.0,2830.0,6402.0,8522.0,9438.0,2071.0,203.0,31.0,0.0,0.0,0.0,0.0,0.0,0.0,0.0,0.0,0.0,0.0,0.0,0.0,0.0,0.0,0.0,0.0,0.0,0.0,0.0,0.0,0.0
36.7810763889,345377.0,35293.0,9.7859915564,653.0,64572.0,639.0,247.0,1844.0,3837.0,2806.0,6336.0,8437.0,9575.0,2195.0,229.0,29.0,5.0,0.0,0.0,0.0,0.0,0.0,0.0,0.0,0.0,0.0,0.0,0.0,0.0,0.0,0.0,0.0,0.0,0.0,0.0,0.0,0.0
36.7831597222,344659.0,35293.0,9.76564757884,652.0,64572.0,636.0,248.0,1756.0,3807.0,2844.0,6327.0,8408.0,9752.0,2167.0,205.0,22.0,5.0,0.0,0.0,0.0,0.0,0.0,0.0,0.0,0.0,0.0,0.0,0.0,0.0,0.0,0.0,0.0,0.0,0.0,0.0,0.0,0.0
36.7852430556,344818.0,35292.0,9.77042955911,653.0,64572.0,638.0,248.0,1768.0,3798.0,2778.0,6358.0,8550.0,9582.0,2226.0,197.0,35.0,0.0,0.0,0.0,0.0,0.0,0.0,0.0,0.0,0.0,0.0,0.0,0.0,0.0,0.0,0.0,0.0,0.0,0.0,0.0,0.0,0.0
36.7873263889,344130.0,35281.0,9.75397522746,653.0,64575.0,636.0,243.0,1756.0,3808.0,2729.0,6332.0,8752.0,9496.0,2181.0,186.0,36.0,5.0,0.0,0.0,0.0,0.0,0.0,0.0,0.0,0.0,0.0,0.0,0.0,0.0,0.0,0.0,0.0,0.0,0.0,0.0,0.0,0.0
36.7894097222,343841.0,35283.0,9.74523141456,652.0,64569.0,639.0,249.0,1856.0,3849.0,2784.0,6354.0,8410.0,9590.0,2195.0,212.0,31.0,2.0,0.0,0.0,0.0,0.0,0.0,0.0,0.0,0.0,0.0,0.0,0.0,0.0,0.0,0.0,0.0,0.0,0.0,0.0,0.0,0.0
36.7914930556,343101.0,35282.0,9.72453375659,649.0,64572.0,639.0,246.0,1867.0,3875.0,2739.0,6363.0,8489.0,9564.0,2144.0,197.0,40.0,4.0,0.0,0.0,0.0,0.0,0.0,0.0,0.0,0.0,0.0,0.0,0.0,0.0,0.0,0.0,0.0,0.0,0.0,0.0,0.0,0.0
36.7935763889,346605.0,35289.0,9.82189917538,650.0,64571.0,636.0,246.0,1840.0,3865.0,2664.0,6203.0,8385.0,9903.0,2201.0,200.0,26.0,2.0,0.0,0.0,0.0,0.0,0.0,0.0,0.0,0.0,0.0,0.0,0.0,0.0,0.0,0.0,0.0,0.0,0.0,0.0,0.0,0.0
36.9716898148,348147.0,35279.0,9.86839196122,652.0,64569.0,636.0,246.0,1753.0,3847.0,2740.0,6389.0,8322.0,9708.0,2273.0,213.0,29.0,5.0,0.0,0.0,0.0,0.0,0.0,0.0,0.0,0.0,0.0,0.0,0.0,0.0,0.0,0.0,0.0,0.0,0.0,0.0,0.0,0.0
36.9758564815,346461.0,35285.0,9.81893155732,649.0,64575.0,636.0,240.0,1776.0,3855.0,2813.0,6415.0,8143.0,9794.0,2238.0,225.0,25.0,1.0,0.0,0.0,0.0,0.0,0.0,0.0,0.0,0.0,0.0,0.0,0.0,0.0,0.0,0.0,0.0,0.0,0.0,0.0,0.0,0.0
36.9800231481,339482.0,35285.0,9.62114212838,653.0,64575.0,636.0,240.0,1913.0,3832.0,2859.0,6349.0,8399.0,9670.0,2030.0,198.0,31.0,4.0,0.0,0.0,0.0,0.0,0.0,0.0,0.0,0.0,0.0,0.0,0.0,0.0,0.0,0.0,0.0,0.0,0.0,0.0,0.0,0.0
36.9841898148,341945.0,35277.0,9.69314284094,653.0,64574.0,636.0,246.0,1776.0,3909.0,2818.0,6348.0,8502.0,9499.0,2191.0,208.0,24.0,2.0,0.0,0.0,0.0,0.0,0.0,0.0,0.0,0.0,0.0,0.0,0.0,0.0,0.0,0.0,0.0,0.0,0.0,0.0,0.0,0.0
36.9883564815,341063.0,35286.0,9.66567477186,652.0,64572.0,638.0,246.0,1806.0,3871.0,2814.0,6381.0,8455.0,9662.0,2057.0,211.0,23.0,6.0,0.0,0.0,0.0,0.0,0.0,0.0,0.0,0.0,0.0,0.0,0.0,0.0,0.0,0.0,0.0,0.0,0.0,0.0,0.0,0.0
36.9925231481,343585.0,35270.0,9.74156506946,649.0,64572.0,636.0,249.0,1797.0,3911.0,2841.0,6340.0,8269.0,9663.0,2214.0,208.0,25.0,2.0,0.0,0.0,0.0,0.0,0.0,0.0,0.0,0.0,0.0,0.0,0.0,0.0,0.0,0.0,0.0,0.0,0.0,0.0,0.0,0.0
36.9966898148,341769.0,35286.0,9.68568270702,650.0,64569.0,636.0,248.0,1840.0,3981.0,2740.0,6337.0,8272.0,9773.0,2106.0,208.0,29.0,0.0,0.0,0.0,0.0,0.0,0.0,0.0,0.0,0.0,0.0,0.0,0.0,0.0,0.0,0.0,0.0,0.0,0.0,0.0,0.0,0.0
37.0008564815,346290.0,35278.0,9.81603265491,653.0,64572.0,636.0,247.0,1776.0,3830.0,2788.0,6307.0,8359.0,9735.0,2266.0,180.0,35.0,2.0,0.0,0.0,0.0,0.0,0.0,0.0,0.0,0.0,0.0,0.0,0.0,0.0,0.0,0.0,0.0,0.0,0.0,0.0,0.0,0.0
37.0050231481,343197.0,35271.0,9.73028833886,649.0,64568.0,636.0,246.0,1794.0,3917.0,2722.0,6373.0,8445.0,9609.0,2164.0,216.0,31.0,0.0,0.0,0.0,0.0,0.0,0.0,0.0,0.0,0.0,0.0,0.0,0.0,0.0,0.0,0.0,0.0,0.0,0.0,0.0,0.0,0.0
37.0091898148,342320.0,35272.0,9.70514855976,647.0,64572.0,633.0,248.0,1816.0,3984.0,2792.0,6340.0,8344.0,9616.0,2132.0,210.0,36.0,2.0,0.0,0.0,0.0,0.0,0.0,0.0,0.0,0.0,0.0,0.0,0.0,0.0,0.0,0.0,0.0,0.0,0.0,0.0,0.0,0.0
37.0133564815,341999.0,35267.0,9.69742251964,649.0,64569.0,636.0,249.0,1777.0,3801.0,2751.0,6576.0,8335.0,9618.0,2192.0,197.0,16.0,4.0,0.0,0.0,0.0,0.0,0.0,0.0,0.0,0.0,0.0,0.0,0.0,0.0,0.0,0.0,0.0,0.0,0.0,0.0,0.0,0.0
37.0175231481,346136.0,35294.0,9.8072193574,649.0,64571.0,638.0,252.0,1740.0,3910.0,2689.0,6334.0,8427.0,9740.0,2212.0,217.0,22.0,3.0,0.0,0.0,0.0,0.0,0.0,0.0,0.0,0.0,0.0,0.0,0.0,0.0,0.0,0.0,0.0,0.0,0.0,0.0,0.0,0.0
37.0216898148,342914.0,35281.0,9.71950908421,652.0,64572.0,638.0,244.0,1827.0,3828.0,2845.0,6417.0,8378.0,9604.0,2130.0,217.0,31.0,4.0,0.0,0.0,0.0,0.0,0.0,0.0,0.0,0.0,0.0,0.0,0.0,0.0,0.0,0.0,0.0,0.0,0.0,0.0,0.0,0.0
37.0258564815,347694.0,35281.0,9.85499277231,647.0,64574.0,633.0,249.0,1839.0,3880.0,2791.0,6320.0,8209.0,9773.0,2215.0,205.0,44.0,5.0,0.0,0.0,0.0,0.0,0.0,0.0,0.0,0.0,0.0,0.0,0.0,0.0,0.0,0.0,0.0,0.0,0.0,0.0,0.0,0.0
37.0300231481,348032.0,35281.0,9.86457299963,649.0,64575.0,636.0,247.0,1762.0,3892.0,2712.0,6427.0,8146.0,9872.0,2211.0,223.0,34.0,2.0,0.0,0.0,0.0,0.0,0.0,0.0,0.0,0.0,0.0,0.0,0.0,0.0,0.0,0.0,0.0,0.0,0.0,0.0,0.0,0.0
37.0341898148,341996.0,35274.0,9.69541305211,649.0,64572.0,636.0,252.0,1873.0,3944.0,2732.0,6469.0,8123.0,9798.0,2095.0,210.0,25.0,5.0,0.0,0.0,0.0,0.0,0.0,0.0,0.0,0.0,0.0,0.0,0.0,0.0,0.0,0.0,0.0,0.0,0.0,0.0,0.0,0.0
37.0383564815,341450.0,35284.0,9.67719079469,650.0,64572.0,636.0,252.0,1866.0,3904.0,2713.0,6520.0,8189.0,9695.0,2173.0,202.0,21.0,1.0,0.0,0.0,0.0,0.0,0.0,0.0,0.0,0.0,0.0,0.0,0.0,0.0,0.0,0.0,0.0,0.0,0.0,0.0,0.0,0.0
37.0425231481,344526.0,35277.0,9.76630665873,652.0,64572.0,636.0,255.0,1808.0,3840.0,2781.0,6409.0,8316.0,9693.0,2194.0,198.0,37.0,1.0,0.0,0.0,0.0,0.0,0.0,0.0,0.0,0.0,0.0,0.0,0.0,0.0,0.0,0.0,0.0,0.0,0.0,0.0,0.0,0.0
37.0466898148,345600.0,35273.0,9.79786238766,646.0,64572.0,638.0,246.0,1802.0,4012.0,2636.0,6279.0,8204.0,9876.0,2242.0,199.0,22.0,1.0,0.0,0.0,0.0,0.0,0.0,0.0,0.0,0.0,0.0,0.0,0.0,0.0,0.0,0.0,0.0,0.0,0.0,0.0,0.0,0.0
37.0508564815,347780.0,35270.0,9.8605046782,647.0,64568.0,639.0,244.0,1693.0,3698.0,2789.0,6400.0,8405.0,9886.0,2144.0,219.0,34.0,2.0,0.0,0.0,0.0,0.0,0.0,0.0,0.0,0.0,0.0,0.0,0.0,0.0,0.0,0.0,0.0,0.0,0.0,0.0,0.0,0.0
37.0550231481,343045.0,35277.0,9.72432463078,647.0,64574.0,636.0,252.0,1869.0,3849.0,2742.0,6310.0,8509.0,9601.0,2158.0,203.0,35.0,1.0,0.0,0.0,0.0,0.0,0.0,0.0,0.0,0.0,0.0,0.0,0.0,0.0,0.0,0.0,0.0,0.0,0.0,0.0,0.0,0.0
37.0591898148,341810.0,35269.0,9.69151379398,646.0,64572.0,638.0,246.0,1827.0,3912.0,2763.0,6391.0,8357.0,9647.0,2143.0,198.0,28.0,3.0,0.0,0.0,0.0,0.0,0.0,0.0,0.0,0.0,0.0,0.0,0.0,0.0,0.0,0.0,0.0,0.0,0.0,0.0,0.0,0.0
37.0633564815,346214.0,35268.0,9.8166609958,646.0,64572.0,636.0,243.0,1740.0,3792.0,2767.0,6318.0,8488.0,9718.0,2205.0,214.0,21.0,5.0,0.0,0.0,0.0,0.0,0.0,0.0,0.0,0.0,0.0,0.0,0.0,0.0,0.0,0.0,0.0,0.0,0.0,0.0,0.0,0.0
37.0675231481,344679.0,35282.0,9.7692591123,646.0,64575.0,636.0,247.0,1752.0,3877.0,2773.0,6300.0,8387.0,9759.0,2207.0,201.0,26.0,0.0,0.0,0.0,0.0,0.0,0.0,0.0,0.0,0.0,0.0,0.0,0.0,0.0,0.0,0.0,0.0,0.0,0.0,0.0,0.0,0.0
37.0716898148,351214.0,35269.0,9.9581502169,646.0,64575.0,636.0,243.0,1800.0,3732.0,2633.0,6130.0,8692.0,9734.0,2310.0,201.0,30.0,7.0,0.0,0.0,0.0,0.0,0.0,0.0,0.0,0.0,0.0,0.0,0.0,0.0,0.0,0.0,0.0,0.0,0.0,0.0,0.0,0.0
37.0758564815,346805.0,35274.0,9.83174576175,649.0,64572.0,639.0,246.0,1824.0,3757.0,2636.0,6306.0,8511.0,9729.0,2303.0,188.0,16.0,4.0,0.0,0.0,0.0,0.0,0.0,0.0,0.0,0.0,0.0,0.0,0.0,0.0,0.0,0.0,0.0,0.0,0.0,0.0,0.0,0.0
37.0800231481,349887.0,35268.0,9.92080639673,647.0,64575.0,639.0,240.0,1715.0,3831.0,2686.0,6117.0,8651.0,9786.0,2240.0,205.0,30.0,7.0,0.0,0.0,0.0,0.0,0.0,0.0,0.0,0.0,0.0,0.0,0.0,0.0,0.0,0.0,0.0,0.0,0.0,0.0,0.0,0.0
37.0841898148,347986.0,35276.0,9.86466719583,647.0,64574.0,647.0,243.0,1671.0,3740.0,2647.0,6286.0,8672.0,9783.0,2265.0,187.0,23.0,2.0,0.0,0.0,0.0,0.0,0.0,0.0,0.0,0.0,0.0,0.0,0.0,0.0,0.0,0.0,0.0,0.0,0.0,0.0,0.0,0.0
37.0883564815,346040.0,35268.0,9.8117273449,646.0,64572.0,636.0,252.0,1773.0,3736.0,2686.0,6343.0,8541.0,9734.0,2236.0,189.0,30.0,0.0,0.0,0.0,0.0,0.0,0.0,0.0,0.0,0.0,0.0,0.0,0.0,0.0,0.0,0.0,0.0,0.0,0.0,0.0,0.0,0.0
37.0925231481,348776.0,35279.0,9.88622126478,647.0,64572.0,638.0,249.0,1718.0,3668.0,2748.0,6297.0,8677.0,9705.0,2210.0,225.0,26.0,5.0,0.0,0.0,0.0,0.0,0.0,0.0,0.0,0.0,0.0,0.0,0.0,0.0,0.0,0.0,0.0,0.0,0.0,0.0,0.0,0.0
37.0966898148,354645.0,35279.0,10.0525808555,647.0,64572.0,639.0,241.0,1700.0,3591.0,2487.0,6466.0,8457.0,9981.0,2360.0,211.0,22.0,4.0,0.0,0.0,0.0,0.0,0.0,0.0,0.0,0.0,0.0,0.0,0.0,0.0,0.0,0.0,0.0,0.0,0.0,0.0,0.0,0.0
37.1008564815,349196.0,35276.0,9.89896813698,647.0,64572.0,641.0,241.0,1755.0,3744.0,2688.0,6301.0,8471.0,9810.0,2281.0,192.0,30.0,4.0,0.0,0.0,0.0,0.0,0.0,0.0,0.0,0.0,0.0,0.0,0.0,0.0,0.0,0.0,0.0,0.0,0.0,0.0,0.0,0.0
37.1050231481,352425.0,35273.0,9.99135315964,646.0,64574.0,638.0,249.0,1679.0,3659.0,2571.0,6270.0,8624.0,9937.0,2308.0,193.0,30.0,2.0,0.0,0.0,0.0,0.0,0.0,0.0,0.0,0.0,0.0,0.0,0.0,0.0,0.0,0.0,0.0,0.0,0.0,0.0,0.0,0.0
37.1091898148,349294.0,35269.0,9.90371147467,646.0,64572.0,636.0,248.0,1682.0,3544.0,2605.0,6379.0,8710.0,9916.0,2211.0,199.0,21.0,2.0,0.0,0.0,0.0,0.0,0.0,0.0,0.0,0.0,0.0,0.0,0.0,0.0,0.0,0.0,0.0,0.0,0.0,0.0,0.0,0.0
37.1133564815,348191.0,35276.0,9.8704785123,646.0,64574.0,638.0,244.0,1651.0,3731.0,2662.0,6426.0,8509.0,9839.0,2234.0,195.0,27.0,2.0,0.0,0.0,0.0,0.0,0.0,0.0,0.0,0.0,0.0,0.0,0.0,0.0,0.0,0.0,0.0,0.0,0.0,0.0,0.0,0.0
37.1175231481,352179.0,35273.0,9.98437898676,646.0,64575.0,636.0,248.0,1672.0,3647.0,2680.0,6355.0,8407.0,9994.0,2273.0,213.0,31.0,1.0,0.0,0.0,0.0,0.0,0.0,0.0,0.0,0.0,0.0,0.0,0.0,0.0,0.0,0.0,0.0,0.0,0.0,0.0,0.0,0.0
37.1216898148,353913.0,35261.0,10.0369530076,646.0,64571.0,638.0,251.0,1668.0,3615.0,2669.0,6424.0,8232.0,10066.0,2350.0,212.0,22.0,3.0,0.0,0.0,0.0,0.0,0.0,0.0,0.0,0.0,0.0,0.0,0.0,0.0,0.0,0.0,0.0,0.0,0.0,0.0,0.0,0.0
37.1258564815,356074.0,35267.0,10.0965208268,646.0,64575.0,633.0,244.0,1587.0,3762.0,2576.0,6354.0,8214.0,10212.0,2313.0,215.0,30.0,4.0,0.0,0.0,0.0,0.0,0.0,0.0,0.0,0.0,0.0,0.0,0.0,0.0,0.0,0.0,0.0,0.0,0.0,0.0,0.0,0.0
37.1300231481,351383.0,35269.0,9.96294196036,646.0,64572.0,638.0,243.0,1665.0,3669.0,2677.0,6534.0,8294.0,9861.0,2326.0,218.0,21.0,4.0,0.0,0.0,0.0,0.0,0.0,0.0,0.0,0.0,0.0,0.0,0.0,0.0,0.0,0.0,0.0,0.0,0.0,0.0,0.0,0.0
37.1341898148,349442.0,35276.0,9.90594171675,646.0,64575.0,633.0,246.0,1661.0,3726.0,2690.0,6534.0,8231.0,9932.0,2273.0,201.0,26.0,2.0,0.0,0.0,0.0,0.0,0.0,0.0,0.0,0.0,0.0,0.0,0.0,0.0,0.0,0.0,0.0,0.0,0.0,0.0,0.0,0.0
37.1383564815,347818.0,35273.0,9.86074334477,646.0,64575.0,632.0,248.0,1719.0,3762.0,2730.0,6525.0,8214.0,9800.0,2290.0,207.0,25.0,1.0,0.0,0.0,0.0,0.0,0.0,0.0,0.0,0.0,0.0,0.0,0.0,0.0,0.0,0.0,0.0,0.0,0.0,0.0,0.0,0.0
37.1425231481,348282.0,35266.0,9.87585776669,646.0,64572.0,639.0,247.0,1701.0,3710.0,2736.0,6557.0,8335.0,9775.0,2192.0,219.0,38.0,3.0,0.0,0.0,0.0,0.0,0.0,0.0,0.0,0.0,0.0,0.0,0.0,0.0,0.0,0.0,0.0,0.0,0.0,0.0,0.0,0.0
37.1466898148,347935.0,35267.0,9.86573850909,646.0,64575.0,636.0,243.0,1761.0,3699.0,2714.0,6326.0,8222.0,10151.0,2172.0,197.0,25.0,0.0,0.0,0.0,0.0,0.0,0.0,0.0,0.0,0.0,0.0,0.0,0.0,0.0,0.0,0.0,0.0,0.0,0.0,0.0,0.0,0.0
37.1508564815,351670.0,35268.0,9.97136214132,646.0,64571.0,643.0,248.0,1665.0,3728.0,2713.0,6369.0,8294.0,10006.0,2227.0,232.0,33.0,1.0,0.0,0.0,0.0,0.0,0.0,0.0,0.0,0.0,0.0,0.0,0.0,0.0,0.0,0.0,0.0,0.0,0.0,0.0,0.0,0.0
37.1550231481,353745.0,35273.0,10.0287755507,646.0,64572.0,638.0,241.0,1671.0,3659.0,2651.0,6288.0,8396.0,10083.0,2260.0,240.0,23.0,2.0,0.0,0.0,0.0,0.0,0.0,0.0,0.0,0.0,0.0,0.0,0.0,0.0,0.0,0.0,0.0,0.0,0.0,0.0,0.0,0.0
37.1591898148,355124.0,35269.0,10.0690124472,646.0,64572.0,639.0,246.0,1677.0,3606.0,2659.0,6358.0,8258.0,10195.0,2286.0,186.0,37.0,7.0,0.0,0.0,0.0,0.0,0.0,0.0,0.0,0.0,0.0,0.0,0.0,0.0,0.0,0.0,0.0,0.0,0.0,0.0,0.0,0.0
37.1633564815,351483.0,35268.0,9.96605988431,646.0,64572.0,636.0,248.0,1609.0,3619.0,2624.0,6628.0,8245.0,10092.0,2213.0,203.0,32.0,3.0,0.0,0.0,0.0,0.0,0.0,0.0,0.0,0.0,0.0,0.0,0.0,0.0,0.0,0.0,0.0,0.0,0.0,0.0,0.0,0.0
37.1675231481,353652.0,35264.0,10.0286978221,646.0,64575.0,636.0,248.0,1678.0,3714.0,2551.0,6613.0,8152.0,9963.0,2342.0,220.0,25.0,6.0,0.0,0.0,0.0,0.0,0.0,0.0,0.0,0.0,0.0,0.0,0.0,0.0,0.0,0.0,0.0,0.0,0.0,0.0,0.0,0.0
37.1716898148,357522.0,35269.0,10.137004168,646.0,64572.0,636.0,246.0,1683.0,3582.0,2446.0,6412.0,8273.0,10322.0,2299.0,221.0,28.0,3.0,0.0,0.0,0.0,0.0,0.0,0.0,0.0,0.0,0.0,0.0,0.0,0.0,0.0,0.0,0.0,0.0,0.0,0.0,0.0,0.0
37.1758564815,356028.0,35261.0,10.09693429,646.0,64583.0,635.0,248.0,1684.0,3598.0,2625.0,6323.0,8282.0,10167.0,2343.0,205.0,30.0,4.0,0.0,0.0,0.0,0.0,0.0,0.0,0.0,0.0,0.0,0.0,0.0,0.0,0.0,0.0,0.0,0.0,0.0,0.0,0.0,0.0
37.1800231481,355504.0,35261.0,10.0820736791,644.0,64572.0,639.0,249.0,1683.0,3616.0,2574.0,6397.0,8212.0,10156.0,2399.0,197.0,26.0,1.0,0.0,0.0,0.0,0.0,0.0,0.0,0.0,0.0,0.0,0.0,0.0,0.0,0.0,0.0,0.0,0.0,0.0,0.0,0.0,0.0
37.1841898148,353695.0,35266.0,10.0293483809,646.0,64572.0,639.0,247.0,1749.0,3605.0,2497.0,6586.0,7940.0,10342.0,2347.0,175.0,23.0,2.0,0.0,0.0,0.0,0.0,0.0,0.0,0.0,0.0,0.0,0.0,0.0,0.0,0.0,0.0,0.0,0.0,0.0,0.0,0.0,0.0
37.1883564815,354107.0,35249.0,10.0458736418,646.0,64575.0,636.0,249.0,1687.0,3715.0,2590.0,6579.0,7880.0,10227.0,2330.0,212.0,26.0,3.0,0.0,0.0,0.0,0.0,0.0,0.0,0.0,0.0,0.0,0.0,0.0,0.0,0.0,0.0,0.0,0.0,0.0,0.0,0.0,0.0
37.1925231481,361346.0,35262.0,10.247461857,646.0,64575.0,638.0,243.0,1578.0,3644.0,2375.0,6462.0,8076.0,10514.0,2348.0,233.0,31.0,1.0,0.0,0.0,0.0,0.0,0.0,0.0,0.0,0.0,0.0,0.0,0.0,0.0,0.0,0.0,0.0,0.0,0.0,0.0,0.0,0.0
37.1966898148,363305.0,35254.0,10.3053554207,646.0,64575.0,636.0,247.0,1623.0,3539.0,2359.0,6668.0,7883.0,10498.0,2446.0,196.0,33.0,9.0,0.0,0.0,0.0,0.0,0.0,0.0,0.0,0.0,0.0,0.0,0.0,0.0,0.0,0.0,0.0,0.0,0.0,0.0,0.0,0.0
37.2008564815,360336.0,35260.0,10.2193987521,644.0,64575.0,636.0,249.0,1636.0,3550.0,2459.0,6523.0,8004.0,10439.0,2410.0,205.0,33.0,1.0,0.0,0.0,0.0,0.0,0.0,0.0,0.0,0.0,0.0,0.0,0.0,0.0,0.0,0.0,0.0,0.0,0.0,0.0,0.0,0.0
37.2050231481,360894.0,35271.0,10.2320319809,644.0,64572.0,638.0,243.0,1659.0,3636.0,2459.0,6389.0,8160.0,10228.0,2476.0,239.0,24.0,1.0,0.0,0.0,0.0,0.0,0.0,0.0,0.0,0.0,0.0,0.0,0.0,0.0,0.0,0.0,0.0,0.0,0.0,0.0,0.0,0.0
37.2091898148,362454.0,35252.0,10.2817996142,646.0,64575.0,638.0,248.0,1657.0,3482.0,2478.0,6530.0,7981.0,10413.0,2473.0,202.0,30.0,6.0,0.0,0.0,0.0,0.0,0.0,0.0,0.0,0.0,0.0,0.0,0.0,0.0,0.0,0.0,0.0,0.0,0.0,0.0,0.0,0.0
37.2133564815,352860.0,35263.0,10.0065224173,644.0,64572.0,639.0,247.0,1655.0,3744.0,2444.0,6603.0,7931.0,10424.0,2245.0,196.0,17.0,4.0,0.0,0.0,0.0,0.0,0.0,0.0,0.0,0.0,0.0,0.0,0.0,0.0,0.0,0.0,0.0,0.0,0.0,0.0,0.0,0.0
37.2175231481,357305.0,35262.0,10.1328625716,646.0,64575.0,636.0,243.0,1719.0,3657.0,2366.0,6485.0,8036.0,10452.0,2298.0,226.0,19.0,4.0,0.0,0.0,0.0,0.0,0.0,0.0,0.0,0.0,0.0,0.0,0.0,0.0,0.0,0.0,0.0,0.0,0.0,0.0,0.0,0.0
37.2216898148,361790.0,35244.0,10.2652933833,646.0,64572.0,636.0,252.0,1602.0,3692.0,2425.0,6394.0,7797.0,10683.0,2437.0,180.0,30.0,4.0,0.0,0.0,0.0,0.0,0.0,0.0,0.0,0.0,0.0,0.0,0.0,0.0,0.0,0.0,0.0,0.0,0.0,0.0,0.0,0.0
37.2258564815,359841.0,35249.0,10.2085449233,646.0,64574.0,638.0,247.0,1632.0,3621.0,2436.0,6581.0,7862.0,10489.0,2391.0,206.0,26.0,5.0,0.0,0.0,0.0,0.0,0.0,0.0,0.0,0.0,0.0,0.0,0.0,0.0,0.0,0.0,0.0,0.0,0.0,0.0,0.0,0.0
37.2300231481,363291.0,35264.0,10.3020360708,646.0,64575.0,633.0,248.0,1600.0,3565.0,2423.0,6464.0,7944.0,10600.0,2418.0,219.0,27.0,4.0,0.0,0.0,0.0,0.0,0.0,0.0,0.0,0.0,0.0,0.0,0.0,0.0,0.0,0.0,0.0,0.0,0.0,0.0,0.0,0.0
37.2341898148,366429.0,35263.0,10.3913166775,643.0,64574.0,636.0,248.0,1634.0,3469.0,2362.0,6425.0,8103.0,10494.0,2515.0,228.0,29.0,4.0,0.0,0.0,0.0,0.0,0.0,0.0,0.0,0.0,0.0,0.0,0.0,0.0,0.0,0.0,0.0,0.0,0.0,0.0,0.0,0.0
37.2383564815,371013.0,35254.0,10.5239972769,644.0,64574.0,636.0,248.0,1566.0,3469.0,2246.0,6447.0,7990.0,10710.0,2563.0,226.0,31.0,6.0,0.0,0.0,0.0,0.0,0.0,0.0,0.0,0.0,0.0,0.0,0.0,0.0,0.0,0.0,0.0,0.0,0.0,0.0,0.0,0.0
37.2425231481,363922.0,35226.0,10.3310622835,644.0,64575.0,632.0,248.0,1592.0,3470.0,2418.0,6528.0,7966.0,10603.0,2380.0,236.0,28.0,5.0,0.0,0.0,0.0,0.0,0.0,0.0,0.0,0.0,0.0,0.0,0.0,0.0,0.0,0.0,0.0,0.0,0.0,0.0,0.0,0.0
37.2466898148,370024.0,35235.0,10.5016035192,644.0,64572.0,638.0,251.0,1644.0,3476.0,2320.0,6287.0,8047.0,10632.0,2576.0,208.0,39.0,6.0,0.0,0.0,0.0,0.0,0.0,0.0,0.0,0.0,0.0,0.0,0.0,0.0,0.0,0.0,0.0,0.0,0.0,0.0,0.0,0.0
37.2508564815,366327.0,35256.0,10.3904867257,641.0,64572.0,639.0,246.0,1592.0,3489.0,2399.0,6338.0,8140.0,10549.0,2497.0,217.0,31.0,4.0,0.0,0.0,0.0,0.0,0.0,0.0,0.0,0.0,0.0,0.0,0.0,0.0,0.0,0.0,0.0,0.0,0.0,0.0,0.0,0.0
37.2550231481,363992.0,35264.0,10.3219147005,646.0,64572.0,639.0,240.0,1707.0,3530.0,2387.0,6426.0,7930.0,10553.0,2479.0,225.0,23.0,4.0,0.0,0.0,0.0,0.0,0.0,0.0,0.0,0.0,0.0,0.0,0.0,0.0,0.0,0.0,0.0,0.0,0.0,0.0,0.0,0.0
37.2591898148,362151.0,35256.0,10.2720388019,644.0,64571.0,639.0,240.0,1746.0,3537.0,2385.0,6495.0,7937.0,10495.0,2394.0,232.0,31.0,4.0,0.0,0.0,0.0,0.0,0.0,0.0,0.0,0.0,0.0,0.0,0.0,0.0,0.0,0.0,0.0,0.0,0.0,0.0,0.0,0.0
37.2633564815,369360.0,35267.0,10.4732469447,644.0,64575.0,636.0,243.0,1624.0,3402.0,2299.0,6398.0,8103.0,10630.0,2542.0,237.0,30.0,2.0,0.0,0.0,0.0,0.0,0.0,0.0,0.0,0.0,0.0,0.0,0.0,0.0,0.0,0.0,0.0,0.0,0.0,0.0,0.0,0.0
37.2675231481,364923.0,35259.0,10.3497830341,643.0,64574.0,633.0,240.0,1554.0,3527.0,2494.0,6382.0,8020.0,10556.0,2469.0,226.0,28.0,3.0,0.0,0.0,0.0,0.0,0.0,0.0,0.0,0.0,0.0,0.0,0.0,0.0,0.0,0.0,0.0,0.0,0.0,0.0,0.0,0.0
37.2716898148,366711.0,35259.0,10.400493491,641.0,64575.0,639.0,251.0,1530.0,3429.0,2317.0,6438.0,8198.0,10605.0,2497.0,215.0,29.0,1.0,0.0,0.0,0.0,0.0,0.0,0.0,0.0,0.0,0.0,0.0,0.0,0.0,0.0,0.0,0.0,0.0,0.0,0.0,0.0,0.0
37.2758564815,369936.0,35266.0,10.4898769353,644.0,64574.0,638.0,248.0,1592.0,3452.0,2366.0,6300.0,8205.0,10550.0,2533.0,221.0,40.0,7.0,0.0,0.0,0.0,0.0,0.0,0.0,0.0,0.0,0.0,0.0,0.0,0.0,0.0,0.0,0.0,0.0,0.0,0.0,0.0,0.0
37.2800231481,367043.0,35261.0,10.4093190777,644.0,64569.0,636.0,246.0,1636.0,3387.0,2254.0,6447.0,8114.0,10690.0,2508.0,192.0,28.0,5.0,0.0,0.0,0.0,0.0,0.0,0.0,0.0,0.0,0.0,0.0,0.0,0.0,0.0,0.0,0.0,0.0,0.0,0.0,0.0,0.0
37.2841898148,366114.0,35251.0,10.38591813,644.0,64569.0,636.0,248.0,1589.0,3514.0,2340.0,6488.0,8048.0,10488.0,2540.0,207.0,33.0,4.0,0.0,0.0,0.0,0.0,0.0,0.0,0.0,0.0,0.0,0.0,0.0,0.0,0.0,0.0,0.0,0.0,0.0,0.0,0.0,0.0
37.2883564815,364293.0,35255.0,10.3330875053,643.0,64574.0,636.0,247.0,1690.0,3529.0,2354.0,6426.0,7962.0,10604.0,2435.0,222.0,28.0,5.0,0.0,0.0,0.0,0.0,0.0,0.0,0.0,0.0,0.0,0.0,0.0,0.0,0.0,0.0,0.0,0.0,0.0,0.0,0.0,0.0
37.2925231481,360347.0,35244.0,10.224350244,646.0,64574.0,639.0,243.0,1638.0,3627.0,2458.0,6525.0,7783.0,10567.0,2421.0,194.0,27.0,4.0,0.0,0.0,0.0,0.0,0.0,0.0,0.0,0.0,0.0,0.0,0.0,0.0,0.0,0.0,0.0,0.0,0.0,0.0,0.0,0.0
37.3050347222,365905.0,35248.0,10.3808726736,638.0,64575.0,639.0,248.0,1567.0,3617.0,2262.0,6553.0,7746.0,10781.0,2486.0,204.0,29.0,3.0,0.0,0.0,0.0,0.0,0.0,0.0,0.0,0.0,0.0,0.0,0.0,0.0,0.0,0.0,0.0,0.0,0.0,0.0,0.0,0.0
37.3092013889,367655.0,35238.0,10.4334809013,641.0,64575.0,639.0,248.0,1562.0,3407.0,2370.0,6517.0,7984.0,10616.0,2534.0,209.0,37.0,2.0,0.0,0.0,0.0,0.0,0.0,0.0,0.0,0.0,0.0,0.0,0.0,0.0,0.0,0.0,0.0,0.0,0.0,0.0,0.0,0.0
37.3133680556,365627.0,35254.0,10.3712202871,641.0,64572.0,638.0,248.0,1613.0,3555.0,2332.0,6480.0,7770.0,10755.0,2529.0,193.0,23.0,4.0,0.0,0.0,0.0,0.0,0.0,0.0,0.0,0.0,0.0,0.0,0.0,0.0,0.0,0.0,0.0,0.0,0.0,0.0,0.0,0.0
37.3175347222,364976.0,35265.0,10.3495250248,636.0,64575.0,636.0,248.0,1664.0,3418.0,2443.0,6530.0,7779.0,10718.0,2478.0,206.0,24.0,5.0,0.0,0.0,0.0,0.0,0.0,0.0,0.0,0.0,0.0,0.0,0.0,0.0,0.0,0.0,0.0,0.0,0.0,0.0,0.0,0.0
37.3217013889,359523.0,35249.0,10.1995233907,644.0,64575.0,638.0,244.0,1651.0,3515.0,2496.0,6498.0,7862.0,10681.0,2309.0,203.0,34.0,0.0,0.0,0.0,0.0,0.0,0.0,0.0,0.0,0.0,0.0,0.0,0.0,0.0,0.0,0.0,0.0,0.0,0.0,0.0,0.0,0.0
37.3258680556,364629.0,35256.0,10.3423247107,641.0,64574.0,638.0,248.0,1614.0,3585.0,2400.0,6443.0,7889.0,10610.0,2462.0,218.0,32.0,3.0,0.0,0.0,0.0,0.0,0.0,0.0,0.0,0.0,0.0,0.0,0.0,0.0,0.0,0.0,0.0,0.0,0.0,0.0,0.0,0.0
37.3300347222,365887.0,35258.0,10.377417891,641.0,64571.0,633.0,252.0,1634.0,3607.0,2364.0,6408.0,7804.0,10729.0,2461.0,212.0,35.0,4.0,0.0,0.0,0.0,0.0,0.0,0.0,0.0,0.0,0.0,0.0,0.0,0.0,0.0,0.0,0.0,0.0,0.0,0.0,0.0,0.0
37.3342013889,363819.0,35249.0,10.3213991886,641.0,64571.0,638.0,248.0,1606.0,3431.0,2478.0,6634.0,7634.0,10777.0,2463.0,199.0,24.0,3.0,0.0,0.0,0.0,0.0,0.0,0.0,0.0,0.0,0.0,0.0,0.0,0.0,0.0,0.0,0.0,0.0,0.0,0.0,0.0,0.0
37.3383680556,361800.0,35252.0,10.2632474753,639.0,64573.0,636.0,243.0,1648.0,3594.0,2365.0,6701.0,7618.0,10620.0,2474.0,208.0,22.0,2.0,0.0,0.0,0.0,0.0,0.0,0.0,0.0,0.0,0.0,0.0,0.0,0.0,0.0,0.0,0.0,0.0,0.0,0.0,0.0,0.0
37.3425347222,370891.0,35244.0,10.5235217342,643.0,64576.0,635.0,243.0,1542.0,3403.0,2326.0,6559.0,7541.0,11161.0,2457.0,214.0,40.0,1.0,0.0,0.0,0.0,0.0,0.0,0.0,0.0,0.0,0.0,0.0,0.0,0.0,0.0,0.0,0.0,0.0,0.0,0.0,0.0,0.0
37.3467013889,368303.0,35249.0,10.4486084712,644.0,64568.0,639.0,244.0,1625.0,3499.0,2236.0,6597.0,7487.0,11076.0,2510.0,188.0,27.0,4.0,0.0,0.0,0.0,0.0,0.0,0.0,0.0,0.0,0.0,0.0,0.0,0.0,0.0,0.0,0.0,0.0,0.0,0.0,0.0,0.0
37.3508680556,374005.0,35251.0,10.6097699356,639.0,64572.0,639.0,247.0,1502.0,3419.0,2255.0,6641.0,7421.0,11219.0,2519.0,239.0,35.0,1.0,0.0,0.0,0.0,0.0,0.0,0.0,0.0,0.0,0.0,0.0,0.0,0.0,0.0,0.0,0.0,0.0,0.0,0.0,0.0,0.0
37.3550347222,368500.0,35251.0,10.4536041531,639.0,64572.0,643.0,243.0,1556.0,3528.0,2212.0,6635.0,7581.0,11005.0,2502.0,197.0,34.0,1.0,0.0,0.0,0.0,0.0,0.0,0.0,0.0,0.0,0.0,0.0,0.0,0.0,0.0,0.0,0.0,0.0,0.0,0.0,0.0,0.0
37.3592013889,367192.0,35259.0,10.4141353981,639.0,64575.0,638.0,243.0,1706.0,3520.0,2238.0,6613.0,7603.0,10847.0,2468.0,227.0,36.0,1.0,0.0,0.0,0.0,0.0,0.0,0.0,0.0,0.0,0.0,0.0,0.0,0.0,0.0,0.0,0.0,0.0,0.0,0.0,0.0,0.0
37.3633680556,369555.0,35255.0,10.4823429301,639.0,64575.0,636.0,247.0,1615.0,3363.0,2340.0,6636.0,7691.0,10836.0,2513.0,221.0,37.0,3.0,0.0,0.0,0.0,0.0,0.0,0.0,0.0,0.0,0.0,0.0,0.0,0.0,0.0,0.0,0.0,0.0,0.0,0.0,0.0,0.0
37.3675347222,372276.0,35257.0,10.5589244689,639.0,64572.0,638.0,246.0,1526.0,3396.0,2250.0,6545.0,7649.0,11101.0,2554.0,198.0,37.0,1.0,0.0,0.0,0.0,0.0,0.0,0.0,0.0,0.0,0.0,0.0,0.0,0.0,0.0,0.0,0.0,0.0,0.0,0.0,0.0,0.0
37.3717013889,364320.0,35254.0,10.3341464798,639.0,64569.0,636.0,254.0,1663.0,3586.0,2349.0,6713.0,7526.0,10769.0,2397.0,208.0,34.0,9.0,0.0,0.0,0.0,0.0,0.0,0.0,0.0,0.0,0.0,0.0,0.0,0.0,0.0,0.0,0.0,0.0,0.0,0.0,0.0,0.0
37.3758680556,364372.0,35251.0,10.3365010922,639.0,64572.0,638.0,249.0,1607.0,3514.0,2291.0,6687.0,7577.0,10917.0,2425.0,208.0,24.0,1.0,0.0,0.0,0.0,0.0,0.0,0.0,0.0,0.0,0.0,0.0,0.0,0.0,0.0,0.0,0.0,0.0,0.0,0.0,0.0,0.0
37.3800347222,369069.0,35234.0,10.474797071,639.0,64572.0,636.0,248.0,1563.0,3533.0,2334.0,6623.0,7659.0,10715.0,2557.0,208.0,33.0,9.0,0.0,0.0,0.0,0.0,0.0,0.0,0.0,0.0,0.0,0.0,0.0,0.0,0.0,0.0,0.0,0.0,0.0,0.0,0.0,0.0
37.3842013889,365453.0,35256.0,10.365696619,639.0,64569.0,641.0,247.0,1700.0,3479.0,2353.0,6509.0,7782.0,10799.0,2342.0,254.0,37.0,1.0,0.0,0.0,0.0,0.0,0.0,0.0,0.0,0.0,0.0,0.0,0.0,0.0,0.0,0.0,0.0,0.0,0.0,0.0,0.0,0.0
37.3883680556,369265.0,35259.0,10.4729288976,639.0,64569.0,638.0,254.0,1605.0,3347.0,2355.0,6576.0,7735.0,10952.0,2426.0,221.0,37.0,5.0,0.0,0.0,0.0,0.0,0.0,0.0,0.0,0.0,0.0,0.0,0.0,0.0,0.0,0.0,0.0,0.0,0.0,0.0,0.0,0.0
37.3925347222,369299.0,35252.0,10.4759729944,636.0,64572.0,638.0,246.0,1590.0,3567.0,2262.0,6660.0,7551.0,10885.0,2467.0,223.0,41.0,6.0,0.0,0.0,0.0,0.0,0.0,0.0,0.0,0.0,0.0,0.0,0.0,0.0,0.0,0.0,0.0,0.0,0.0,0.0,0.0,0.0
37.3967013889,368209.0,35262.0,10.4420906358,639.0,64575.0,636.0,248.0,1693.0,3461.0,2390.0,6652.0,7376.0,10993.0,2429.0,224.0,38.0,6.0,0.0,0.0,0.0,0.0,0.0,0.0,0.0,0.0,0.0,0.0,0.0,0.0,0.0,0.0,0.0,0.0,0.0,0.0,0.0,0.0
37.4008680556,367009.0,35261.0,10.4083548396,644.0,64568.0,639.0,244.0,1631.0,3547.0,2303.0,6692.0,7357.0,11069.0,2386.0,247.0,27.0,2.0,0.0,0.0,0.0,0.0,0.0,0.0,0.0,0.0,0.0,0.0,0.0,0.0,0.0,0.0,0.0,0.0,0.0,0.0,0.0,0.0
37.4050347222,369031.0,35262.0,10.465401849,639.0,64574.0,638.0,243.0,1601.0,3537.0,2269.0,6631.0,7492.0,10986.0,2487.0,227.0,28.0,4.0,0.0,0.0,0.0,0.0,0.0,0.0,0.0,0.0,0.0,0.0,0.0,0.0,0.0,0.0,0.0,0.0,0.0,0.0,0.0,0.0
37.4092013889,366970.0,35248.0,10.4110871539,639.0,64572.0,639.0,240.0,1612.0,3454.0,2244.0,6749.0,7444.0,11080.0,2417.0,219.0,28.0,1.0,0.0,0.0,0.0,0.0,0.0,0.0,0.0,0.0,0.0,0.0,0.0,0.0,0.0,0.0,0.0,0.0,0.0,0.0,0.0,0.0
37.4133680556,370148.0,35261.0,10.4973767051,641.0,64569.0,636.0,249.0,1657.0,3528.0,2204.0,6601.0,7418.0,11105.0,2487.0,232.0,24.0,5.0,0.0,0.0,0.0,0.0,0.0,0.0,0.0,0.0,0.0,0.0,0.0,0.0,0.0,0.0,0.0,0.0,0.0,0.0,0.0,0.0
37.4175347222,372595.0,35257.0,10.5679723176,641.0,64572.0,633.0,249.0,1517.0,3457.0,2287.0,6679.0,7499.0,10978.0,2582.0,220.0,33.0,5.0,0.0,0.0,0.0,0.0,0.0,0.0,0.0,0.0,0.0,0.0,0.0,0.0,0.0,0.0,0.0,0.0,0.0,0.0,0.0,0.0
37.4217013889,373012.0,35248.0,10.5825011348,639.0,64575.0,633.0,240.0,1611.0,3464.0,2232.0,6695.0,7328.0,11084.0,2548.0,253.0,30.0,3.0,0.0,0.0,0.0,0.0,0.0,0.0,0.0,0.0,0.0,0.0,0.0,0.0,0.0,0.0,0.0,0.0,0.0,0.0,0.0,0.0
37.4258680556,368141.0,35253.0,10.4428275608,643.0,64575.0,636.0,243.0,1665.0,3639.0,2249.0,6615.0,7077.0,11376.0,2372.0,225.0,34.0,1.0,0.0,0.0,0.0,0.0,0.0,0.0,0.0,0.0,0.0,0.0,0.0,0.0,0.0,0.0,0.0,0.0,0.0,0.0,0.0,0.0
37.4300347222,372055.0,35253.0,10.5538535727,636.0,64569.0,636.0,252.0,1592.0,3553.0,2165.0,6793.0,7221.0,11146.0,2517.0,234.0,22.0,10.0,0.0,0.0,0.0,0.0,0.0,0.0,0.0,0.0,0.0,0.0,0.0,0.0,0.0,0.0,0.0,0.0,0.0,0.0,0.0,0.0
37.4342013889,370086.0,35252.0,10.4982979689,639.0,64569.0,636.0,248.0,1682.0,3562.0,2274.0,6608.0,7139.0,11236.0,2499.0,222.0,25.0,5.0,0.0,0.0,0.0,0.0,0.0,0.0,0.0,0.0,0.0,0.0,0.0,0.0,0.0,0.0,0.0,0.0,0.0,0.0,0.0,0.0
37.4383680556,369873.0,35250.0,10.4928510638,644.0,64572.0,636.0,246.0,1718.0,3515.0,2197.0,6847.0,7060.0,11159.0,2491.0,228.0,29.0,6.0,0.0,0.0,0.0,0.0,0.0,0.0,0.0,0.0,0.0,0.0,0.0,0.0,0.0,0.0,0.0,0.0,0.0,0.0,0.0,0.0
37.4425347222,370491.0,35253.0,10.5094885542,639.0,64572.0,639.0,240.0,1741.0,3499.0,2204.0,6812.0,6997.0,11240.0,2494.0,230.0,33.0,3.0,0.0,0.0,0.0,0.0,0.0,0.0,0.0,0.0,0.0,0.0,0.0,0.0,0.0,0.0,0.0,0.0,0.0,0.0,0.0,0.0
37.4467013889,368387.0,35258.0,10.4483237847,639.0,64575.0,636.0,246.0,1701.0,3527.0,2284.0,6651.0,7109.0,11283.0,2457.0,220.0,24.0,2.0,0.0,0.0,0.0,0.0,0.0,0.0,0.0,0.0,0.0,0.0,0.0,0.0,0.0,0.0,0.0,0.0,0.0,0.0,0.0,0.0
37.4508680556,368611.0,35251.0,10.4567529999,644.0,64572.0,639.0,249.0,1618.0,3509.0,2171.0,6980.0,7033.0,11222.0,2486.0,197.0,32.0,3.0,0.0,0.0,0.0,0.0,0.0,0.0,0.0,0.0,0.0,0.0,0.0,0.0,0.0,0.0,0.0,0.0,0.0,0.0,0.0,0.0
37.4550347222,368288.0,35254.0,10.4467010836,641.0,64571.0,638.0,248.0,1703.0,3508.0,2076.0,6791.0,7173.0,11405.0,2353.0,212.0,29.0,4.0,0.0,0.0,0.0,0.0,0.0,0.0,0.0,0.0,0.0,0.0,0.0,0.0,0.0,0.0,0.0,0.0,0.0,0.0,0.0,0.0
37.4592013889,371668.0,35253.0,10.5428757836,639.0,64572.0,639.0,244.0,1715.0,3494.0,2189.0,6803.0,6875.0,11429.0,2507.0,205.0,30.0,6.0,0.0,0.0,0.0,0.0,0.0,0.0,0.0,0.0,0.0,0.0,0.0,0.0,0.0,0.0,0.0,0.0,0.0,0.0,0.0,0.0
37.4633680556,370991.0,35256.0,10.522776265,639.0,64569.0,643.0,247.0,1671.0,3599.0,2062.0,6809.0,7002.0,11407.0,2467.0,200.0,33.0,6.0,0.0,0.0,0.0,0.0,0.0,0.0,0.0,0.0,0.0,0.0,0.0,0.0,0.0,0.0,0.0,0.0,0.0,0.0,0.0,0.0
37.4675347222,365369.0,35252.0,10.364489958,639.0,64574.0,635.0,248.0,1713.0,3741.0,2300.0,6725.0,7004.0,11145.0,2359.0,221.0,40.0,4.0,0.0,0.0,0.0,0.0,0.0,0.0,0.0,0.0,0.0,0.0,0.0,0.0,0.0,0.0,0.0,0.0,0.0,0.0,0.0,0.0
37.4717013889,362998.0,35256.0,10.2960630815,644.0,64575.0,638.0,243.0,1726.0,3566.0,2216.0,7046.0,6982.0,11129.0,2345.0,219.0,24.0,3.0,0.0,0.0,0.0,0.0,0.0,0.0,0.0,0.0,0.0,0.0,0.0,0.0,0.0,0.0,0.0,0.0,0.0,0.0,0.0,0.0
37.4758680556,368507.0,35259.0,10.4514308404,639.0,64575.0,639.0,241.0,1705.0,3513.0,2187.0,6863.0,7064.0,11307.0,2360.0,220.0,32.0,8.0,0.0,0.0,0.0,0.0,0.0,0.0,0.0,0.0,0.0,0.0,0.0,0.0,0.0,0.0,0.0,0.0,0.0,0.0,0.0,0.0
37.4800347222,368057.0,35251.0,10.4410371337,638.0,64574.0,635.0,248.0,1764.0,3583.0,2157.0,6700.0,7108.0,11235.0,2447.0,230.0,25.0,2.0,0.0,0.0,0.0,0.0,0.0,0.0,0.0,0.0,0.0,0.0,0.0,0.0,0.0,0.0,0.0,0.0,0.0,0.0,0.0,0.0
37.4842013889,370250.0,35249.0,10.5038440807,641.0,64575.0,638.0,243.0,1637.0,3476.0,2175.0,6696.0,7171.0,11404.0,2436.0,233.0,19.0,2.0,0.0,0.0,0.0,0.0,0.0,0.0,0.0,0.0,0.0,0.0,0.0,0.0,0.0,0.0,0.0,0.0,0.0,0.0,0.0,0.0
37.4883680556,375752.0,35249.0,10.6599336151,644.0,64572.0,639.0,247.0,1660.0,3412.0,2032.0,6727.0,7141.0,11517.0,2492.0,228.0,36.0,4.0,0.0,0.0,0.0,0.0,0.0,0.0,0.0,0.0,0.0,0.0,0.0,0.0,0.0,0.0,0.0,0.0,0.0,0.0,0.0,0.0
37.4925347222,377498.0,35244.0,10.7109862672,644.0,64574.0,636.0,248.0,1695.0,3424.0,2081.0,6660.0,7075.0,11567.0,2477.0,205.0,48.0,12.0,0.0,0.0,0.0,0.0,0.0,0.0,0.0,0.0,0.0,0.0,0.0,0.0,0.0,0.0,0.0,0.0,0.0,0.0,0.0,0.0
37.4967013889,376152.0,35250.0,10.6709787234,639.0,64575.0,636.0,248.0,1622.0,3288.0,2102.0,6671.0,7257.0,11551.0,2507.0,219.0,28.0,5.0,0.0,0.0,0.0,0.0,0.0,0.0,0.0,0.0,0.0,0.0,0.0,0.0,0.0,0.0,0.0,0.0,0.0,0.0,0.0,0.0
37.5008680556,376026.0,35252.0,10.6667990469,644.0,64574.0,636.0,240.0,1667.0,3382.0,2046.0,6698.0,7212.0,11434.0,2540.0,242.0,28.0,3.0,0.0,0.0,0.0,0.0,0.0,0.0,0.0,0.0,0.0,0.0,0.0,0.0,0.0,0.0,0.0,0.0,0.0,0.0,0.0,0.0
37.5050347222,373039.0,35260.0,10.5796653432,644.0,64574.0,638.0,248.0,1610.0,3451.0,2068.0,6621.0,7371.0,11370.0,2555.0,185.0,23.0,6.0,0.0,0.0,0.0,0.0,0.0,0.0,0.0,0.0,0.0,0.0,0.0,0.0,0.0,0.0,0.0,0.0,0.0,0.0,0.0,0.0
37.5092013889,369695.0,35253.0,10.4869089156,644.0,64575.0,636.0,243.0,1585.0,3455.0,2200.0,6722.0,7487.0,11085.0,2481.0,194.0,42.0,2.0,0.0,0.0,0.0,0.0,0.0,0.0,0.0,0.0,0.0,0.0,0.0,0.0,0.0,0.0,0.0,0.0,0.0,0.0,0.0,0.0
37.5133680556,372631.0,35257.0,10.5689933914,644.0,64571.0,639.0,248.0,1550.0,3309.0,2133.0,6672.0,7614.0,11289.0,2430.0,234.0,20.0,6.0,0.0,0.0,0.0,0.0,0.0,0.0,0.0,0.0,0.0,0.0,0.0,0.0,0.0,0.0,0.0,0.0,0.0,0.0,0.0,0.0
37.5175347222,373468.0,35250.0,10.5948368794,646.0,64574.0,635.0,246.0,1620.0,3362.0,2083.0,6799.0,7419.0,11232.0,2475.0,220.0,30.0,10.0,0.0,0.0,0.0,0.0,0.0,0.0,0.0,0.0,0.0,0.0,0.0,0.0,0.0,0.0,0.0,0.0,0.0,0.0,0.0,0.0
37.5217013889,371072.0,35261.0,10.5235812938,646.0,64572.0,638.0,248.0,1647.0,3488.0,2150.0,6709.0,7336.0,11148.0,2528.0,229.0,22.0,4.0,0.0,0.0,0.0,0.0,0.0,0.0,0.0,0.0,0.0,0.0,0.0,0.0,0.0,0.0,0.0,0.0,0.0,0.0,0.0,0.0
37.5258680556,371589.0,35266.0,10.5367492769,646.0,64572.0,639.0,247.0,1662.0,3459.0,2117.0,6656.0,7419.0,11204.0,2501.0,215.0,28.0,5.0,0.0,0.0,0.0,0.0,0.0,0.0,0.0,0.0,0.0,0.0,0.0,0.0,0.0,0.0,0.0,0.0,0.0,0.0,0.0,0.0
37.5300347222,374242.0,35263.0,10.6128803562,646.0,64571.0,639.0,243.0,1603.0,3458.0,2130.0,6479.0,7576.0,11242.0,2537.0,196.0,34.0,8.0,0.0,0.0,0.0,0.0,0.0,0.0,0.0,0.0,0.0,0.0,0.0,0.0,0.0,0.0,0.0,0.0,0.0,0.0,0.0,0.0
37.5342013889,373209.0,35261.0,10.584186495,646.0,64572.0,638.0,247.0,1621.0,3339.0,2235.0,6504.0,7719.0,11000.0,2612.0,192.0,33.0,6.0,0.0,0.0,0.0,0.0,0.0,0.0,0.0,0.0,0.0,0.0,0.0,0.0,0.0,0.0,0.0,0.0,0.0,0.0,0.0,0.0
37.5383680556,370630.0,35262.0,10.5107481141,646.0,64574.0,636.0,241.0,1576.0,3458.0,2130.0,6706.0,7561.0,11029.0,2560.0,217.0,24.0,1.0,0.0,0.0,0.0,0.0,0.0,0.0,0.0,0.0,0.0,0.0,0.0,0.0,0.0,0.0,0.0,0.0,0.0,0.0,0.0,0.0
37.5425347222,370135.0,35258.0,10.4979011855,646.0,64575.0,636.0,251.0,1592.0,3405.0,2237.0,6620.0,7632.0,11040.0,2471.0,229.0,30.0,2.0,0.0,0.0,0.0,0.0,0.0,0.0,0.0,0.0,0.0,0.0,0.0,0.0,0.0,0.0,0.0,0.0,0.0,0.0,0.0,0.0
37.5467013889,372678.0,35268.0,10.5670296019,646.0,64572.0,638.0,243.0,1562.0,3424.0,2165.0,6523.0,7782.0,11068.0,2475.0,229.0,36.0,4.0,0.0,0.0,0.0,0.0,0.0,0.0,0.0,0.0,0.0,0.0,0.0,0.0,0.0,0.0,0.0,0.0,0.0,0.0,0.0,0.0
37.5508680556,370716.0,35270.0,10.5108023816,647.0,64571.0,638.0,249.0,1607.0,3394.0,2215.0,6383.0,7972.0,10997.0,2451.0,216.0,28.0,7.0,0.0,0.0,0.0,0.0,0.0,0.0,0.0,0.0,0.0,0.0,0.0,0.0,0.0,0.0,0.0,0.0,0.0,0.0,0.0,0.0
37.5550347222,365744.0,35266.0,10.3710089038,647.0,64569.0,636.0,248.0,1606.0,3430.0,2291.0,6521.0,8042.0,10679.0,2478.0,180.0,34.0,5.0,0.0,0.0,0.0,0.0,0.0,0.0,0.0,0.0,0.0,0.0,0.0,0.0,0.0,0.0,0.0,0.0,0.0,0.0,0.0,0.0
37.5592013889,372223.0,35272.0,10.5529315037,647.0,64569.0,638.0,251.0,1598.0,3405.0,2137.0,6232.0,8256.0,10818.0,2592.0,204.0,25.0,5.0,0.0,0.0,0.0,0.0,0.0,0.0,0.0,0.0,0.0,0.0,0.0,0.0,0.0,0.0,0.0,0.0,0.0,0.0,0.0,0.0
37.5633680556,366860.0,35270.0,10.4014743408,647.0,64575.0,636.0,246.0,1567.0,3386.0,2283.0,6233.0,8441.0,10669.0,2444.0,226.0,18.0,3.0,0.0,0.0,0.0,0.0,0.0,0.0,0.0,0.0,0.0,0.0,0.0,0.0,0.0,0.0,0.0,0.0,0.0,0.0,0.0,0.0
37.5675347222,367000.0,35274.0,10.4042637637,649.0,64574.0,643.0,240.0,1571.0,3354.0,2259.0,6392.0,8395.0,10598.0,2468.0,209.0,21.0,7.0,0.0,0.0,0.0,0.0,0.0,0.0,0.0,0.0,0.0,0.0,0.0,0.0,0.0,0.0,0.0,0.0,0.0,0.0,0.0,0.0
37.5717013889,373226.0,35295.0,10.5744723049,649.0,64572.0,633.0,248.0,1571.0,3418.0,2216.0,6256.0,8432.0,10496.0,2632.0,236.0,32.0,6.0,0.0,0.0,0.0,0.0,0.0,0.0,0.0,0.0,0.0,0.0,0.0,0.0,0.0,0.0,0.0,0.0,0.0,0.0,0.0,0.0
37.5758680556,368259.0,35291.0,10.4349267519,649.0,64576.0,636.0,244.0,1522.0,3403.0,2294.0,6259.0,8576.0,10436.0,2554.0,216.0,30.0,1.0,0.0,0.0,0.0,0.0,0.0,0.0,0.0,0.0,0.0,0.0,0.0,0.0,0.0,0.0,0.0,0.0,0.0,0.0,0.0,0.0
37.5800347222,365694.0,35292.0,10.3619517171,653.0,64569.0,639.0,254.0,1597.0,3418.0,2402.0,6382.0,8463.0,10243.0,2526.0,221.0,38.0,2.0,0.0,0.0,0.0,0.0,0.0,0.0,0.0,0.0,0.0,0.0,0.0,0.0,0.0,0.0,0.0,0.0,0.0,0.0,0.0,0.0
37.5842013889,374918.0,35290.0,10.6239161235,652.0,64572.0,638.0,249.0,1544.0,3300.0,2159.0,6293.0,8254.0,10926.0,2551.0,227.0,32.0,4.0,0.0,0.0,0.0,0.0,0.0,0.0,0.0,0.0,0.0,0.0,0.0,0.0,0.0,0.0,0.0,0.0,0.0,0.0,0.0,0.0
37.5883680556,368605.0,35296.0,10.4432513599,653.0,64582.0,635.0,243.0,1615.0,3353.0,2172.0,6257.0,8591.0,10567.0,2507.0,195.0,36.0,3.0,0.0,0.0,0.0,0.0,0.0,0.0,0.0,0.0,0.0,0.0,0.0,0.0,0.0,0.0,0.0,0.0,0.0,0.0,0.0,0.0
37.5925347222,377178.0,35302.0,10.6843238343,653.0,64573.0,638.0,246.0,1585.0,3264.0,2129.0,6162.0,8414.0,10878.0,2621.0,201.0,42.0,6.0,0.0,0.0,0.0,0.0,0.0,0.0,0.0,0.0,0.0,0.0,0.0,0.0,0.0,0.0,0.0,0.0,0.0,0.0,0.0,0.0
37.5967013889,372017.0,35300.0,10.5387252125,653.0,64572.0,639.0,248.0,1571.0,3235.0,2151.0,6308.0,8662.0,10518.0,2607.0,219.0,25.0,4.0,0.0,0.0,0.0,0.0,0.0,0.0,0.0,0.0,0.0,0.0,0.0,0.0,0.0,0.0,0.0,0.0,0.0,0.0,0.0,0.0
37.6008680556,371254.0,35304.0,10.515918876,653.0,64572.0,639.0,247.0,1546.0,3284.0,2179.0,6181.0,8927.0,10373.0,2556.0,218.0,35.0,5.0,0.0,0.0,0.0,0.0,0.0,0.0,0.0,0.0,0.0,0.0,0.0,0.0,0.0,0.0,0.0,0.0,0.0,0.0,0.0,0.0
37.6050347222,362283.0,35307.0,10.260939757,653.0,64572.0,638.0,248.0,1767.0,3405.0,2225.0,6401.0,8525.0,10327.0,2407.0,217.0,31.0,2.0,0.0,0.0,0.0,0.0,0.0,0.0,0.0,0.0,0.0,0.0,0.0,0.0,0.0,0.0,0.0,0.0,0.0,0.0,0.0,0.0
37.6092013889,362199.0,35308.0,10.2582700804,653.0,64575.0,638.0,246.0,1583.0,3549.0,2343.0,6413.0,8435.0,10304.0,2429.0,223.0,27.0,2.0,0.0,0.0,0.0,0.0,0.0,0.0,0.0,0.0,0.0,0.0,0.0,0.0,0.0,0.0,0.0,0.0,0.0,0.0,0.0,0.0
37.6133680556,365235.0,35302.0,10.3460143901,658.0,64571.0,639.0,243.0,1614.0,3469.0,2355.0,6320.0,8380.0,10454.0,2448.0,229.0,31.0,2.0,0.0,0.0,0.0,0.0,0.0,0.0,0.0,0.0,0.0,0.0,0.0,0.0,0.0,0.0,0.0,0.0,0.0,0.0,0.0,0.0
37.6175347222,365384.0,35312.0,10.3473040326,656.0,64575.0,632.0,246.0,1688.0,3508.0,2332.0,6401.0,8211.0,10480.0,2436.0,209.0,40.0,7.0,0.0,0.0,0.0,0.0,0.0,0.0,0.0,0.0,0.0,0.0,0.0,0.0,0.0,0.0,0.0,0.0,0.0,0.0,0.0,0.0
37.6217013889,364883.0,35295.0,10.3380932143,656.0,64568.0,639.0,243.0,1571.0,3427.0,2278.0,6461.0,8466.0,10390.0,2440.0,227.0,35.0,0.0,0.0,0.0,0.0,0.0,0.0,0.0,0.0,0.0,0.0,0.0,0.0,0.0,0.0,0.0,0.0,0.0,0.0,0.0,0.0,0.0
37.6258680556,367393.0,35302.0,10.4071440712,656.0,64572.0,636.0,255.0,1628.0,3457.0,2304.0,6338.0,8359.0,10456.0,2493.0,233.0,28.0,6.0,0.0,0.0,0.0,0.0,0.0,0.0,0.0,0.0,0.0,0.0,0.0,0.0,0.0,0.0,0.0,0.0,0.0,0.0,0.0,0.0
37.6384027778,362810.0,35307.0,10.2758659756,658.0,64572.0,636.0,248.0,1554.0,3458.0,2310.0,6365.0,8607.0,10352.0,2428.0,201.0,31.0,1.0,0.0,0.0,0.0,0.0,0.0,0.0,0.0,0.0,0.0,0.0,0.0,0.0,0.0,0.0,0.0,0.0,0.0,0.0,0.0,0.0
37.6425694444,368580.0,35298.0,10.4419513853,658.0,64574.0,636.0,241.0,1547.0,3468.0,2234.0,6319.0,8411.0,10601.0,2469.0,212.0,28.0,9.0,0.0,0.0,0.0,0.0,0.0,0.0,0.0,0.0,0.0,0.0,0.0,0.0,0.0,0.0,0.0,0.0,0.0,0.0,0.0,0.0
37.6467361111,363471.0,35326.0,10.2890505577,658.0,64574.0,636.0,247.0,1648.0,3485.0,2425.0,6326.0,8351.0,10391.0,2454.0,217.0,24.0,5.0,0.0,0.0,0.0,0.0,0.0,0.0,0.0,0.0,0.0,0.0,0.0,0.0,0.0,0.0,0.0,0.0,0.0,0.0,0.0,0.0
37.6509027778,359900.0,35313.0,10.1917140996,658.0,64571.0,639.0,243.0,1696.0,3592.0,2306.0,6458.0,8329.0,10390.0,2268.0,235.0,36.0,3.0,0.0,0.0,0.0,0.0,0.0,0.0,0.0,0.0,0.0,0.0,0.0,0.0,0.0,0.0,0.0,0.0,0.0,0.0,0.0,0.0
37.6550694444,356770.0,35310.0,10.1039365619,658.0,64572.0,639.0,246.0,1712.0,3552.0,2441.0,6300.0,8508.0,10256.0,2323.0,180.0,36.0,2.0,0.0,0.0,0.0,0.0,0.0,0.0,0.0,0.0,0.0,0.0,0.0,0.0,0.0,0.0,0.0,0.0,0.0,0.0,0.0,0.0
37.6592361111,359754.0,35315.0,10.1870026901,659.0,64569.0,646.0,243.0,1709.0,3622.0,2368.0,6311.0,8415.0,10245.0,2406.0,208.0,26.0,5.0,0.0,0.0,0.0,0.0,0.0,0.0,0.0,0.0,0.0,0.0,0.0,0.0,0.0,0.0,0.0,0.0,0.0,0.0,0.0,0.0
37.6634027778,356661.0,35316.0,10.0991335372,659.0,64569.0,638.0,248.0,1683.0,3619.0,2367.0,6341.0,8452.0,10312.0,2297.0,229.0,15.0,1.0,0.0,0.0,0.0,0.0,0.0,0.0,0.0,0.0,0.0,0.0,0.0,0.0,0.0,0.0,0.0,0.0,0.0,0.0,0.0,0.0
37.6675694444,360228.0,35309.0,10.20215809,659.0,64574.0,636.0,248.0,1674.0,3636.0,2362.0,6381.0,8193.0,10432.0,2394.0,208.0,27.0,2.0,0.0,0.0,0.0,0.0,0.0,0.0,0.0,0.0,0.0,0.0,0.0,0.0,0.0,0.0,0.0,0.0,0.0,0.0,0.0,0.0
37.6717361111,360075.0,35312.0,10.196958541,659.0,64568.0,638.0,246.0,1711.0,3657.0,2361.0,6426.0,8233.0,10266.0,2408.0,212.0,35.0,3.0,0.0,0.0,0.0,0.0,0.0,0.0,0.0,0.0,0.0,0.0,0.0,0.0,0.0,0.0,0.0,0.0,0.0,0.0,0.0,0.0
37.6759027778,360752.0,35324.0,10.2126599479,659.0,64572.0,638.0,249.0,1697.0,3584.0,2414.0,6397.0,8392.0,10178.0,2392.0,230.0,37.0,3.0,0.0,0.0,0.0,0.0,0.0,0.0,0.0,0.0,0.0,0.0,0.0,0.0,0.0,0.0,0.0,0.0,0.0,0.0,0.0,0.0
37.6800694444,356812.0,35332.0,10.0988339183,659.0,64568.0,639.0,243.0,1724.0,3742.0,2359.0,6392.0,8416.0,10118.0,2320.0,224.0,35.0,2.0,0.0,0.0,0.0,0.0,0.0,0.0,0.0,0.0,0.0,0.0,0.0,0.0,0.0,0.0,0.0,0.0,0.0,0.0,0.0,0.0
37.6842361111,358147.0,35319.0,10.140349387,659.0,64568.0,638.0,248.0,1794.0,3571.0,2482.0,6189.0,8431.0,10238.0,2373.0,208.0,32.0,1.0,0.0,0.0,0.0,0.0,0.0,0.0,0.0,0.0,0.0,0.0,0.0,0.0,0.0,0.0,0.0,0.0,0.0,0.0,0.0,0.0
37.6884027778,359076.0,35327.0,10.1643502137,661.0,64572.0,638.0,246.0,1765.0,3528.0,2478.0,6188.0,8580.0,10205.0,2319.0,222.0,41.0,1.0,0.0,0.0,0.0,0.0,0.0,0.0,0.0,0.0,0.0,0.0,0.0,0.0,0.0,0.0,0.0,0.0,0.0,0.0,0.0,0.0
37.6925694444,354776.0,35324.0,10.0434831842,659.0,64575.0,638.0,247.0,1754.0,3592.0,2506.0,6219.0,8690.0,10064.0,2252.0,212.0,30.0,5.0,0.0,0.0,0.0,0.0,0.0,0.0,0.0,0.0,0.0,0.0,0.0,0.0,0.0,0.0,0.0,0.0,0.0,0.0,0.0,0.0
37.6967361111,357823.0,35326.0,10.129168318,661.0,64575.0,635.0,248.0,1744.0,3543.0,2438.0,6245.0,8677.0,10038.0,2408.0,203.0,26.0,4.0,0.0,0.0,0.0,0.0,0.0,0.0,0.0,0.0,0.0,0.0,0.0,0.0,0.0,0.0,0.0,0.0,0.0,0.0,0.0,0.0
37.7009027778,353599.0,35333.0,10.0076132794,659.0,64571.0,643.0,244.0,1886.0,3667.0,2434.0,6258.0,8476.0,10120.0,2260.0,197.0,28.0,7.0,0.0,0.0,0.0,0.0,0.0,0.0,0.0,0.0,0.0,0.0,0.0,0.0,0.0,0.0,0.0,0.0,0.0,0.0,0.0,0.0
37.7050694444,358322.0,35321.0,10.1447297642,661.0,64569.0,639.0,252.0,1883.0,3590.0,2372.0,6215.0,8563.0,10107.0,2336.0,209.0,39.0,7.0,0.0,0.0,0.0,0.0,0.0,0.0,0.0,0.0,0.0,0.0,0.0,0.0,0.0,0.0,0.0,0.0,0.0,0.0,0.0,0.0
37.7092361111,354565.0,35327.0,10.0366575141,659.0,64572.0,636.0,248.0,1708.0,3635.0,2389.0,6368.0,8479.0,10271.0,2248.0,199.0,30.0,0.0,0.0,0.0,0.0,0.0,0.0,0.0,0.0,0.0,0.0,0.0,0.0,0.0,0.0,0.0,0.0,0.0,0.0,0.0,0.0,0.0
37.7134027778,362729.0,35312.0,10.2721171273,659.0,64574.0,639.0,249.0,1679.0,3583.0,2371.0,6299.0,8407.0,10318.0,2389.0,223.0,38.0,5.0,0.0,0.0,0.0,0.0,0.0,0.0,0.0,0.0,0.0,0.0,0.0,0.0,0.0,0.0,0.0,0.0,0.0,0.0,0.0,0.0
37.7175694444,359116.0,35339.0,10.1620306177,661.0,64575.0,639.0,240.0,1747.0,3634.0,2373.0,6238.0,8565.0,10217.0,2309.0,211.0,40.0,5.0,0.0,0.0,0.0,0.0,0.0,0.0,0.0,0.0,0.0,0.0,0.0,0.0,0.0,0.0,0.0,0.0,0.0,0.0,0.0,0.0
37.7217361111,355396.0,35341.0,10.0561953538,662.0,64572.0,636.0,248.0,1741.0,3590.0,2595.0,6386.0,8420.0,10065.0,2290.0,219.0,28.0,7.0,0.0,0.0,0.0,0.0,0.0,0.0,0.0,0.0,0.0,0.0,0.0,0.0,0.0,0.0,0.0,0.0,0.0,0.0,0.0,0.0
37.7259027778,353092.0,35341.0,9.99100195241,661.0,64572.0,636.0,247.0,1690.0,3648.0,2642.0,6212.0,8694.0,9928.0,2303.0,189.0,30.0,5.0,0.0,0.0,0.0,0.0,0.0,0.0,0.0,0.0,0.0,0.0,0.0,0.0,0.0,0.0,0.0,0.0,0.0,0.0,0.0,0.0
37.7300694444,359278.0,35338.0,10.1669024846,661.0,64574.0,638.0,244.0,1663.0,3618.0,2554.0,6270.0,8632.0,9900.0,2435.0,234.0,24.0,8.0,0.0,0.0,0.0,0.0,0.0,0.0,0.0,0.0,0.0,0.0,0.0,0.0,0.0,0.0,0.0,0.0,0.0,0.0,0.0,0.0
37.7342361111,354151.0,35342.0,10.0206836059,661.0,64575.0,636.0,246.0,1726.0,3637.0,2495.0,6265.0,8692.0,9943.0,2364.0,193.0,24.0,3.0,0.0,0.0,0.0,0.0,0.0,0.0,0.0,0.0,0.0,0.0,0.0,0.0,0.0,0.0,0.0,0.0,0.0,0.0,0.0,0.0
37.7384027778,354119.0,35344.0,10.0192111815,664.0,64572.0,638.0,248.0,1801.0,3795.0,2426.0,6328.0,8460.0,9928.0,2350.0,230.0,23.0,3.0,0.0,0.0,0.0,0.0,0.0,0.0,0.0,0.0,0.0,0.0,0.0,0.0,0.0,0.0,0.0,0.0,0.0,0.0,0.0,0.0
37.7425694444,360794.0,35340.0,10.2092246746,665.0,64574.0,635.0,240.0,1747.0,3590.0,2446.0,6204.0,8479.0,10173.0,2448.0,218.0,34.0,1.0,0.0,0.0,0.0,0.0,0.0,0.0,0.0,0.0,0.0,0.0,0.0,0.0,0.0,0.0,0.0,0.0,0.0,0.0,0.0,0.0
37.7467361111,360188.0,35331.0,10.1946732331,664.0,64574.0,636.0,247.0,1638.0,3556.0,2418.0,6135.0,8945.0,9989.0,2392.0,222.0,32.0,4.0,0.0,0.0,0.0,0.0,0.0,0.0,0.0,0.0,0.0,0.0,0.0,0.0,0.0,0.0,0.0,0.0,0.0,0.0,0.0,0.0
37.7509027778,352047.0,35330.0,9.96453439004,664.0,64572.0,639.0,243.0,1738.0,3591.0,2496.0,6140.0,8897.0,10027.0,2214.0,201.0,24.0,2.0,0.0,0.0,0.0,0.0,0.0,0.0,0.0,0.0,0.0,0.0,0.0,0.0,0.0,0.0,0.0,0.0,0.0,0.0,0.0,0.0
37.7550694444,355763.0,35344.0,10.0657254414,665.0,64575.0,636.0,244.0,1684.0,3587.0,2466.0,6191.0,8876.0,9965.0,2346.0,199.0,27.0,3.0,0.0,0.0,0.0,0.0,0.0,0.0,0.0,0.0,0.0,0.0,0.0,0.0,0.0,0.0,0.0,0.0,0.0,0.0,0.0,0.0
37.7592361111,355926.0,35340.0,10.0714770798,664.0,64572.0,636.0,246.0,1763.0,3506.0,2432.0,6045.0,9192.0,9867.0,2288.0,209.0,34.0,4.0,0.0,0.0,0.0,0.0,0.0,0.0,0.0,0.0,0.0,0.0,0.0,0.0,0.0,0.0,0.0,0.0,0.0,0.0,0.0,0.0
37.7634027778,351196.0,35350.0,9.93482319661,664.0,64575.0,639.0,246.0,1726.0,3652.0,2526.0,6135.0,9140.0,9632.0,2317.0,187.0,34.0,1.0,0.0,0.0,0.0,0.0,0.0,0.0,0.0,0.0,0.0,0.0,0.0,0.0,0.0,0.0,0.0,0.0,0.0,0.0,0.0,0.0
37.7675694444,356055.0,35354.0,10.0711376365,665.0,64575.0,636.0,246.0,1744.0,3495.0,2422.0,6133.0,9254.0,9708.0,2352.0,214.0,28.0,3.0,1.0,0.0,0.0,0.0,0.0,0.0,0.0,0.0,0.0,0.0,0.0,0.0,0.0,0.0,0.0,0.0,0.0,0.0,0.0,0.0
37.7717361111,351488.0,35357.0,9.9411149136,665.0,64572.0,636.0,248.0,1692.0,3620.0,2492.0,6269.0,9120.0,9665.0,2259.0,206.0,31.0,3.0,0.0,0.0,0.0,0.0,0.0,0.0,0.0,0.0,0.0,0.0,0.0,0.0,0.0,0.0,0.0,0.0,0.0,0.0,0.0,0.0
37.7759027778,353289.0,35345.0,9.99544490027,668.0,64572.0,639.0,241.0,1739.0,3635.0,2525.0,6175.0,9126.0,9545.0,2335.0,234.0,27.0,4.0,0.0,0.0,0.0,0.0,0.0,0.0,0.0,0.0,0.0,0.0,0.0,0.0,0.0,0.0,0.0,0.0,0.0,0.0,0.0,0.0
37.7800694444,354160.0,35341.0,10.0212218104,668.0,64575.0,639.0,241.0,1823.0,3594.0,2485.0,6177.0,8955.0,9678.0,2386.0,208.0,33.0,2.0,0.0,0.0,0.0,0.0,0.0,0.0,0.0,0.0,0.0,0.0,0.0,0.0,0.0,0.0,0.0,0.0,0.0,0.0,0.0,0.0
37.7842361111,352128.0,35356.0,9.95949768073,665.0,64574.0,639.0,246.0,1688.0,3700.0,2608.0,6067.0,8948.0,9826.0,2291.0,199.0,26.0,3.0,0.0,0.0,0.0,0.0,0.0,0.0,0.0,0.0,0.0,0.0,0.0,0.0,0.0,0.0,0.0,0.0,0.0,0.0,0.0,0.0
37.7884027778,354281.0,35351.0,10.0218098498,670.0,64569.0,643.0,246.0,1795.0,3635.0,2623.0,6116.0,8895.0,9707.0,2314.0,231.0,26.0,9.0,0.0,0.0,0.0,0.0,0.0,0.0,0.0,0.0,0.0,0.0,0.0,0.0,0.0,0.0,0.0,0.0,0.0,0.0,0.0,0.0
37.7925694444,354596.0,35357.0,10.0290182991,668.0,64572.0,636.0,246.0,1682.0,3608.0,2458.0,6238.0,9062.0,9729.0,2343.0,203.0,29.0,5.0,0.0,0.0,0.0,0.0,0.0,0.0,0.0,0.0,0.0,0.0,0.0,0.0,0.0,0.0,0.0,0.0,0.0,0.0,0.0,0.0
37.7967361111,350363.0,35352.0,9.91069812175,667.0,64569.0,636.0,252.0,1813.0,3715.0,2552.0,6150.0,8982.0,9638.0,2250.0,223.0,22.0,7.0,0.0,0.0,0.0,0.0,0.0,0.0,0.0,0.0,0.0,0.0,0.0,0.0,0.0,0.0,0.0,0.0,0.0,0.0,0.0,0.0
37.8009027778,352560.0,35363.0,9.96974238611,671.0,64575.0,636.0,249.0,1804.0,3682.0,2491.0,6198.0,8960.0,9712.0,2266.0,201.0,46.0,3.0,0.0,0.0,0.0,0.0,0.0,0.0,0.0,0.0,0.0,0.0,0.0,0.0,0.0,0.0,0.0,0.0,0.0,0.0,0.0,0.0
37.8050694444,352649.0,35359.0,9.97338725643,670.0,64572.0,638.0,248.0,1816.0,3649.0,2588.0,6206.0,8991.0,9504.0,2335.0,227.0,41.0,2.0,0.0,0.0,0.0,0.0,0.0,0.0,0.0,0.0,0.0,0.0,0.0,0.0,0.0,0.0,0.0,0.0,0.0,0.0,0.0,0.0
37.8092361111,347304.0,35368.0,9.81972404433,671.0,64572.0,639.0,248.0,1799.0,3674.0,2511.0,6130.0,9331.0,9481.0,2218.0,196.0,23.0,5.0,0.0,0.0,0.0,0.0,0.0,0.0,0.0,0.0,0.0,0.0,0.0,0.0,0.0,0.0,0.0,0.0,0.0,0.0,0.0,0.0
37.8134027778,347347.0,35374.0,9.81927404308,671.0,64574.0,636.0,248.0,1820.0,3687.0,2660.0,5975.0,9269.0,9450.0,2298.0,189.0,25.0,1.0,0.0,0.0,0.0,0.0,0.0,0.0,0.0,0.0,0.0,0.0,0.0,0.0,0.0,0.0,0.0,0.0,0.0,0.0,0.0,0.0
37.8175694444,352899.0,35360.0,9.98017533937,671.0,64574.0,635.0,247.0,1809.0,3607.0,2568.0,6139.0,8988.0,9697.0,2306.0,201.0,44.0,1.0,0.0,0.0,0.0,0.0,0.0,0.0,0.0,0.0,0.0,0.0,0.0,0.0,0.0,0.0,0.0,0.0,0.0,0.0,0.0,0.0
37.8217361111,345740.0,35372.0,9.77439782879,671.0,64569.0,636.0,249.0,1871.0,3686.0,2577.0,6079.0,9337.0,9390.0,2213.0,179.0,38.0,2.0,0.0,0.0,0.0,0.0,0.0,0.0,0.0,0.0,0.0,0.0,0.0,0.0,0.0,0.0,0.0,0.0,0.0,0.0,0.0,0.0
37.8259027778,349370.0,35372.0,9.87702137284,671.0,64572.0,636.0,248.0,1780.0,3710.0,2486.0,6074.0,9181.0,9652.0,2268.0,199.0,19.0,3.0,0.0,0.0,0.0,0.0,0.0,0.0,0.0,0.0,0.0,0.0,0.0,0.0,0.0,0.0,0.0,0.0,0.0,0.0,0.0,0.0
37.8300694444,351332.0,35371.0,9.93276978316,671.0,64572.0,636.0,243.0,1782.0,3704.0,2614.0,6154.0,9137.0,9397.0,2330.0,213.0,32.0,8.0,0.0,0.0,0.0,0.0,0.0,0.0,0.0,0.0,0.0,0.0,0.0,0.0,0.0,0.0,0.0,0.0,0.0,0.0,0.0,0.0
37.8342361111,348029.0,35376.0,9.83799751244,671.0,64572.0,639.0,246.0,1815.0,3743.0,2591.0,6012.0,9224.0,9543.0,2204.0,212.0,29.0,3.0,0.0,0.0,0.0,0.0,0.0,0.0,0.0,0.0,0.0,0.0,0.0,0.0,0.0,0.0,0.0,0.0,0.0,0.0,0.0,0.0
37.8384027778,349441.0,35377.0,9.87763236001,670.0,64569.0,636.0,255.0,1775.0,3773.0,2634.0,5850.0,9319.0,9453.0,2356.0,193.0,21.0,3.0,0.0,0.0,0.0,0.0,0.0,0.0,0.0,0.0,0.0,0.0,0.0,0.0,0.0,0.0,0.0,0.0,0.0,0.0,0.0,0.0
37.8425694444,346822.0,35371.0,9.80526419949,671.0,64572.0,636.0,248.0,1747.0,3664.0,2723.0,5912.0,9600.0,9231.0,2263.0,200.0,28.0,3.0,0.0,0.0,0.0,0.0,0.0,0.0,0.0,0.0,0.0,0.0,0.0,0.0,0.0,0.0,0.0,0.0,0.0,0.0,0.0,0.0
37.8467361111,344396.0,35375.0,9.73557597173,671.0,64571.0,639.0,249.0,1764.0,3742.0,2735.0,6026.0,9621.0,9004.0,2234.0,216.0,29.0,4.0,0.0,0.0,0.0,0.0,0.0,0.0,0.0,0.0,0.0,0.0,0.0,0.0,0.0,0.0,0.0,0.0,0.0,0.0,0.0,0.0
37.8509027778,348034.0,35378.0,9.8375826785,671.0,64575.0,636.0,246.0,1728.0,3746.0,2726.0,5969.0,9634.0,9032.0,2280.0,215.0,44.0,4.0,0.0,0.0,0.0,0.0,0.0,0.0,0.0,0.0,0.0,0.0,0.0,0.0,0.0,0.0,0.0,0.0,0.0,0.0,0.0,0.0
37.8550694444,339754.0,35385.0,9.60163911262,671.0,64575.0,638.0,243.0,1858.0,3716.0,2751.0,6026.0,9586.0,9085.0,2165.0,168.0,26.0,4.0,0.0,0.0,0.0,0.0,0.0,0.0,0.0,0.0,0.0,0.0,0.0,0.0,0.0,0.0,0.0,0.0,0.0,0.0,0.0,0.0
37.8592361111,345009.0,35391.0,9.74849538018,671.0,64574.0,636.0,243.0,1757.0,3681.0,2718.0,5911.0,9721.0,9155.0,2210.0,210.0,26.0,2.0,0.0,0.0,0.0,0.0,0.0,0.0,0.0,0.0,0.0,0.0,0.0,0.0,0.0,0.0,0.0,0.0,0.0,0.0,0.0,0.0
37.8634027778,341132.0,35389.0,9.63949249767,671.0,64583.0,633.0,246.0,1752.0,3880.0,2722.0,5994.0,9579.0,9084.0,2149.0,197.0,29.0,3.0,0.0,0.0,0.0,0.0,0.0,0.0,0.0,0.0,0.0,0.0,0.0,0.0,0.0,0.0,0.0,0.0,0.0,0.0,0.0,0.0
37.8675694444,345426.0,35390.0,9.76055382877,671.0,64577.0,632.0,246.0,1740.0,3722.0,2680.0,5986.0,9630.0,9176.0,2211.0,216.0,27.0,2.0,0.0,0.0,0.0,0.0,0.0,0.0,0.0,0.0,0.0,0.0,0.0,0.0,0.0,0.0,0.0,0.0,0.0,0.0,0.0,0.0
37.8717361111,345509.0,35379.0,9.76593459397,671.0,64572.0,636.0,248.0,1763.0,3771.0,2711.0,5985.0,9453.0,9275.0,2183.0,199.0,33.0,6.0,0.0,0.0,0.0,0.0,0.0,0.0,0.0,0.0,0.0,0.0,0.0,0.0,0.0,0.0,0.0,0.0,0.0,0.0,0.0,0.0
37.8759027778,343382.0,35369.0,9.70855834205,671.0,64575.0,638.0,244.0,1700.0,3892.0,2787.0,5847.0,9536.0,9148.0,2234.0,198.0,25.0,2.0,0.0,0.0,0.0,0.0,0.0,0.0,0.0,0.0,0.0,0.0,0.0,0.0,0.0,0.0,0.0,0.0,0.0,0.0,0.0,0.0
37.8800694444,344769.0,35375.0,9.74612014134,671.0,64569.0,636.0,247.0,1835.0,3769.0,2702.0,5931.0,9498.0,9145.0,2251.0,220.0,21.0,3.0,0.0,0.0,0.0,0.0,0.0,0.0,0.0,0.0,0.0,0.0,0.0,0.0,0.0,0.0,0.0,0.0,0.0,0.0,0.0,0.0
37.8842361111,347920.0,35373.0,9.83575043112,671.0,64569.0,638.0,248.0,1784.0,3796.0,2708.0,5817.0,9426.0,9336.0,2255.0,219.0,29.0,3.0,0.0,0.0,0.0,0.0,0.0,0.0,0.0,0.0,0.0,0.0,0.0,0.0,0.0,0.0,0.0,0.0,0.0,0.0,0.0,0.0
37.8884027778,346466.0,35370.0,9.79547639242,671.0,64569.0,639.0,243.0,1792.0,3654.0,2682.0,5952.0,9601.0,9164.0,2283.0,220.0,20.0,2.0,0.0,0.0,0.0,0.0,0.0,0.0,0.0,0.0,0.0,0.0,0.0,0.0,0.0,0.0,0.0,0.0,0.0,0.0,0.0,0.0
37.8925694444,342250.0,35374.0,9.67518516424,673.0,64574.0,636.0,248.0,1813.0,3736.0,2799.0,6003.0,9503.0,9139.0,2146.0,201.0,28.0,6.0,0.0,0.0,0.0,0.0,0.0,0.0,0.0,0.0,0.0,0.0,0.0,0.0,0.0,0.0,0.0,0.0,0.0,0.0,0.0,0.0
37.8967361111,343596.0,35371.0,9.7140595403,671.0,64572.0,636.0,243.0,1840.0,3704.0,2754.0,6006.0,9639.0,9026.0,2136.0,226.0,33.0,7.0,0.0,0.0,0.0,0.0,0.0,0.0,0.0,0.0,0.0,0.0,0.0,0.0,0.0,0.0,0.0,0.0,0.0,0.0,0.0,0.0
37.9009027778,345563.0,35370.0,9.76994628216,671.0,64572.0,638.0,247.0,1691.0,3727.0,2768.0,5983.0,9454.0,9340.0,2160.0,214.0,31.0,2.0,0.0,0.0,0.0,0.0,0.0,0.0,0.0,0.0,0.0,0.0,0.0,0.0,0.0,0.0,0.0,0.0,0.0,0.0,0.0,0.0
37.9050694444,349887.0,35366.0,9.89331561387,671.0,64574.0,638.0,246.0,1731.0,3629.0,2643.0,6003.0,9390.0,9467.0,2280.0,186.0,31.0,6.0,0.0,0.0,0.0,0.0,0.0,0.0,0.0,0.0,0.0,0.0,0.0,0.0,0.0,0.0,0.0,0.0,0.0,0.0,0.0,0.0
37.9092361111,343723.0,35373.0,9.71710061346,671.0,64575.0,633.0,243.0,1812.0,3747.0,2610.0,6157.0,9414.0,9194.0,2203.0,207.0,27.0,2.0,0.0,0.0,0.0,0.0,0.0,0.0,0.0,0.0,0.0,0.0,0.0,0.0,0.0,0.0,0.0,0.0,0.0,0.0,0.0,0.0
37.9134027778,350803.0,35373.0,9.91725327227,670.0,64571.0,633.0,252.0,1737.0,3703.0,2584.0,5879.0,9516.0,9453.0,2255.0,209.0,31.0,6.0,0.0,0.0,0.0,0.0,0.0,0.0,0.0,0.0,0.0,0.0,0.0,0.0,0.0,0.0,0.0,0.0,0.0,0.0,0.0,0.0
37.9175694444,348084.0,35369.0,9.84149961831,671.0,64571.0,636.0,250.0,1752.0,3768.0,2672.0,5891.0,9492.0,9211.0,2338.0,224.0,19.0,2.0,0.0,0.0,0.0,0.0,0.0,0.0,0.0,0.0,0.0,0.0,0.0,0.0,0.0,0.0,0.0,0.0,0.0,0.0,0.0,0.0
37.9217361111,347010.0,35372.0,9.81030193373,671.0,64572.0,638.0,248.0,1751.0,3772.0,2721.0,5805.0,9378.0,9436.0,2304.0,178.0,27.0,0.0,0.0,0.0,0.0,0.0,0.0,0.0,0.0,0.0,0.0,0.0,0.0,0.0,0.0,0.0,0.0,0.0,0.0,0.0,0.0,0.0
37.9259027778,348940.0,35363.0,9.86737550547,671.0,64574.0,639.0,248.0,1709.0,3598.0,2613.0,5983.0,9555.0,9390.0,2293.0,196.0,24.0,2.0,0.0,0.0,0.0,0.0,0.0,0.0,0.0,0.0,0.0,0.0,0.0,0.0,0.0,0.0,0.0,0.0,0.0,0.0,0.0,0.0
37.9300694444,345447.0,35372.0,9.7661144408,671.0,64572.0,636.0,247.0,1809.0,3665.0,2767.0,5836.0,9653.0,9126.0,2304.0,183.0,25.0,4.0,0.0,0.0,0.0,0.0,0.0,0.0,0.0,0.0,0.0,0.0,0.0,0.0,0.0,0.0,0.0,0.0,0.0,0.0,0.0,0.0
37.9342361111,351888.0,35369.0,9.94905142922,671.0,64571.0,639.0,247.0,1762.0,3722.0,2613.0,5897.0,9403.0,9374.0,2340.0,229.0,22.0,7.0,0.0,0.0,0.0,0.0,0.0,0.0,0.0,0.0,0.0,0.0,0.0,0.0,0.0,0.0,0.0,0.0,0.0,0.0,0.0,0.0
37.9384027778,344315.0,35376.0,9.73301108096,670.0,64575.0,633.0,248.0,1712.0,3781.0,2741.0,5995.0,9482.0,9285.0,2146.0,191.0,41.0,2.0,0.0,0.0,0.0,0.0,0.0,0.0,0.0,0.0,0.0,0.0,0.0,0.0,0.0,0.0,0.0,0.0,0.0,0.0,0.0,0.0
37.9425694444,343480.0,35375.0,9.7096819788,671.0,64574.0,636.0,252.0,1856.0,3742.0,2693.0,6016.0,9300.0,9311.0,2238.0,199.0,20.0,0.0,0.0,0.0,0.0,0.0,0.0,0.0,0.0,0.0,0.0,0.0,0.0,0.0,0.0,0.0,0.0,0.0,0.0,0.0,0.0,0.0
37.9467361111,345623.0,35373.0,9.77081389761,671.0,64572.0,636.0,248.0,1783.0,3725.0,2679.0,6003.0,9382.0,9312.0,2261.0,204.0,24.0,0.0,0.0,0.0,0.0,0.0,0.0,0.0,0.0,0.0,0.0,0.0,0.0,0.0,0.0,0.0,0.0,0.0,0.0,0.0,0.0,0.0
37.9509027778,347200.0,35370.0,9.81622844218,671.0,64575.0,636.0,248.0,1747.0,3746.0,2521.0,6063.0,9368.0,9485.0,2223.0,185.0,29.0,3.0,0.0,0.0,0.0,0.0,0.0,0.0,0.0,0.0,0.0,0.0,0.0,0.0,0.0,0.0,0.0,0.0,0.0,0.0,0.0,0.0
37.9550694444,348707.0,35372.0,9.8582777338,671.0,64568.0,639.0,246.0,1736.0,3635.0,2682.0,6037.0,9389.0,9372.0,2282.0,217.0,16.0,6.0,0.0,0.0,0.0,0.0,0.0,0.0,0.0,0.0,0.0,0.0,0.0,0.0,0.0,0.0,0.0,0.0,0.0,0.0,0.0,0.0
37.9592361111,347612.0,35375.0,9.82648763251,671.0,64575.0,636.0,248.0,1795.0,3788.0,2650.0,6041.0,9227.0,9348.0,2277.0,219.0,28.0,2.0,0.0,0.0,0.0,0.0,0.0,0.0,0.0,0.0,0.0,0.0,0.0,0.0,0.0,0.0,0.0,0.0,0.0,0.0,0.0,0.0
37.9717824074,348224.0,35369.0,9.84545788685,671.0,64572.0,636.0,251.0,1754.0,3716.0,2656.0,6175.0,9174.0,9371.0,2273.0,216.0,32.0,2.0,0.0,0.0,0.0,0.0,0.0,0.0,0.0,0.0,0.0,0.0,0.0,0.0,0.0,0.0,0.0,0.0,0.0,0.0,0.0,0.0
37.9759490741,347034.0,35367.0,9.81236746119,670.0,64575.0,636.0,252.0,1725.0,3686.0,2724.0,6131.0,9148.0,9452.0,2278.0,199.0,22.0,2.0,0.0,0.0,0.0,0.0,0.0,0.0,0.0,0.0,0.0,0.0,0.0,0.0,0.0,0.0,0.0,0.0,0.0,0.0,0.0,0.0
37.9801157407,346876.0,35364.0,9.80873204389,671.0,64574.0,638.0,249.0,1777.0,3704.0,2760.0,5993.0,9316.0,9301.0,2271.0,214.0,25.0,3.0,0.0,0.0,0.0,0.0,0.0,0.0,0.0,0.0,0.0,0.0,0.0,0.0,0.0,0.0,0.0,0.0,0.0,0.0,0.0,0.0
37.9842824074,352167.0,35363.0,9.95862907559,668.0,64576.0,638.0,244.0,1693.0,3641.0,2611.0,5952.0,9449.0,9402.0,2381.0,204.0,27.0,3.0,0.0,0.0,0.0,0.0,0.0,0.0,0.0,0.0,0.0,0.0,0.0,0.0,0.0,0.0,0.0,0.0,0.0,0.0,0.0,0.0
37.9884490741,350646.0,35360.0,9.91645927602,670.0,64575.0,633.0,248.0,1740.0,3726.0,2582.0,6119.0,9126.0,9491.0,2320.0,228.0,28.0,0.0,0.0,0.0,0.0,0.0,0.0,0.0,0.0,0.0,0.0,0.0,0.0,0.0,0.0,0.0,0.0,0.0,0.0,0.0,0.0,0.0
37.9926157407,353323.0,35355.0,9.99357940885,670.0,64575.0,636.0,248.0,1645.0,3497.0,2613.0,6008.0,9327.0,9708.0,2336.0,194.0,27.0,0.0,0.0,0.0,0.0,0.0,0.0,0.0,0.0,0.0,0.0,0.0,0.0,0.0,0.0,0.0,0.0,0.0,0.0,0.0,0.0,0.0
37.9967824074,354700.0,35354.0,10.0328109973,668.0,64571.0,639.0,251.0,1744.0,3528.0,2460.0,6003.0,9352.0,9680.0,2344.0,216.0,25.0,2.0,0.0,0.0,0.0,0.0,0.0,0.0,0.0,0.0,0.0,0.0,0.0,0.0,0.0,0.0,0.0,0.0,0.0,0.0,0.0,0.0
38.0009490741,348659.0,35349.0,9.86333418201,668.0,64572.0,636.0,248.0,1673.0,3597.0,2661.0,6143.0,9204.0,9562.0,2307.0,180.0,19.0,3.0,0.0,0.0,0.0,0.0,0.0,0.0,0.0,0.0,0.0,0.0,0.0,0.0,0.0,0.0,0.0,0.0,0.0,0.0,0.0,0.0
38.0051157407,354612.0,35356.0,10.0297544971,670.0,64575.0,636.0,244.0,1698.0,3668.0,2604.0,5968.0,9245.0,9514.0,2410.0,216.0,29.0,4.0,0.0,0.0,0.0,0.0,0.0,0.0,0.0,0.0,0.0,0.0,0.0,0.0,0.0,0.0,0.0,0.0,0.0,0.0,0.0,0.0
38.0092824074,354127.0,35353.0,10.0168868271,670.0,64572.0,639.0,247.0,1780.0,3695.0,2512.0,6058.0,9161.0,9477.0,2404.0,234.0,30.0,2.0,0.0,0.0,0.0,0.0,0.0,0.0,0.0,0.0,0.0,0.0,0.0,0.0,0.0,0.0,0.0,0.0,0.0,0.0,0.0,0.0
38.0134490741,351145.0,35340.0,9.93619128466,670.0,64572.0,636.0,248.0,1627.0,3611.0,2659.0,6056.0,9261.0,9542.0,2357.0,209.0,17.0,1.0,0.0,0.0,0.0,0.0,0.0,0.0,0.0,0.0,0.0,0.0,0.0,0.0,0.0,0.0,0.0,0.0,0.0,0.0,0.0,0.0
38.0176157407,349035.0,35355.0,9.87229529062,670.0,64573.0,636.0,243.0,1647.0,3585.0,2673.0,6242.0,9288.0,9366.0,2327.0,206.0,16.0,5.0,0.0,0.0,0.0,0.0,0.0,0.0,0.0,0.0,0.0,0.0,0.0,0.0,0.0,0.0,0.0,0.0,0.0,0.0,0.0,0.0
38.0217824074,356591.0,35328.0,10.0937216938,667.0,64575.0,636.0,246.0,1698.0,3615.0,2378.0,6009.0,9141.0,9871.0,2388.0,201.0,24.0,3.0,0.0,0.0,0.0,0.0,0.0,0.0,0.0,0.0,0.0,0.0,0.0,0.0,0.0,0.0,0.0,0.0,0.0,0.0,0.0,0.0
38.0259490741,351704.0,35348.0,9.94975670476,667.0,64575.0,633.0,243.0,1755.0,3612.0,2468.0,6139.0,9121.0,9698.0,2329.0,205.0,20.0,1.0,0.0,0.0,0.0,0.0,0.0,0.0,0.0,0.0,0.0,0.0,0.0,0.0,0.0,0.0,0.0,0.0,0.0,0.0,0.0,0.0
38.0301157407,353668.0,35352.0,10.0041864675,670.0,64572.0,639.0,243.0,1675.0,3562.0,2593.0,6036.0,9289.0,9636.0,2326.0,197.0,35.0,3.0,0.0,0.0,0.0,0.0,0.0,0.0,0.0,0.0,0.0,0.0,0.0,0.0,0.0,0.0,0.0,0.0,0.0,0.0,0.0,0.0
38.0342824074,354002.0,35354.0,10.0130678283,667.0,64574.0,639.0,248.0,1702.0,3648.0,2561.0,6048.0,9132.0,9669.0,2353.0,211.0,25.0,5.0,0.0,0.0,0.0,0.0,0.0,0.0,0.0,0.0,0.0,0.0,0.0,0.0,0.0,0.0,0.0,0.0,0.0,0.0,0.0,0.0
38.0384490741,353896.0,35343.0,10.013185072,667.0,64575.0,639.0,248.0,1691.0,3598.0,2617.0,5904.0,9239.0,9679.0,2386.0,205.0,23.0,1.0,0.0,0.0,0.0,0.0,0.0,0.0,0.0,0.0,0.0,0.0,0.0,0.0,0.0,0.0,0.0,0.0,0.0,0.0,0.0,0.0
38.0426157407,352938.0,35353.0,9.98325460357,668.0,64572.0,636.0,240.0,1677.0,3574.0,2622.0,6056.0,9031.0,9852.0,2319.0,201.0,19.0,2.0,0.0,0.0,0.0,0.0,0.0,0.0,0.0,0.0,0.0,0.0,0.0,0.0,0.0,0.0,0.0,0.0,0.0,0.0,0.0,0.0
38.0467824074,358800.0,35357.0,10.1479197896,667.0,64572.0,636.0,248.0,1667.0,3510.0,2487.0,6115.0,9134.0,9767.0,2424.0,218.0,31.0,4.0,0.0,0.0,0.0,0.0,0.0,0.0,0.0,0.0,0.0,0.0,0.0,0.0,0.0,0.0,0.0,0.0,0.0,0.0,0.0,0.0
38.0509490741,357024.0,35342.0,10.1019749873,664.0,64574.0,639.0,247.0,1722.0,3556.0,2544.0,5927.0,9200.0,9762.0,2393.0,200.0,33.0,5.0,0.0,0.0,0.0,0.0,0.0,0.0,0.0,0.0,0.0,0.0,0.0,0.0,0.0,0.0,0.0,0.0,0.0,0.0,0.0,0.0
38.0551157407,359314.0,35341.0,10.1670580912,664.0,64575.0,635.0,241.0,1728.0,3458.0,2408.0,6096.0,9116.0,9862.0,2428.0,213.0,28.0,4.0,0.0,0.0,0.0,0.0,0.0,0.0,0.0,0.0,0.0,0.0,0.0,0.0,0.0,0.0,0.0,0.0,0.0,0.0,0.0,0.0
38.0592824074,358242.0,35336.0,10.1381593842,667.0,64574.0,638.0,246.0,1703.0,3446.0,2442.0,6122.0,9064.0,9923.0,2414.0,188.0,30.0,4.0,0.0,0.0,0.0,0.0,0.0,0.0,0.0,0.0,0.0,0.0,0.0,0.0,0.0,0.0,0.0,0.0,0.0,0.0,0.0,0.0
38.0634490741,356986.0,35339.0,10.1017572653,664.0,64572.0,639.0,247.0,1679.0,3470.0,2432.0,6061.0,9283.0,9782.0,2412.0,191.0,25.0,4.0,0.0,0.0,0.0,0.0,0.0,0.0,0.0,0.0,0.0,0.0,0.0,0.0,0.0,0.0,0.0,0.0,0.0,0.0,0.0,0.0
38.0676157407,357631.0,35327.0,10.1234466555,670.0,64575.0,636.0,246.0,1618.0,3503.0,2472.0,6020.0,9382.0,9726.0,2351.0,216.0,36.0,3.0,0.0,0.0,0.0,0.0,0.0,0.0,0.0,0.0,0.0,0.0,0.0,0.0,0.0,0.0,0.0,0.0,0.0,0.0,0.0,0.0
38.0717824074,353115.0,35344.0,9.99080466274,664.0,64569.0,639.0,248.0,1548.0,3587.0,2632.0,6198.0,9092.0,9749.0,2302.0,209.0,25.0,2.0,0.0,0.0,0.0,0.0,0.0,0.0,0.0,0.0,0.0,0.0,0.0,0.0,0.0,0.0,0.0,0.0,0.0,0.0,0.0,0.0
38.0759490741,357692.0,35328.0,10.1248867754,668.0,64575.0,633.0,243.0,1642.0,3562.0,2423.0,6123.0,8907.0,10024.0,2433.0,195.0,16.0,3.0,0.0,0.0,0.0,0.0,0.0,0.0,0.0,0.0,0.0,0.0,0.0,0.0,0.0,0.0,0.0,0.0,0.0,0.0,0.0,0.0
38.0801157407,358320.0,35336.0,10.1403667648,664.0,64574.0,639.0,243.0,1690.0,3514.0,2511.0,6140.0,8763.0,10067.0,2425.0,199.0,25.0,2.0,0.0,0.0,0.0,0.0,0.0,0.0,0.0,0.0,0.0,0.0,0.0,0.0,0.0,0.0,0.0,0.0,0.0,0.0,0.0,0.0
38.0842824074,359964.0,35343.0,10.1848739496,664.0,64575.0,636.0,248.0,1635.0,3524.0,2410.0,6335.0,8803.0,9927.0,2452.0,230.0,24.0,3.0,0.0,0.0,0.0,0.0,0.0,0.0,0.0,0.0,0.0,0.0,0.0,0.0,0.0,0.0,0.0,0.0,0.0,0.0,0.0,0.0
38.0884490741,356346.0,35334.0,10.0850738665,661.0,64572.0,638.0,243.0,1637.0,3568.0,2541.0,6162.0,8871.0,9915.0,2420.0,196.0,21.0,3.0,0.0,0.0,0.0,0.0,0.0,0.0,0.0,0.0,0.0,0.0,0.0,0.0,0.0,0.0,0.0,0.0,0.0,0.0,0.0,0.0
38.0926157407,359441.0,35343.0,10.1700761113,662.0,64572.0,638.0,243.0,1666.0,3603.0,2455.0,6058.0,8925.0,9958.0,2447.0,200.0,24.0,7.0,0.0,0.0,0.0,0.0,0.0,0.0,0.0,0.0,0.0,0.0,0.0,0.0,0.0,0.0,0.0,0.0,0.0,0.0,0.0,0.0
38.0967824074,361146.0,35334.0,10.22092036,664.0,64572.0,636.0,243.0,1562.0,3474.0,2488.0,6076.0,9117.0,10000.0,2365.0,215.0,27.0,10.0,0.0,0.0,0.0,0.0,0.0,0.0,0.0,0.0,0.0,0.0,0.0,0.0,0.0,0.0,0.0,0.0,0.0,0.0,0.0,0.0
38.1009490741,359432.0,35341.0,10.1703969893,664.0,64575.0,639.0,246.0,1649.0,3586.0,2463.0,6150.0,8858.0,9948.0,2449.0,202.0,33.0,3.0,0.0,0.0,0.0,0.0,0.0,0.0,0.0,0.0,0.0,0.0,0.0,0.0,0.0,0.0,0.0,0.0,0.0,0.0,0.0,0.0
38.1051157407,360101.0,35338.0,10.1901918615,661.0,64575.0,638.0,248.0,1640.0,3529.0,2412.0,6199.0,8795.0,10103.0,2421.0,209.0,28.0,2.0,0.0,0.0,0.0,0.0,0.0,0.0,0.0,0.0,0.0,0.0,0.0,0.0,0.0,0.0,0.0,0.0,0.0,0.0,0.0,0.0
38.1092824074,358671.0,35335.0,10.1505872365,664.0,64575.0,636.0,248.0,1648.0,3497.0,2501.0,6165.0,9057.0,9796.0,2418.0,218.0,31.0,4.0,0.0,0.0,0.0,0.0,0.0,0.0,0.0,0.0,0.0,0.0,0.0,0.0,0.0,0.0,0.0,0.0,0.0,0.0,0.0,0.0
38.1134490741,355350.0,35319.0,10.0611568844,661.0,64575.0,638.0,243.0,1630.0,3542.0,2476.0,6220.0,9067.0,9788.0,2367.0,199.0,26.0,4.0,0.0,0.0,0.0,0.0,0.0,0.0,0.0,0.0,0.0,0.0,0.0,0.0,0.0,0.0,0.0,0.0,0.0,0.0,0.0,0.0
38.1176157407,361604.0,35321.0,10.2376489907,664.0,64572.0,638.0,246.0,1622.0,3566.0,2407.0,6116.0,8765.0,10149.0,2448.0,222.0,23.0,3.0,0.0,0.0,0.0,0.0,0.0,0.0,0.0,0.0,0.0,0.0,0.0,0.0,0.0,0.0,0.0,0.0,0.0,0.0,0.0,0.0
38.1217824074,362473.0,35337.0,10.2576053428,659.0,64574.0,635.0,244.0,1586.0,3537.0,2508.0,6092.0,8818.0,10068.0,2490.0,199.0,35.0,4.0,0.0,0.0,0.0,0.0,0.0,0.0,0.0,0.0,0.0,0.0,0.0,0.0,0.0,0.0,0.0,0.0,0.0,0.0,0.0,0.0
38.1259490741,361199.0,35323.0,10.2256037143,661.0,64572.0,639.0,247.0,1617.0,3407.0,2442.0,6219.0,9048.0,9854.0,2480.0,223.0,32.0,1.0,0.0,0.0,0.0,0.0,0.0,0.0,0.0,0.0,0.0,0.0,0.0,0.0,0.0,0.0,0.0,0.0,0.0,0.0,0.0,0.0
38.1301157407,367957.0,35305.0,10.4222348109,659.0,64572.0,638.0,248.0,1529.0,3379.0,2319.0,6333.0,8696.0,10255.0,2523.0,228.0,42.0,1.0,0.0,0.0,0.0,0.0,0.0,0.0,0.0,0.0,0.0,0.0,0.0,0.0,0.0,0.0,0.0,0.0,0.0,0.0,0.0,0.0
38.1342824074,359597.0,35330.0,10.1782337956,661.0,64572.0,639.0,248.0,1660.0,3521.0,2366.0,6238.0,8709.0,10259.0,2337.0,208.0,29.0,3.0,0.0,0.0,0.0,0.0,0.0,0.0,0.0,0.0,0.0,0.0,0.0,0.0,0.0,0.0,0.0,0.0,0.0,0.0,0.0,0.0
38.1384490741,362204.0,35327.0,10.2528943867,659.0,64574.0,639.0,246.0,1696.0,3492.0,2420.0,6180.0,8754.0,10041.0,2491.0,219.0,31.0,3.0,0.0,0.0,0.0,0.0,0.0,0.0,0.0,0.0,0.0,0.0,0.0,0.0,0.0,0.0,0.0,0.0,0.0,0.0,0.0,0.0
38.1426157407,359575.0,35334.0,10.1764589347,659.0,64574.0,636.0,240.0,1701.0,3511.0,2452.0,6206.0,8698.0,10121.0,2413.0,199.0,28.0,5.0,0.0,0.0,0.0,0.0,0.0,0.0,0.0,0.0,0.0,0.0,0.0,0.0,0.0,0.0,0.0,0.0,0.0,0.0,0.0,0.0
38.1467824074,363470.0,35324.0,10.2896048013,659.0,64574.0,636.0,248.0,1677.0,3506.0,2360.0,6187.0,8704.0,10098.0,2533.0,233.0,26.0,0.0,0.0,0.0,0.0,0.0,0.0,0.0,0.0,0.0,0.0,0.0,0.0,0.0,0.0,0.0,0.0,0.0,0.0,0.0,0.0,0.0
38.1509490741,362815.0,35331.0,10.2690271999,659.0,64572.0,636.0,251.0,1655.0,3413.0,2289.0,6140.0,9079.0,10080.0,2433.0,201.0,38.0,3.0,0.0,0.0,0.0,0.0,0.0,0.0,0.0,0.0,0.0,0.0,0.0,0.0,0.0,0.0,0.0,0.0,0.0,0.0,0.0,0.0
38.1551157407,364316.0,35315.0,10.3161829251,659.0,64569.0,638.0,248.0,1618.0,3350.0,2345.0,6147.0,8973.0,10180.0,2456.0,212.0,30.0,4.0,0.0,0.0,0.0,0.0,0.0,0.0,0.0,0.0,0.0,0.0,0.0,0.0,0.0,0.0,0.0,0.0,0.0,0.0,0.0,0.0
38.1592824074,362565.0,35329.0,10.2625321973,659.0,64574.0,636.0,240.0,1656.0,3441.0,2320.0,6161.0,8968.0,10049.0,2511.0,193.0,24.0,6.0,0.0,0.0,0.0,0.0,0.0,0.0,0.0,0.0,0.0,0.0,0.0,0.0,0.0,0.0,0.0,0.0,0.0,0.0,0.0,0.0
38.1634490741,363184.0,35323.0,10.2817993942,659.0,64572.0,636.0,247.0,1643.0,3384.0,2424.0,6086.0,8984.0,10107.0,2448.0,204.0,42.0,1.0,0.0,0.0,0.0,0.0,0.0,0.0,0.0,0.0,0.0,0.0,0.0,0.0,0.0,0.0,0.0,0.0,0.0,0.0,0.0,0.0
38.1676157407,361929.0,35321.0,10.2468503157,659.0,64574.0,636.0,247.0,1659.0,3441.0,2398.0,6257.0,8849.0,9999.0,2469.0,211.0,34.0,4.0,0.0,0.0,0.0,0.0,0.0,0.0,0.0,0.0,0.0,0.0,0.0,0.0,0.0,0.0,0.0,0.0,0.0,0.0,0.0,0.0
38.1717824074,360500.0,35312.0,10.2089941097,659.0,64574.0,639.0,243.0,1678.0,3558.0,2361.0,6111.0,8864.0,10056.0,2437.0,219.0,25.0,3.0,0.0,0.0,0.0,0.0,0.0,0.0,0.0,0.0,0.0,0.0,0.0,0.0,0.0,0.0,0.0,0.0,0.0,0.0,0.0,0.0
38.1759490741,366189.0,35315.0,10.3692198782,658.0,64572.0,636.0,247.0,1725.0,3435.0,2327.0,6063.0,8891.0,10102.0,2523.0,196.0,45.0,8.0,0.0,0.0,0.0,0.0,0.0,0.0,0.0,0.0,0.0,0.0,0.0,0.0,0.0,0.0,0.0,0.0,0.0,0.0,0.0,0.0
38.1801157407,364054.0,35313.0,10.3093478322,659.0,64572.0,641.0,241.0,1558.0,3322.0,2448.0,6299.0,8762.0,10182.0,2489.0,227.0,25.0,1.0,0.0,0.0,0.0,0.0,0.0,0.0,0.0,0.0,0.0,0.0,0.0,0.0,0.0,0.0,0.0,0.0,0.0,0.0,0.0,0.0
38.1842824074,360838.0,35314.0,10.2179872005,659.0,64575.0,636.0,248.0,1670.0,3496.0,2395.0,6240.0,8843.0,9883.0,2553.0,204.0,29.0,1.0,0.0,0.0,0.0,0.0,0.0,0.0,0.0,0.0,0.0,0.0,0.0,0.0,0.0,0.0,0.0,0.0,0.0,0.0,0.0,0.0
38.1884490741,360397.0,35316.0,10.2049212821,658.0,64575.0,632.0,247.0,1680.0,3465.0,2438.0,6210.0,8890.0,9950.0,2424.0,224.0,31.0,4.0,0.0,0.0,0.0,0.0,0.0,0.0,0.0,0.0,0.0,0.0,0.0,0.0,0.0,0.0,0.0,0.0,0.0,0.0,0.0,0.0
38.1926157407,363761.0,35324.0,10.2978428264,659.0,64572.0,638.0,247.0,1524.0,3439.0,2429.0,6284.0,8759.0,10208.0,2425.0,220.0,31.0,5.0,0.0,0.0,0.0,0.0,0.0,0.0,0.0,0.0,0.0,0.0,0.0,0.0,0.0,0.0,0.0,0.0,0.0,0.0,0.0,0.0
38.1967824074,366838.0,35314.0,10.3878914878,659.0,64575.0,639.0,246.0,1629.0,3382.0,2348.0,6112.0,8617.0,10530.0,2470.0,183.0,38.0,5.0,0.0,0.0,0.0,0.0,0.0,0.0,0.0,0.0,0.0,0.0,0.0,0.0,0.0,0.0,0.0,0.0,0.0,0.0,0.0,0.0
38.2009490741,361073.0,35311.0,10.2255104642,658.0,64574.0,636.0,243.0,1588.0,3479.0,2393.0,6274.0,8604.0,10364.0,2368.0,214.0,26.0,1.0,0.0,0.0,0.0,0.0,0.0,0.0,0.0,0.0,0.0,0.0,0.0,0.0,0.0,0.0,0.0,0.0,0.0,0.0,0.0,0.0
38.2051157407,366093.0,35316.0,10.3662079511,658.0,64572.0,636.0,248.0,1531.0,3507.0,2363.0,6179.0,8765.0,10229.0,2481.0,216.0,42.0,3.0,0.0,0.0,0.0,0.0,0.0,0.0,0.0,0.0,0.0,0.0,0.0,0.0,0.0,0.0,0.0,0.0,0.0,0.0,0.0,0.0
38.2092824074,366293.0,35321.0,10.3704028765,659.0,64572.0,643.0,248.0,1590.0,3427.0,2269.0,6200.0,8741.0,10357.0,2503.0,200.0,29.0,5.0,0.0,0.0,0.0,0.0,0.0,0.0,0.0,0.0,0.0,0.0,0.0,0.0,0.0,0.0,0.0,0.0,0.0,0.0,0.0,0.0
38.2134490741,367691.0,35315.0,10.4117513804,658.0,64572.0,636.0,248.0,1545.0,3353.0,2255.0,6311.0,8679.0,10362.0,2565.0,226.0,16.0,3.0,0.0,0.0,0.0,0.0,0.0,0.0,0.0,0.0,0.0,0.0,0.0,0.0,0.0,0.0,0.0,0.0,0.0,0.0,0.0,0.0
38.2176157407,364076.0,35321.0,10.3076356842,659.0,64574.0,633.0,241.0,1597.0,3482.0,2229.0,6306.0,8736.0,10228.0,2505.0,213.0,22.0,3.0,0.0,0.0,0.0,0.0,0.0,0.0,0.0,0.0,0.0,0.0,0.0,0.0,0.0,0.0,0.0,0.0,0.0,0.0,0.0,0.0
38.2217824074,366322.0,35310.0,10.3744548287,658.0,64574.0,636.0,248.0,1530.0,3478.0,2318.0,6074.0,8661.0,10547.0,2462.0,219.0,18.0,3.0,0.0,0.0,0.0,0.0,0.0,0.0,0.0,0.0,0.0,0.0,0.0,0.0,0.0,0.0,0.0,0.0,0.0,0.0,0.0,0.0
38.2259490741,369362.0,35308.0,10.4611419508,658.0,64571.0,636.0,249.0,1558.0,3354.0,2258.0,6307.0,8607.0,10409.0,2554.0,227.0,32.0,2.0,0.0,0.0,0.0,0.0,0.0,0.0,0.0,0.0,0.0,0.0,0.0,0.0,0.0,0.0,0.0,0.0,0.0,0.0,0.0,0.0
38.2301157407,373188.0,35296.0,10.5730961015,655.0,64572.0,636.0,247.0,1495.0,3320.0,2344.0,6101.0,8531.0,10677.0,2578.0,212.0,32.0,6.0,0.0,0.0,0.0,0.0,0.0,0.0,0.0,0.0,0.0,0.0,0.0,0.0,0.0,0.0,0.0,0.0,0.0,0.0,0.0,0.0
38.2342824074,370494.0,35302.0,10.4949861198,656.0,64574.0,638.0,247.0,1527.0,3280.0,2343.0,6308.0,8512.0,10525.0,2550.0,222.0,31.0,4.0,0.0,0.0,0.0,0.0,0.0,0.0,0.0,0.0,0.0,0.0,0.0,0.0,0.0,0.0,0.0,0.0,0.0,0.0,0.0,0.0
38.2384490741,367196.0,35315.0,10.3977346737,653.0,64574.0,638.0,248.0,1632.0,3352.0,2372.0,6179.0,8784.0,10209.0,2529.0,224.0,25.0,9.0,0.0,0.0,0.0,0.0,0.0,0.0,0.0,0.0,0.0,0.0,0.0,0.0,0.0,0.0,0.0,0.0,0.0,0.0,0.0,0.0
38.2426157407,371974.0,35288.0,10.5410904557,658.0,64574.0,636.0,240.0,1546.0,3250.0,2276.0,6011.0,8746.0,10589.0,2642.0,203.0,25.0,0.0,0.0,0.0,0.0,0.0,0.0,0.0,0.0,0.0,0.0,0.0,0.0,0.0,0.0,0.0,0.0,0.0,0.0,0.0,0.0,0.0
38.2467824074,377559.0,35287.0,10.6996627653,656.0,64572.0,638.0,248.0,1553.0,3227.0,2186.0,6032.0,8795.0,10501.0,2726.0,228.0,34.0,5.0,0.0,0.0,0.0,0.0,0.0,0.0,0.0,0.0,0.0,0.0,0.0,0.0,0.0,0.0,0.0,0.0,0.0,0.0,0.0,0.0
38.2509490741,375927.0,35289.0,10.6528096574,656.0,64571.0,639.0,247.0,1467.0,3277.0,2167.0,6107.0,8622.0,10724.0,2679.0,223.0,20.0,3.0,0.0,0.0,0.0,0.0,0.0,0.0,0.0,0.0,0.0,0.0,0.0,0.0,0.0,0.0,0.0,0.0,0.0,0.0,0.0,0.0
38.2551157407,370400.0,35296.0,10.494106981,656.0,64575.0,638.0,243.0,1485.0,3236.0,2250.0,6292.0,8885.0,10309.0,2587.0,220.0,28.0,4.0,0.0,0.0,0.0,0.0,0.0,0.0,0.0,0.0,0.0,0.0,0.0,0.0,0.0,0.0,0.0,0.0,0.0,0.0,0.0,0.0
38.2592824074,372410.0,35300.0,10.5498583569,659.0,64572.0,643.0,243.0,1592.0,3254.0,2268.0,6311.0,8486.0,10560.0,2572.0,214.0,35.0,8.0,0.0,0.0,0.0,0.0,0.0,0.0,0.0,0.0,0.0,0.0,0.0,0.0,0.0,0.0,0.0,0.0,0.0,0.0,0.0,0.0
38.2634490741,371875.0,35301.0,10.5344041245,656.0,64572.0,638.0,249.0,1534.0,3333.0,2235.0,6210.0,8612.0,10538.0,2557.0,257.0,23.0,2.0,0.0,0.0,0.0,0.0,0.0,0.0,0.0,0.0,0.0,0.0,0.0,0.0,0.0,0.0,0.0,0.0,0.0,0.0,0.0,0.0
38.2676157407,375986.0,35281.0,10.6568974802,653.0,64568.0,639.0,244.0,1523.0,3228.0,2135.0,6198.0,8528.0,10801.0,2610.0,227.0,26.0,5.0,0.0,0.0,0.0,0.0,0.0,0.0,0.0,0.0,0.0,0.0,0.0,0.0,0.0,0.0,0.0,0.0,0.0,0.0,0.0,0.0
38.2717824074,384635.0,35272.0,10.9048253572,653.0,64574.0,638.0,240.0,1414.0,3029.0,2175.0,6174.0,8418.0,11070.0,2706.0,248.0,32.0,6.0,0.0,0.0,0.0,0.0,0.0,0.0,0.0,0.0,0.0,0.0,0.0,0.0,0.0,0.0,0.0,0.0,0.0,0.0,0.0,0.0
38.2759490741,377062.0,35299.0,10.6819456642,653.0,64576.0,632.0,247.0,1490.0,3212.0,2181.0,6132.0,8576.0,10778.0,2677.0,223.0,29.0,1.0,0.0,0.0,0.0,0.0,0.0,0.0,0.0,0.0,0.0,0.0,0.0,0.0,0.0,0.0,0.0,0.0,0.0,0.0,0.0,0.0
38.2801157407,382867.0,35295.0,10.8476271427,653.0,64575.0,638.0,252.0,1510.0,3207.0,2002.0,5984.0,8629.0,10942.0,2757.0,227.0,36.0,1.0,0.0,0.0,0.0,0.0,0.0,0.0,0.0,0.0,0.0,0.0,0.0,0.0,0.0,0.0,0.0,0.0,0.0,0.0,0.0,0.0
38.2842824074,374532.0,35303.0,10.6090700507,655.0,64574.0,636.0,247.0,1517.0,3254.0,2139.0,6208.0,8589.0,10739.0,2622.0,197.0,36.0,2.0,0.0,0.0,0.0,0.0,0.0,0.0,0.0,0.0,0.0,0.0,0.0,0.0,0.0,0.0,0.0,0.0,0.0,0.0,0.0,0.0
38.2884490741,374231.0,35299.0,10.6017450919,655.0,64574.0,641.0,241.0,1597.0,3273.0,2163.0,6220.0,8647.0,10504.0,2624.0,231.0,35.0,5.0,0.0,0.0,0.0,0.0,0.0,0.0,0.0,0.0,0.0,0.0,0.0,0.0,0.0,0.0,0.0,0.0,0.0,0.0,0.0,0.0
38.2926157407,376686.0,35301.0,10.6706892156,653.0,64572.0,636.0,248.0,1486.0,3152.0,2133.0,6259.0,8615.0,10713.0,2715.0,198.0,26.0,4.0,0.0,0.0,0.0,0.0,0.0,0.0,0.0,0.0,0.0,0.0,0.0,0.0,0.0,0.0,0.0,0.0,0.0,0.0,0.0,0.0
38.305150463,376416.0,35301.0,10.6630407071,652.0,64575.0,639.0,248.0,1589.0,3268.0,2254.0,6176.0,8220.0,10852.0,2675.0,242.0,23.0,2.0,0.0,0.0,0.0,0.0,0.0,0.0,0.0,0.0,0.0,0.0,0.0,0.0,0.0,0.0,0.0,0.0,0.0,0.0,0.0,0.0
38.3093171296,372833.0,35302.0,10.5612429891,649.0,64575.0,636.0,248.0,1514.0,3279.0,2213.0,6276.0,8359.0,10834.0,2583.0,222.0,21.0,1.0,0.0,0.0,0.0,0.0,0.0,0.0,0.0,0.0,0.0,0.0,0.0,0.0,0.0,0.0,0.0,0.0,0.0,0.0,0.0,0.0
38.3134837963,376112.0,35306.0,10.6529201835,653.0,64572.0,643.0,246.0,1433.0,3168.0,2200.0,6426.0,8395.0,10766.0,2676.0,216.0,21.0,5.0,0.0,0.0,0.0,0.0,0.0,0.0,0.0,0.0,0.0,0.0,0.0,0.0,0.0,0.0,0.0,0.0,0.0,0.0,0.0,0.0
38.317650463,378940.0,35297.0,10.7357565799,649.0,64575.0,636.0,243.0,1503.0,3256.0,2050.0,6226.0,8291.0,11036.0,2689.0,217.0,28.0,1.0,0.0,0.0,0.0,0.0,0.0,0.0,0.0,0.0,0.0,0.0,0.0,0.0,0.0,0.0,0.0,0.0,0.0,0.0,0.0,0.0
38.3218171296,376139.0,35299.0,10.6557976147,652.0,64572.0,638.0,248.0,1545.0,3221.0,2047.0,6486.0,8188.0,10920.0,2658.0,203.0,26.0,5.0,0.0,0.0,0.0,0.0,0.0,0.0,0.0,0.0,0.0,0.0,0.0,0.0,0.0,0.0,0.0,0.0,0.0,0.0,0.0,0.0
38.3259837963,379750.0,35299.0,10.7580951302,650.0,64572.0,638.0,252.0,1549.0,3322.0,2116.0,6333.0,7818.0,11278.0,2614.0,234.0,29.0,6.0,0.0,0.0,0.0,0.0,0.0,0.0,0.0,0.0,0.0,0.0,0.0,0.0,0.0,0.0,0.0,0.0,0.0,0.0,0.0,0.0
38.330150463,384364.0,35299.0,10.8888070484,652.0,64574.0,635.0,249.0,1454.0,3182.0,1943.0,6328.0,8092.0,11361.0,2666.0,239.0,30.0,4.0,0.0,0.0,0.0,0.0,0.0,0.0,0.0,0.0,0.0,0.0,0.0,0.0,0.0,0.0,0.0,0.0,0.0,0.0,0.0,0.0
38.3343171296,378032.0,35293.0,10.7112458561,653.0,64574.0,638.0,248.0,1512.0,3318.0,2023.0,6417.0,7975.0,11203.0,2598.0,206.0,38.0,3.0,0.0,0.0,0.0,0.0,0.0,0.0,0.0,0.0,0.0,0.0,0.0,0.0,0.0,0.0,0.0,0.0,0.0,0.0,0.0,0.0
38.3384837963,378052.0,35291.0,10.7124195971,653.0,64569.0,639.0,248.0,1586.0,3278.0,2099.0,6414.0,7917.0,11155.0,2574.0,226.0,35.0,7.0,0.0,0.0,0.0,0.0,0.0,0.0,0.0,0.0,0.0,0.0,0.0,0.0,0.0,0.0,0.0,0.0,0.0,0.0,0.0,0.0
38.342650463,377014.0,35298.0,10.6808884356,649.0,64574.0,636.0,246.0,1545.0,3180.0,2139.0,6507.0,7887.0,11209.0,2577.0,219.0,34.0,1.0,0.0,0.0,0.0,0.0,0.0,0.0,0.0,0.0,0.0,0.0,0.0,0.0,0.0,0.0,0.0,0.0,0.0,0.0,0.0,0.0
38.3468171296,380778.0,35294.0,10.7887459625,652.0,64569.0,638.0,247.0,1502.0,3282.0,2132.0,6456.0,7780.0,11219.0,2658.0,224.0,33.0,8.0,0.0,0.0,0.0,0.0,0.0,0.0,0.0,0.0,0.0,0.0,0.0,0.0,0.0,0.0,0.0,0.0,0.0,0.0,0.0,0.0
38.3509837963,382581.0,35284.0,10.8429032989,649.0,64572.0,639.0,247.0,1665.0,3219.0,1987.0,6429.0,7807.0,11211.0,2672.0,247.0,43.0,4.0,0.0,0.0,0.0,0.0,0.0,0.0,0.0,0.0,0.0,0.0,0.0,0.0,0.0,0.0,0.0,0.0,0.0,0.0,0.0,0.0
38.355150463,381810.0,35289.0,10.8195188302,647.0,64572.0,636.0,248.0,1502.0,3228.0,1977.0,6395.0,7921.0,11363.0,2642.0,224.0,35.0,2.0,0.0,0.0,0.0,0.0,0.0,0.0,0.0,0.0,0.0,0.0,0.0,0.0,0.0,0.0,0.0,0.0,0.0,0.0,0.0,0.0
38.3593171296,378843.0,35280.0,10.7381802721,650.0,64572.0,639.0,243.0,1535.0,3269.0,2255.0,6336.0,8035.0,10906.0,2674.0,228.0,31.0,11.0,0.0,0.0,0.0,0.0,0.0,0.0,0.0,0.0,0.0,0.0,0.0,0.0,0.0,0.0,0.0,0.0,0.0,0.0,0.0,0.0
38.3634837963,379583.0,35279.0,10.7594603022,647.0,64575.0,636.0,246.0,1500.0,3261.0,2079.0,6419.0,7923.0,11216.0,2635.0,202.0,38.0,6.0,0.0,0.0,0.0,0.0,0.0,0.0,0.0,0.0,0.0,0.0,0.0,0.0,0.0,0.0,0.0,0.0,0.0,0.0,0.0,0.0
38.367650463,378133.0,35275.0,10.7195747697,649.0,64569.0,639.0,251.0,1557.0,3209.0,2100.0,6639.0,7775.0,11177.0,2543.0,230.0,35.0,10.0,0.0,0.0,0.0,0.0,0.0,0.0,0.0,0.0,0.0,0.0,0.0,0.0,0.0,0.0,0.0,0.0,0.0,0.0,0.0,0.0
38.3718171296,373843.0,35278.0,10.5970576563,650.0,64572.0,639.0,248.0,1639.0,3219.0,2204.0,6618.0,7636.0,11178.0,2537.0,213.0,29.0,5.0,0.0,0.0,0.0,0.0,0.0,0.0,0.0,0.0,0.0,0.0,0.0,0.0,0.0,0.0,0.0,0.0,0.0,0.0,0.0,0.0
38.3759837963,377643.0,35286.0,10.7023465397,650.0,64569.0,636.0,248.0,1585.0,3341.0,2115.0,6298.0,7710.0,11442.0,2545.0,220.0,24.0,6.0,0.0,0.0,0.0,0.0,0.0,0.0,0.0,0.0,0.0,0.0,0.0,0.0,0.0,0.0,0.0,0.0,0.0,0.0,0.0,0.0
38.380150463,377510.0,35293.0,10.6964553878,650.0,64574.0,636.0,252.0,1540.0,3312.0,2111.0,6592.0,7609.0,11293.0,2571.0,225.0,38.0,2.0,0.0,0.0,0.0,0.0,0.0,0.0,0.0,0.0,0.0,0.0,0.0,0.0,0.0,0.0,0.0,0.0,0.0,0.0,0.0,0.0
38.3843171296,378125.0,35288.0,10.7153990025,649.0,64572.0,636.0,252.0,1681.0,3181.0,2166.0,6487.0,7553.0,11415.0,2547.0,214.0,38.0,6.0,0.0,0.0,0.0,0.0,0.0,0.0,0.0,0.0,0.0,0.0,0.0,0.0,0.0,0.0,0.0,0.0,0.0,0.0,0.0,0.0
38.3884837963,379373.0,35285.0,10.7516791838,653.0,64575.0,636.0,243.0,1594.0,3267.0,2127.0,6613.0,7579.0,11098.0,2718.0,262.0,27.0,0.0,0.0,0.0,0.0,0.0,0.0,0.0,0.0,0.0,0.0,0.0,0.0,0.0,0.0,0.0,0.0,0.0,0.0,0.0,0.0,0.0
38.392650463,377948.0,35287.0,10.7106866551,647.0,64568.0,641.0,248.0,1567.0,3308.0,2108.0,6606.0,7626.0,11181.0,2625.0,224.0,39.0,3.0,0.0,0.0,0.0,0.0,0.0,0.0,0.0,0.0,0.0,0.0,0.0,0.0,0.0,0.0,0.0,0.0,0.0,0.0,0.0,0.0
38.3968171296,386589.0,35256.0,10.9651974132,650.0,64572.0,636.0,252.0,1423.0,3189.0,1904.0,6434.0,7736.0,11578.0,2731.0,228.0,29.0,4.0,0.0,0.0,0.0,0.0,0.0,0.0,0.0,0.0,0.0,0.0,0.0,0.0,0.0,0.0,0.0,0.0,0.0,0.0,0.0,0.0
38.4009837963,378799.0,35271.0,10.739672819,647.0,64574.0,636.0,243.0,1564.0,3323.0,2066.0,6536.0,7558.0,11352.0,2620.0,219.0,27.0,5.0,1.0,0.0,0.0,0.0,0.0,0.0,0.0,0.0,0.0,0.0,0.0,0.0,0.0,0.0,0.0,0.0,0.0,0.0,0.0,0.0
38.405150463,383821.0,35256.0,10.8866859542,649.0,64575.0,636.0,248.0,1549.0,3137.0,2024.0,6545.0,7597.0,11477.0,2648.0,235.0,39.0,5.0,0.0,0.0,0.0,0.0,0.0,0.0,0.0,0.0,0.0,0.0,0.0,0.0,0.0,0.0,0.0,0.0,0.0,0.0,0.0,0.0
38.4093171296,382772.0,35267.0,10.8535458077,647.0,64575.0,636.0,246.0,1525.0,3304.0,2114.0,6602.0,7196.0,11552.0,2724.0,207.0,39.0,4.0,0.0,0.0,0.0,0.0,0.0,0.0,0.0,0.0,0.0,0.0,0.0,0.0,0.0,0.0,0.0,0.0,0.0,0.0,0.0,0.0
38.4134837963,381518.0,35271.0,10.8167616455,653.0,64572.0,638.0,244.0,1571.0,3178.0,2072.0,6523.0,7653.0,11318.0,2700.0,223.0,26.0,7.0,0.0,0.0,0.0,0.0,0.0,0.0,0.0,0.0,0.0,0.0,0.0,0.0,0.0,0.0,0.0,0.0,0.0,0.0,0.0,0.0
38.417650463,382290.0,35273.0,10.8380347575,646.0,64569.0,639.0,248.0,1512.0,3156.0,2143.0,6510.0,7601.0,11436.0,2634.0,248.0,28.0,5.0,0.0,0.0,0.0,0.0,0.0,0.0,0.0,0.0,0.0,0.0,0.0,0.0,0.0,0.0,0.0,0.0,0.0,0.0,0.0,0.0
38.4218171296,389156.0,35269.0,11.0339391534,653.0,64572.0,635.0,248.0,1448.0,3150.0,1993.0,6495.0,7517.0,11622.0,2760.0,248.0,29.0,6.0,1.0,0.0,0.0,0.0,0.0,0.0,0.0,0.0,0.0,0.0,0.0,0.0,0.0,0.0,0.0,0.0,0.0,0.0,0.0,0.0
38.4259837963,380890.0,35285.0,10.7946719569,649.0,64572.0,636.0,248.0,1520.0,3206.0,2070.0,6448.0,7683.0,11499.0,2591.0,239.0,26.0,3.0,0.0,0.0,0.0,0.0,0.0,0.0,0.0,0.0,0.0,0.0,0.0,0.0,0.0,0.0,0.0,0.0,0.0,0.0,0.0,0.0
38.430150463,384267.0,35272.0,10.8943921524,652.0,64572.0,639.0,248.0,1507.0,3015.0,2048.0,6405.0,7838.0,11554.0,2639.0,235.0,27.0,4.0,0.0,0.0,0.0,0.0,0.0,0.0,0.0,0.0,0.0,0.0,0.0,0.0,0.0,0.0,0.0,0.0,0.0,0.0,0.0,0.0
38.4343171296,381349.0,35274.0,10.8110506322,653.0,64571.0,639.0,243.0,1518.0,3157.0,2008.0,6512.0,7716.0,11452.0,2654.0,231.0,25.0,1.0,0.0,0.0,0.0,0.0,0.0,0.0,0.0,0.0,0.0,0.0,0.0,0.0,0.0,0.0,0.0,0.0,0.0,0.0,0.0,0.0
38.4384837963,388832.0,35265.0,11.0260031192,652.0,64575.0,636.0,246.0,1505.0,3166.0,2025.0,6308.0,7652.0,11506.0,2833.0,235.0,28.0,7.0,0.0,0.0,0.0,0.0,0.0,0.0,0.0,0.0,0.0,0.0,0.0,0.0,0.0,0.0,0.0,0.0,0.0,0.0,0.0,0.0
38.442650463,385391.0,35268.0,10.9274980152,646.0,64573.0,632.0,247.0,1469.0,3177.0,2003.0,6420.0,7698.0,11464.0,2768.0,244.0,24.0,1.0,0.0,0.0,0.0,0.0,0.0,0.0,0.0,0.0,0.0,0.0,0.0,0.0,0.0,0.0,0.0,0.0,0.0,0.0,0.0,0.0
38.4468171296,382716.0,35267.0,10.851957921,650.0,64572.0,639.0,248.0,1439.0,3246.0,2143.0,6476.0,7738.0,11217.0,2750.0,217.0,35.0,6.0,0.0,0.0,0.0,0.0,0.0,0.0,0.0,0.0,0.0,0.0,0.0,0.0,0.0,0.0,0.0,0.0,0.0,0.0,0.0,0.0
38.4509837963,382655.0,35271.0,10.8489977602,656.0,64574.0,636.0,240.0,1466.0,3185.0,2061.0,6415.0,7867.0,11336.0,2689.0,214.0,32.0,6.0,0.0,0.0,0.0,0.0,0.0,0.0,0.0,0.0,0.0,0.0,0.0,0.0,0.0,0.0,0.0,0.0,0.0,0.0,0.0,0.0
38.455150463,385530.0,35269.0,10.9311293204,649.0,64572.0,638.0,240.0,1423.0,3112.0,2051.0,6505.0,7835.0,11383.0,2675.0,242.0,36.0,7.0,0.0,0.0,0.0,0.0,0.0,0.0,0.0,0.0,0.0,0.0,0.0,0.0,0.0,0.0,0.0,0.0,0.0,0.0,0.0,0.0
38.4593171296,382261.0,35275.0,10.8365981573,652.0,64572.0,636.0,249.0,1562.0,3243.0,1993.0,6516.0,7649.0,11402.0,2634.0,241.0,26.0,9.0,0.0,0.0,0.0,0.0,0.0,0.0,0.0,0.0,0.0,0.0,0.0,0.0,0.0,0.0,0.0,0.0,0.0,0.0,0.0,0.0
38.4634837963,384737.0,35266.0,10.9095729598,655.0,64572.0,639.0,248.0,1492.0,3203.0,2009.0,6369.0,7873.0,11322.0,2708.0,254.0,33.0,3.0,0.0,0.0,0.0,0.0,0.0,0.0,0.0,0.0,0.0,0.0,0.0,0.0,0.0,0.0,0.0,0.0,0.0,0.0,0.0,0.0
38.467650463,387945.0,35278.0,10.9967968706,649.0,64574.0,636.0,252.0,1409.0,3095.0,1999.0,6411.0,7837.0,11482.0,2774.0,233.0,36.0,2.0,0.0,0.0,0.0,0.0,0.0,0.0,0.0,0.0,0.0,0.0,0.0,0.0,0.0,0.0,0.0,0.0,0.0,0.0,0.0,0.0
38.4718171296,389155.0,35291.0,11.0270323879,649.0,64575.0,638.0,243.0,1487.0,3041.0,2027.0,6227.0,8044.0,11382.0,2809.0,233.0,36.0,5.0,0.0,0.0,0.0,0.0,0.0,0.0,0.0,0.0,0.0,0.0,0.0,0.0,0.0,0.0,0.0,0.0,0.0,0.0,0.0,0.0
38.4759837963,383016.0,35294.0,10.8521561739,653.0,64571.0,636.0,246.0,1515.0,3078.0,1995.0,6453.0,7929.0,11379.0,2678.0,240.0,26.0,1.0,0.0,0.0,0.0,0.0,0.0,0.0,0.0,0.0,0.0,0.0,0.0,0.0,0.0,0.0,0.0,0.0,0.0,0.0,0.0,0.0
38.480150463,388931.0,35298.0,11.0184996317,653.0,64572.0,638.0,248.0,1453.0,3001.0,1869.0,6336.0,8204.0,11365.0,2806.0,228.0,33.0,3.0,0.0,0.0,0.0,0.0,0.0,0.0,0.0,0.0,0.0,0.0,0.0,0.0,0.0,0.0,0.0,0.0,0.0,0.0,0.0,0.0
38.4843171296,386055.0,35294.0,10.9382614609,653.0,64575.0,638.0,244.0,1461.0,3055.0,2034.0,6315.0,8075.0,11331.0,2766.0,225.0,26.0,6.0,0.0,0.0,0.0,0.0,0.0,0.0,0.0,0.0,0.0,0.0,0.0,0.0,0.0,0.0,0.0,0.0,0.0,0.0,0.0,0.0
38.4884837963,387451.0,35288.0,10.9796814781,653.0,64571.0,639.0,246.0,1543.0,3091.0,1984.0,6322.0,7950.0,11357.0,2747.0,260.0,27.0,7.0,0.0,0.0,0.0,0.0,0.0,0.0,0.0,0.0,0.0,0.0,0.0,0.0,0.0,0.0,0.0,0.0,0.0,0.0,0.0,0.0
38.492650463,384410.0,35295.0,10.8913443831,653.0,64572.0,639.0,243.0,1523.0,3208.0,1891.0,6337.0,7913.0,11448.0,2710.0,241.0,21.0,3.0,0.0,0.0,0.0,0.0,0.0,0.0,0.0,0.0,0.0,0.0,0.0,0.0,0.0,0.0,0.0,0.0,0.0,0.0,0.0,0.0
38.4968171296,389712.0,35294.0,11.0418768063,652.0,64571.0,638.0,248.0,1428.0,3054.0,1925.0,6228.0,8177.0,11414.0,2813.0,210.0,40.0,5.0,0.0,0.0,0.0,0.0,0.0,0.0,0.0,0.0,0.0,0.0,0.0,0.0,0.0,0.0,0.0,0.0,0.0,0.0,0.0,0.0
38.5009837963,386250.0,35311.0,10.9385177423,653.0,64569.0,636.0,246.0,1477.0,3096.0,2057.0,6212.0,8298.0,11162.0,2739.0,215.0,49.0,6.0,0.0,0.0,0.0,0.0,0.0,0.0,0.0,0.0,0.0,0.0,0.0,0.0,0.0,0.0,0.0,0.0,0.0,0.0,0.0,0.0
38.505150463,385487.0,35310.0,10.9172189182,653.0,64568.0,647.0,240.0,1472.0,3181.0,1939.0,6403.0,8056.0,11217.0,2765.0,241.0,33.0,3.0,0.0,0.0,0.0,0.0,0.0,0.0,0.0,0.0,0.0,0.0,0.0,0.0,0.0,0.0,0.0,0.0,0.0,0.0,0.0,0.0
38.5093171296,384980.0,35302.0,10.9053311427,653.0,64572.0,638.0,248.0,1484.0,3074.0,2041.0,6338.0,8033.0,11361.0,2708.0,225.0,34.0,4.0,0.0,0.0,0.0,0.0,0.0,0.0,0.0,0.0,0.0,0.0,0.0,0.0,0.0,0.0,0.0,0.0,0.0,0.0,0.0,0.0
38.5134837963,387031.0,35298.0,10.9646722194,656.0,64579.0,636.0,244.0,1424.0,3103.0,1896.0,6344.0,8147.0,11345.0,2791.0,209.0,36.0,3.0,0.0,0.0,0.0,0.0,0.0,0.0,0.0,0.0,0.0,0.0,0.0,0.0,0.0,0.0,0.0,0.0,0.0,0.0,0.0,0.0
38.517650463,380931.0,35311.0,10.7878847951,653.0,64574.0,636.0,247.0,1444.0,3213.0,2037.0,6429.0,8131.0,11102.0,2709.0,214.0,26.0,6.0,0.0,0.0,0.0,0.0,0.0,0.0,0.0,0.0,0.0,0.0,0.0,0.0,0.0,0.0,0.0,0.0,0.0,0.0,0.0,0.0
38.5218171296,382753.0,35307.0,10.8407114736,653.0,64575.0,636.0,243.0,1528.0,3205.0,2006.0,6292.0,8030.0,11291.0,2700.0,222.0,28.0,5.0,0.0,0.0,0.0,0.0,0.0,0.0,0.0,0.0,0.0,0.0,0.0,0.0,0.0,0.0,0.0,0.0,0.0,0.0,0.0,0.0
38.5259837963,387081.0,35300.0,10.9654674221,659.0,64571.0,638.0,243.0,1505.0,3089.0,1972.0,6250.0,8047.0,11469.0,2695.0,231.0,36.0,6.0,0.0,0.0,0.0,0.0,0.0,0.0,0.0,0.0,0.0,0.0,0.0,0.0,0.0,0.0,0.0,0.0,0.0,0.0,0.0,0.0
38.530150463,384085.0,35304.0,10.8793621119,656.0,64575.0,636.0,246.0,1492.0,3163.0,1965.0,6470.0,8013.0,11156.0,2779.0,232.0,31.0,3.0,0.0,0.0,0.0,0.0,0.0,0.0,0.0,0.0,0.0,0.0,0.0,0.0,0.0,0.0,0.0,0.0,0.0,0.0,0.0,0.0
38.5343171296,378592.0,35314.0,10.7207339865,656.0,64572.0,638.0,248.0,1595.0,3218.0,2047.0,6438.0,7845.0,11343.0,2581.0,216.0,24.0,7.0,0.0,0.0,0.0,0.0,0.0,0.0,0.0,0.0,0.0,0.0,0.0,0.0,0.0,0.0,0.0,0.0,0.0,0.0,0.0,0.0
38.5384837963,380825.0,35312.0,10.7845774807,658.0,64568.0,643.0,246.0,1571.0,3371.0,1991.0,6436.0,7790.0,11252.0,2623.0,237.0,33.0,8.0,0.0,0.0,0.0,0.0,0.0,0.0,0.0,0.0,0.0,0.0,0.0,0.0,0.0,0.0,0.0,0.0,0.0,0.0,0.0,0.0
38.542650463,379436.0,35325.0,10.7412880396,659.0,64572.0,636.0,248.0,1587.0,3322.0,2069.0,6276.0,7901.0,11283.0,2649.0,205.0,25.0,8.0,0.0,0.0,0.0,0.0,0.0,0.0,0.0,0.0,0.0,0.0,0.0,0.0,0.0,0.0,0.0,0.0,0.0,0.0,0.0,0.0
38.5468171296,380584.0,35317.0,10.7762267463,659.0,64574.0,636.0,247.0,1560.0,3306.0,1961.0,6405.0,7851.0,11372.0,2606.0,210.0,44.0,2.0,0.0,0.0,0.0,0.0,0.0,0.0,0.0,0.0,0.0,0.0,0.0,0.0,0.0,0.0,0.0,0.0,0.0,0.0,0.0,0.0
38.5509837963,378404.0,35326.0,10.7117703674,659.0,64572.0,639.0,244.0,1608.0,3216.0,2034.0,6542.0,7813.0,11239.0,2615.0,226.0,31.0,2.0,0.0,0.0,0.0,0.0,0.0,0.0,0.0,0.0,0.0,0.0,0.0,0.0,0.0,0.0,0.0,0.0,0.0,0.0,0.0,0.0
38.555150463,377811.0,35324.0,10.695589401,659.0,64568.0,641.0,248.0,1602.0,3173.0,2003.0,6390.0,8096.0,11231.0,2588.0,214.0,22.0,5.0,0.0,0.0,0.0,0.0,0.0,0.0,0.0,0.0,0.0,0.0,0.0,0.0,0.0,0.0,0.0,0.0,0.0,0.0,0.0,0.0
38.5593171296,375354.0,35326.0,10.6254316934,659.0,64568.0,639.0,247.0,1633.0,3274.0,2038.0,6461.0,8056.0,11091.0,2521.0,212.0,33.0,7.0,0.0,0.0,0.0,0.0,0.0,0.0,0.0,0.0,0.0,0.0,0.0,0.0,0.0,0.0,0.0,0.0,0.0,0.0,0.0,0.0
38.5634837963,372665.0,35333.0,10.5472221436,659.0,64572.0,636.0,248.0,1552.0,3311.0,1969.0,6594.0,8204.0,10898.0,2571.0,206.0,28.0,0.0,0.0,0.0,0.0,0.0,0.0,0.0,0.0,0.0,0.0,0.0,0.0,0.0,0.0,0.0,0.0,0.0,0.0,0.0,0.0,0.0
38.567650463,377018.0,35331.0,10.6710254451,661.0,64572.0,638.0,248.0,1636.0,3270.0,2052.0,6325.0,8213.0,10957.0,2637.0,200.0,34.0,7.0,0.0,0.0,0.0,0.0,0.0,0.0,0.0,0.0,0.0,0.0,0.0,0.0,0.0,0.0,0.0,0.0,0.0,0.0,0.0,0.0
38.5718171296,376509.0,35340.0,10.6539049236,664.0,64572.0,636.0,246.0,1609.0,3393.0,2116.0,6299.0,8187.0,10851.0,2606.0,233.0,43.0,3.0,0.0,0.0,0.0,0.0,0.0,0.0,0.0,0.0,0.0,0.0,0.0,0.0,0.0,0.0,0.0,0.0,0.0,0.0,0.0,0.0
38.5759837963,369416.0,35322.0,10.4585244324,659.0,64575.0,632.0,248.0,1660.0,3332.0,2102.0,6438.0,8396.0,10684.0,2459.0,208.0,39.0,4.0,0.0,0.0,0.0,0.0,0.0,0.0,0.0,0.0,0.0,0.0,0.0,0.0,0.0,0.0,0.0,0.0,0.0,0.0,0.0,0.0
38.580150463,373806.0,35347.0,10.5753246386,662.0,64572.0,639.0,243.0,1571.0,3304.0,2151.0,6320.0,8455.0,10664.0,2666.0,175.0,34.0,7.0,0.0,0.0,0.0,0.0,0.0,0.0,0.0,0.0,0.0,0.0,0.0,0.0,0.0,0.0,0.0,0.0,0.0,0.0,0.0,0.0
38.5843171296,371391.0,35337.0,10.5099753799,659.0,64572.0,636.0,255.0,1527.0,3339.0,2182.0,6252.0,8645.0,10559.0,2599.0,200.0,32.0,2.0,0.0,0.0,0.0,0.0,0.0,0.0,0.0,0.0,0.0,0.0,0.0,0.0,0.0,0.0,0.0,0.0,0.0,0.0,0.0,0.0
38.5884837963,369231.0,35349.0,10.4453025545,661.0,64574.0,636.0,251.0,1611.0,3341.0,2171.0,6447.0,8442.0,10522.0,2585.0,198.0,29.0,3.0,0.0,0.0,0.0,0.0,0.0,0.0,0.0,0.0,0.0,0.0,0.0,0.0,0.0,0.0,0.0,0.0,0.0,0.0,0.0,0.0
38.592650463,371636.0,35337.0,10.5169086227,662.0,64574.0,638.0,248.0,1585.0,3406.0,2251.0,6106.0,8579.0,10595.0,2569.0,212.0,26.0,8.0,0.0,0.0,0.0,0.0,0.0,0.0,0.0,0.0,0.0,0.0,0.0,0.0,0.0,0.0,0.0,0.0,0.0,0.0,0.0,0.0
38.5968171296,372235.0,35353.0,10.5290922977,664.0,64574.0,638.0,243.0,1593.0,3265.0,2121.0,6268.0,8699.0,10631.0,2510.0,233.0,29.0,4.0,0.0,0.0,0.0,0.0,0.0,0.0,0.0,0.0,0.0,0.0,0.0,0.0,0.0,0.0,0.0,0.0,0.0,0.0,0.0,0.0
38.6009837963,369979.0,35354.0,10.4649827459,664.0,64572.0,636.0,247.0,1667.0,3243.0,2248.0,6228.0,8698.0,10456.0,2555.0,232.0,24.0,3.0,0.0,0.0,0.0,0.0,0.0,0.0,0.0,0.0,0.0,0.0,0.0,0.0,0.0,0.0,0.0,0.0,0.0,0.0,0.0,0.0
38.605150463,369061.0,35357.0,10.4381310632,665.0,64574.0,635.0,246.0,1571.0,3247.0,2227.0,6196.0,8796.0,10622.0,2466.0,199.0,30.0,3.0,0.0,0.0,0.0,0.0,0.0,0.0,0.0,0.0,0.0,0.0,0.0,0.0,0.0,0.0,0.0,0.0,0.0,0.0,0.0,0.0
38.6093171296,375326.0,35350.0,10.6174257426,664.0,64575.0,638.0,248.0,1631.0,3246.0,2158.0,6195.0,8651.0,10547.0,2662.0,222.0,32.0,6.0,0.0,0.0,0.0,0.0,0.0,0.0,0.0,0.0,0.0,0.0,0.0,0.0,0.0,0.0,0.0,0.0,0.0,0.0,0.0,0.0
38.6134837963,372727.0,35362.0,10.5403257734,670.0,64574.0,633.0,248.0,1607.0,3237.0,2141.0,6214.0,8808.0,10494.0,2619.0,206.0,33.0,3.0,0.0,0.0,0.0,0.0,0.0,0.0,0.0,0.0,0.0,0.0,0.0,0.0,0.0,0.0,0.0,0.0,0.0,0.0,0.0,0.0
38.617650463,368232.0,35365.0,10.4123285734,670.0,64583.0,635.0,243.0,1674.0,3356.0,2150.0,6312.0,8632.0,10468.0,2543.0,194.0,33.0,3.0,0.0,0.0,0.0,0.0,0.0,0.0,0.0,0.0,0.0,0.0,0.0,0.0,0.0,0.0,0.0,0.0,0.0,0.0,0.0,0.0
38.6218171296,374931.0,35365.0,10.6017531458,668.0,64572.0,633.0,251.0,1646.0,3207.0,2152.0,6109.0,8829.0,10568.0,2589.0,223.0,36.0,6.0,0.0,0.0,0.0,0.0,0.0,0.0,0.0,0.0,0.0,0.0,0.0,0.0,0.0,0.0,0.0,0.0,0.0,0.0,0.0,0.0
38.6259837963,368049.0,35369.0,10.4059769855,670.0,64571.0,639.0,241.0,1634.0,3259.0,2177.0,6201.0,8930.0,10438.0,2497.0,202.0,28.0,3.0,0.0,0.0,0.0,0.0,0.0,0.0,0.0,0.0,0.0,0.0,0.0,0.0,0.0,0.0,0.0,0.0,0.0,0.0,0.0,0.0
38.6385185185,364417.0,35379.0,10.3003759292,671.0,64574.0,636.0,243.0,1651.0,3521.0,2214.0,6107.0,8969.0,10250.0,2395.0,241.0,29.0,2.0,0.0,0.0,0.0,0.0,0.0,0.0,0.0,0.0,0.0,0.0,0.0,0.0,0.0,0.0,0.0,0.0,0.0,0.0,0.0,0.0
38.6426851852,368074.0,35378.0,10.4040364068,673.0,64572.0,639.0,249.0,1588.0,3278.0,2248.0,6135.0,9038.0,10268.0,2593.0,207.0,23.0,0.0,0.0,0.0,0.0,0.0,0.0,0.0,0.0,0.0,0.0,0.0,0.0,0.0,0.0,0.0,0.0,0.0,0.0,0.0,0.0,0.0
38.6468518519,366390.0,35390.0,10.352924555,671.0,64573.0,638.0,241.0,1558.0,3378.0,2292.0,6127.0,9042.0,10207.0,2571.0,186.0,26.0,3.0,0.0,0.0,0.0,0.0,0.0,0.0,0.0,0.0,0.0,0.0,0.0,0.0,0.0,0.0,0.0,0.0,0.0,0.0,0.0,0.0
38.6510185185,364070.0,35386.0,10.2885321879,673.0,64575.0,641.0,243.0,1682.0,3486.0,2276.0,6058.0,8979.0,10212.0,2458.0,198.0,33.0,4.0,0.0,0.0,0.0,0.0,0.0,0.0,0.0,0.0,0.0,0.0,0.0,0.0,0.0,0.0,0.0,0.0,0.0,0.0,0.0,0.0
38.6551851852,362071.0,35368.0,10.2372483601,671.0,64572.0,638.0,248.0,1630.0,3473.0,2291.0,6248.0,8818.0,10287.0,2380.0,211.0,27.0,3.0,0.0,0.0,0.0,0.0,0.0,0.0,0.0,0.0,0.0,0.0,0.0,0.0,0.0,0.0,0.0,0.0,0.0,0.0,0.0,0.0
38.6593518519,368821.0,35395.0,10.4201440881,673.0,64575.0,633.0,244.0,1602.0,3447.0,2165.0,6115.0,9099.0,10135.0,2554.0,245.0,33.0,0.0,0.0,0.0,0.0,0.0,0.0,0.0,0.0,0.0,0.0,0.0,0.0,0.0,0.0,0.0,0.0,0.0,0.0,0.0,0.0,0.0
38.6635185185,361873.0,35380.0,10.2281797626,677.0,64572.0,636.0,251.0,1765.0,3419.0,2317.0,6107.0,9050.0,10064.0,2397.0,229.0,28.0,4.0,0.0,0.0,0.0,0.0,0.0,0.0,0.0,0.0,0.0,0.0,0.0,0.0,0.0,0.0,0.0,0.0,0.0,0.0,0.0,0.0
38.6676851852,363498.0,35392.0,10.2706261302,676.0,64575.0,638.0,241.0,1764.0,3462.0,2342.0,6020.0,8951.0,10201.0,2408.0,199.0,38.0,7.0,0.0,0.0,0.0,0.0,0.0,0.0,0.0,0.0,0.0,0.0,0.0,0.0,0.0,0.0,0.0,0.0,0.0,0.0,0.0,0.0
38.6718518519,357344.0,35390.0,10.0973156259,680.0,64573.0,639.0,241.0,1787.0,3606.0,2315.0,6187.0,8909.0,9962.0,2384.0,210.0,29.0,1.0,0.0,0.0,0.0,0.0,0.0,0.0,0.0,0.0,0.0,0.0,0.0,0.0,0.0,0.0,0.0,0.0,0.0,0.0,0.0,0.0
38.6760185185,358440.0,35392.0,10.1277124774,677.0,64575.0,632.0,243.0,1814.0,3602.0,2349.0,6239.0,8762.0,9939.0,2452.0,203.0,28.0,4.0,0.0,0.0,0.0,0.0,0.0,0.0,0.0,0.0,0.0,0.0,0.0,0.0,0.0,0.0,0.0,0.0,0.0,0.0,0.0,0.0
38.6801851852,362087.0,35389.0,10.2316256464,679.0,64572.0,638.0,246.0,1707.0,3543.0,2270.0,6123.0,9065.0,9970.0,2462.0,212.0,34.0,3.0,0.0,0.0,0.0,0.0,0.0,0.0,0.0,0.0,0.0,0.0,0.0,0.0,0.0,0.0,0.0,0.0,0.0,0.0,0.0,0.0
38.6843518519,361619.0,35390.0,10.2181124611,677.0,64572.0,636.0,247.0,1660.0,3445.0,2303.0,6114.0,9187.0,9970.0,2479.0,208.0,21.0,3.0,0.0,0.0,0.0,0.0,0.0,0.0,0.0,0.0,0.0,0.0,0.0,0.0,0.0,0.0,0.0,0.0,0.0,0.0,0.0,0.0
38.6885185185,360148.0,35394.0,10.1753969599,679.0,64575.0,633.0,249.0,1658.0,3300.0,2430.0,6185.0,9270.0,9886.0,2426.0,212.0,25.0,2.0,0.0,0.0,0.0,0.0,0.0,0.0,0.0,0.0,0.0,0.0,0.0,0.0,0.0,0.0,0.0,0.0,0.0,0.0,0.0,0.0
38.6926851852,355910.0,35407.0,10.0519671251,679.0,64574.0,636.0,248.0,1717.0,3558.0,2408.0,6118.0,9289.0,9753.0,2325.0,200.0,35.0,4.0,0.0,0.0,0.0,0.0,0.0,0.0,0.0,0.0,0.0,0.0,0.0,0.0,0.0,0.0,0.0,0.0,0.0,0.0,0.0,0.0
38.6968518519,360820.0,35388.0,10.1961116763,680.0,64572.0,638.0,248.0,1677.0,3502.0,2313.0,6021.0,9402.0,9755.0,2477.0,210.0,26.0,5.0,0.0,0.0,0.0,0.0,0.0,0.0,0.0,0.0,0.0,0.0,0.0,0.0,0.0,0.0,0.0,0.0,0.0,0.0,0.0,0.0
38.7010185185,357433.0,35424.0,10.0901366305,680.0,64575.0,636.0,243.0,1624.0,3567.0,2531.0,5943.0,9651.0,9439.0,2421.0,204.0,39.0,5.0,0.0,0.0,0.0,0.0,0.0,0.0,0.0,0.0,0.0,0.0,0.0,0.0,0.0,0.0,0.0,0.0,0.0,0.0,0.0,0.0
38.7051851852,350898.0,35417.0,9.90761498715,683.0,64574.0,636.0,251.0,1753.0,3606.0,2558.0,6028.0,9578.0,9362.0,2302.0,187.0,39.0,4.0,0.0,0.0,0.0,0.0,0.0,0.0,0.0,0.0,0.0,0.0,0.0,0.0,0.0,0.0,0.0,0.0,0.0,0.0,0.0,0.0
38.7093518519,353813.0,35413.0,9.99104848502,682.0,64572.0,638.0,244.0,1754.0,3699.0,2435.0,5977.0,9313.0,9671.0,2322.0,214.0,24.0,4.0,0.0,0.0,0.0,0.0,0.0,0.0,0.0,0.0,0.0,0.0,0.0,0.0,0.0,0.0,0.0,0.0,0.0,0.0,0.0,0.0
38.7135185185,353678.0,35420.0,9.98526256352,683.0,64574.0,636.0,248.0,1829.0,3622.0,2374.0,5967.0,9416.0,9600.0,2383.0,206.0,22.0,1.0,0.0,0.0,0.0,0.0,0.0,0.0,0.0,0.0,0.0,0.0,0.0,0.0,0.0,0.0,0.0,0.0,0.0,0.0,0.0,0.0
38.7176851852,350986.0,35420.0,9.90926030491,682.0,64572.0,639.0,246.0,1778.0,3618.0,2606.0,5991.0,9494.0,9336.0,2342.0,232.0,22.0,1.0,0.0,0.0,0.0,0.0,0.0,0.0,0.0,0.0,0.0,0.0,0.0,0.0,0.0,0.0,0.0,0.0,0.0,0.0,0.0,0.0
38.7218518519,351074.0,35429.0,9.90922690451,683.0,64572.0,638.0,248.0,1825.0,3592.0,2481.0,5946.0,9618.0,9448.0,2288.0,202.0,23.0,6.0,0.0,0.0,0.0,0.0,0.0,0.0,0.0,0.0,0.0,0.0,0.0,0.0,0.0,0.0,0.0,0.0,0.0,0.0,0.0,0.0
38.7260185185,353184.0,35435.0,9.9670946804,683.0,64575.0,636.0,248.0,1820.0,3632.0,2438.0,5925.0,9552.0,9481.0,2348.0,209.0,26.0,4.0,0.0,0.0,0.0,0.0,0.0,0.0,0.0,0.0,0.0,0.0,0.0,0.0,0.0,0.0,0.0,0.0,0.0,0.0,0.0,0.0
38.7301851852,352159.0,35438.0,9.93732716293,685.0,64574.0,636.0,243.0,1791.0,3647.0,2574.0,5957.0,9500.0,9463.0,2239.0,224.0,38.0,5.0,0.0,0.0,0.0,0.0,0.0,0.0,0.0,0.0,0.0,0.0,0.0,0.0,0.0,0.0,0.0,0.0,0.0,0.0,0.0,0.0
38.7343518519,350161.0,35434.0,9.88206242592,688.0,64568.0,639.0,249.0,1774.0,3719.0,2527.0,6019.0,9386.0,9479.0,2300.0,199.0,29.0,2.0,0.0,0.0,0.0,0.0,0.0,0.0,0.0,0.0,0.0,0.0,0.0,0.0,0.0,0.0,0.0,0.0,0.0,0.0,0.0,0.0
38.7385185185,351731.0,35445.0,9.92328960361,686.0,64574.0,636.0,246.0,1826.0,3751.0,2458.0,5938.0,9268.0,9625.0,2353.0,206.0,19.0,1.0,0.0,0.0,0.0,0.0,0.0,0.0,0.0,0.0,0.0,0.0,0.0,0.0,0.0,0.0,0.0,0.0,0.0,0.0,0.0,0.0
38.7426851852,351979.0,35442.0,9.93112691157,688.0,64575.0,636.0,248.0,1823.0,3621.0,2401.0,6037.0,9520.0,9505.0,2311.0,187.0,33.0,4.0,0.0,0.0,0.0,0.0,0.0,0.0,0.0,0.0,0.0,0.0,0.0,0.0,0.0,0.0,0.0,0.0,0.0,0.0,0.0,0.0
38.7468518519,346767.0,35442.0,9.78406974776,688.0,64574.0,636.0,248.0,1858.0,3803.0,2594.0,5906.0,9503.0,9287.0,2286.0,164.0,36.0,5.0,0.0,0.0,0.0,0.0,0.0,0.0,0.0,0.0,0.0,0.0,0.0,0.0,0.0,0.0,0.0,0.0,0.0,0.0,0.0,0.0
38.7510185185,345104.0,35448.0,9.73549988716,688.0,64574.0,636.0,243.0,1909.0,3768.0,2582.0,6011.0,9484.0,9250.0,2196.0,215.0,33.0,0.0,0.0,0.0,0.0,0.0,0.0,0.0,0.0,0.0,0.0,0.0,0.0,0.0,0.0,0.0,0.0,0.0,0.0,0.0,0.0,0.0
38.7551851852,346859.0,35446.0,9.78556113525,688.0,64575.0,636.0,246.0,1875.0,3739.0,2662.0,5899.0,9533.0,9239.0,2270.0,187.0,41.0,1.0,0.0,0.0,0.0,0.0,0.0,0.0,0.0,0.0,0.0,0.0,0.0,0.0,0.0,0.0,0.0,0.0,0.0,0.0,0.0,0.0
38.7593518519,348407.0,35460.0,9.82535250987,689.0,64574.0,636.0,248.0,1885.0,3767.0,2524.0,6012.0,9473.0,9311.0,2247.0,199.0,36.0,6.0,0.0,0.0,0.0,0.0,0.0,0.0,0.0,0.0,0.0,0.0,0.0,0.0,0.0,0.0,0.0,0.0,0.0,0.0,0.0,0.0
38.7635185185,346251.0,35455.0,9.76592864194,691.0,64572.0,639.0,243.0,1890.0,3743.0,2600.0,5843.0,9820.0,9075.0,2240.0,207.0,33.0,4.0,0.0,0.0,0.0,0.0,0.0,0.0,0.0,0.0,0.0,0.0,0.0,0.0,0.0,0.0,0.0,0.0,0.0,0.0,0.0,0.0
38.7676851852,344489.0,35471.0,9.71184911618,692.0,64575.0,638.0,241.0,1882.0,3791.0,2577.0,6008.0,9541.0,9199.0,2250.0,198.0,24.0,1.0,0.0,0.0,0.0,0.0,0.0,0.0,0.0,0.0,0.0,0.0,0.0,0.0,0.0,0.0,0.0,0.0,0.0,0.0,0.0,0.0
38.7718518519,342917.0,35460.0,9.67053017484,689.0,64583.0,635.0,247.0,1958.0,3821.0,2694.0,5921.0,9567.0,9099.0,2141.0,221.0,35.0,3.0,0.0,0.0,0.0,0.0,0.0,0.0,0.0,0.0,0.0,0.0,0.0,0.0,0.0,0.0,0.0,0.0,0.0,0.0,0.0,0.0
38.7760185185,344734.0,35451.0,9.72423909058,694.0,64574.0,636.0,252.0,1837.0,3788.0,2631.0,6019.0,9661.0,9059.0,2205.0,212.0,37.0,2.0,0.0,0.0,0.0,0.0,0.0,0.0,0.0,0.0,0.0,0.0,0.0,0.0,0.0,0.0,0.0,0.0,0.0,0.0,0.0,0.0
38.7801851852,346040.0,35480.0,9.75310033822,692.0,64574.0,635.0,251.0,1915.0,3794.0,2629.0,5825.0,9545.0,9327.0,2195.0,223.0,26.0,1.0,0.0,0.0,0.0,0.0,0.0,0.0,0.0,0.0,0.0,0.0,0.0,0.0,0.0,0.0,0.0,0.0,0.0,0.0,0.0,0.0
38.7843518519,341233.0,35476.0,9.61869996617,694.0,64575.0,633.0,246.0,1844.0,3959.0,2659.0,5833.0,9656.0,9143.0,2161.0,199.0,19.0,3.0,0.0,0.0,0.0,0.0,0.0,0.0,0.0,0.0,0.0,0.0,0.0,0.0,0.0,0.0,0.0,0.0,0.0,0.0,0.0,0.0
38.7885185185,345114.0,35475.0,9.72837209302,694.0,64572.0,638.0,248.0,1904.0,3776.0,2709.0,6000.0,9518.0,9006.0,2337.0,190.0,33.0,2.0,0.0,0.0,0.0,0.0,0.0,0.0,0.0,0.0,0.0,0.0,0.0,0.0,0.0,0.0,0.0,0.0,0.0,0.0,0.0,0.0
38.7926851852,341313.0,35475.0,9.62122621564,694.0,64572.0,639.0,248.0,1858.0,3785.0,2710.0,5805.0,9987.0,8922.0,2179.0,206.0,20.0,3.0,0.0,0.0,0.0,0.0,0.0,0.0,0.0,0.0,0.0,0.0,0.0,0.0,0.0,0.0,0.0,0.0,0.0,0.0,0.0,0.0
38.7968518519,336011.0,35470.0,9.47310403158,694.0,64575.0,636.0,247.0,1942.0,3969.0,2711.0,5879.0,9740.0,8940.0,2083.0,178.0,24.0,4.0,0.0,0.0,0.0,0.0,0.0,0.0,0.0,0.0,0.0,0.0,0.0,0.0,0.0,0.0,0.0,0.0,0.0,0.0,0.0,0.0
38.8010185185,340202.0,35471.0,9.59098982267,694.0,64574.0,636.0,247.0,1890.0,3796.0,2795.0,5816.0,9924.0,8792.0,2232.0,207.0,16.0,3.0,0.0,0.0,0.0,0.0,0.0,0.0,0.0,0.0,0.0,0.0,0.0,0.0,0.0,0.0,0.0,0.0,0.0,0.0,0.0,0.0
38.8051851852,339104.0,35473.0,9.55949595467,695.0,64572.0,639.0,247.0,1913.0,3878.0,2803.0,5799.0,9923.0,8796.0,2117.0,204.0,37.0,3.0,0.0,0.0,0.0,0.0,0.0,0.0,0.0,0.0,0.0,0.0,0.0,0.0,0.0,0.0,0.0,0.0,0.0,0.0,0.0,0.0
38.8093518519,341397.0,35466.0,9.62603620369,700.0,64575.0,639.0,248.0,1841.0,3817.0,2748.0,5969.0,9890.0,8772.0,2193.0,192.0,39.0,5.0,0.0,0.0,0.0,0.0,0.0,0.0,0.0,0.0,0.0,0.0,0.0,0.0,0.0,0.0,0.0,0.0,0.0,0.0,0.0,0.0
38.8135185185,338396.0,35482.0,9.53711741165,700.0,64575.0,633.0,249.0,1902.0,3962.0,2809.0,5864.0,9960.0,8593.0,2134.0,215.0,38.0,5.0,0.0,0.0,0.0,0.0,0.0,0.0,0.0,0.0,0.0,0.0,0.0,0.0,0.0,0.0,0.0,0.0,0.0,0.0,0.0,0.0
38.8176851852,336446.0,35478.0,9.48322904335,697.0,64574.0,639.0,243.0,1835.0,3828.0,2933.0,5794.0,10125.0,8647.0,2098.0,181.0,31.0,6.0,0.0,0.0,0.0,0.0,0.0,0.0,0.0,0.0,0.0,0.0,0.0,0.0,0.0,0.0,0.0,0.0,0.0,0.0,0.0,0.0
38.8218518519,337723.0,35490.0,9.51600450831,697.0,64575.0,639.0,243.0,1947.0,3939.0,2854.0,5751.0,9952.0,8673.0,2119.0,221.0,31.0,3.0,0.0,0.0,0.0,0.0,0.0,0.0,0.0,0.0,0.0,0.0,0.0,0.0,0.0,0.0,0.0,0.0,0.0,0.0,0.0,0.0
38.8260185185,337136.0,35491.0,9.49919697952,697.0,64572.0,639.0,243.0,1868.0,3898.0,2813.0,5891.0,10086.0,8520.0,2188.0,194.0,30.0,3.0,0.0,0.0,0.0,0.0,0.0,0.0,0.0,0.0,0.0,0.0,0.0,0.0,0.0,0.0,0.0,0.0,0.0,0.0,0.0,0.0
38.8301851852,335315.0,35494.0,9.44708964895,695.0,64571.0,636.0,252.0,1891.0,3953.0,3045.0,5806.0,10038.0,8355.0,2156.0,208.0,39.0,3.0,0.0,0.0,0.0,0.0,0.0,0.0,0.0,0.0,0.0,0.0,0.0,0.0,0.0,0.0,0.0,0.0,0.0,0.0,0.0,0.0
38.8343518519,336874.0,35480.0,9.49475760992,700.0,64574.0,636.0,241.0,1938.0,3922.0,2880.0,5852.0,9961.0,8546.0,2126.0,218.0,32.0,5.0,0.0,0.0,0.0,0.0,0.0,0.0,0.0,0.0,0.0,0.0,0.0,0.0,0.0,0.0,0.0,0.0,0.0,0.0,0.0,0.0
38.8385185185,335152.0,35481.0,9.44595699107,695.0,64572.0,636.0,244.0,1924.0,3884.0,2934.0,5766.0,10002.0,8575.0,2190.0,183.0,20.0,3.0,0.0,0.0,0.0,0.0,0.0,0.0,0.0,0.0,0.0,0.0,0.0,0.0,0.0,0.0,0.0,0.0,0.0,0.0,0.0,0.0
38.8426851852,332154.0,35491.0,9.35882336367,700.0,64569.0,636.0,249.0,1874.0,4002.0,2988.0,5790.0,10145.0,8368.0,2108.0,184.0,27.0,5.0,0.0,0.0,0.0,0.0,0.0,0.0,0.0,0.0,0.0,0.0,0.0,0.0,0.0,0.0,0.0,0.0,0.0,0.0,0.0,0.0
38.8468518519,334037.0,35489.0,9.41240947899,701.0,64575.0,633.0,241.0,1992.0,3921.0,2892.0,5675.0,10304.0,8392.0,2080.0,195.0,32.0,5.0,1.0,0.0,0.0,0.0,0.0,0.0,0.0,0.0,0.0,0.0,0.0,0.0,0.0,0.0,0.0,0.0,0.0,0.0,0.0,0.0
38.8510185185,327131.0,35490.0,9.21755424063,700.0,64572.0,638.0,248.0,1928.0,4039.0,3020.0,5763.0,10376.0,8109.0,2041.0,187.0,23.0,4.0,0.0,0.0,0.0,0.0,0.0,0.0,0.0,0.0,0.0,0.0,0.0,0.0,0.0,0.0,0.0,0.0,0.0,0.0,0.0,0.0
38.8551851852,330869.0,35501.0,9.31999098617,701.0,64575.0,636.0,249.0,1908.0,4007.0,3035.0,5802.0,10100.0,8347.0,2107.0,157.0,31.0,7.0,0.0,0.0,0.0,0.0,0.0,0.0,0.0,0.0,0.0,0.0,0.0,0.0,0.0,0.0,0.0,0.0,0.0,0.0,0.0,0.0
38.8593518519,330962.0,35490.0,9.32550014088,701.0,64571.0,636.0,246.0,1864.0,4000.0,3033.0,5886.0,10157.0,8310.0,1994.0,200.0,41.0,5.0,0.0,0.0,0.0,0.0,0.0,0.0,0.0,0.0,0.0,0.0,0.0,0.0,0.0,0.0,0.0,0.0,0.0,0.0,0.0,0.0
38.8635185185,327782.0,35495.0,9.23459642203,695.0,64571.0,639.0,246.0,1990.0,4006.0,3184.0,5710.0,10281.0,8054.0,2030.0,199.0,37.0,4.0,0.0,0.0,0.0,0.0,0.0,0.0,0.0,0.0,0.0,0.0,0.0,0.0,0.0,0.0,0.0,0.0,0.0,0.0,0.0,0.0
38.8676851852,324785.0,35505.0,9.1475848472,703.0,64575.0,633.0,252.0,1949.0,4187.0,3121.0,5735.0,10179.0,8118.0,1989.0,199.0,27.0,1.0,0.0,0.0,0.0,0.0,0.0,0.0,0.0,0.0,0.0,0.0,0.0,0.0,0.0,0.0,0.0,0.0,0.0,0.0,0.0,0.0
38.8718518519,325208.0,35503.0,9.16001464665,703.0,64573.0,638.0,248.0,1892.0,4056.0,3220.0,5694.0,10318.0,8081.0,2039.0,174.0,29.0,0.0,0.0,0.0,0.0,0.0,0.0,0.0,0.0,0.0,0.0,0.0,0.0,0.0,0.0,0.0,0.0,0.0,0.0,0.0,0.0,0.0
38.8760185185,322769.0,35497.0,9.09285291715,704.0,64571.0,639.0,247.0,2023.0,4095.0,3159.0,5683.0,10405.0,7975.0,1940.0,183.0,29.0,5.0,0.0,0.0,0.0,0.0,0.0,0.0,0.0,0.0,0.0,0.0,0.0,0.0,0.0,0.0,0.0,0.0,0.0,0.0,0.0,0.0
38.8801851852,324277.0,35514.0,9.13096243735,703.0,64579.0,636.0,241.0,1997.0,4063.0,3115.0,5762.0,10311.0,8096.0,1946.0,192.0,30.0,2.0,0.0,0.0,0.0,0.0,0.0,0.0,0.0,0.0,0.0,0.0,0.0,0.0,0.0,0.0,0.0,0.0,0.0,0.0,0.0,0.0
38.8843518519,319352.0,35513.0,8.99253794385,701.0,64575.0,638.0,248.0,1982.0,3996.0,3322.0,5742.0,10418.0,7962.0,1888.0,182.0,19.0,2.0,0.0,0.0,0.0,0.0,0.0,0.0,0.0,0.0,0.0,0.0,0.0,0.0,0.0,0.0,0.0,0.0,0.0,0.0,0.0,0.0
38.8885185185,323858.0,35503.0,9.12198969101,703.0,64575.0,635.0,248.0,1816.0,4038.0,3216.0,5845.0,10303.0,8098.0,1978.0,190.0,18.0,1.0,0.0,0.0,0.0,0.0,0.0,0.0,0.0,0.0,0.0,0.0,0.0,0.0,0.0,0.0,0.0,0.0,0.0,0.0,0.0,0.0
38.8926851852,323710.0,35502.0,9.11807785477,703.0,64580.0,633.0,247.0,1884.0,3972.0,3263.0,5739.0,10474.0,8008.0,1944.0,188.0,28.0,2.0,0.0,0.0,0.0,0.0,0.0,0.0,0.0,0.0,0.0,0.0,0.0,0.0,0.0,0.0,0.0,0.0,0.0,0.0,0.0,0.0
38.8968518519,322484.0,35518.0,9.07945267188,704.0,64568.0,639.0,247.0,1940.0,4058.0,3183.0,5817.0,10429.0,7947.0,1920.0,194.0,26.0,4.0,0.0,0.0,0.0,0.0,0.0,0.0,0.0,0.0,0.0,0.0,0.0,0.0,0.0,0.0,0.0,0.0,0.0,0.0,0.0,0.0
38.9010185185,322369.0,35519.0,9.0759593457,704.0,64575.0,633.0,248.0,1990.0,4117.0,3234.0,5722.0,10372.0,7906.0,1962.0,184.0,28.0,3.0,1.0,0.0,0.0,0.0,0.0,0.0,0.0,0.0,0.0,0.0,0.0,0.0,0.0,0.0,0.0,0.0,0.0,0.0,0.0,0.0
38.9051851852,325880.0,35519.0,9.17480784932,703.0,64572.0,636.0,246.0,1920.0,4152.0,3142.0,5649.0,10512.0,7885.0,2021.0,208.0,26.0,3.0,1.0,0.0,0.0,0.0,0.0,0.0,0.0,0.0,0.0,0.0,0.0,0.0,0.0,0.0,0.0,0.0,0.0,0.0,0.0,0.0
38.9093518519,322045.0,35517.0,9.06734803052,706.0,64572.0,636.0,248.0,1972.0,4135.0,3077.0,5677.0,10457.0,8057.0,1938.0,182.0,22.0,0.0,0.0,0.0,0.0,0.0,0.0,0.0,0.0,0.0,0.0,0.0,0.0,0.0,0.0,0.0,0.0,0.0,0.0,0.0,0.0,0.0
38.9135185185,328665.0,35514.0,9.25451934448,706.0,64572.0,636.0,244.0,1868.0,4039.0,3071.0,5809.0,10366.0,8066.0,2072.0,195.0,23.0,4.0,1.0,0.0,0.0,0.0,0.0,0.0,0.0,0.0,0.0,0.0,0.0,0.0,0.0,0.0,0.0,0.0,0.0,0.0,0.0,0.0
38.9176851852,330341.0,35497.0,9.30616671831,706.0,64574.0,632.0,248.0,1872.0,3967.0,3125.0,5777.0,10313.0,8173.0,2017.0,218.0,29.0,6.0,0.0,0.0,0.0,0.0,0.0,0.0,0.0,0.0,0.0,0.0,0.0,0.0,0.0,0.0,0.0,0.0,0.0,0.0,0.0,0.0
38.9218518519,325524.0,35491.0,9.17201544053,704.0,64574.0,636.0,248.0,1859.0,4138.0,3181.0,5668.0,10242.0,8147.0,2072.0,157.0,25.0,2.0,0.0,0.0,0.0,0.0,0.0,0.0,0.0,0.0,0.0,0.0,0.0,0.0,0.0,0.0,0.0,0.0,0.0,0.0,0.0,0.0
38.9260185185,324079.0,35504.0,9.12795741325,704.0,64574.0,636.0,244.0,1844.0,4183.0,3246.0,5635.0,10520.0,7823.0,2032.0,188.0,31.0,2.0,0.0,0.0,0.0,0.0,0.0,0.0,0.0,0.0,0.0,0.0,0.0,0.0,0.0,0.0,0.0,0.0,0.0,0.0,0.0,0.0
38.9301851852,328645.0,35514.0,9.25395618629,706.0,64572.0,638.0,247.0,1905.0,4091.0,3293.0,5592.0,10310.0,8028.0,2034.0,224.0,33.0,4.0,0.0,0.0,0.0,0.0,0.0,0.0,0.0,0.0,0.0,0.0,0.0,0.0,0.0,0.0,0.0,0.0,0.0,0.0,0.0,0.0
38.9343518519,319152.0,35518.0,8.98564108339,704.0,64576.0,636.0,243.0,1967.0,4182.0,3361.0,5716.0,10347.0,7809.0,1927.0,178.0,26.0,5.0,0.0,0.0,0.0,0.0,0.0,0.0,0.0,0.0,0.0,0.0,0.0,0.0,0.0,0.0,0.0,0.0,0.0,0.0,0.0,0.0
38.9385185185,325133.0,35509.0,9.15635472697,703.0,64575.0,633.0,246.0,1910.0,3977.0,3100.0,5827.0,10352.0,8158.0,1973.0,187.0,25.0,0.0,0.0,0.0,0.0,0.0,0.0,0.0,0.0,0.0,0.0,0.0,0.0,0.0,0.0,0.0,0.0,0.0,0.0,0.0,0.0,0.0
38.9426851852,329437.0,35510.0,9.2773021684,701.0,64572.0,636.0,246.0,1907.0,3983.0,3111.0,5692.0,10326.0,8162.0,2118.0,184.0,25.0,2.0,0.0,0.0,0.0,0.0,0.0,0.0,0.0,0.0,0.0,0.0,0.0,0.0,0.0,0.0,0.0,0.0,0.0,0.0,0.0,0.0
38.9468518519,330774.0,35495.0,9.3188899845,706.0,64574.0,636.0,248.0,1923.0,3936.0,3089.0,5739.0,10165.0,8302.0,2129.0,187.0,23.0,2.0,0.0,0.0,0.0,0.0,0.0,0.0,0.0,0.0,0.0,0.0,0.0,0.0,0.0,0.0,0.0,0.0,0.0,0.0,0.0,0.0
38.9510185185,322668.0,35512.0,9.08616805587,701.0,64569.0,636.0,248.0,1972.0,4106.0,3233.0,5700.0,10322.0,7982.0,1983.0,189.0,23.0,2.0,0.0,0.0,0.0,0.0,0.0,0.0,0.0,0.0,0.0,0.0,0.0,0.0,0.0,0.0,0.0,0.0,0.0,0.0,0.0,0.0
38.9551851852,328378.0,35509.0,9.24774000958,701.0,64568.0,639.0,243.0,1898.0,4060.0,3065.0,5827.0,10334.0,8069.0,2001.0,220.0,31.0,4.0,0.0,0.0,0.0,0.0,0.0,0.0,0.0,0.0,0.0,0.0,0.0,0.0,0.0,0.0,0.0,0.0,0.0,0.0,0.0,0.0
38.9593518519,324071.0,35514.0,9.12516190798,703.0,64574.0,636.0,243.0,2001.0,4115.0,3170.0,5718.0,10237.0,8083.0,1977.0,182.0,26.0,5.0,0.0,0.0,0.0,0.0,0.0,0.0,0.0,0.0,0.0,0.0,0.0,0.0,0.0,0.0,0.0,0.0,0.0,0.0,0.0,0.0
38.9718518519,328867.0,35507.0,9.2620328386,701.0,64575.0,636.0,246.0,1873.0,4017.0,3107.0,5661.0,10401.0,8229.0,1989.0,199.0,25.0,6.0,0.0,0.0,0.0,0.0,0.0,0.0,0.0,0.0,0.0,0.0,0.0,0.0,0.0,0.0,0.0,0.0,0.0,0.0,0.0,0.0
38.9760185185,326429.0,35504.0,9.19414713835,703.0,64572.0,638.0,246.0,1946.0,4087.0,3097.0,5705.0,10276.0,8217.0,1933.0,212.0,29.0,2.0,0.0,0.0,0.0,0.0,0.0,0.0,0.0,0.0,0.0,0.0,0.0,0.0,0.0,0.0,0.0,0.0,0.0,0.0,0.0,0.0
38.9801851852,326075.0,35514.0,9.18159035873,704.0,64572.0,638.0,246.0,1961.0,3947.0,3208.0,5884.0,10166.0,8130.0,2018.0,163.0,31.0,5.0,1.0,0.0,0.0,0.0,0.0,0.0,0.0,0.0,0.0,0.0,0.0,0.0,0.0,0.0,0.0,0.0,0.0,0.0,0.0,0.0
38.9843518519,326075.0,35513.0,9.1818489004,703.0,64574.0,636.0,243.0,1849.0,4117.0,3067.0,5840.0,10334.0,8028.0,2076.0,175.0,25.0,2.0,0.0,0.0,0.0,0.0,0.0,0.0,0.0,0.0,0.0,0.0,0.0,0.0,0.0,0.0,0.0,0.0,0.0,0.0,0.0,0.0
38.9885185185,325734.0,35516.0,9.17147201261,704.0,64572.0,636.0,248.0,1860.0,3988.0,3203.0,5835.0,10318.0,8119.0,1966.0,204.0,18.0,5.0,0.0,0.0,0.0,0.0,0.0,0.0,0.0,0.0,0.0,0.0,0.0,0.0,0.0,0.0,0.0,0.0,0.0,0.0,0.0,0.0
38.9926851852,330437.0,35512.0,9.30493917549,704.0,64574.0,636.0,248.0,1846.0,4003.0,3185.0,5624.0,10396.0,8124.0,2106.0,194.0,32.0,2.0,0.0,0.0,0.0,0.0,0.0,0.0,0.0,0.0,0.0,0.0,0.0,0.0,0.0,0.0,0.0,0.0,0.0,0.0,0.0,0.0
38.9968518519,327433.0,35507.0,9.22164643591,703.0,64574.0,633.0,246.0,1800.0,3959.0,3215.0,5767.0,10241.0,8381.0,1936.0,170.0,36.0,2.0,0.0,0.0,0.0,0.0,0.0,0.0,0.0,0.0,0.0,0.0,0.0,0.0,0.0,0.0,0.0,0.0,0.0,0.0,0.0,0.0
39.0010185185,323134.0,35508.0,9.10031542188,703.0,64574.0,636.0,248.0,1932.0,4056.0,3213.0,5713.0,10423.0,8033.0,1914.0,196.0,24.0,4.0,0.0,0.0,0.0,0.0,0.0,0.0,0.0,0.0,0.0,0.0,0.0,0.0,0.0,0.0,0.0,0.0,0.0,0.0,0.0,0.0
39.0051851852,324479.0,35506.0,9.1387089506,701.0,64572.0,638.0,247.0,1853.0,3995.0,3226.0,5880.0,10412.0,7935.0,1982.0,195.0,22.0,6.0,0.0,0.0,0.0,0.0,0.0,0.0,0.0,0.0,0.0,0.0,0.0,0.0,0.0,0.0,0.0,0.0,0.0,0.0,0.0,0.0
39.0093518519,328606.0,35508.0,9.25442153881,701.0,64575.0,633.0,246.0,1881.0,3974.0,3142.0,5805.0,10343.0,8046.0,2100.0,185.0,28.0,4.0,0.0,0.0,0.0,0.0,0.0,0.0,0.0,0.0,0.0,0.0,0.0,0.0,0.0,0.0,0.0,0.0,0.0,0.0,0.0,0.0
39.0135185185,330084.0,35504.0,9.29709328526,704.0,64571.0,638.0,247.0,1875.0,3974.0,3129.0,5707.0,10290.0,8221.0,2099.0,176.0,29.0,4.0,0.0,0.0,0.0,0.0,0.0,0.0,0.0,0.0,0.0,0.0,0.0,0.0,0.0,0.0,0.0,0.0,0.0,0.0,0.0,0.0
39.0176851852,327348.0,35494.0,9.22262917676,704.0,64574.0,636.0,248.0,1834.0,3912.0,3096.0,5801.0,10589.0,8071.0,1952.0,203.0,35.0,1.0,0.0,0.0,0.0,0.0,0.0,0.0,0.0,0.0,0.0,0.0,0.0,0.0,0.0,0.0,0.0,0.0,0.0,0.0,0.0,0.0
39.0218518519,326565.0,35505.0,9.19771863118,704.0,64575.0,636.0,243.0,1957.0,4049.0,2990.0,5754.0,10418.0,8132.0,1990.0,180.0,32.0,3.0,0.0,0.0,0.0,0.0,0.0,0.0,0.0,0.0,0.0,0.0,0.0,0.0,0.0,0.0,0.0,0.0,0.0,0.0,0.0,0.0
39.0260185185,326435.0,35494.0,9.19690651941,701.0,64572.0,638.0,246.0,1902.0,3997.0,3135.0,5900.0,10155.0,8144.0,2050.0,187.0,21.0,3.0,0.0,0.0,0.0,0.0,0.0,0.0,0.0,0.0,0.0,0.0,0.0,0.0,0.0,0.0,0.0,0.0,0.0,0.0,0.0,0.0
39.0301851852,327744.0,35497.0,9.23300560611,704.0,64574.0,639.0,246.0,1966.0,4082.0,3077.0,5705.0,10092.0,8330.0,2037.0,176.0,31.0,1.0,0.0,0.0,0.0,0.0,0.0,0.0,0.0,0.0,0.0,0.0,0.0,0.0,0.0,0.0,0.0,0.0,0.0,0.0,0.0,0.0
39.0343518519,332841.0,35506.0,9.37421844195,701.0,64572.0,633.0,248.0,1995.0,3997.0,3044.0,5781.0,10062.0,8264.0,2112.0,214.0,30.0,7.0,0.0,0.0,0.0,0.0,0.0,0.0,0.0,0.0,0.0,0.0,0.0,0.0,0.0,0.0,0.0,0.0,0.0,0.0,0.0,0.0
39.0385185185,330661.0,35490.0,9.31701887856,701.0,64575.0,638.0,248.0,1866.0,4053.0,2996.0,5782.0,10226.0,8338.0,1975.0,216.0,35.0,3.0,0.0,0.0,0.0,0.0,0.0,0.0,0.0,0.0,0.0,0.0,0.0,0.0,0.0,0.0,0.0,0.0,0.0,0.0,0.0,0.0
39.0426851852,328503.0,35491.0,9.25595221324,701.0,64574.0,639.0,243.0,1882.0,4065.0,3017.0,5831.0,10261.0,8170.0,2033.0,201.0,28.0,3.0,0.0,0.0,0.0,0.0,0.0,0.0,0.0,0.0,0.0,0.0,0.0,0.0,0.0,0.0,0.0,0.0,0.0,0.0,0.0,0.0
39.0468518519,333433.0,35475.0,9.39909795631,701.0,64572.0,636.0,248.0,1798.0,3877.0,2864.0,5957.0,10148.0,8552.0,2048.0,205.0,26.0,0.0,0.0,0.0,0.0,0.0,0.0,0.0,0.0,0.0,0.0,0.0,0.0,0.0,0.0,0.0,0.0,0.0,0.0,0.0,0.0,0.0
39.0510185185,334280.0,35492.0,9.41846049814,701.0,64571.0,636.0,247.0,1839.0,3936.0,3042.0,5775.0,10121.0,8466.0,2052.0,234.0,22.0,5.0,0.0,0.0,0.0,0.0,0.0,0.0,0.0,0.0,0.0,0.0,0.0,0.0,0.0,0.0,0.0,0.0,0.0,0.0,0.0,0.0
39.0551851852,332838.0,35491.0,9.37809585529,701.0,64575.0,643.0,244.0,1850.0,3986.0,3088.0,5765.0,10160.0,8338.0,2046.0,222.0,31.0,5.0,0.0,0.0,0.0,0.0,0.0,0.0,0.0,0.0,0.0,0.0,0.0,0.0,0.0,0.0,0.0,0.0,0.0,0.0,0.0,0.0
39.0593518519,334381.0,35492.0,9.42130620985,703.0,64575.0,632.0,247.0,1783.0,3879.0,3025.0,5821.0,10250.0,8388.0,2119.0,196.0,26.0,5.0,0.0,0.0,0.0,0.0,0.0,0.0,0.0,0.0,0.0,0.0,0.0,0.0,0.0,0.0,0.0,0.0,0.0,0.0,0.0,0.0
39.0635185185,334704.0,35490.0,9.43093829248,704.0,64574.0,636.0,244.0,1867.0,3928.0,2964.0,5734.0,10175.0,8446.0,2146.0,207.0,19.0,4.0,0.0,0.0,0.0,0.0,0.0,0.0,0.0,0.0,0.0,0.0,0.0,0.0,0.0,0.0,0.0,0.0,0.0,0.0,0.0,0.0
39.0676851852,333875.0,35493.0,9.40678443637,701.0,64574.0,636.0,248.0,1874.0,3927.0,3024.0,5709.0,10223.0,8361.0,2140.0,210.0,22.0,3.0,0.0,0.0,0.0,0.0,0.0,0.0,0.0,0.0,0.0,0.0,0.0,0.0,0.0,0.0,0.0,0.0,0.0,0.0,0.0,0.0
39.0718518519,333778.0,35489.0,9.40511144298,700.0,64572.0,638.0,244.0,1881.0,3870.0,3050.0,5832.0,10130.0,8389.0,2091.0,212.0,31.0,3.0,0.0,0.0,0.0,0.0,0.0,0.0,0.0,0.0,0.0,0.0,0.0,0.0,0.0,0.0,0.0,0.0,0.0,0.0,0.0,0.0
39.0760185185,329017.0,35492.0,9.27017356024,701.0,64572.0,639.0,248.0,1884.0,3929.0,3092.0,5904.0,10253.0,8121.0,2108.0,164.0,32.0,5.0,0.0,0.0,0.0,0.0,0.0,0.0,0.0,0.0,0.0,0.0,0.0,0.0,0.0,0.0,0.0,0.0,0.0,0.0,0.0,0.0
39.0801851852,331348.0,35483.0,9.33821830172,700.0,64574.0,638.0,247.0,1875.0,3962.0,2995.0,5793.0,10280.0,8255.0,2078.0,222.0,21.0,2.0,0.0,0.0,0.0,0.0,0.0,0.0,0.0,0.0,0.0,0.0,0.0,0.0,0.0,0.0,0.0,0.0,0.0,0.0,0.0,0.0
39.0843518519,334348.0,35489.0,9.42117275776,695.0,64571.0,636.0,255.0,1788.0,3942.0,3025.0,5675.0,10079.0,8698.0,2064.0,193.0,23.0,2.0,0.0,0.0,0.0,0.0,0.0,0.0,0.0,0.0,0.0,0.0,0.0,0.0,0.0,0.0,0.0,0.0,0.0,0.0,0.0,0.0
39.0885185185,336027.0,35492.0,9.46768285811,697.0,64568.0,636.0,248.0,1787.0,3903.0,2856.0,5965.0,10163.0,8444.0,2134.0,205.0,33.0,2.0,0.0,0.0,0.0,0.0,0.0,0.0,0.0,0.0,0.0,0.0,0.0,0.0,0.0,0.0,0.0,0.0,0.0,0.0,0.0,0.0
39.0926851852,330845.0,35484.0,9.32377973171,701.0,64569.0,639.0,249.0,1912.0,3889.0,3030.0,5864.0,10138.0,8353.0,2076.0,194.0,26.0,2.0,0.0,0.0,0.0,0.0,0.0,0.0,0.0,0.0,0.0,0.0,0.0,0.0,0.0,0.0,0.0,0.0,0.0,0.0,0.0,0.0
39.0968518519,337629.0,35484.0,9.51496449104,700.0,64572.0,633.0,248.0,1753.0,3845.0,3018.0,5745.0,10232.0,8546.0,2095.0,211.0,34.0,5.0,0.0,0.0,0.0,0.0,0.0,0.0,0.0,0.0,0.0,0.0,0.0,0.0,0.0,0.0,0.0,0.0,0.0,0.0,0.0,0.0
39.1010185185,330478.0,35482.0,9.31396200891,700.0,64575.0,636.0,248.0,1770.0,3930.0,3026.0,5886.0,10229.0,8447.0,1949.0,217.0,27.0,1.0,0.0,0.0,0.0,0.0,0.0,0.0,0.0,0.0,0.0,0.0,0.0,0.0,0.0,0.0,0.0,0.0,0.0,0.0,0.0,0.0
39.1051851852,334689.0,35478.0,9.43370539489,698.0,64571.0,639.0,246.0,1946.0,3883.0,2949.0,5819.0,9996.0,8534.0,2126.0,193.0,27.0,5.0,0.0,0.0,0.0,0.0,0.0,0.0,0.0,0.0,0.0,0.0,0.0,0.0,0.0,0.0,0.0,0.0,0.0,0.0,0.0,0.0
39.1093518519,338013.0,35478.0,9.52739726027,697.0,64575.0,636.0,243.0,1819.0,3781.0,2816.0,5924.0,10047.0,8721.0,2138.0,205.0,27.0,0.0,0.0,0.0,0.0,0.0,0.0,0.0,0.0,0.0,0.0,0.0,0.0,0.0,0.0,0.0,0.0,0.0,0.0,0.0,0.0,0.0
39.1135185185,336527.0,35482.0,9.48444281608,700.0,64575.0,639.0,248.0,1843.0,3799.0,2972.0,5890.0,9977.0,8615.0,2152.0,207.0,27.0,0.0,0.0,0.0,0.0,0.0,0.0,0.0,0.0,0.0,0.0,0.0,0.0,0.0,0.0,0.0,0.0,0.0,0.0,0.0,0.0,0.0
39.1176851852,340257.0,35483.0,9.58929628273,701.0,64575.0,636.0,248.0,1753.0,3899.0,2825.0,5805.0,9946.0,8795.0,2247.0,193.0,17.0,3.0,0.0,0.0,0.0,0.0,0.0,0.0,0.0,0.0,0.0,0.0,0.0,0.0,0.0,0.0,0.0,0.0,0.0,0.0,0.0,0.0
39.1218518519,340120.0,35478.0,9.58678617735,697.0,64574.0,639.0,248.0,1817.0,3780.0,2914.0,5844.0,9906.0,8751.0,2248.0,191.0,25.0,2.0,0.0,0.0,0.0,0.0,0.0,0.0,0.0,0.0,0.0,0.0,0.0,0.0,0.0,0.0,0.0,0.0,0.0,0.0,0.0,0.0
39.1260185185,337765.0,35483.0,9.51906546797,697.0,64572.0,638.0,243.0,1873.0,3849.0,2720.0,5933.0,10067.0,8637.0,2200.0,168.0,34.0,2.0,0.0,0.0,0.0,0.0,0.0,0.0,0.0,0.0,0.0,0.0,0.0,0.0,0.0,0.0,0.0,0.0,0.0,0.0,0.0,0.0
39.1301851852,340552.0,35478.0,9.59896273747,700.0,64572.0,638.0,244.0,1855.0,3910.0,2811.0,5895.0,9898.0,8622.0,2236.0,213.0,36.0,2.0,0.0,0.0,0.0,0.0,0.0,0.0,0.0,0.0,0.0,0.0,0.0,0.0,0.0,0.0,0.0,0.0,0.0,0.0,0.0,0.0
39.1343518519,340000.0,35477.0,9.58367392959,695.0,64575.0,638.0,248.0,1867.0,3828.0,2770.0,5872.0,10021.0,8694.0,2182.0,210.0,30.0,3.0,0.0,0.0,0.0,0.0,0.0,0.0,0.0,0.0,0.0,0.0,0.0,0.0,0.0,0.0,0.0,0.0,0.0,0.0,0.0,0.0
39.1385185185,335509.0,35471.0,9.45868455922,697.0,64571.0,639.0,248.0,1919.0,3815.0,2929.0,5899.0,10002.0,8563.0,2129.0,177.0,31.0,7.0,0.0,0.0,0.0,0.0,0.0,0.0,0.0,0.0,0.0,0.0,0.0,0.0,0.0,0.0,0.0,0.0,0.0,0.0,0.0,0.0
39.1426851852,338604.0,35481.0,9.5432484992,695.0,64579.0,636.0,243.0,1781.0,3842.0,2885.0,5858.0,10087.0,8628.0,2167.0,203.0,25.0,5.0,0.0,0.0,0.0,0.0,0.0,0.0,0.0,0.0,0.0,0.0,0.0,0.0,0.0,0.0,0.0,0.0,0.0,0.0,0.0,0.0
39.1468518519,332959.0,35480.0,9.38441375423,697.0,64575.0,633.0,248.0,1977.0,3909.0,2895.0,5851.0,9906.0,8652.0,2072.0,192.0,24.0,2.0,0.0,0.0,0.0,0.0,0.0,0.0,0.0,0.0,0.0,0.0,0.0,0.0,0.0,0.0,0.0,0.0,0.0,0.0,0.0,0.0
39.1510185185,333005.0,35482.0,9.38518121865,698.0,64569.0,638.0,247.0,1817.0,3907.0,2965.0,5982.0,10001.0,8570.0,1988.0,223.0,25.0,4.0,0.0,0.0,0.0,0.0,0.0,0.0,0.0,0.0,0.0,0.0,0.0,0.0,0.0,0.0,0.0,0.0,0.0,0.0,0.0,0.0
39.1551851852,336149.0,35475.0,9.47565891473,695.0,64574.0,632.0,248.0,1864.0,3907.0,2931.0,5751.0,10122.0,8520.0,2140.0,211.0,26.0,3.0,0.0,0.0,0.0,0.0,0.0,0.0,0.0,0.0,0.0,0.0,0.0,0.0,0.0,0.0,0.0,0.0,0.0,0.0,0.0,0.0
39.1593518519,331219.0,35476.0,9.3364246251,698.0,64571.0,638.0,244.0,1909.0,3913.0,3077.0,5796.0,10130.0,8364.0,2049.0,208.0,27.0,3.0,0.0,0.0,0.0,0.0,0.0,0.0,0.0,0.0,0.0,0.0,0.0,0.0,0.0,0.0,0.0,0.0,0.0,0.0,0.0,0.0
39.1635185185,341735.0,35488.0,9.62959310189,695.0,64575.0,635.0,249.0,1702.0,3787.0,2960.0,5851.0,10024.0,8697.0,2198.0,242.0,27.0,0.0,0.0,0.0,0.0,0.0,0.0,0.0,0.0,0.0,0.0,0.0,0.0,0.0,0.0,0.0,0.0,0.0,0.0,0.0,0.0,0.0
39.1676851852,337616.0,35476.0,9.51674371406,695.0,64575.0,636.0,248.0,1731.0,3794.0,3041.0,5751.0,9994.0,8869.0,2082.0,180.0,31.0,3.0,0.0,0.0,0.0,0.0,0.0,0.0,0.0,0.0,0.0,0.0,0.0,0.0,0.0,0.0,0.0,0.0,0.0,0.0,0.0,0.0
39.1718518519,336258.0,35480.0,9.4773957159,695.0,64574.0,635.0,246.0,1764.0,3906.0,3082.0,5735.0,9978.0,8692.0,2102.0,183.0,34.0,4.0,0.0,0.0,0.0,0.0,0.0,0.0,0.0,0.0,0.0,0.0,0.0,0.0,0.0,0.0,0.0,0.0,0.0,0.0,0.0,0.0
39.1760185185,336021.0,35480.0,9.47071589628,695.0,64569.0,636.0,244.0,1769.0,3991.0,2933.0,5717.0,10094.0,8715.0,2025.0,198.0,32.0,6.0,0.0,0.0,0.0,0.0,0.0,0.0,0.0,0.0,0.0,0.0,0.0,0.0,0.0,0.0,0.0,0.0,0.0,0.0,0.0,0.0
39.1801851852,333707.0,35478.0,9.4060262698,695.0,64575.0,638.0,243.0,1834.0,3887.0,2998.0,5734.0,10167.0,8578.0,2048.0,204.0,27.0,1.0,0.0,0.0,0.0,0.0,0.0,0.0,0.0,0.0,0.0,0.0,0.0,0.0,0.0,0.0,0.0,0.0,0.0,0.0,0.0,0.0
39.1843518519,334191.0,35474.0,9.42073067599,695.0,64574.0,636.0,247.0,1824.0,3923.0,2980.0,5833.0,9988.0,8595.0,2121.0,181.0,26.0,3.0,0.0,0.0,0.0,0.0,0.0,0.0,0.0,0.0,0.0,0.0,0.0,0.0,0.0,0.0,0.0,0.0,0.0,0.0,0.0,0.0
39.1885185185,335595.0,35477.0,9.45950897765,694.0,64574.0,635.0,251.0,1909.0,3797.0,2963.0,5848.0,10052.0,8571.0,2106.0,198.0,28.0,5.0,0.0,0.0,0.0,0.0,0.0,0.0,0.0,0.0,0.0,0.0,0.0,0.0,0.0,0.0,0.0,0.0,0.0,0.0,0.0,0.0
39.1926851852,332148.0,35478.0,9.36208354473,700.0,64572.0,639.0,248.0,1758.0,3876.0,3082.0,5873.0,10059.0,8566.0,2058.0,178.0,26.0,2.0,0.0,0.0,0.0,0.0,0.0,0.0,0.0,0.0,0.0,0.0,0.0,0.0,0.0,0.0,0.0,0.0,0.0,0.0,0.0,0.0
39.1968518519,337776.0,35470.0,9.52286439244,695.0,64572.0,639.0,255.0,1802.0,3876.0,2942.0,5816.0,9804.0,8883.0,2131.0,190.0,22.0,4.0,0.0,0.0,0.0,0.0,0.0,0.0,0.0,0.0,0.0,0.0,0.0,0.0,0.0,0.0,0.0,0.0,0.0,0.0,0.0,0.0
39.2010185185,340147.0,35474.0,9.58862829114,694.0,64571.0,643.0,243.0,1821.0,3791.0,2826.0,5904.0,10012.0,8679.0,2208.0,197.0,34.0,2.0,0.0,0.0,0.0,0.0,0.0,0.0,0.0,0.0,0.0,0.0,0.0,0.0,0.0,0.0,0.0,0.0,0.0,0.0,0.0,0.0
39.2051851852,341560.0,35475.0,9.6281888654,695.0,64574.0,636.0,246.0,1656.0,3760.0,2806.0,6081.0,10043.0,8688.0,2198.0,212.0,26.0,5.0,0.0,0.0,0.0,0.0,0.0,0.0,0.0,0.0,0.0,0.0,0.0,0.0,0.0,0.0,0.0,0.0,0.0,0.0,0.0,0.0
39.2093518519,338715.0,35479.0,9.54691507652,694.0,64572.0,633.0,244.0,1795.0,3787.0,2952.0,5838.0,10011.0,8759.0,2112.0,183.0,36.0,6.0,0.0,0.0,0.0,0.0,0.0,0.0,0.0,0.0,0.0,0.0,0.0,0.0,0.0,0.0,0.0,0.0,0.0,0.0,0.0,0.0
39.2135185185,338987.0,35471.0,9.55673648896,695.0,64574.0,639.0,247.0,1818.0,3851.0,2876.0,5880.0,9995.0,8631.0,2188.0,200.0,25.0,7.0,0.0,0.0,0.0,0.0,0.0,0.0,0.0,0.0,0.0,0.0,0.0,0.0,0.0,0.0,0.0,0.0,0.0,0.0,0.0,0.0
39.2176851852,338721.0,35466.0,9.55058365759,694.0,64575.0,636.0,248.0,1780.0,3789.0,2860.0,5927.0,10034.0,8665.0,2184.0,199.0,25.0,3.0,0.0,0.0,0.0,0.0,0.0,0.0,0.0,0.0,0.0,0.0,0.0,0.0,0.0,0.0,0.0,0.0,0.0,0.0,0.0,0.0
39.2218518519,340344.0,35472.0,9.59472259811,694.0,64569.0,639.0,248.0,1690.0,3748.0,2962.0,5900.0,10050.0,8727.0,2154.0,207.0,30.0,4.0,0.0,0.0,0.0,0.0,0.0,0.0,0.0,0.0,0.0,0.0,0.0,0.0,0.0,0.0,0.0,0.0,0.0,0.0,0.0,0.0
39.2260185185,344497.0,35470.0,9.71234846349,694.0,64575.0,639.0,243.0,1689.0,3723.0,2891.0,5814.0,9941.0,8927.0,2259.0,189.0,35.0,2.0,0.0,0.0,0.0,0.0,0.0,0.0,0.0,0.0,0.0,0.0,0.0,0.0,0.0,0.0,0.0,0.0,0.0,0.0,0.0,0.0
39.2301851852,339098.0,35456.0,9.56391019856,694.0,64571.0,643.0,243.0,1742.0,3854.0,2812.0,5883.0,10167.0,8633.0,2121.0,203.0,37.0,4.0,0.0,0.0,0.0,0.0,0.0,0.0,0.0,0.0,0.0,0.0,0.0,0.0,0.0,0.0,0.0,0.0,0.0,0.0,0.0,0.0
39.2343518519,344938.0,35471.0,9.72450734403,695.0,64572.0,632.0,252.0,1736.0,3744.0,2783.0,5879.0,9978.0,8794.0,2334.0,192.0,26.0,5.0,0.0,0.0,0.0,0.0,0.0,0.0,0.0,0.0,0.0,0.0,0.0,0.0,0.0,0.0,0.0,0.0,0.0,0.0,0.0,0.0
39.2385185185,342926.0,35462.0,9.67023856522,694.0,64575.0,636.0,248.0,1749.0,3712.0,2803.0,5902.0,10004.0,8893.0,2178.0,177.0,36.0,8.0,0.0,0.0,0.0,0.0,0.0,0.0,0.0,0.0,0.0,0.0,0.0,0.0,0.0,0.0,0.0,0.0,0.0,0.0,0.0,0.0
39.2426851852,340429.0,35463.0,9.59955446522,694.0,64572.0,636.0,252.0,1790.0,3751.0,2891.0,5930.0,9943.0,8685.0,2243.0,200.0,28.0,2.0,0.0,0.0,0.0,0.0,0.0,0.0,0.0,0.0,0.0,0.0,0.0,0.0,0.0,0.0,0.0,0.0,0.0,0.0,0.0,0.0
39.2468518519,341893.0,35465.0,9.64029324686,694.0,64575.0,639.0,246.0,1782.0,3719.0,2851.0,5844.0,10129.0,8682.0,2210.0,212.0,34.0,2.0,0.0,0.0,0.0,0.0,0.0,0.0,0.0,0.0,0.0,0.0,0.0,0.0,0.0,0.0,0.0,0.0,0.0,0.0,0.0,0.0
39.2510185185,345011.0,35456.0,9.73068027978,694.0,64575.0,636.0,248.0,1736.0,3751.0,2838.0,5772.0,9962.0,8922.0,2234.0,198.0,40.0,3.0,0.0,0.0,0.0,0.0,0.0,0.0,0.0,0.0,0.0,0.0,0.0,0.0,0.0,0.0,0.0,0.0,0.0,0.0,0.0,0.0
39.2551851852,347113.0,35457.0,9.78968891897,694.0,64575.0,636.0,243.0,1670.0,3737.0,2662.0,5951.0,9929.0,8958.0,2303.0,220.0,25.0,2.0,0.0,0.0,0.0,0.0,0.0,0.0,0.0,0.0,0.0,0.0,0.0,0.0,0.0,0.0,0.0,0.0,0.0,0.0,0.0,0.0
39.2593518519,345089.0,35445.0,9.73590069121,694.0,64569.0,638.0,247.0,1727.0,3735.0,2803.0,5957.0,9788.0,8869.0,2342.0,194.0,26.0,4.0,0.0,0.0,0.0,0.0,0.0,0.0,0.0,0.0,0.0,0.0,0.0,0.0,0.0,0.0,0.0,0.0,0.0,0.0,0.0,0.0
39.2635185185,344255.0,35442.0,9.71319338638,694.0,64574.0,636.0,249.0,1666.0,3711.0,2780.0,5932.0,9915.0,9014.0,2193.0,190.0,40.0,1.0,0.0,0.0,0.0,0.0,0.0,0.0,0.0,0.0,0.0,0.0,0.0,0.0,0.0,0.0,0.0,0.0,0.0,0.0,0.0,0.0
39.2676851852,348640.0,35451.0,9.83441933937,694.0,64576.0,636.0,243.0,1719.0,3724.0,2708.0,5859.0,9824.0,9070.0,2294.0,216.0,34.0,3.0,0.0,0.0,0.0,0.0,0.0,0.0,0.0,0.0,0.0,0.0,0.0,0.0,0.0,0.0,0.0,0.0,0.0,0.0,0.0,0.0
39.2718518519,342495.0,35459.0,9.65890183028,694.0,64574.0,639.0,246.0,1743.0,3569.0,2843.0,6062.0,9972.0,8842.0,2188.0,211.0,25.0,4.0,0.0,0.0,0.0,0.0,0.0,0.0,0.0,0.0,0.0,0.0,0.0,0.0,0.0,0.0,0.0,0.0,0.0,0.0,0.0,0.0
39.2760185185,339353.0,35451.0,9.57245211701,694.0,64569.0,636.0,244.0,1780.0,3805.0,2746.0,5942.0,9854.0,8946.0,2159.0,200.0,19.0,0.0,0.0,0.0,0.0,0.0,0.0,0.0,0.0,0.0,0.0,0.0,0.0,0.0,0.0,0.0,0.0,0.0,0.0,0.0,0.0,0.0
39.2801851852,343670.0,35455.0,9.69313213933,692.0,64574.0,638.0,244.0,1723.0,3716.0,2775.0,5899.0,9999.0,8952.0,2143.0,213.0,28.0,7.0,0.0,0.0,0.0,0.0,0.0,0.0,0.0,0.0,0.0,0.0,0.0,0.0,0.0,0.0,0.0,0.0,0.0,0.0,0.0,0.0
39.2843518519,345762.0,35458.0,9.75131141068,689.0,64572.0,636.0,248.0,1632.0,3726.0,2788.0,5817.0,10131.0,8881.0,2234.0,214.0,32.0,3.0,0.0,0.0,0.0,0.0,0.0,0.0,0.0,0.0,0.0,0.0,0.0,0.0,0.0,0.0,0.0,0.0,0.0,0.0,0.0,0.0
39.2885185185,346353.0,35445.0,9.77156157427,692.0,64575.0,638.0,246.0,1739.0,3661.0,2874.0,5782.0,10019.0,8800.0,2318.0,222.0,25.0,5.0,0.0,0.0,0.0,0.0,0.0,0.0,0.0,0.0,0.0,0.0,0.0,0.0,0.0,0.0,0.0,0.0,0.0,0.0,0.0,0.0
39.2926851852,344437.0,35442.0,9.71832853676,689.0,64574.0,639.0,248.0,1770.0,3733.0,2844.0,5908.0,10005.0,8653.0,2261.0,225.0,38.0,5.0,0.0,0.0,0.0,0.0,0.0,0.0,0.0,0.0,0.0,0.0,0.0,0.0,0.0,0.0,0.0,0.0,0.0,0.0,0.0,0.0
